id_cliente,nome,sobrenome,tipo,telefone,data_nascimento,data_cadastro,cidade,estado,cpf_cnpj_normalizado,email_valido,idade,dias_desde_cadastro,cpf_cnpj_mascarado,email_mascarado
1645,Alexandre,Sá,PF,+5571980732269,1980-07-25,2024-04-13,Castro dos Dourados,MT,46289703196,True,45.0,730,*********96,a***@gmail.com
680,Léo,Sales,PF,13997318021,2001-01-26,2024-04-13,Teixeira de Goiás,PE,03597148204,True,25.0,730,*********04,l***@uol.com.br
737,Lucca,Mendonça,PF,,1969-02-20,2024-04-13,Silveira Verde,MS,08964752120,True,57.0,730,*********20,l***@hotmail.com
196,Vasconcelos & Associados ME,,PJ,+5561934615577,2003-01-14,2024-04-14,da Cunha,TO,73425609000186,True,23.0,729,************86,v***@empresa.com.br
2967,Ana Liz,Araújo,PF,(21) 94749-1357,1973-12-23,2024-04-14,Siqueira da Praia,TO,15269387409,True,52.0,729,*********09,a***@uol.com.br
3093,Juliana,Vargas,PF,,1971-07-01,2024-04-14,das Neves da Praia,BA,37026185977,True,54.0,729,*********77,d***@gmail.com
3408,Luiza,Alves,PF,(41) 96175-7699,1969-04-12,2024-04-14,Nunes dos Dourados,AM,69384157066,True,57.0,729,*********66,l***@gmail.com
640,Yago,Costela,PF,(71) 93801-6590,1956-12-25,2024-04-14,Novaes,ES,95673120443,True,69.0,729,*********43,y***@ig.com.br
1323,Vitória,Moreira,PF,31936427980,1966-11-22,2024-04-15,das Neves,CE,20854139605,True,59.0,728,*********05,v***@outlook.com
1493,Eduardo,da Mata,PF,+5571933069402,1984-12-04,2024-04-15,da Rocha,MA,90213654806,True,41.0,728,*********06,e***@hotmail.com
201,Santos Soluções e Serviços S/A,,PJ,+5551934538173,2006-02-21,2024-04-15,da Rosa das Flores,SP,56317092000192,True,20.0,728,************92,s***@empresa.com.br
2784,Ana Vitória,Silva,PF,+5531958272478,1965-06-10,2024-04-15,Rios,MG,92153604842,True,60.0,728,*********42,a***@yahoo.com.br
2909,Alexia,Castro,PF,21987689730,1986-03-18,2024-04-15,Jesus dos Dourados,SE,98347250600,True,40.0,728,*********00,a***@outlook.com
1531,Sara,Vargas,PF,,1992-04-25,2024-04-16,Nascimento da Praia,AM,75046821362,True,33.0,727,*********62,s***@gmail.com
1563,Isaque,Moraes,PF,+5561937078489,1964-03-29,2024-04-16,Cassiano de Ramos,ES,60813924731,True,62.0,727,*********31,i***@outlook.com
1614,Nicole,Novaes,PF,+5571978647210,1990-06-29,2024-04-16,Correia,RN,62109783559,True,35.0,727,*********59,n***@gmail.com
1874,Camila,Marques,PF,(51) 92194-6163,1988-02-03,2024-04-17,Barbosa de da Cunha,PE,19786205430,True,38.0,726,*********30,c***@uol.com.br
2013,Consultoria Santos EIRELI,,PJ,(51) 96143-2837,,2024-04-17,da Conceição das Pedras,RJ,97235160000151,True,,726,************51,c***@comercio.net.br
2115,Davi Luiz,Alves,PF,,1961-05-09,2024-04-17,Pimenta,RO,10834726580,True,64.0,726,*********80,d***@hotmail.com
2125,Cardoso & Associados Ltda.,,PJ,13987854496,1967-03-22,2024-04-17,Moraes,RR,70214598000105,True,59.0,726,************05,c***@comercio.net.br
2175,Miranda & Oliveira EPP,,PJ,51948317040,2001-08-06,2024-04-18,Rezende do Norte,SE,49630857000184,True,24.0,725,************84,m***@comercio.net.br
2384,Samuel,Rios,PF,+5521911753056,1962-06-07,2024-04-18,Guerra,PR,58237461991,True,63.0,725,*********91,s***@uol.com.br
2722,Natália,Farias,PF,61947233033,1962-10-03,2024-04-18,Ramos,TO,69074381278,True,63.0,725,*********78,n***@bol.com.br
506,Silva & Ribeiro S/A,,PJ,(47) 94539-6607,1978-05-03,2024-04-18,da Rocha de Sales,AM,86510497000103,True,47.0,725,************03,s***@empresa.com.br
2101,Theodoro,Monteiro,PF,(47) 97408-8256,1983-07-31,2024-04-19,Novaes,RN,06579284102,True,42.0,724,*********02,r***@gmail.com
137,Tecnologia Carvalho Ltda.,,PJ,+5531969324867,1973-06-27,2024-04-20,Peixoto da Mata,CE,02435761000100,True,52.0,723,************00,t***@comercio.net.br
2352,Liz,Carvalho,PF,(61) 97312-6203,2004-12-18,2024-04-20,Moraes da Mata,MG,32510896415,True,21.0,723,*********15,l***@gmail.com
2390,Isadora,Rodrigues,PF,+5511969969783,1992-07-27,2024-04-20,Nascimento Paulista,RJ,15263089759,True,33.0,723,*********59,i***@ig.com.br
2487,Ian,Novaes,PF,(13) 93542-8616,1993-12-20,2024-04-20,Moreira,RS,83406259774,True,32.0,723,*********74,g***@hotmail.com
3283,José,da Conceição,PF,+5513967208372,1993-06-13,2024-04-20,Pinto do Campo,AL,16729584319,True,32.0,723,*********19,j***@bol.com.br
1766,Pietro,Barros,PF,61962088510,2007-12-09,2024-04-21,Vasconcelos,SE,43785091214,True,18.0,722,*********14,p***@outlook.com
2171,Beatriz,Cirino,PF,51979107222,1969-04-02,2024-04-21,Leão,AL,71046859366,True,57.0,722,*********66,b***@bol.com.br
237,Luiz Felipe,Santos,PF,51987632989,1991-04-02,2024-04-21,da Luz das Flores,PB,87145963264,True,35.0,722,*********64,l***@hotmail.com
3170,Danilo,Novais,PF,(47) 96902-9830,1994-06-20,2024-04-21,Duarte da Mata,MG,94318026787,True,31.0,722,*********87,d***@uol.com.br
3492,Lopes Comércio e Importadora EPP,,PJ,51924992856,1999-06-05,2024-04-21,da Conceição da Mata,AP,34610927000165,True,26.0,722,************65,l***@empresa.com.br
1922,Erick,Vargas,PF,61957407411,1967-08-04,2024-04-22,Pinto de da Conceição,GO,39165802489,True,58.0,721,*********89,e***@uol.com.br
2200,Pedro Miguel,Gonçalves,PF,+5513915265937,2006-01-26,2024-04-22,Farias do Galho,RJ,73069284140,True,20.0,721,*********40,p***@terra.com.br
2462,Ísis,Costa,PF,31956568766,2002-12-25,2024-04-22,Lima,RO,18342507653,True,23.0,721,*********53,s***@gmail.com
2495,Brenda,Nogueira,PF,+5547989042926,1958-07-15,2024-04-22,Souza de Cunha,CE,78902561402,True,67.0,721,*********02,b***@ig.com.br
1415,Carolina,Araújo,PF,(71) 91497-6366,1962-01-20,2024-04-23,Cavalcante,RN,94572031606,True,64.0,720,*********06,c***@ig.com.br
1801,Sabrina,Viana,PF,+5531941274763,1995-01-14,2024-04-23,Souza de da Conceição,SE,51983042633,True,31.0,720,*********33,s***@outlook.com
2402,Alana,,PF,11941078169,,2024-04-23,Pacheco do Campo,RR,84390157639,True,,720,*********39,a***@gmail.com
2810,Kaique,Campos,PF,(21) 91907-9644,1984-05-19,2024-04-23,da Rocha de Minas,AM,30792185668,True,41.0,720,*********68,k***@uol.com.br
2888,João Vitor,Correia,PF,13994434756,1994-05-03,2024-04-23,Borges das Pedras,RR,12845079630,True,31.0,720,*********30,j***@hotmail.com
3404,Arthur,da Cruz,PF,(41) 93128-7495,1965-07-02,2024-04-23,Nunes,PE,19605437848,True,60.0,720,*********48,a***@yahoo.com.br
3455,Fernando,Sá,PF,71957428386,1966-04-17,2024-04-23,Fernandes de Viana,SP,65298107303,True,60.0,720,*********03,f***@ig.com.br
408,Rodrigo,Silva,PF,(11) 96956-3611,1993-06-21,2024-04-23,Garcia,TO,41839257628,True,32.0,720,*********28,r***@yahoo.com.br
1344,Raul,Pereira,PF,(71) 98178-9416,1981-09-08,2024-04-24,da Conceição da Praia,CE,91460725867,True,44.0,719,*********67,r***@bol.com.br
1574,Júlia,das Neves,PF,41966795835,1962-11-29,2024-04-24,Vasconcelos,RJ,45197280611,True,63.0,719,*********11,j***@yahoo.com.br
174,Brayan,Sales,PF,+5513910921995,1967-01-29,2024-04-24,Azevedo,RS,13407685262,True,59.0,719,*********62,b***@gmail.com
207,Bruna,Barros,PF,,1969-03-19,2024-04-24,da Mata Alegre,RO,32589406738,True,57.0,719,*********38,b***@terra.com.br
217,Maria Julia,Pimenta,PF,13945355845,1990-06-10,2024-04-24,Câmara do Norte,AM,64208317507,True,35.0,719,*********07,m***@terra.com.br
2745,Ana Júlia,da Luz,PF,+5561927635587,1962-07-25,2024-04-24,Peixoto,RR,24798506176,True,63.0,719,*********76,a***@terra.con.br
3314,Henrique,Albuquerque,PF,+5551913465688,2002-05-05,2024-04-24,Ribeiro do Oeste,MA,07493126534,True,23.0,719,*********34,h***@terra.com.br
1830,João,Fonseca,PF,+5571937606130,1975-06-26,2024-04-25,Marques do Oeste,MA,63154027807,True,50.0,718,*********07,j***@outlook.com
2132,Maria Luísa,Cardoso,PF,(51) 91173-5810,2007-09-21,2024-04-25,Costa,AL,46587103235,True,18.0,718,*********35,m***@hotmail.com
2513,Allana,Garcia,PF,13924315059,1975-01-19,2024-04-25,Câmara,RR,75491628328,True,51.0,718,*********28,a***@outlook.com
3209,José Miguel,Cavalcanti,PF,+5531970384049,1989-03-11,2024-04-25,Macedo de Fernandes,MA,49376150848,True,37.0,718,*********48,j***@bol.con.br
1054,Caleb,Teixeira,PF,71925071561,1982-07-06,2024-04-26,Mendes da Serra,PB,46179380520,True,43.0,717,*********20,c***@uol.com.br
2572,Alexia,Siqueira,PF,47964272807,2004-11-21,2024-04-26,Viana da Mata,TO,75286319491,True,21.0,717,*********91,a***@bol.com.br
2636,Carolina,Pacheco,PF,11955264414,1975-08-01,2024-04-26,Moreira,MS,16583497255,True,50.0,717,*********55,c***@terra.com.br
3050,Maria,Moreira,PF,51916386824,1986-06-22,2024-04-26,Santos de da Cunha,PI,43805261780,True,39.0,717,*********80,m***@outlook.com
157,Jesus Informática e Sistemas S/S,,PJ,71950415528,1962-11-15,2024-04-27,Rocha das Pedras,PE,68024795000101,True,63.0,716,************01,j***@empresa.com.br
2098,Gael Henrique,Aparecida,PF,(11) 95470-1255,1998-06-16,2024-04-27,Vieira de Moreira,AL,39168250703,True,27.0,716,*********03,g***@bol.com.br
2714,Ana Lívia,da Rosa,PF,+5561967562955,1984-06-23,2024-04-27,da Rocha,SP,73091824560,True,41.0,716,*********60,a***@yahoo.com.br
2914,Soluções Nascimento S/A,,PJ,+5561968644765,1968-06-13,2024-04-27,Castro,RN,01637458000119,True,57.0,716,************19,s***@empresa.com.br
514,Ana Lívia,Correia,PF,(51) 93533-7847,1958-02-14,2024-04-27,Rios do Sul,SC,21834670969,True,68.0,716,*********69,a***@uol.com.br
124,Mariah,Pastor,PF,+5541951724638,1995-01-19,2024-04-28,Novaes Alegre,AP,92031487604,True,31.0,715,*********04,m***@hotmail.com
2091,Rhavi,Jesus,PF,+5561955224731,1960-03-09,2024-04-28,Casa Grande da Serra,RR,19375840204,True,66.0,715,*********04,r***@terra.com.br
3318,Ana Clara,Freitas,PF,(21) 92175-4150,1970-06-08,2024-04-28,Ramos da Mata,RJ,39758421646,True,55.0,715,*********46,a***@yahoo.com.br
578,João Gabriel,Câmara,PF,+5541920365953,1990-07-02,2024-04-28,Borges Alegre,PB,87913620404,True,35.0,715,*********04,j***@yahoo.com.br
1578,Bárbara,Castro,PF,+5521914311146,1981-11-19,2024-04-29,Freitas das Flores,RJ,41372985646,True,44.0,714,*********46,b***@uol.com.br
2382,Moraes & Associados S/A,,PJ,+5571957728542,2007-10-20,2024-04-29,Cassiano,RO,30416529000151,True,18.0,714,************51,m***@comercio.net.br
3250,Vinícius,Nogueira,PF,(13) 93458-8109,,2024-04-29,Sales de Casa Grande,PI,40613729803,True,,714,*********03,v***@yahoo.com.br
1502,Dom,Rezende,PF,,1965-10-30,2024-04-30,Ribeiro,PB,21873465017,True,60.0,713,*********17,d***@terra.com.br
2204,Maria Isis,da Mota,PF,(71) 94952-8540,,2024-04-30,Souza,MT,70954813260,True,,713,*********60,m***@uol.com.br
2244,Sistemas Freitas ME,,PJ,47932444209,1974-12-11,2024-04-30,Santos das Pedras,TO,47856310000176,True,51.0,713,************76,s***@comercio.net.br
2267,Maria Júlia,Gonçalves,PF,(61) 95042-7223,,2024-04-30,Alves de da Conceição,ES,02374165817,True,,713,*********17,m***@hotmail.com
482,João Vitor,Cardoso,PF,+5551994889092,1958-07-21,2024-04-30,Rodrigues de da Cruz,SC,17208963568,True,67.0,713,*********68,j***@yahoo.com.br
1577,Dom,Viana,PF,+5547916612949,1958-05-08,2024-05-01,Carvalho,MS,14389206796,True,67.0,712,*********96,d***@yahoo.com.br
2262,Rocha & Ferreira S.A.,,PJ,+5551976561215,1965-07-27,2024-05-01,Abreu,RO,93120457000110,True,60.0,712,************10,r***@empresa.com.br
2387,Ana Liz,Sousa,PF,71975594056,1962-11-28,2024-05-01,Gomes do Oeste,PB,25893407105,True,63.0,712,*********05,a***@yahoo.com.br
587,Luiz Miguel,Santos,PF,(21) 99751-1862,1982-06-30,2024-05-01,Cavalcante,RJ,94235108689,True,43.0,712,*********89,l***@ig.com.br
1398,Rhavi,Pereira,PF,61943012629,1984-02-23,2024-05-02,Siqueira Grande,RO,18360597286,True,42.0,711,*********86,r***@hotmail.com
1408,Vitória,Costa,PF,+5561996318852,2006-07-05,2024-05-02,Cassiano da Praia,MT,49583126098,True,19.0,711,*********98,v***@yahoo.com.br
1743,Nicole,Monteiro,PF,31943574115,1959-02-11,2024-05-02,Viana,PA,26981034506,True,67.0,711,*********06,n***@ig.com.br
1892,Valentim,Mendonça,PF,(51) 93152-7213,1966-06-20,2024-05-02,Teixeira,MT,62891437004,True,59.0,711,*********04,v***@hotmail.com
1965,Kaique,Guerra,PF,(51) 98416-3467,1997-08-22,2024-05-02,da Cruz de Minas,CE,13260598740,True,28.0,711,*********40,k***@gmail.com
2972,Lima & Costa EI,,PJ,+5511936877400,1981-07-15,2024-05-02,Vargas,AL,47192650000140,True,44.0,711,************40,l***@comercio.net.br
478,Marcos Vinicius,Carvalho,PF,(21) 96770-6587,1977-01-12,2024-05-02,Marques,ES,85679321068,True,49.0,711,*********68,m***@ig.com.br
490,Daniel,Albuquerque,PF,11945416068,1981-07-17,2024-05-02,Barbosa,RS,70486152901,True,44.0,711,*********01,d***@ig.com.br
129,Leandro,Araújo,PF,+5561993213583,1959-04-28,2024-05-03,Duarte,PI,65901438205,True,67.0,710,*********05,l***@hotmail.com
1775,Olívia,Cardoso,PF,61919985673,1992-07-02,2024-05-03,da Cunha Grande,AP,98510374279,True,33.0,710,*********79,o***@ig.com.br
1882,Vieira & Lopes ME,,PJ,+5571968609770,1984-10-06,2024-05-03,Santos de Câmara,ES,65871204000143,True,41.0,710,************43,v***@comercio.net.br
2084,Daniel,Costela,PF,(11) 91583-2238,,2024-05-03,Costela da Praia,RO,40879152630,True,,710,*********30,d***@hotmail.com
2571,Luigi,Gonçalves,PF,+5561949878392,1969-05-04,2024-05-03,Gonçalves Verde,DF,40562891315,True,56.0,710,*********15,l***@bol.com.br
464,Nunes & Dias EI,,PJ,+5551945848617,1996-11-23,2024-05-03,da Rosa,RR,06513294000131,True,29.0,710,************31,n***@empresa.com.br
64,Ana Sophia,Correia,PF,13948243360,1998-08-06,2024-05-03,Moreira,RN,53964270199,True,27.0,710,*********99,a***@bol.com.br
1153,Rafaela,Aparecida,PF,(41) 96662-8448,1986-03-14,2024-05-04,Santos da Praia,MG,91825607303,True,40.0,709,*********03,r***@gmail.com
1377,Pedro Henrique,Montenegro,PF,(11) 98039-2711,1987-05-30,2024-05-04,Vargas,AL,21357084960,True,38.0,709,*********60,p***@outlook.com
2893,Pedro,Monteiro,PF,+5551913373636,1957-04-30,2024-05-04,da Mata,PR,56417920399,True,69.0,709,*********99,p***@outlook.com
1889,Carlos Eduardo,Sousa,PF,51980484282,1957-03-06,2024-05-05,Aparecida Paulista,GO,70821654390,True,69.0,708,*********90,c***@ig.com.br
2456,Ísis,Rios,PF,(11) 94302-6877,1961-04-29,2024-05-05,Gonçalves,AC,90645731820,True,65.0,708,*********20,s***@hotmail.com
2831,Bianca,Melo,PF,+5561974579196,1982-11-02,2024-05-05,Almeida,AL,65129037499,True,43.0,708,*********99,b***@ig.com.br
2842,Thomas,Rocha,PF,+5547993007053,1992-06-25,2024-05-06,Moura das Flores,RR,61829074520,True,33.0,707,*********20,t***@hotmail.com
3368,Maria Clara,Cassiano,PF,+5541957029855,,2024-05-06,da Conceição de Lima,ES,58790423674,True,,707,*********74,m***@gmail.com
1826,Vitor Hugo,Aparecida,PF,(21) 91434-8418,1960-01-17,2024-05-07,Cavalcante,PA,95801234624,True,66.0,706,*********24,v***@ig.com.br
2157,Gabriel,da Mata,PF,,1998-01-16,2024-05-07,Sales Alegre,AP,79654831066,True,28.0,706,*********66,g***@bol.com.br
2434,Oliveira Importadora e Soluções Ltda.,,PJ,(31) 92700-7102,1973-04-11,2024-05-07,da Mota de Caldeira,RN,57314890000123,True,53.0,706,************23,o***@empresa.com.br
3087,Almeida & Associados EI,,PJ,21970341252,,2024-05-07,Aparecida,AM,80546139000174,True,,706,************74,a***@comercio.net.br
3176,Souza & Jesus EPP,,PJ,+5511942363641,2007-12-14,2024-05-07,Farias,GO,62197830000108,True,18.0,706,************08,s***@comercio.net.br
467,Luiz Miguel,Andrade,PF,+5571970239428,1963-05-24,2024-05-07,Campos,SE,29841367564,True,62.0,706,*********64,l***@uol.com.br
2316,Ana Carolina,Almeida,PF,+5551918447973,1992-02-13,2024-05-08,Correia,SP,80652174949,True,34.0,705,*********49,a***@hotmail.com
2595,Aurora,Camargo,PF,,1975-10-12,2024-05-08,Silveira de Siqueira,SE,13872604562,True,50.0,705,*********62,a***@uol.com.br
3201,Carolina,Correia,PF,47996071566,1985-12-01,2024-05-08,Duarte do Amparo,PA,34952076865,True,40.0,705,*********65,c***@yahoo.com.br
375,Melina,Monteiro,PF,47995369308,1971-06-24,2024-05-08,Martins do Oeste,AM,60728591359,True,54.0,705,*********59,m***@bol.com.br
932,Felipe,da Mota,PF,+5511954349558,2006-03-16,2024-05-08,Nascimento do Amparo,MG,24706918502,True,20.0,705,*********02,f***@bol.com.br
1188,Theodoro,Brito,PF,21961552971,1967-12-28,2024-05-09,Teixeira de Martins,PE,69374820196,True,58.0,704,*********96,t***@hotmail.com
1561,Alana,Martins,PF,11939077505,1961-03-20,2024-05-09,Silveira,PA,17628054307,True,65.0,704,*********07,a***@outlook.com
2726,Sistemas Araújo EI,,PJ,+5551938198410,1991-07-03,2024-05-09,Leão,ES,02458769000183,True,34.0,704,************83,s***@empresa.com.br
2939,Davi Luiz,Barbosa,PF,,1970-02-07,2024-05-09,Ferreira do Galho,AL,32017954888,True,56.0,704,*********88,d***@ig.com.br
1257,Kaique,Pereira,PF,(13) 96096-4431,1968-01-19,2024-05-10,Moura de Casa Grande,PE,04731826969,True,58.0,703,*********69,k***@gmail.com
153,Davi Miguel,Novais,PF,,1978-03-13,2024-05-10,Marques dos Dourados,GO,08215396470,True,48.0,703,*********70,d***@outlook.com
1780,Anthony Gabriel,Almeida,PF,+5547993821844,1999-12-26,2024-05-10,Costa,AL,50627481949,True,26.0,703,*********49,a***@yahoo.com.br
2049,Leandro,Abreu,PF,(47) 92441-5698,1999-07-12,2024-05-10,Nascimento,MS,51967234043,True,26.0,703,*********43,l***@gmail.com
2686,Isadora,Vieira,PF,(21) 97433-3691,1989-05-12,2024-05-10,Vieira,PB,23018456726,True,36.0,703,*********26,i***@uol.com.br
3126,Maria Luiza,Moura,PF,(47) 99598-9425,1981-05-23,2024-05-10,Castro Alegre,ES,63057219802,True,44.0,703,*********02,m***@yahoo.com.br
1878,Luna,Guerra,PF,+5531930232991,1981-11-21,2024-05-11,das Neves,AM,43092671813,True,44.0,702,*********13,l***@uol.com.br
2195,Ana Vitória,Fernandes,PF,(71) 93058-6676,1980-03-25,2024-05-11,Duarte da Serra,PA,07465821967,True,46.0,702,*********67,a***@hotmail.com
2926,Davi Lucca,Ferreira,PF,31961275061,1981-04-22,2024-05-11,Cavalcanti,RJ,28031764913,True,45.0,702,*********13,d***@gmail.com
777,Antony,Pastor,PF,+5511918988405,1973-02-24,2024-05-11,Barros,PE,86703951420,True,53.0,702,*********20,a***@ig.com.br
1302,Pereira & Silva EI,,PJ,+5551919615211,1993-06-03,2024-05-12,das Neves,AP,81569324000147,True,32.0,701,************47,p***@empresa.com.br
1536,Arthur,Nunes,PF,(41) 98320-6414,1958-08-31,2024-05-12,Farias de Abreu,MT,15089432651,True,67.0,701,*********51,a***@outlook.com
1559,Benicio,Cardoso,PF,47920957036,1987-09-14,2024-05-12,Nascimento,CE,64358107966,True,38.0,701,*********66,b***@yahoo.com.br
3273,Emanuella,Silveira,PF,(41) 91478-5836,1979-05-11,2024-05-12,Cassiano de Campos,CE,94273061570,True,46.0,701,*********70,k***@hotmail.com
389,Guilherme,Ferreira,PF,(13) 99256-4604,,2024-05-12,Gonçalves,SC,21548679364,True,,701,*********64,g***@gmail.com
466,Sophie,Cavalcanti,PF,(61) 99779-5808,1962-10-12,2024-05-12,Pimenta,PE,30582196795,True,63.0,701,*********95,s***@terra.com.br
625,Alexandre,Lima,PF,+5513916803227,,2024-05-12,Teixeira do Campo,RS,12987540388,True,,701,*********88,a***@yahoo.com.br
741,Luan,Jesus,PF,61954368622,1965-05-27,2024-05-12,Cassiano de Goiás,SC,01567498230,True,60.0,701,*********30,l***@yahoo.com.br
835,Henrique,Barbosa,PF,51950747323,1994-10-23,2024-05-12,Sousa,TO,61890372595,True,31.0,701,*********95,h***@terra.com.br
1077,Josué,da Rocha,PF,+5551972344094,,2024-05-13,Alves,BA,86359072130,True,,700,*********30,j***@hotmail.com
1840,Gustavo,Borges,PF,(31) 92867-5771,1987-07-31,2024-05-13,Rios do Norte,MG,92540317634,True,38.0,700,*********34,g***@bol.com.br
240,Mendes & Associados ME,,PJ,+5531935428093,1966-08-17,2024-05-13,Rezende,GO,49817052000144,True,59.0,700,************44,m***@comercio.net.br
2751,Sophie,Fogaça,PF,(13) 95845-4473,,2024-05-13,Camargo,DF,65397421855,True,,700,*********55,a***@gmail.com
3302,Ísis,Campos,PF,+5561927207709,,2024-05-13,Cassiano,PR,53819647228,True,,700,*********28,s***@uol.com.br
3372,Bernardo,Vasconcelos,PF,71962086172,1981-01-04,2024-05-13,Rezende de Melo,RS,39280715640,True,45.0,700,*********40,b***@ig.com.br
387,Comércio Machado S/A,,PJ,47965114216,2008-03-26,2024-05-13,Barros,GO,91687354000101,True,18.0,700,************01,c***@comercio.net.br
548,Benicio,Alves,PF,+5571930481680,,2024-05-13,Cardoso,MG,62034791878,True,,700,*********78,b***@ig.com.br
922,Bruno,da Costa,PF,(21) 94967-6610,2004-03-18,2024-05-13,Pereira,MS,43790261599,True,22.0,700,*********99,b***@terra.com.br
1035,Cunha & Jesus S.A.,,PJ,41960819814,1994-05-17,2024-05-14,Sales de da Luz,RO,20867451000138,True,31.0,699,************38,c***@comercio.net.br
1066,Garcia Distribuidora e Informática EIRELI,,PJ,+5511916224391,2007-08-21,2024-05-14,da Costa de Cunha,MS,45037681000109,True,18.0,699,************09,g***@comercio.net.br
2721,Vinicius,Mendonça,PF,31981674066,2004-05-07,2024-05-15,Monteiro de Pacheco,RS,85074612390,True,21.0,698,*********90,v***@terra.com.br
49,Luana,Araújo,PF,+5551913677106,1999-01-26,2024-05-15,Novaes,SE,47618520976,True,27.0,698,*********76,l***@bol.com.br
841,Luigi,Azevedo,PF,61965249054,2000-03-26,2024-05-15,Rodrigues,PI,94150287694,True,26.0,698,*********94,l***@outlook.com
136,Mariana,Caldeira,PF,+5571965113286,,2024-05-16,da Conceição,RS,34157829050,True,,697,*********50,m***@hotmail.com
1435,Oliver,Cunha,PF,11913905413,1988-12-20,2024-05-16,Peixoto Verde,AC,71482063590,True,37.0,697,*********90,o***@terra.com.br
1737,Ana Julia,Costa,PF,(11) 91902-1645,,2024-05-16,Nogueira de da Mota,RR,28973614509,True,,697,*********09,a***@hotmail.com
2603,Rodrigues & Associados S/A,,PJ,(21) 91451-8990,1990-11-06,2024-05-16,Barros,GO,87513264000127,True,35.0,697,************27,r***@empresa.com.br
2717,Lunna,Vargas,PF,+5531933462104,1997-03-30,2024-05-16,Campos,PR,10832746517,True,29.0,697,*********17,l***@terra.com.br
2944,Camila,Fernandes,PF,11934866518,,2024-05-16,Cirino de Fernandes,MT,59072364856,True,,697,*********56,c***@uol.com.br
3172,Manuella,da Conceição,PF,+5541945158559,,2024-05-16,Cassiano de Moraes,PA,79418532646,True,,697,*********46,m***@gmail.com
583,Caio,Novais,PF,(61) 97720-7479,1996-02-19,2024-05-16,Borges das Flores,CE,12734508680,True,30.0,697,*********80,j***@terra.com.br
2112,Alana,das Neves,PF,(11) 98228-9585,1956-04-13,2024-05-17,Carvalho da Mata,AC,24750169811,True,70.0,696,*********11,a***@uol.com.br
2690,Helena,Fonseca,PF,+5551978262302,2002-06-07,2024-05-17,Souza de Vieira,PR,42501978323,True,23.0,696,*********23,h***@yahoo.com.br
2771,Maria Liz,Gomes,PF,,1987-08-31,2024-05-17,Cassiano,MG,13957086493,True,38.0,696,*********93,e***@yahoo.com.br
3303,Sabrina,Leão,PF,(11) 97073-4106,1987-02-15,2024-05-17,da Cruz do Campo,PE,97302184550,True,39.0,696,*********50,s***@terra.com.br
1332,Consultoria Costa EIRELI,,PJ,+5571995118814,1996-01-28,2024-05-18,Ferreira da Mata,AL,20348975000112,True,30.0,695,************12,c***@comercio.net.br
1385,Alexia,Sampaio,PF,11944051033,1978-01-24,2024-05-18,da Rosa,PI,46053298115,True,48.0,695,*********15,a***@terra.com.br
1639,Ana Júlia,da Mata,PF,(21) 91928-8524,1981-02-13,2024-05-18,Sousa de Moreira,RJ,42798316022,True,45.0,695,*********22,a***@terra.com.br
2797,Maria Flor,da Luz,PF,,1970-07-13,2024-05-18,Peixoto,RN,48013927504,True,55.0,695,*********04,m***@terra.com.br
2989,Sara,Vasconcelos,PF,+5561979896323,,2024-05-18,Lopes,SE,48719620322,True,,695,*********22,s***@bol.com.br
450,Vitor Hugo,Rocha,PF,31933308807,1986-04-23,2024-05-18,Santos,GO,75049231680,True,40.0,695,*********80,v***@uol.com.br
2164,Mariane,da Rosa,PF,+5513956058013,2002-11-16,2024-05-19,Pacheco,MS,42639018515,True,23.0,694,*********15,m***@terra.com.br
2338,Ana Julia,Cassiano,PF,+5531918175848,2003-05-30,2024-05-19,da Mota Grande,MA,93842715005,True,22.0,694,*********05,a***@gmail.com
2868,Isabela,da Rosa,PF,61948601306,1998-07-28,2024-05-19,Campos,RO,78642503190,True,27.0,694,*********90,i***@ig.com.br
2947,Isadora,Ferreira,PF,47955829376,2006-07-30,2024-05-19,Leão,PB,07128459332,True,19.0,694,*********32,i***@outlook.com
3081,Maysa,Marques,PF,(47) 97395-6444,1963-11-11,2024-05-19,Costa,RN,97324801650,True,62.0,694,*********50,m***@bol.com.br
3310,Comércio Costa Ltda.,,PJ,(47) 95239-8710,,2024-05-19,Novaes Paulista,MG,17630859000187,True,,694,************87,c***@empresa.con.br
839,Yuri,Silva,PF,+5511943751946,1958-11-16,2024-05-19,Peixoto de Nunes,ES,10652834744,True,67.0,694,*********44,y***@yahoo.com.br
899,Luiz Gustavo,Siqueira,PF,41914173882,1962-04-03,2024-05-19,da Mota,AC,07926854158,True,64.0,694,*********58,l***@yahoo.com.br
1407,Erick,Monteiro,PF,11967539632,1973-02-20,2024-05-20,da Rocha da Mata,SC,53916708457,True,53.0,693,*********57,e***@terra.com.br
1469,Maria Helena,Freitas,PF,+5551967096402,1978-01-24,2024-05-20,Cunha,SP,29870315640,True,48.0,693,*********40,m***@hotmail.com
1928,Oliver,Gonçalves,PF,41989696947,1958-05-19,2024-05-20,Montenegro,DF,81534079297,True,67.0,693,*********97,o***@gmail.com
3239,Gael Henrique,Duarte,PF,+5521927141578,1962-12-05,2024-05-20,Moraes,PE,74190326887,True,63.0,693,*********87,g***@yahoo.com.br
673,Benjamim,Pinto,PF,+5551922241323,1965-09-27,2024-05-20,Sousa,BA,45297630134,True,60.0,693,*********34,b***@hotmail.com
1078,Lucas Gabriel,da Mota,PF,+5511972338428,1982-01-05,2024-05-21,Melo,DF,64275130871,True,44.0,692,*********71,l***@terra.com.br
1172,Pedro,Camargo,PF,+5511948761646,1979-06-13,2024-05-21,Cassiano,PB,94851032633,True,46.0,692,*********33,p***@terra.com.br
1360,Nascimento & Andrade S/A,,PJ,47986798400,,2024-05-21,Gomes Verde,AC,57290314000193,True,,692,************93,n***@comercio.net.br
1706,Monteiro & Associados S/A,,PJ,(47) 92567-2432,,2024-05-21,Borges,CE,16780953000150,True,,692,************50,m***@empresa.com.br
197,Julia,Azevedo,PF,(31) 94965-2436,,2024-05-21,Novaes,AP,54816079300,True,,692,*********00,j***@gmail.com
2645,Maria Sophia,Barbosa,PF,51949722482,1979-11-10,2024-05-21,Ribeiro,TO,61457803984,True,46.0,692,*********84,m***@outlook.com
28,Duarte & Associados S/S,,PJ,41950757507,1975-05-15,2024-05-21,Moreira,PB,29314605000139,True,50.0,692,************39,d***@comercio.net.br
3085,Isabela,Camargo,PF,(31) 91173-9895,1995-12-03,2024-05-21,Freitas de Garcia,SE,35690241725,True,30.0,692,*********25,i***@terra.com.br
2407,Isabel,da Cruz,PF,(13) 96213-4742,1964-02-07,2024-05-22,Freitas,PA,42179063822,True,62.0,691,*********22,i***@hotmail.com
3068,Esther,Montenegro,PF,(11) 92530-5515,1964-10-29,2024-05-22,Oliveira,AM,47201985388,True,61.0,691,*********88,e***@hotmail.com
32,Isabella,Ribeiro,PF,(47) 93792-3025,1998-08-08,2024-05-22,Azevedo da Praia,PR,53120897612,True,27.0,691,*********12,i***@outlook.com
3275,Enzo,Pacheco,PF,21922209081,1976-04-02,2024-05-22,Barbosa de Ribeiro,AC,74082369538,True,50.0,691,*********38,e***@ig.com.br
559,Importadora Souza ME,,PJ,13925217033,1988-02-27,2024-05-22,Almeida,PR,91260834000191,True,38.0,691,************91,i***@empresa.com.br
3335,Otto,da Luz,PF,+5511968843011,1983-12-17,2024-05-23,Cardoso de Minas,MA,32598471628,True,42.0,690,*********28,o***@hotmail.com
1267,Josué,Nunes,PF,31918682933,1963-08-19,2024-05-24,da Conceição,PI,68127935077,True,62.0,689,*********77,j***@ig.com.br
3100,Andrade & Associados EPP,,PJ,11954648555,1979-01-25,2024-05-24,Vieira do Amparo,RO,67548320000151,True,47.0,689,************51,a***@empresa.com.br
1442,Luan,Siqueira,PF,+5521912749742,2007-09-20,2024-05-25,da Cunha,RS,86051342915,True,18.0,688,*********15,l***@bol.com.br
2226,Rafael,da Paz,PF,(31) 96170-6408,,2024-05-25,Moraes Alegre,PA,27380914669,True,,688,*********69,r***@uol.com.br
2752,Serviços Melo ME,,PJ,+5531963268388,1996-11-29,2024-05-25,Souza,PR,84927501000108,True,29.0,688,************08,s***@comercio.net.br
409,Jade,Cardoso,PF,+5541931828962,1979-11-23,2024-05-25,Moreira,AL,75904831684,True,46.0,688,*********84,j***@hotmail.com
594,Theo,Souza,PF,+5513954716376,2006-08-17,2024-05-25,Dias de Sousa,SC,37165294007,True,19.0,688,*********07,t***@yahoo.com.br
82,Importadora Andrade EPP,,PJ,+5531975015761,1973-12-18,2024-05-25,Vasconcelos,RO,35409768000106,True,52.0,688,************06,i***@comercio.net.br
915,Pedro Lucas,Peixoto,PF,21955542481,1970-08-03,2024-05-25,Pacheco Grande,RO,24758019649,True,55.0,688,*********49,p***@yahoo.com.br
10,Catarina,Nascimento,PF,(11) 99776-3371,1970-02-03,2024-05-26,Vieira de Gomes,AM,13798206503,True,56.0,687,*********03,c***@hotmail.com
1208,Thales,Fogaça,PF,61967245787,1983-01-03,2024-05-26,Sales das Flores,ES,49653217070,True,43.0,687,*********70,t***@gmail.com
1404,Asafe,Freitas,PF,,1976-12-05,2024-05-26,Pinto,MT,94036178539,True,49.0,687,*********39,a***@outlook.com
1679,Ana Beatriz,Albuquerque,PF,(51) 95156-2596,1980-09-12,2024-05-26,Sales,AL,07369182487,True,45.0,687,*********87,a***@hotmail.com
2310,Liam,Martins,PF,(51) 96472-9519,1981-06-29,2024-05-26,Siqueira de Rios,ES,14563028762,True,44.0,687,*********62,l***@bol.com.br
2333,Clarice,Melo,PF,(21) 91688-3207,,2024-05-26,Porto do Amparo,RR,65072184307,True,,687,*********07,c***@terra.com.br
2681,Lucca,Vieira,PF,(51) 98018-8612,,2024-05-26,Correia,AM,97036514299,True,,687,*********99,l***@bol.com.br
642,Barbosa & Castro EI,,PJ,21910887363,1959-12-25,2024-05-26,Correia,ES,64259130000126,True,66.0,687,************26,b***@comercio.net.br
1308,Rocha & Associados S/A,,PJ,+5547972399406,2007-05-20,2024-05-27,Silveira,DF,69852431000182,True,18.0,686,************82,r***@comercio.net.br
1875,Ana Carolina,Cirino,PF,(61) 92760-3480,,2024-05-27,Caldeira,GO,35271690830,True,,686,*********30,a***@ig.com.br
1920,Ravy,Lima,PF,71953527028,1993-03-21,2024-05-27,Costa,RN,89213470622,True,33.0,686,*********22,r***@yahoo.com.br
1925,Davi Lucca,Costa,PF,(41) 96330-8812,1960-11-07,2024-05-27,Carvalho,RJ,49715268382,True,65.0,686,*********82,d***@yahoo.com.br
2209,Apollo,Cavalcanti,PF,(51) 98129-3403,1971-04-07,2024-05-27,Aragão do Oeste,AP,68719354010,True,55.0,686,*********10,a***@terra.con.br
2534,Henrique,Caldeira,PF,(41) 92574-6062,1965-07-07,2024-05-27,Barbosa,RJ,49085617375,True,60.0,686,*********75,h***@yahoo.com.br
2793,Santos & Associados EI,,PJ,(71) 96801-5150,1984-05-21,2024-05-27,Fogaça,PA,23146895000172,True,41.0,686,************72,s***@comercio.net.br
6,Pinheiro Distribuidora e Comércio EI,,PJ,(21) 96458-4701,1981-01-19,2024-05-27,Mendes,DF,62541790000170,True,45.0,686,************70,p***@comercio.net.br
1226,Ryan,Vargas,PF,+5561917081345,1982-08-13,2024-05-28,Fogaça do Amparo,RJ,82430617544,True,43.0,685,*********44,r***@outlook.com
246,Duarte & Associados EI,,PJ,+5561977528959,,2024-05-28,Pires,PR,80649153000101,True,,685,************01,d***@comercio.net.br
2742,Bella,Gonçalves,PF,+5521913184267,1963-08-28,2024-05-28,Aragão da Mata,SC,28936507168,True,62.0,685,*********68,b***@uol.com.br
2854,Luan,Siqueira,PF,+5561932385017,1998-11-14,2024-05-28,Barros Alegre,RR,30526784938,True,27.0,685,*********38,l***@yahoo.com.br
3007,Pedro Lucas,Pereira,PF,(47) 93407-5250,1980-06-14,2024-05-28,da Conceição do Norte,RN,98410532689,True,45.0,685,*********89,p***@outlook.com
114,Consultoria Duarte S/S,,PJ,,1984-10-10,2024-05-29,Rocha,AL,19348065000150,True,41.0,684,************50,c***@comercio.net.br
1246,Maria Fernanda,da Rocha,PF,+5547963124573,1991-08-10,2024-05-29,Andrade,AP,39852167464,True,34.0,684,*********64,m***@outlook.com
1608,Elisa,Mendonça,PF,(51) 93531-3841,,2024-05-29,Costa Grande,PA,07248319597,True,,684,*********97,e***@gmail.com
2344,Camargo & Associados S/A,,PJ,47946285109,1971-01-10,2024-05-29,Santos,AL,73152948000136,True,55.0,684,************36,c***@empresa.com.br
2932,Laura,Mendonça,PF,+5547910853690,2001-10-04,2024-05-29,Novaes de Correia,AL,31508479666,True,24.0,684,*********66,l***@terra.com.br
418,Teixeira & Associados S/A,,PJ,,1988-07-14,2024-05-29,Mendes,SC,54173862000145,True,37.0,684,************45,t***@comercio.net.br
483,Ana Cecília,Pimenta,PF,(21) 96820-3928,1986-02-07,2024-05-29,Macedo,CE,93207615406,True,40.0,684,*********06,a***@outlook.com
643,Cruz & Freitas S/A,,PJ,31958607135,1997-11-23,2024-05-29,Pimenta,RN,35468709000109,True,28.0,684,************09,c***@comercio.net.br
699,Natália,Cassiano,PF,71922943278,,2024-05-29,Garcia,SC,35180764939,True,,684,*********39,n***@ig.com.br
1600,Vinicius,da Costa,PF,47961858933,1985-12-27,2024-05-30,Cassiano,AP,06872549300,True,40.0,683,*********00,v***@gmail.com
2047,Informática Ramos ME,,PJ,+5551952163086,1987-12-22,2024-05-30,Rezende,MG,59840167000103,True,38.0,683,************03,i***@comercio.net.br
2727,Davi Luiz,Nunes,PF,(41) 95532-8180,1959-02-19,2024-05-30,Gomes de Casa Grande,MS,08693512730,True,67.0,683,*********30,d***@gmail.com
2968,Otávio,Lopes,PF,,1979-12-11,2024-05-30,Cassiano,RJ,54260791885,True,46.0,683,*********85,o***@uol.com.br
3213,Monteiro Consultoria e Sistemas EIRELI,,PJ,,1958-04-26,2024-05-30,Azevedo,RN,41593720000195,True,68.0,683,************95,m***@comercio.net.br
3385,Rodrigo,Silveira,PF,(21) 95989-6888,1962-04-02,2024-05-30,Melo da Serra,RO,75891603268,True,64.0,683,*********68,r***@uol.com.br
3417,Gabrielly,da Mota,PF,47996072276,1960-08-14,2024-05-30,Sá,PB,41925670830,True,65.0,683,*********30,g***@uol.com.br
3440,Júlia,Cunha,PF,13921174772,1965-05-10,2024-05-31,Pires Grande,MG,59134268782,True,60.0,682,*********82,j***@bol.com.br
390,André,Aparecida,PF,47986369345,1973-09-29,2024-05-31,Guerra do Sul,RO,61487390203,True,52.0,682,*********03,a***@yahoo.com.br
872,João Vitor,das Neves,PF,(11) 92086-8159,2007-02-08,2024-05-31,Abreu,RS,04968713584,True,19.0,682,*********84,j***@yahoo.com.br
1228,Manuela,Silveira,PF,,1986-07-13,2024-06-01,Moraes,PE,53462079107,True,39.0,681,*********07,m***@uol.com.br
1858,Vitor Hugo,,PF,+5521973954609,1973-08-18,2024-06-01,Montenegro dos Dourados,PB,68974152355,True,52.0,681,*********55,v***@uol.con.br
1896,Henry,Nascimento,PF,51977733704,1993-01-25,2024-06-01,Moreira de Peixoto,PI,62701359406,True,33.0,681,*********06,h***@outlook.com
25,José Miguel,Fonseca,PF,61971829274,,2024-06-01,Nascimento da Prata,CE,02964837104,True,,681,*********04,j***@yahoo.com.br
1506,Bento,Andrade,PF,+5513924035701,1998-05-01,2024-06-02,Alves do Sul,PB,24139675080,True,27.0,680,*********80,b***@bol.com.br
1720,Maria Júlia,Sales,PF,(21) 92557-2087,1996-05-14,2024-06-02,da Rocha,MS,75128693473,True,29.0,680,*********73,m***@gmail.com
2077,Fernandes & Cunha ME,,PJ,61915895153,,2024-06-02,Nogueira,MA,82763519000196,True,,680,************96,f***@empresa.com.br
2774,Helena,Vargas,PF,13939037975,,2024-06-02,Abreu de Aragão,AP,14296035851,True,,680,*********51,h***@uol.com.br
647,Arthur Miguel,Macedo,PF,(71) 93404-2025,1987-04-11,2024-06-02,da Paz,TO,28954061389,True,39.0,680,*********89,a***@terra.com.br
719,Valentina,Rezende,PF,,1964-07-20,2024-06-02,Lima,RJ,89502714601,True,61.0,680,*********01,v***@uol.com.br
1024,Lara,Jesus,PF,11970096154,1979-01-06,2024-06-03,Ramos,RS,39508764210,True,47.0,679,*********10,l***@gmail.com
3032,Sabrina,Cirino,PF,+5511961609157,1967-09-07,2024-06-03,Lima de Rios,DF,35420716844,True,58.0,679,*********44,s***@terra.com.br
3075,Vicente,Caldeira,PF,+5521916643463,1993-11-12,2024-06-03,Almeida do Norte,AP,15078329404,True,32.0,679,*********04,v***@outlook.com
3317,Benjamim,Monteiro,PF,+5521930975649,1985-09-19,2024-06-03,Ramos,SP,64012895389,True,40.0,679,*********89,b***@terra.com.br
660,Ana Luiza,Leão,PF,11986051373,1972-11-05,2024-06-03,das Neves de da Costa,AM,72984650310,True,53.0,679,*********10,a***@ig.com.br
122,Stephany,Guerra,PF,11989219858,2005-08-31,2024-06-04,Costa,CE,62049785356,True,20.0,678,*********56,s***@bol.com.br
1289,Vitor Gabriel,Monteiro,PF,(31) 92476-2683,1970-10-07,2024-06-04,Duarte,SC,21739584619,True,55.0,678,*********19,v***@outlook.com
154,Murilo,Campos,PF,(51) 96608-2889,1962-07-24,2024-06-04,Pereira,PE,37826451035,True,63.0,678,*********35,m***@bol.com.br
1807,Maria,Freitas,PF,(13) 94216-3040,1998-05-21,2024-06-04,da Costa,AC,91208674501,True,27.0,678,*********01,a***@bol.com.br
3493,Bianca,da Paz,PF,11972176671,1958-09-23,2024-06-04,da Cunha,AL,92357041625,True,67.0,678,*********25,b***@outlook.com
62,Ana Laura,Lima,PF,13974118368,1969-10-01,2024-06-04,Jesus,AM,86713452973,True,56.0,678,*********73,a***@bol.com.br
905,Ísis,Cirino,PF,,1974-10-25,2024-06-04,Fernandes Grande,SE,69532018433,True,51.0,678,*********33,s***@gmail.com
3309,Luiza,Cavalcante,PF,+5513946653148,1995-02-10,2024-06-05,Peixoto,BA,97035428674,True,31.0,677,*********74,l***@gmail.com
171,Maria Vitória,Marques,PF,(11) 91046-7091,1958-08-10,2024-06-06,Guerra,SC,19857260411,True,67.0,676,*********11,m***@uol.com.br
1765,Luigi,Fonseca,PF,+5571919343275,2001-05-06,2024-06-06,Pires,AM,89745601357,True,24.0,676,*********57,l***@terra.com.br
2031,Ravi,Cirino,PF,61936627064,2006-05-27,2024-06-06,Oliveira da Serra,MT,90184623570,True,19.0,676,*********70,r***@bol.com.br
2616,Ana Clara,Barbosa,PF,(31) 91388-2277,,2024-06-06,Macedo de Aragão,GO,20589176420,True,,676,*********20,a***@hotmail.com
3298,Ana Liz,Gonçalves,PF,31939669902,2005-10-25,2024-06-06,Nogueira,PB,45873026947,True,20.0,676,*********47,a***@ig.com.br
1041,Pedro Lucas,Teixeira,PF,(51) 96173-1371,1969-01-12,2024-06-07,Abreu,RR,29154763819,True,57.0,675,*********19,p***@yahoo.com.br
1313,Ísis,Moura,PF,61962135227,1981-07-06,2024-06-07,Garcia,PB,72158034653,True,44.0,675,*********53,s***@hotmail.com
1615,Davi Miguel,Pastor,PF,61992495987,1962-08-30,2024-06-07,Peixoto,SP,39460721869,True,63.0,675,*********69,d***@uol.con.br
3191,Isis,Almeida,PF,+5521954715171,2007-02-15,2024-06-07,Machado,RO,17293640803,True,19.0,675,*********03,i***@yahoo.com.br
40,Julia,Araújo,PF,+5571969693332,1979-12-09,2024-06-07,Macedo,PA,74896013557,True,46.0,675,*********57,j***@bol.com.br
1773,Fernanda,da Rosa,PF,+5547962938613,1973-01-14,2024-06-08,Pastor de Minas,MA,25376091821,True,53.0,674,*********21,f***@bol.com.br
1888,Sistemas Carvalho Ltda.,,PJ,(31) 98893-2335,1976-06-06,2024-06-08,Oliveira do Norte,PR,16490325000130,True,49.0,674,************30,s***@comercio.net.br
1934,Vinicius,Sales,PF,+5547963461633,,2024-06-08,Sampaio,SP,38695740200,True,,674,*********00,v***@terra.com.br
1999,Marcelo,Viana,PF,47954576730,1972-07-25,2024-06-08,Novaes Verde,PR,92478560194,True,53.0,674,*********94,m***@outlook.com
3128,Aurora,da Paz,PF,+5511983951149,,2024-06-08,Ferreira,PA,96453780283,True,,674,*********83,a***@gmail.com
3411,Daniela,Rocha,PF,(41) 93088-1484,1958-04-08,2024-06-08,Costa do Sul,RS,38940152689,True,68.0,674,*********89,d***@yahoo.com.br
3435,Rafaela,Aparecida,PF,+5513923284358,2000-12-19,2024-06-08,Gomes,AC,58710246371,True,25.0,674,*********71,r***@gmail.com
106,Luana,Vasconcelos,PF,(47) 96544-2454,1957-10-10,2024-06-09,Carvalho,AP,08527396483,True,68.0,673,*********83,l***@uol.com.br
280,Benjamin,Rocha,PF,(31) 98337-4431,,2024-06-09,Carvalho,SC,27641508901,True,,673,*********01,b***@outlook.com
549,Pinto Serviços e Serviços EIRELI,,PJ,31997427163,1965-02-04,2024-06-09,Monteiro dos Dourados,PR,29637840000141,True,61.0,673,************41,p***@empresa.com.br
979,Kevin,Gomes,PF,(13) 96081-6111,1995-01-12,2024-06-09,Caldeira,BA,93158702630,True,31.0,673,*********30,k***@outlook.com
1162,Lucas,da Cruz,PF,+5531949122925,2004-10-13,2024-06-10,Correia,SC,61593827482,True,21.0,672,*********82,l***@uol.com.br
1335,João Lucas,Guerra,PF,13929833315,1999-04-26,2024-06-10,Rezende,MA,75938621003,True,26.0,672,*********03,j***@yahoo.com.br
1648,Antônio,Caldeira,PF,47910432447,1978-01-12,2024-06-10,Lopes das Pedras,MA,95862034765,True,48.0,672,*********65,a***@bol.com.br
2543,Agatha,Fogaça,PF,21991482176,1983-11-16,2024-06-10,Oliveira de Goiás,MG,91273408560,True,42.0,672,*********60,a***@outlook.com
292,Fernandes & Vieira ME,,PJ,+5541912156349,1976-03-30,2024-06-10,Leão,RJ,41263087000177,True,50.0,672,************77,f***@empresa.com.br
3134,Benjamin,Rocha,PF,(41) 94137-9167,1984-08-07,2024-06-10,da Cunha,AP,48792105602,True,41.0,672,*********02,b***@outlook.com
720,João Gabriel,Correia,PF,11999721678,,2024-06-10,Camargo de Minas,SE,28104693506,True,,672,*********06,j***@yahoo.com.br
120,Luara,Sousa,PF,+5513952974301,1996-07-02,2024-06-11,Machado da Prata,PA,78645392038,True,29.0,671,*********38,l***@bol.com.br
1659,Fernandes & Vieira EI,,PJ,51977268581,1992-08-01,2024-06-11,Almeida,CE,95186437000178,True,33.0,671,************78,f***@empresa.com.br
1757,Zoe,Guerra,PF,+5531943712835,1962-11-28,2024-06-11,Peixoto do Campo,SP,37950281677,True,63.0,671,*********77,a***@hotmail.com
2665,Kamilly,Vasconcelos,PF,+5511922928656,1988-02-13,2024-06-11,Farias,ES,75416980249,True,38.0,671,*********49,k***@gmail.com
72,Raquel,Albuquerque,PF,(41) 95058-5425,1988-07-31,2024-06-11,Vasconcelos,RO,05392718612,True,37.0,671,*********12,r***@outlook.com
790,Theodoro,Costa,PF,+5531997985178,2004-01-15,2024-06-11,Pastor,MS,10783965400,True,22.0,671,*********00,t***@bol.com.br
131,Camila,Sampaio,PF,+5513941131891,1999-01-22,2024-06-12,Araújo,PR,79254618373,True,27.0,670,*********73,c***@ig.com.br
1324,Olívia,Fernandes,PF,(31) 99620-3791,1956-04-18,2024-06-12,Pinto do Amparo,MA,51702369803,True,70.0,670,*********03,o***@uol.com.br
2508,Pacheco & Melo S/A,,PJ,(31) 93603-3574,2006-05-26,2024-06-12,Cardoso,DF,54326781000138,True,19.0,670,************38,p***@comercio.net.br
2709,Davi Miguel,Montenegro,PF,21985696023,1973-08-21,2024-06-12,Alves,CE,12503648924,True,52.0,670,*********24,d***@hotmail.com
3187,Ana Laura,Viana,PF,+5513960492395,2003-10-31,2024-06-12,Araújo,DF,23761058977,True,22.0,670,*********77,a***@gmail.com
34,Letícia,Mendonça,PF,71997223538,2006-11-29,2024-06-12,da Cunha,GO,59172683040,True,19.0,670,*********40,l***@gmail.com
499,Antonella,Almeida,PF,+5551983871583,,2024-06-12,Casa Grande de da Conceição,AC,87632514007,True,,670,*********07,a***@bol.com.br
2343,Vitor,Oliveira,PF,21960672281,1991-08-04,2024-06-13,Fonseca dos Dourados,TO,10625398777,True,34.0,669,*********77,v***@uol.com.br
2956,Antony,Fonseca,PF,+5547984855672,1999-01-22,2024-06-13,Gonçalves,DF,73912508488,True,27.0,669,*********88,a***@ig.com.br
326,Mateus,Abreu,PF,31930155282,1988-07-18,2024-06-13,Caldeira,RO,34178062913,True,37.0,669,*********13,m***@gmail.com
552,Vinicius,Câmara,PF,(21) 97866-6996,,2024-06-13,Campos,PE,56971042352,True,,669,*********52,v***@uol.com.br
1167,Heitor,Novaes,PF,47915001740,,2024-06-14,Mendonça de Sá,AP,78504193241,True,,668,*********41,h***@gmail.com
1256,Benicio,Porto,PF,+5561977792590,1998-07-12,2024-06-14,Sá de Sampaio,RJ,78634105253,True,27.0,668,*********53,b***@ig.com.br
1823,Maria Vitória,Mendonça,PF,(71) 95105-8801,1986-10-24,2024-06-14,Vasconcelos,SP,02693741599,True,39.0,668,*********99,m***@ig.com.br
2712,Carolina,Borges,PF,(21) 92894-4772,1970-07-31,2024-06-14,Garcia,MA,74521639828,True,55.0,668,*********28,c***@uol.com.br
3040,Murilo,Castro,PF,31964963417,,2024-06-14,Montenegro do Campo,PA,36051782435,True,,668,*********35,m***@uol.com.br
3228,Miguel,Peixoto,PF,(21) 96439-5083,1987-07-26,2024-06-14,Barbosa,RN,53924768056,True,38.0,668,*********56,m***@hotmail.com
653,Manuela,da Rocha,PF,+5521945782760,1982-07-20,2024-06-14,Marques das Flores,MS,14970856320,True,43.0,668,*********20,m***@terra.com.br
1122,Luiz Felipe,Silveira,PF,+5551960484320,1966-08-10,2024-06-15,Pacheco de Goiás,BA,41836079575,True,59.0,667,*********75,l***@outlook.com
1466,Lucas,Rodrigues,PF,+5547947963866,,2024-06-15,Dias,AC,27416380553,True,,667,*********53,l***@ig.com.br
3223,Maria Fernanda,Mendes,PF,61953002580,1996-10-15,2024-06-15,Marques,MS,06381724978,True,29.0,667,*********78,m***@ig.com.br
526,Luiza,Ribeiro,PF,(61) 98703-6515,1983-03-10,2024-06-15,Peixoto Alegre,MT,23651047890,True,43.0,667,*********90,l***@gmail.com
579,Calebe,Cavalcanti,PF,47922281987,1989-10-04,2024-06-15,da Cruz,TO,50397162812,True,36.0,667,*********12,c***@bol.com.br
1616,Lavínia,Rodrigues,PF,(21) 92221-2588,1960-04-15,2024-06-16,Silveira de Casa Grande,PE,65379124828,True,66.0,666,*********28,l***@uol.com.br
2070,Bella,Souza,PF,(61) 91549-2910,1963-03-23,2024-06-16,da Costa,TO,90537146261,True,63.0,666,*********61,b***@yahoo.com.br
873,Henry,Almeida,PF,61960593465,1983-01-03,2024-06-16,Brito,RR,27051839497,True,43.0,666,*********97,h***@outlook.com
184,Luiz Henrique,Sá,PF,41951203752,1957-08-04,2024-06-17,Macedo,SC,01786423987,True,68.0,665,*********87,l***@yahoo.com.br
2553,Maya,Almeida,PF,,1966-02-08,2024-06-17,Nogueira,CE,74091658393,True,60.0,665,*********93,m***@ig.com.br
2633,Barbosa Importadora e Sistemas S.A.,,PJ,21945414237,1979-04-02,2024-06-17,Sampaio,MT,29678301000150,True,47.0,665,************50,b***@comercio.net.br
3015,Pedro Miguel,Rocha,PF,(11) 91622-1143,1991-09-26,2024-06-17,Marques do Campo,MS,85276403171,True,34.0,665,*********71,p***@gmail.com
3142,Rocha & Associados S/S,,PJ,(11) 94305-3804,2004-06-14,2024-06-17,Novaes Paulista,MT,10986735000190,True,21.0,665,************90,r***@comercio.net.br
1038,Luara,Martins,PF,21994218525,2001-01-12,2024-06-18,Sales,RR,98147602340,True,25.0,664,*********40,l***@gmail.com
1890,Andrade & Silva ME,,PJ,,2005-10-26,2024-06-18,Viana de Goiás,PI,83475261000195,True,20.0,664,************95,a***@empresa.com.br
2118,Sofia,Almeida,PF,71957134974,2002-06-22,2024-06-18,Costela das Flores,BA,98174063269,True,23.0,664,*********69,s***@hotmail.com
236,Camila,Viana,PF,(21) 97206-9447,1981-08-29,2024-06-18,Sá da Serra,MA,91806745267,True,44.0,664,*********67,c***@ig.com.br
3096,Fernando,Sousa,PF,11974414030,,2024-06-18,Novais,PR,82307691413,True,,664,*********13,f***@outlook.com
336,Esther,Correia,PF,+5531949041136,1996-06-05,2024-06-18,Cavalcanti,RN,48712053635,True,29.0,664,*********35,e***@ig.com.br
3420,Maria Liz,Silva,PF,+5513977416748,1979-06-11,2024-06-18,Câmara dos Dourados,ES,05174683957,True,46.0,664,*********57,m***@hotmail.com
658,Ana Laura,Fernandes,PF,+5511919782295,1993-06-26,2024-06-18,Alves de Sales,MT,52613780959,True,32.0,664,*********59,a***@gmail.com
876,Lívia,Cavalcanti,PF,71988128088,1986-09-20,2024-06-18,Barbosa da Praia,PB,89675104201,True,39.0,664,*********01,l***@ig.com.br
1118,Fernanda,Almeida,PF,(31) 95548-3241,1966-09-01,2024-06-19,Pereira de Nunes,MG,94287016378,True,59.0,663,*********78,f***@outlook.com
1702,Importadora Nunes Ltda.,,PJ,+5571938527746,1980-07-27,2024-06-19,Rodrigues Alegre,GO,84529031000124,True,45.0,663,************24,i***@comercio.net.br
2833,Rafael,Caldeira,PF,13920086102,,2024-06-19,Novaes,AM,14075689301,True,,663,*********01,r***@gmail.com
739,João Pedro,Oliveira,PF,(41) 97567-2054,,2024-06-19,Correia de Goiás,CE,02314687507,True,,663,*********07,j***@ig.com.br
1218,Stephany,Vasconcelos,PF,47934012649,1976-03-27,2024-06-20,Sampaio,AM,69718452001,True,50.0,662,*********01,s***@uol.com.br
2494,Lima & Fonseca S/A,,PJ,+5511985595988,1962-05-14,2024-06-20,Leão do Norte,PI,98071463000149,True,63.0,662,************49,l***@comercio.net.br
786,Atacado Ramos S/S,,PJ,(51) 92669-4822,1980-02-07,2024-06-20,da Cunha Paulista,PA,41529630000135,True,46.0,662,************35,a***@empresa.com.br
1604,Dias Atacado e Consultoria ME,,PJ,+5551989501561,1962-10-11,2024-06-21,da Rocha do Amparo,SP,89326417000152,True,63.0,661,************52,d***@empresa.com.br
1759,Maria Fernanda,Fogaça,PF,71940833805,2003-11-07,2024-06-21,Albuquerque,CE,92573408647,True,22.0,661,*********47,m***@uol.com.br
2908,Bruna,Casa Grande,PF,,1961-01-17,2024-06-21,Pimenta de Minas,GO,42039518606,True,65.0,661,*********06,b***@bol.com.br
3285,Maria Flor,Aparecida,PF,+5531919468375,1986-04-09,2024-06-21,Guerra,RJ,69804321505,True,40.0,661,*********05,m***@terra.com.br
1115,Ravy,Fonseca,PF,(61) 96554-1761,1981-06-18,2024-06-22,Teixeira dos Dourados,PR,64073529161,True,44.0,660,*********61,r***@uol.com.br
1622,Gabriela,Araújo,PF,(41) 96271-6223,1999-07-12,2024-06-22,Alves,SP,31805769286,True,26.0,660,*********86,g***@bol.con.br
2199,Leonardo,Pereira,PF,+5571922098829,,2024-06-22,da Luz,BA,76923510821,True,,660,*********21,l***@ig.com.br
3008,Caio,,PF,61925495141,,2024-06-22,Camargo da Mata,MG,35240789665,True,,660,*********65,c***@gmail.com
523,Melina,,PF,,1992-12-01,2024-06-22,Pastor da Serra,ES,23649507161,True,33.0,660,*********61,m***@gmail.com
778,Raul,Brito,PF,+5551978875349,1980-12-02,2024-06-22,Guerra,PA,09657381240,True,45.0,660,*********40,r***@hotmail.com
1504,Dias Tecnologia e Consultoria Ltda.,,PJ,+5531999842999,1958-10-18,2024-06-23,da Luz,DF,81539647000198,True,67.0,659,************98,d***@empresa.com.br
1594,Agatha,Siqueira,PF,+5521945449013,,2024-06-23,Caldeira,PR,98517036484,True,,659,*********84,a***@terra.com.br
2015,Thales,Albuquerque,PF,+5547927554113,,2024-06-23,Duarte do Sul,BA,28193504615,True,,659,*********15,t***@yahoo.com.br
2324,Ravi Lucca,Fernandes,PF,13936275633,1967-02-25,2024-06-23,Marques,ES,45932610743,True,59.0,659,*********43,r***@gmail.com
3192,Maria Júlia,Pacheco,PF,(61) 96481-6005,1969-06-11,2024-06-23,Cassiano,MA,21905436815,True,56.0,659,*********15,m***@uol.com.br
1222,Silva & Associados S/S,,PJ,(13) 92169-3138,1957-11-06,2024-06-24,Porto da Praia,PE,71903685000124,True,68.0,658,************24,s***@comercio.net.br
1405,Enzo,Fernandes,PF,+5511985841892,1979-12-03,2024-06-24,da Rosa de Goiás,AP,45307192860,True,46.0,658,*********60,e***@yahoo.com.br
1947,Vitória,Ribeiro,PF,(11) 98784-3888,1957-10-30,2024-06-24,Câmara do Oeste,MS,61724309552,True,68.0,658,*********52,v***@outlook.com
1974,Sabrina,Santos,PF,(11) 98773-7657,1989-12-09,2024-06-24,Rodrigues,SP,81945326719,True,36.0,658,*********19,s***@uol.com.br
2426,Giovanna,Vasconcelos,PF,13970641659,1962-01-03,2024-06-24,Azevedo da Praia,RR,04859362756,True,64.0,658,*********56,g***@yahoo.com.br
2519,Raul,Albuquerque,PF,,2004-06-12,2024-06-24,da Costa,AP,36015249706,True,21.0,658,*********06,r***@gmail.com
313,Augusto,da Luz,PF,71950334336,1964-03-04,2024-06-24,Lima,TO,64372805144,True,62.0,658,*********44,a***@ig.com.br
784,Evelyn,Rocha,PF,11998504624,,2024-06-24,Farias de Oliveira,AM,75013829488,True,,658,*********88,e***@bol.com.br
1295,Costa & Martins Ltda.,,PJ,51987466493,,2024-06-25,Pereira,RR,59810674000102,True,,657,************02,c***@comercio.net.br
1454,Martins Distribuidora e Comércio Ltda.,,PJ,31939126631,1956-09-15,2024-06-25,Machado do Amparo,RN,79526130000112,True,69.0,657,************12,m***@comercio.net.br
1492,Antony,Cavalcante,PF,(31) 97670-3766,1984-02-28,2024-06-25,Ramos de Minas,AM,96023571859,True,42.0,657,*********59,a***@uol.com.br
1468,Erick,Vasconcelos,PF,(47) 98374-5344,1995-03-11,2024-06-26,Cavalcante do Amparo,PE,06315297480,True,31.0,656,*********80,e***@terra.com.br
1857,Ana Luiza,da Luz,PF,+5561961118017,1977-11-07,2024-06-26,Cardoso de da Paz,PE,04691738231,True,48.0,656,*********31,a***@uol.com.br
2133,Isadora,Montenegro,PF,(51) 92228-7407,1989-08-01,2024-06-26,Pires do Amparo,AC,06975341893,True,36.0,656,*********93,i***@outlook.com
3149,Ryan,Pires,PF,13911981087,1991-01-30,2024-06-26,Oliveira,SC,25604173916,True,35.0,656,*********16,r***@uol.com.br
728,Ravi,Nunes,PF,31973545108,,2024-06-26,Borges do Campo,AL,26951483728,True,,656,*********28,r***@terra.com.br
2879,Brenda,Moura,PF,+5547921272456,1985-02-16,2024-06-27,Silveira,PE,03692174896,True,41.0,655,*********96,b***@yahoo.com.br
3267,Caio,Montenegro,PF,,1963-02-26,2024-06-27,da Conceição,GO,36041759252,True,63.0,655,*********52,c***@bol.com.br
3313,Rael,Freitas,PF,51966287603,1979-08-02,2024-06-27,Andrade do Sul,AC,50281976368,True,46.0,655,*********68,r***@yahoo.com.br
399,Lucca,Moreira,PF,11975276268,2003-03-20,2024-06-27,Aragão,MG,75480216317,True,23.0,655,*********17,l***@bol.com.br
2370,Hellena,da Cunha,PF,+5521971505863,1981-10-06,2024-06-28,Guerra,RR,35416297891,True,44.0,654,*********91,h***@ig.com.br
2828,Moreira & Nascimento S/S,,PJ,(61) 97549-6234,1961-08-10,2024-06-28,Pastor do Oeste,RS,84529617000199,True,64.0,654,************99,m***@empresa.com.br
2983,Paulo,Rocha,PF,51913659613,1987-09-23,2024-06-28,Costela de Nogueira,GO,36059872492,True,38.0,654,*********92,p***@terra.com.br
1252,Maria Flor,Marques,PF,,1981-05-01,2024-06-29,Sá de Vieira,ES,34652918755,True,44.0,653,*********55,m***@ig.com.br
2555,Yago,Duarte,PF,+5511958032338,1961-12-25,2024-06-29,Cirino da Prata,RS,61527980359,True,64.0,653,*********59,y***@yahoo.com.br
3279,Sofia,Silveira,PF,(21) 98388-2559,1963-07-03,2024-06-29,Castro,MA,78451602967,True,62.0,653,*********67,s***@outlook.com
359,Davi,Aragão,PF,(41) 97641-4987,1990-11-01,2024-06-29,Casa Grande,RS,06829741378,True,35.0,653,*********78,d***@hotmail.com
997,Vinicius,Souza,PF,41940015448,2006-08-22,2024-06-29,Rezende Verde,PI,35478129097,True,19.0,653,*********97,v***@ig.com.br
1652,Silveira & Associados ME,,PJ,71966416948,1985-10-08,2024-06-30,Borges,DF,56948312000186,True,40.0,652,************86,s***@comercio.net.br
2315,Theodoro,Rios,PF,71991174283,1962-05-03,2024-06-30,Nunes das Flores,TO,96740152306,True,63.0,652,*********06,t***@uol.com.br
2415,Maria Flor,Siqueira,PF,+5547992424989,2007-08-19,2024-06-30,Martins de Dias,PE,13945768039,True,18.0,652,*********39,o***@gmail.com
3305,Ribeiro & Associados EIRELI,,PJ,11969998131,2002-11-20,2024-06-30,Moreira Verde,SE,87123594000106,True,23.0,652,************06,r***@empresa.com.br
1567,Josué,da Paz,PF,(41) 92938-2088,1975-10-30,2024-07-01,Azevedo,TO,84051693775,True,50.0,651,*********75,j***@ig.com.br
592,Julia,Vieira,PF,61978746715,2006-01-20,2024-07-01,da Costa de Andrade,PE,47163528035,True,20.0,651,*********35,j***@gmail.com
169,Arthur Gabriel,Farias,PF,+5551976842426,1982-11-15,2024-07-02,Aparecida Alegre,AM,81604537957,True,43.0,650,*********57,a***@outlook.com
2747,Lívia,Ramos,PF,47970638757,1959-02-27,2024-07-02,Macedo do Campo,GO,21093864524,True,67.0,650,*********24,l***@terra.com.br
2785,Bento,Jesus,PF,+5561995315606,,2024-07-02,Porto,RS,90437825647,True,,650,*********47,b***@terra.com.br
2920,Ester,Campos,PF,(61) 92677-6208,1984-08-02,2024-07-02,Pereira das Flores,BA,08714962594,True,41.0,650,*********94,e***@hotmail.com
3474,Alexia,Moreira,PF,47962789461,1982-05-19,2024-07-02,Garcia dos Dourados,RR,29041857630,True,43.0,650,*********30,a***@bol.com.br
595,Guerra Comércio e Comércio S.A.,,PJ,+5561928193690,1957-10-02,2024-07-02,Garcia de Minas,RS,50172483000180,True,68.0,650,************80,g***@empresa.com.br
1799,Mateus,Gomes,PF,(61) 94929-7922,1961-08-01,2024-07-03,Duarte,PE,79562103480,True,64.0,649,*********80,m***@ig.com.br
3478,Hellena,Cavalcante,PF,,1976-04-17,2024-07-03,Nascimento de da Cruz,RS,51406932833,True,50.0,649,*********33,h***@hotmail.com
880,Antonella,Costela,PF,+5511949186008,1969-01-28,2024-07-03,Ferreira,PI,63180259442,True,57.0,649,*********42,a***@yahoo.com.br
1304,Vicente,Siqueira,PF,(31) 97679-8464,1996-12-05,2024-07-04,da Rosa do Amparo,AL,10482793597,True,29.0,648,*********97,v***@bol.com.br
1319,Jesus & Associados S.A.,,PJ,,1977-03-22,2024-07-04,Novaes,RO,40973568000103,True,49.0,648,************03,j***@empresa.com.br
180,Enrico,Vieira,PF,+5551930874101,1971-12-04,2024-07-04,Fernandes,CE,41720365970,True,54.0,648,*********70,e***@ig.com.br
1979,Milena,Jesus,PF,+5541975656072,2007-01-22,2024-07-04,Albuquerque do Oeste,PE,69385417282,True,19.0,648,*********82,m***@gmail.com
2280,José Pedro,Machado,PF,(71) 97632-1885,1968-10-04,2024-07-04,Melo,PA,07923468150,True,57.0,648,*********50,j***@uol.com.br
2674,Comércio Fonseca Ltda.,,PJ,(21) 94612-3921,1978-09-21,2024-07-04,Ramos,GO,25810764000173,True,47.0,648,************73,c***@empresa.com.br
3153,Yan,Mendes,PF,(21) 91387-4549,1991-10-26,2024-07-04,Gomes da Praia,RJ,02381549633,True,34.0,648,*********33,y***@hotmail.com
3291,Bárbara,Gomes,PF,51978113807,1956-09-15,2024-07-04,Duarte,ES,93871605484,True,69.0,648,*********84,b***@terra.com.br
3344,Letícia,da Costa,PF,71934538406,1982-01-14,2024-07-04,Montenegro,PA,15973408205,True,44.0,648,*********05,l***@yahoo.com.br
811,Almeida & Associados S/S,,PJ,(41) 95477-6496,,2024-07-04,Viana,RS,34891250000180,True,,648,************80,a***@comercio.net.br
985,Comércio Andrade Ltda.,,PJ,+5551945778179,1971-01-14,2024-07-04,Farias do Norte,SE,17246059000167,True,55.0,648,************67,c***@empresa.com.br
2014,Isabella,da Rosa,PF,+5541959185168,1978-10-17,2024-07-05,Cunha,PA,06531974893,True,47.0,647,*********93,i***@ig.com.br
2345,Kamilly,Lopes,PF,(47) 98753-8823,1986-09-12,2024-07-05,Carvalho,PA,06835472162,True,39.0,647,*********62,k***@ig.com.br
3251,Antonella,Garcia,PF,+5561991321386,2004-10-21,2024-07-05,Lopes,DF,10958462720,True,21.0,647,*********20,a***@terra.com.br
3487,Aylla,Carvalho,PF,(13) 99020-2524,1970-07-19,2024-07-05,Cavalcanti,PI,84305976110,True,55.0,647,*********10,a***@bol.com.br
1733,Lívia,Aragão,PF,31933866135,,2024-07-06,Rezende Verde,AP,84973106240,True,,646,*********40,l***@ig.com.br
2332,Letícia,Ribeiro,PF,11963154264,2004-09-22,2024-07-06,Vargas,RS,36109745243,True,21.0,646,*********43,l***@yahoo.com.br
2366,Luana,Freitas,PF,+5521911363266,1984-08-04,2024-07-06,Dias de Oliveira,PB,83491760240,True,41.0,646,*********40,l***@yahoo.com.br
3491,Matheus,Cavalcanti,PF,(13) 99861-4243,1963-11-01,2024-07-06,Marques de Mendes,GO,36917420506,True,62.0,646,*********06,m***@terra.com.br
481,Vasconcelos & Lopes Ltda.,,PJ,(71) 94735-4633,1961-08-12,2024-07-06,Mendes,RR,80273514000150,True,64.0,646,************50,v***@comercio.net.br
512,Fernanda,Alves,PF,(71) 91458-2578,,2024-07-06,Ramos,RS,91740358600,True,,646,*********00,f***@yahoo.com.br
967,Josué,Cirino,PF,(21) 96868-2311,2002-08-09,2024-07-06,Castro da Mata,MT,75419260867,True,23.0,646,*********67,j***@uol.com.br
1196,Joana,da Rocha,PF,+5547943674234,,2024-07-07,Sá,ES,06159328433,True,,645,*********33,j***@gmail.com
1927,Théo,,PF,(41) 96491-8993,2006-11-16,2024-07-07,Cassiano,RN,50836419251,True,19.0,645,*********51,t***@yahoo.com.br
2230,Manuella,da Mota,PF,+5521980054204,2004-09-27,2024-07-07,das Neves do Sul,MG,42791680594,True,21.0,645,*********94,m***@bol.com.br
2375,Ana Beatriz,Costa,PF,(47) 99119-8113,,2024-07-07,da Cruz de Siqueira,SC,46235789092,True,,645,*********92,a***@hotmail.com
3105,Calebe,Garcia,PF,(21) 92206-2364,1986-07-07,2024-07-07,Fogaça de Nogueira,RJ,91258674076,True,39.0,645,*********76,c***@gmail.com
3247,Zoe,Correia,PF,+5551946145255,1984-03-04,2024-07-07,Moreira,PE,80294316787,True,42.0,645,*********87,z***@hotmail.com
363,Igor,Alves,PF,21984753165,1998-10-07,2024-07-07,Ferreira de Sousa,SP,45928701314,True,27.0,645,*********14,i***@yahoo.com.br
641,Joaquim,Rocha,PF,(13) 91775-4965,1995-06-16,2024-07-07,Oliveira,AP,84903165205,True,30.0,645,*********05,j***@hotmail.com
976,Catarina,Caldeira,PF,(47) 93335-7889,1977-04-24,2024-07-07,Pimenta de Goiás,RS,84563920738,True,49.0,645,*********38,c***@bol.com.br
2346,Ana Carolina,Rezende,PF,(13) 93437-8156,1995-11-29,2024-07-08,Silveira,MA,25491860360,True,30.0,644,*********60,a***@terra.com.br
2392,Sophia,da Cruz,PF,(11) 94047-5853,1978-11-21,2024-07-08,Ribeiro,AC,32651809489,True,47.0,644,*********89,s***@gmail.com
1171,Rafael,Pacheco,PF,+5571987598053,1994-06-01,2024-07-09,Marques de Minas,GO,46015782307,True,31.0,643,*********07,r***@yahoo.com.br
1281,Maria Luiza,Barros,PF,(13) 96065-5140,1991-10-27,2024-07-09,Abreu de Barbosa,MT,19042357606,True,34.0,643,*********06,m***@terra.com.br
2292,Alana,Santos,PF,(47) 96749-4299,1973-11-16,2024-07-09,Azevedo,SP,21794538097,True,52.0,643,*********97,a***@hotmail.com
3426,Eloah,Pinto,PF,61943129263,1989-09-18,2024-07-09,Costa,ES,45823167008,True,36.0,643,*********08,e***@gmail.com
8,Lucas Gabriel,Carvalho,PF,+5561963274706,1981-05-21,2024-07-09,Farias,MG,76821495076,True,44.0,643,*********76,l***@outlook.com
1017,Juan,Silveira,PF,(61) 93828-8025,1975-09-10,2024-07-10,Moura,MT,13459620706,True,50.0,642,*********06,j***@yahoo.com.br
1781,Ágatha,Costa,PF,(47) 91605-3643,,2024-07-10,Porto de Garcia,MS,83640251989,True,,642,*********89,g***@ig.com.br
312,Juan,Correia,PF,+5513973906629,1994-12-06,2024-07-10,Gonçalves,SC,69247150361,True,31.0,642,*********61,j***@terra.com.br
3255,Juliana,da Costa,PF,51919159542,1966-07-09,2024-07-10,Pimenta,AM,95678043110,True,59.0,642,*********10,j***@bol.com.br
440,José Pedro,,PF,41997769986,2005-10-31,2024-07-10,Cassiano,RS,07456329125,True,20.0,642,*********25,j***@gmail.com
826,Vinicius,Leão,PF,+5511923128084,2000-08-20,2024-07-10,Azevedo da Prata,PB,69718324003,True,25.0,642,*********03,v***@ig.com.br
2174,José Miguel,Alves,PF,31952763784,1997-12-17,2024-07-11,Sales de Fonseca,MG,27369018512,True,28.0,641,*********12,j***@yahoo.com.br
394,Henrique,da Costa,PF,31946701799,1998-11-09,2024-07-11,Nascimento,MS,25937604865,True,27.0,641,*********65,h***@terra.com.br
793,Zoe,Fonseca,PF,61961823067,1960-05-11,2024-07-11,Castro,DF,45623198791,True,65.0,641,*********91,z***@gmail.com
1463,Luana,Caldeira,PF,+5551985774303,1960-08-20,2024-07-12,Pastor,TO,31524960870,True,65.0,640,*********70,l***@outlook.com
2274,Rebeca,Pereira,PF,+5551990609918,1967-09-01,2024-07-12,da Cruz,SP,81372049541,True,58.0,640,*********41,r***@terra.com.br
2374,Aurora,Dias,PF,(41) 97725-2882,,2024-07-12,das Neves,MA,31728506921,True,,640,*********21,a***@outlook.com
3021,João Guilherme,Cardoso,PF,(13) 98442-7181,1997-05-05,2024-07-12,Siqueira,PB,54083291788,True,28.0,640,*********88,j***@gmail.com
3276,Luiz Miguel,Sá,PF,(61) 93013-6635,1992-11-23,2024-07-12,Gonçalves,RJ,98420753114,True,33.0,640,*********14,l***@terra.com.br
3277,Consultoria Cardoso S/S,,PJ,(21) 97643-6048,1959-04-13,2024-07-12,Cardoso,AM,24093761000101,True,67.0,640,************01,c***@comercio.net.br
671,Sophie,da Rosa,PF,21983871938,1981-11-25,2024-07-12,Fogaça do Norte,AC,90735864101,True,44.0,640,*********01,s***@outlook.com
754,Hellena,Fonseca,PF,,,2024-07-12,Carvalho de Brito,PA,42735890104,True,,640,*********04,h***@terra.com.br
1342,Cecilia,Dias,PF,(47) 99640-9279,2006-04-19,2024-07-13,Nunes do Norte,GO,87362501986,True,19.0,639,*********86,e***@gmail.com
2832,Pietro,Siqueira,PF,(11) 95691-4264,1973-10-21,2024-07-13,da Mata,MT,75934812637,True,52.0,639,*********37,p***@bol.com.br
1842,Hellena,Pacheco,PF,+5511985815334,1988-01-06,2024-07-14,Castro,SC,57210846344,True,38.0,638,*********44,h***@outlook.com
3358,Nathan,Peixoto,PF,,1965-12-08,2024-07-14,Pimenta do Sul,BA,73195482673,True,60.0,638,*********73,n***@outlook.com
515,Gomes Informática e Informática S.A.,,PJ,+5551992717995,1978-12-13,2024-07-14,Costela,SP,10642978000100,True,47.0,638,************00,g***@comercio.net.br
1184,Ana Cecília,da Paz,PF,(61) 91844-1184,1961-05-08,2024-07-15,Fogaça da Praia,MG,83519704250,True,64.0,637,*********50,a***@uol.com.br
1439,Breno,Cunha,PF,(51) 98886-7798,1990-01-18,2024-07-15,Barros,RJ,46210839703,True,36.0,637,*********03,b***@uol.com.br
2506,Vitor,da Mota,PF,(47) 95423-4154,1969-11-25,2024-07-15,Nascimento,BA,23751698086,True,56.0,637,*********86,v***@bol.com.br
787,Maria Cecília,Silva,PF,47929119118,1966-04-27,2024-07-15,Mendes,AC,31492657891,True,60.0,637,*********91,m***@hotmail.com
1394,Ian,Cassiano,PF,11958325456,1966-09-08,2024-07-16,da Costa do Campo,AM,92534706152,True,59.0,636,*********52,i***@hotmail.com
2126,Ana Clara,Pacheco,PF,31954438855,1982-05-30,2024-07-16,Sá,MG,40126593833,True,43.0,636,*********33,a***@outlook.com
2176,Bryan,Pinto,PF,71996832177,1988-09-21,2024-07-16,Moraes de Martins,SE,78405296310,True,37.0,636,*********10,b***@uol.com.br
2611,Gael,Sá,PF,(51) 92460-4131,2002-03-24,2024-07-16,Ferreira do Sul,PE,26480793196,True,24.0,636,*********96,g***@hotmail.com
656,Dias Tecnologia e Serviços S/S,,PJ,(31) 94541-5178,1995-12-22,2024-07-16,Nascimento,AL,73846902000117,True,30.0,636,************17,d***@empresa.com.br
675,Daniel,Oliveira,PF,(11) 92594-7042,1988-08-20,2024-07-16,Pacheco,AP,71465923837,True,37.0,636,*********37,d***@terra.com.br
1025,Ana Júlia,Brito,PF,,2001-04-13,2024-07-17,Azevedo do Norte,AL,81295704676,True,25.0,635,*********76,a***@gmail.com
1098,Tecnologia Moreira EIRELI,,PJ,11917215436,1995-04-03,2024-07-17,Cassiano de Novais,RN,95460813000170,True,31.0,635,************70,t***@empresa.com.br
1472,Ana Liz,Sá,PF,61922173872,,2024-07-17,Cavalcante da Prata,AL,36179048584,True,,635,*********84,a***@yahoo.com.br
2299,Pedro Lucas,Rodrigues,PF,+5531959699545,1985-03-20,2024-07-17,Sampaio de Minas,RJ,93152860730,True,41.0,635,*********30,p***@hotmail.com
644,Henry,Pimenta,PF,,1971-10-10,2024-07-17,Pinto,MT,41698035233,True,54.0,635,*********33,h***@terra.com.br
1275,Farias & Monteiro EI,,PJ,(13) 96555-3535,1994-07-20,2024-07-18,Pacheco,SP,59167028000160,True,31.0,634,************60,f***@comercio.net.br
2243,Brenda,Guerra,PF,+5511930685210,1975-01-24,2024-07-18,Vieira,MA,59346208198,True,51.0,634,*********98,b***@bol.com.br
2501,Zoe,Rodrigues,PF,71982737714,1968-06-04,2024-07-18,Macedo,MA,83461792004,True,57.0,634,*********04,z***@gmail.com
743,Alexia,Cardoso,PF,(51) 92411-9664,1972-01-23,2024-07-18,Guerra,AC,95126073443,True,54.0,634,*********43,a***@uol.com.br
1109,Pedro,Cavalcanti,PF,31919182386,1995-04-20,2024-07-19,da Rosa das Flores,RO,86520791458,True,31.0,633,*********58,p***@yahoo.com.br
1460,Guerra & Associados EIRELI,,PJ,71960543333,1990-05-25,2024-07-19,Dias de Câmara,PE,62807543000172,True,35.0,633,************72,g***@empresa.com.br
1666,Antônio,Azevedo,PF,(21) 99941-9444,1974-01-19,2024-07-19,Ramos do Sul,MG,95804327160,True,52.0,633,*********60,a***@terra.com.br
2148,Oliveira & Associados EI,,PJ,(41) 95295-5269,1981-10-14,2024-07-19,Lopes,DF,41863209000166,True,44.0,633,************66,o***@empresa.com.br
2187,Rael,Vargas,PF,+5541970985766,2005-07-26,2024-07-19,Costa,PB,76913820496,True,20.0,633,*********96,r***@ig.com.br
2540,Apollo,Fonseca,PF,(47) 96598-2409,1965-12-22,2024-07-19,Rezende dos Dourados,AM,61970584300,True,60.0,633,*********00,a***@uol.com.br
3215,Carlos Eduardo,Duarte,PF,11923189657,2005-05-29,2024-07-19,da Costa de Moura,RJ,34017862969,True,20.0,633,*********69,c***@uol.com.br
2026,Maria Clara,Pereira,PF,(51) 91127-6690,,2024-07-20,da Costa de Cassiano,PR,98501374288,True,,632,*********88,m***@outlook.com
2463,Cecília,Sales,PF,13970799835,1980-09-24,2024-07-20,Araújo do Sul,SE,16780392413,True,45.0,632,*********13,c***@ig.com.br
2821,Informática Carvalho EPP,,PJ,+5531974459483,1974-11-24,2024-07-20,Santos,PE,70316258000187,True,51.0,632,************87,i***@comercio.net.br
2114,Luan,Sousa,PF,31991592512,1982-11-27,2024-07-21,Monteiro,SE,34705189639,True,43.0,631,*********39,l***@yahoo.com.br
2189,Alícia,Viana,PF,(61) 92749-7087,2000-03-13,2024-07-21,da Mata,AC,84512036717,True,26.0,631,*********17,a***@ig.com.br
2702,Pedro,Pimenta,PF,(31) 91853-1595,1979-04-03,2024-07-21,Guerra de Borges,CE,23564781080,True,47.0,631,*********80,p***@yahoo.com.br
3052,Rafael,Ferreira,PF,(11) 93904-4017,,2024-07-21,Rios,RS,12893570488,True,,631,*********88,r***@bol.com.br
3193,Larissa,Almeida,PF,(71) 91335-1045,2003-07-18,2024-07-21,Teixeira,SE,35170682417,True,22.0,631,*********17,l***@bol.com.br
3203,Lunna,Cavalcante,PF,+5551973867104,1991-05-28,2024-07-21,Cirino Grande,RO,30295486198,True,34.0,631,*********98,l***@outlook.com
3360,Isabel,Aragão,PF,13985632340,2001-07-29,2024-07-21,Monteiro Paulista,RR,04392561780,True,24.0,631,*********80,i***@bol.com.br
3495,Léo,Teixeira,PF,+5551968149331,1974-04-18,2024-07-21,Rios de Minas,PA,36140985757,True,52.0,631,*********57,l***@yahoo.com.br
1542,João Lucas,Ferreira,PF,+5521946361394,2003-11-30,2024-07-22,Ferreira,SP,31294867555,True,22.0,630,*********55,j***@gmail.com
1915,Clarice,Machado,PF,41986518273,1985-12-13,2024-07-22,Rezende de Minas,RS,53724801653,True,40.0,630,*********53,c***@outlook.com
2127,Eloá,da Paz,PF,+5561930521605,2005-11-02,2024-07-22,Fogaça de Caldeira,AL,63142970878,True,20.0,630,*********78,e***@yahoo.com.br
3274,João,Campos,PF,+5551929855619,1981-03-21,2024-07-22,Castro,PI,59023478150,True,45.0,630,*********50,j***@bol.com.br
3329,Almeida & Araújo EIRELI,,PJ,31926645663,1969-07-17,2024-07-22,da Costa,GO,03825791000187,True,56.0,630,************87,a***@empresa.com.br
3340,José Pedro,Vieira,PF,+5513936853321,2004-05-26,2024-07-22,Freitas,PI,02834765162,True,21.0,630,*********62,j***@hotmail.com
3431,Maria Júlia,Nogueira,PF,+5531985576263,2005-11-01,2024-07-22,da Luz das Flores,GO,95168034233,True,20.0,630,*********33,m***@uol.com.br
1242,Alexia,Cardoso,PF,(71) 93977-5711,1980-02-26,2024-07-23,Silva Paulista,MG,43896701584,True,46.0,629,*********84,a***@ig.com.br
1963,Garcia & Martins S/S,,PJ,13966531475,1958-02-21,2024-07-23,Pires,MT,90187562000189,True,68.0,629,************89,g***@comercio.net.br
2247,Lavínia,Costa,PF,(61) 97777-1923,1990-10-01,2024-07-23,Pastor de Ramos,DF,57320689456,True,35.0,629,*********56,l***@gmail.com
3403,Júlia,Moraes,PF,(21) 99298-6854,,2024-07-23,Sales de Lopes,MS,50791836401,True,,629,*********01,j***@uol.com.br
489,Barbosa & Associados EIRELI,,PJ,31943786469,1985-11-12,2024-07-23,Cassiano,PB,69458713000108,True,40.0,629,************08,b***@empresa.com.br
565,Luna,Ribeiro,PF,41994672189,1979-02-24,2024-07-23,Borges Verde,RN,75930468265,True,47.0,629,*********65,l***@yahoo.com.br
703,Luiz Otávio,Rocha,PF,+5571962619001,1983-12-24,2024-07-23,Cavalcanti do Amparo,MT,45862137017,True,42.0,629,*********17,l***@uol.com.br
764,Asafe,Rodrigues,PF,+5571975811665,2007-06-20,2024-07-23,Nascimento da Serra,SE,74065821371,True,18.0,629,*********71,a***@yahoo.com.br
1535,Mariane,Cardoso,PF,11922107961,2008-03-19,2024-07-24,Martins de Ferreira,SP,74125086958,True,18.0,628,*********58,m***@terra.com.br
1936,Olívia,Porto,PF,(61) 94537-5492,1987-07-19,2024-07-24,da Cunha de Montenegro,RS,28714930579,True,38.0,628,*********79,o***@ig.com.br
2643,Juliana,da Conceição,PF,+5531928192095,1992-07-02,2024-07-24,Farias do Amparo,SC,64897103231,True,33.0,628,*********31,j***@hotmail.com
2910,Heloisa,Camargo,PF,31910189810,1976-05-13,2024-07-24,Mendonça Alegre,PA,34680915242,True,49.0,628,*********42,h***@ig.com.br
636,Ana Luiza,Pereira,PF,11962008380,1973-09-18,2024-07-24,Correia Grande,DF,46310982524,True,52.0,628,*********24,a***@uol.com.br
1495,Leandro,Martins,PF,,1971-10-15,2024-07-25,Melo Alegre,PA,09735418223,True,54.0,627,*********23,l***@outlook.com
1550,Ester,Camargo,PF,+5547935192838,1980-12-11,2024-07-25,Santos,RS,64823017978,True,45.0,627,*********78,e***@gmail.com
212,Maria Alice,Novais,PF,13972887745,1983-05-07,2024-07-25,Macedo,AP,73816420931,True,42.0,627,*********31,m***@terra.com.br
2205,Laura,Pires,PF,(61) 94524-6232,1998-03-05,2024-07-25,Costela das Pedras,SC,80197365221,True,28.0,627,*********21,l***@outlook.com
3271,Maria Isis,Vieira,PF,11970902625,1992-09-11,2024-07-25,da Cunha de Lopes,TO,98630127503,True,33.0,627,*********03,m***@terra.com.br
54,Carolina,Albuquerque,PF,(21) 93601-2130,1973-05-17,2024-07-25,Dias,SE,07534896193,True,52.0,627,*********93,a***@terra.com.br
1391,Gustavo Henrique,Moreira,PF,(13) 93414-9094,1972-12-01,2024-07-26,Siqueira,RN,94035287610,True,53.0,626,*********10,g***@bol.com.br
2149,Brayan,Brito,PF,+5511947491198,1987-12-09,2024-07-26,Costa,BA,46385271919,True,38.0,626,*********19,b***@uol.com.br
3179,André,Santos,PF,+5551972411024,2000-12-11,2024-07-26,Dias,SC,51423986024,True,25.0,626,*********24,a***@uol.com.br
685,Lívia,das Neves,PF,+5541910834285,1978-01-28,2024-07-26,Câmara de Câmara,RN,21385406771,True,48.0,626,*********71,l***@outlook.com
1713,João Gabriel,Borges,PF,11933564478,1959-06-27,2024-07-27,Dias do Amparo,AM,19362740869,True,66.0,625,*********69,j***@yahoo.com.br
2218,Rafaela,Costa,PF,(71) 96848-2733,,2024-07-27,Nogueira,RS,09738165202,True,,625,*********02,r***@yahoo.com.br
2607,Dias Consultoria e Tecnologia S/A,,PJ,+5531928289869,2002-09-02,2024-07-27,Araújo do Sul,RS,27950831000180,True,23.0,625,************80,d***@comercio.net.br
2812,Natália,Carvalho,PF,+5511968241046,1967-08-12,2024-07-27,Oliveira,DF,17920356830,True,58.0,625,*********30,n***@yahoo.com.br
2959,Rael,Machado,PF,(47) 98777-6833,,2024-07-27,Mendonça de Minas,BA,69183725059,True,,625,*********59,r***@uol.com.br
3354,Arthur Miguel,da Conceição,PF,+5547944764832,1963-01-28,2024-07-27,Rios,GO,61359408720,True,63.0,625,*********20,a***@hotmail.com
1403,Gael Henrique,Fernandes,PF,+5561987456600,1988-12-16,2024-07-28,Vieira da Praia,RN,29746183591,True,37.0,624,*********91,g***@gmail.com
1932,Jesus & Pereira EPP,,PJ,11927434391,2002-10-08,2024-07-28,da Cunha Verde,RO,56479132000100,True,23.0,624,************00,j***@empresa.com.br
2718,Pietra,das Neves,PF,51944504278,1998-12-19,2024-07-28,Borges de Minas,SE,76180395420,True,27.0,624,*********20,p***@gmail.com
2977,Calebe,Rezende,PF,31979921508,1987-08-06,2024-07-28,Souza de Pereira,PB,46219873564,True,38.0,624,*********64,c***@outlook.com
545,André,Ferreira,PF,+5521979535736,2003-11-20,2024-07-28,Fonseca das Pedras,RS,64521879020,True,22.0,624,*********20,a***@hotmail.com
824,Isadora,Freitas,PF,,1964-10-14,2024-07-28,Teixeira do Norte,AM,30248619551,True,61.0,624,*********51,d***@terra.com.br
831,Laís,Moraes,PF,71982967452,1983-08-25,2024-07-28,da Rosa das Pedras,TO,67284391537,True,42.0,624,*********37,l***@outlook.com
2059,Camila,Macedo,PF,+5571973643670,1990-02-21,2024-07-29,Santos do Galho,AC,31869420551,True,36.0,623,*********51,c***@uol.com.br
2406,Sofia,Souza,PF,+5521943324534,,2024-07-29,Castro,PE,73806452180,True,,623,*********80,s***@outlook.com
117,Marcelo,Correia,PF,11982606915,1993-06-11,2024-07-30,Campos,RS,01954827601,True,32.0,622,*********01,m***@uol.com.br
1195,Gael,Barbosa,PF,(51) 91214-1242,1975-11-08,2024-07-30,Pacheco do Norte,SC,59361740857,True,50.0,622,*********57,g***@gmail.com
1544,Stella,Araújo,PF,(13) 97111-6999,1990-03-01,2024-07-30,Freitas do Galho,AM,47165308920,True,36.0,622,*********20,s***@terra.com.br
3260,Fernando,Guerra,PF,,2007-01-09,2024-07-30,Moura da Praia,RS,75603821930,True,19.0,622,*********30,f***@terra.com.br
3387,Oliver,Pereira,PF,51958611980,1979-06-02,2024-07-30,Moura,TO,26104937896,True,46.0,622,*********96,o***@terra.com.br
608,Consultoria Correia S/A,,PJ,71982806591,1956-12-16,2024-07-30,Camargo,RO,52148963000130,True,69.0,622,************30,c***@comercio.net.br
1380,Ana Cecília,Viana,PF,(11) 98063-1936,1986-04-24,2024-07-31,Teixeira do Galho,SP,32705618490,True,39.0,621,*********90,a***@terra.com.br
2871,Isabelly,Moreira,PF,,,2024-07-31,Vieira do Amparo,CE,79024581397,True,,621,*********97,i***@gmail.com
601,Hellena,Nogueira,PF,41935679333,,2024-07-31,Pinto,RN,42718095601,True,,621,*********01,h***@hotmail.com
871,Antony,Garcia,PF,31971058422,,2024-07-31,Teixeira da Serra,MA,01427659885,True,,621,*********85,a***@yahoo.com.br
1371,Stephany,Santos,PF,11953822593,1970-08-25,2024-08-01,Andrade,BA,79640582158,True,55.0,620,*********58,s***@yahoo.com.br
1740,Vargas Distribuidora e Importadora S/A,,PJ,41933988681,1976-07-24,2024-08-01,Castro,RJ,20381564000129,True,49.0,620,************29,v***@empresa.com.br
1236,Samuel,Nunes,PF,(51) 98800-8457,1991-08-04,2024-08-02,Garcia de Aragão,PE,31250486998,True,34.0,619,*********98,s***@uol.com.br
170,Ana Beatriz,Jesus,PF,(31) 99002-3255,1980-02-16,2024-08-02,Cunha,PR,93071562470,True,46.0,619,*********70,a***@gmail.com
2191,Alícia,Sampaio,PF,(51) 98074-2778,1962-04-07,2024-08-02,Casa Grande,RN,75483290160,True,64.0,619,*********60,a***@outlook.com
672,Erick,Freitas,PF,71990952409,1990-04-10,2024-08-02,Viana,RS,85709316202,True,36.0,619,*********02,e***@ig.com.br
998,Beatriz,Jesus,PF,+5551944363469,1990-11-02,2024-08-02,Brito da Prata,BA,40792138678,True,35.0,619,*********78,b***@outlook.com
1330,Gustavo,da Luz,PF,41912351841,1991-03-26,2024-08-03,Fogaça,PA,62580397159,True,35.0,618,*********59,g***@gmail.com
1791,Luigi,Souza,PF,,2007-02-26,2024-08-03,Mendes do Amparo,RO,51768920303,True,19.0,618,*********03,l***@gmail.com
2044,Tecnologia Vargas EIRELI,,PJ,,1986-11-03,2024-08-03,Viana,AL,83704265000106,True,39.0,618,************06,t***@empresa.com.br
2443,Manuella,da Cruz,PF,+5561949832153,1982-04-16,2024-08-03,Moraes das Pedras,SP,89671304575,True,44.0,618,*********75,m***@outlook.com
249,Vieira & Associados Ltda.,,PJ,47997158310,2008-02-03,2024-08-03,Vieira de Moraes,TO,92561430000109,True,18.0,618,************09,v***@empresa.con.br
2638,Sistemas Santos S/S,,PJ,+5531935124318,1994-01-07,2024-08-03,Pimenta dos Dourados,TO,91872530000185,True,32.0,618,************85,s***@comercio.net.br
2672,João Pedro,da Costa,PF,+5551996415324,,2024-08-03,Lima de Dias,SC,96483572182,True,,618,*********82,j***@bol.com.br
325,Serviços Fonseca EPP,,PJ,+5571989321121,1989-05-14,2024-08-03,da Conceição,BA,54716829000114,True,36.0,618,************14,s***@comercio.net.br
475,Maysa,Melo,PF,13925595932,2006-10-01,2024-08-03,Barbosa de Minas,MG,23541798637,True,19.0,618,*********37,m***@terra.com.br
509,Benjamim,Sales,PF,+5521959918379,1960-10-08,2024-08-03,Teixeira da Mata,SE,76548930274,True,65.0,618,*********74,b***@gmail.com
759,Isabela,Fernandes,PF,(47) 98867-7098,1970-09-27,2024-08-03,Sales de Barros,MS,43128560951,True,55.0,618,*********51,i***@terra.com.br
1221,Sarah,Pereira,PF,(51) 96686-7289,,2024-08-04,Pires de Mendonça,RS,85231907677,True,,617,*********77,s***@outlook.com
1583,Pinto & Gonçalves Ltda.,,PJ,(31) 92073-3451,1963-07-20,2024-08-04,Vargas da Mata,DF,59736810000153,True,62.0,617,************53,p***@empresa.com.br
1739,Mateus,,PF,13946951220,1978-05-22,2024-08-04,Santos das Flores,SC,12367045925,True,47.0,617,*********25,m***@uol.com.br
944,Maria Eduarda,Brito,PF,21943263045,2000-09-12,2024-08-04,Silva,AM,82931564737,True,25.0,617,*********37,i***@yahoo.com.br
1426,Helena,Montenegro,PF,(51) 93804-7209,,2024-08-05,Santos,SP,62817540930,True,,616,*********30,h***@terra.con.br
1779,Davi,Caldeira,PF,,1985-11-13,2024-08-05,Caldeira de Goiás,TO,40813269750,True,40.0,616,*********50,d***@gmail.com
1884,Silveira & Associados EPP,,PJ,11955647546,1981-12-31,2024-08-05,Castro Paulista,AC,19634872000130,True,44.0,616,************30,s***@empresa.com.br
2110,Mariana,Camargo,PF,+5531950041897,1998-11-02,2024-08-05,Macedo de da Luz,AC,96230457199,True,27.0,616,*********99,m***@uol.com.br
2201,Sophie,Teixeira,PF,(47) 94591-5893,,2024-08-05,Duarte de Sales,PB,01942835779,True,,616,*********79,e***@ig.com.br
3076,Marcos Vinicius,Carvalho,PF,51950501141,1991-04-03,2024-08-05,da Cruz de Goiás,PB,10342598732,True,35.0,616,*********32,m***@outlook.com
713,Luara,Peixoto,PF,41931272799,,2024-08-06,das Neves de Souza,PE,20318967502,True,,615,*********02,l***@bol.com.br
1547,Isabela,Leão,PF,21981241214,1963-04-25,2024-08-07,Rodrigues da Serra,MT,41682970396,True,63.0,614,*********96,i***@bol.com.br
2547,Juan,Novaes,PF,+5541975517135,2001-10-23,2024-08-07,Albuquerque dos Dourados,PI,73592486047,True,24.0,614,*********47,j***@bol.com.br
2936,Maya,da Mata,PF,+5521966059460,1975-11-19,2024-08-07,Cavalcanti,SP,25143096707,True,50.0,614,*********07,m***@ig.com.br
895,Benjamin,Lima,PF,,2007-05-25,2024-08-07,Montenegro das Pedras,MS,41538796066,True,18.0,614,*********66,b***@gmail.com
2498,Cardoso & Associados EPP,,PJ,11984942899,,2024-08-08,Gomes de Carvalho,AC,07543192000121,True,,613,************21,c***@comercio.net.br
2890,Souza & Pinto EIRELI,,PJ,(51) 97538-2505,1960-03-27,2024-08-08,Rocha da Praia,GO,19630547000107,True,66.0,613,************07,s***@empresa.com.br
1445,João Guilherme,Barros,PF,51930499464,1960-02-11,2024-08-09,Macedo,MA,97601253406,True,66.0,612,*********06,j***@bol.com.br
2102,Lara,Novais,PF,+5531998989173,1993-12-07,2024-08-09,Abreu de Leão,BA,81972563068,True,32.0,612,*********68,l***@terra.com.br
2884,Bárbara,Farias,PF,51966442368,1970-03-03,2024-08-09,Camargo,PB,61345798237,True,56.0,612,*********37,b***@uol.com.br
3051,Julia,Câmara,PF,(11) 94508-3358,1994-02-26,2024-08-09,da Cruz,PR,18562930415,True,32.0,612,*********15,j***@uol.com.br
3061,Isaac,Nascimento,PF,+5561977887175,,2024-08-09,da Paz do Oeste,RO,47610395234,True,,612,*********34,i***@hotmail.com
420,Luísa,Gomes,PF,+5541962652428,1999-09-14,2024-08-09,Moraes,TO,15279640352,True,26.0,612,*********52,j***@ig.com.br
518,Enzo Gabriel,Montenegro,PF,13963356908,,2024-08-09,Siqueira da Prata,RJ,12396754882,True,,612,*********82,e***@bol.com.br
67,Diego,Andrade,PF,31988251759,1973-06-20,2024-08-09,Costela,TO,90527361895,True,52.0,612,*********95,d***@terra.com.br
1055,Marcelo,Andrade,PF,(21) 93758-6326,1966-02-16,2024-08-10,Vieira,MG,34197605234,True,60.0,611,*********34,m***@uol.com.br
1814,Ana Sophia,Gonçalves,PF,11931885866,1967-05-22,2024-08-10,Azevedo,PB,21874530653,True,58.0,611,*********53,a***@outlook.com
21,João Miguel,Nogueira,PF,+5541980993815,1982-05-25,2024-08-10,Marques,SP,28697450101,True,43.0,611,*********01,j***@yahoo.com.br
3217,Sistemas Garcia Ltda.,,PJ,47946104436,1995-10-23,2024-08-10,Costa do Oeste,SC,91863504000190,True,30.0,611,************90,s***@comercio.net.br
588,Theodoro,Aparecida,PF,47985056161,,2024-08-10,da Paz da Praia,PA,65938470200,True,,611,*********00,t***@bol.com.br
849,Distribuidora Pinto EI,,PJ,(71) 95123-2783,2003-09-10,2024-08-11,Moraes,SC,75068931000120,True,22.0,610,************20,d***@empresa.com.br
1872,Aylla,Sales,PF,(61) 99086-2497,1963-03-27,2024-08-12,Nunes,RR,71534026835,True,63.0,609,*********35,a***@hotmail.com
2000,Maria Julia,Silva,PF,+5513991388383,1976-09-15,2024-08-12,Cavalcanti da Praia,AP,35910476866,True,49.0,609,*********66,m***@hotmail.com
2005,Maria Júlia,Gomes,PF,41983819126,,2024-08-12,Siqueira,MT,30487259114,True,,609,*********14,m***@bol.com.br
380,Kaique,Duarte,PF,+5571919083654,1992-05-21,2024-08-12,Fogaça do Sul,MA,29045368170,True,33.0,609,*********70,k***@gmail.com
435,Lucas,Albuquerque,PF,41949717472,1959-01-02,2024-08-12,Lopes,MA,29480136589,True,67.0,609,*********89,l***@hotmail.com
652,Sofia,Lopes,PF,+5541916162501,1968-03-17,2024-08-12,Fonseca,CE,39417062506,True,58.0,609,*********06,s***@gmail.com
87,Matteo,Andrade,PF,+5571971998486,1962-11-09,2024-08-12,Rios,RJ,01547926325,True,63.0,609,*********25,m***@ig.com.br
3186,Lopes & Associados S/A,,PJ,(11) 95132-7925,1994-07-04,2024-08-13,Cardoso,MA,09124568000199,True,31.0,608,************99,l***@comercio.net.br
654,Henry Gabriel,Ribeiro,PF,(47) 95384-1501,1986-11-11,2024-08-13,Casa Grande Grande,BA,53480627153,True,39.0,608,*********53,h***@bol.com.br
931,João Vitor,,PF,+5551989348107,1971-12-21,2024-08-13,Vargas Alegre,RN,42951678002,True,54.0,608,*********02,j***@yahoo.com.br
2425,Théo,Sampaio,PF,(21) 94518-7661,1964-04-03,2024-08-14,Azevedo Verde,CE,26480571967,True,62.0,607,*********67,t***@outlook.com
2530,Julia,Carvalho,PF,+5561951639827,1969-04-17,2024-08-14,da Mota,PA,25708694149,True,57.0,607,*********49,j***@outlook.com
695,Antonella,da Mota,PF,,1990-05-18,2024-08-14,Costela,RJ,03819642722,True,35.0,607,*********22,a***@uol.com.br
701,Maria Alice,Nogueira,PF,+5571956626870,2002-01-04,2024-08-14,Marques do Galho,SP,36512079868,True,24.0,607,*********68,m***@bol.com.br
1329,Breno,Viana,PF,(13) 92607-2538,1995-08-05,2024-08-15,Pereira,RO,79358014601,True,30.0,606,*********01,b***@outlook.com
1433,Luan,Dias,PF,+5571937173187,,2024-08-15,Souza da Prata,RJ,80513947205,True,,606,*********05,l***@yahoo.com.br
2124,Marina,Campos,PF,+5521919162581,,2024-08-15,da Cruz,RJ,94876215391,True,,606,*********91,m***@uol.com.br
2800,Valentina,Pinto,PF,+5521998173565,,2024-08-15,Araújo,PI,19843567200,True,,606,*********00,v***@ig.com.br
3416,Fonseca & Associados S/S,,PJ,+5561920879535,1971-01-29,2024-08-15,Pastor,RS,62097453000135,True,55.0,606,************35,f***@comercio.net.br
501,Sistemas Correia S/S,,PJ,+5547918578923,2004-04-17,2024-08-15,Sousa,MT,91268730000123,True,22.0,606,************23,s***@comercio.net.br
788,Matheus,,PF,47962591277,1964-11-20,2024-08-15,Freitas de da Rosa,DF,79052643199,True,61.0,606,*********99,m***@bol.com.br
1732,Lavínia,Souza,PF,47922462914,1976-09-22,2024-08-16,Montenegro do Sul,TO,64591378209,True,49.0,605,*********09,l***@bol.com.br
1929,Soares & Pereira S/S,,PJ,(11) 96333-3913,1982-02-11,2024-08-16,Montenegro do Amparo,CE,76508249000174,True,44.0,605,************74,s***@comercio.net.br
2590,Cauã,Brito,PF,71994116984,,2024-08-16,Viana de Pinto,AC,25410769325,True,,605,*********25,c***@outlook.com
2642,Murilo,Abreu,PF,+5561950676075,1983-06-28,2024-08-16,Pimenta,RN,54768123007,True,42.0,605,*********07,m***@bol.com.br
317,Marcelo,Pinto,PF,21912087397,1976-06-21,2024-08-16,Casa Grande do Norte,MA,84360129505,True,49.0,605,*********05,m***@bol.com.br
857,Thiago,da Rocha,PF,41948198589,1990-03-15,2024-08-16,Aparecida de Borges,SC,24158973023,True,36.0,605,*********23,t***@hotmail.com
1225,Arthur Miguel,Garcia,PF,(51) 94444-7240,1986-11-17,2024-08-17,Vieira Alegre,CE,98657024365,True,39.0,604,*********65,a***@hotmail.com
1514,Tecnologia Jesus Ltda.,,PJ,(21) 97628-5887,1993-09-11,2024-08-17,Farias do Campo,MG,29805163000123,True,32.0,604,************23,t***@empresa.com.br
2497,Henrique,Costa,PF,(51) 93465-8858,2003-12-06,2024-08-17,Santos,PB,78104963520,True,22.0,604,*********20,h***@outlook.com
3208,Vinicius,Cavalcanti,PF,+5521925093913,1965-01-01,2024-08-17,da Conceição,CE,06821953759,True,61.0,604,*********59,v***@bol.com.br
1642,Vinicius,Ferreira,PF,+5571967748490,1968-03-20,2024-08-18,Ferreira,RN,51498260306,True,58.0,603,*********06,v***@terra.com.br
1957,Eduardo,Montenegro,PF,21988885735,,2024-08-18,Duarte do Campo,DF,20138945705,True,,603,*********05,e***@bol.com.br
2460,Otto,Mendes,PF,,1981-05-30,2024-08-18,da Rocha,TO,21347598014,True,44.0,603,*********14,o***@terra.com.br
2539,Alana,Novais,PF,11960134371,1973-04-29,2024-08-18,Pastor da Serra,RS,37540218690,True,52.0,603,*********90,a***@uol.com.br
452,Isaac,Mendes,PF,+5513911817237,,2024-08-18,Cavalcante de Vieira,MG,84572369119,True,,603,*********19,i***@outlook.com
1623,Marcelo,Peixoto,PF,+5561935251046,1967-10-27,2024-08-19,da Conceição das Flores,CE,52168370940,True,58.0,602,*********40,m***@hotmail.com
1919,Daniela,Caldeira,PF,41941623170,2003-07-21,2024-08-19,Duarte da Mata,RS,40582967120,True,22.0,602,*********20,d***@terra.com.br
1960,Elisa,Correia,PF,41971016879,1986-10-12,2024-08-19,Costela do Norte,CE,15769348020,True,39.0,602,*********20,e***@gmail.com
2113,Ana Beatriz,,PF,+5511985021337,1968-06-07,2024-08-19,Garcia da Prata,AL,60724893547,True,57.0,602,*********47,a***@outlook.com
2641,Catarina,Moraes,PF,51943457190,1997-05-22,2024-08-19,Sousa Grande,PB,25387091488,True,28.0,602,*********88,c***@ig.com.br
1237,Pinheiro & Carvalho S/S,,PJ,(11) 96815-6064,1958-10-27,2024-08-20,Mendonça,DF,80492157000110,True,67.0,601,************10,p***@empresa.com.br
1587,Luna,Novaes,PF,13940852356,1978-07-25,2024-08-20,Rocha de Goiás,PI,43689125782,True,47.0,601,*********82,l***@outlook.com
1708,Ravi,Santos,PF,(51) 94087-8540,1981-07-08,2024-08-20,Pimenta,PI,31528476964,True,44.0,601,*********64,r***@uol.com.br
3004,Alexia,Vargas,PF,51963665015,2008-02-11,2024-08-20,Brito de das Neves,MT,59761843084,True,18.0,601,*********84,a***@terra.com.br
525,Mirella,Andrade,PF,41992018629,1971-01-19,2024-08-20,Macedo do Campo,AM,47560392199,True,55.0,601,*********99,m***@uol.com.br
133,Serviços Silveira EIRELI,,PJ,+5551959597005,1972-03-25,2024-08-21,Costela,BA,49381675000117,True,54.0,600,************17,s***@empresa.com.br
1688,Matheus,Freitas,PF,+5561931882311,1958-05-17,2024-08-21,Cardoso de Minas,RJ,63801247996,True,67.0,600,*********96,m***@bol.com.br
2117,Importadora Costa S/S,,PJ,(21) 91488-8677,,2024-08-21,Sousa do Sul,DF,17082953000149,True,,600,************49,i***@empresa.com.br
3295,Soluções Gonçalves ME,,PJ,(61) 93255-7014,1993-10-19,2024-08-21,Gomes Paulista,AP,38150462000168,True,32.0,600,************68,s***@empresa.com.br
400,Kevin,da Cruz,PF,(13) 93115-3263,1992-10-08,2024-08-21,Nogueira,SP,75610349893,True,33.0,600,*********93,k***@hotmail.com
69,Sabrina,Costela,PF,(21) 99827-3169,1998-04-09,2024-08-21,Pacheco das Flores,PB,13657942882,True,28.0,600,*********82,s***@hotmail.com
1143,Eduardo,Vieira,PF,(51) 99726-7289,1994-03-25,2024-08-22,Machado,AC,07346519884,True,32.0,599,*********84,e***@uol.com.br
1170,Castro & Melo S/A,,PJ,13923712205,1961-04-15,2024-08-22,das Neves,PR,87291603000178,True,65.0,599,************78,c***@empresa.com.br
2403,Distribuidora Soares EIRELI,,PJ,21926568154,1986-07-21,2024-08-22,Nascimento das Flores,ES,38674120000147,True,39.0,599,************47,d***@comercio.net.br
2764,Arthur Gabriel,Pastor,PF,+5571940622447,1968-07-14,2024-08-22,Mendes,PB,97154803223,True,57.0,599,*********23,a***@ig.com.br
2826,Gustavo,Santos,PF,+5513914253526,1998-09-20,2024-08-22,Alves,RO,01572984694,True,27.0,599,*********94,g***@terra.com.br
3114,Pedro Miguel,Barros,PF,51920575969,2005-01-12,2024-08-22,da Cruz,BA,06587139221,True,21.0,599,*********21,p***@outlook.com
596,Agatha,Freitas,PF,+5551968113195,1977-08-26,2024-08-22,Costa do Sul,AL,60817324950,True,48.0,599,*********50,a***@hotmail.com
3125,Maria Vitória,Albuquerque,PF,(41) 92063-1355,1993-03-01,2024-08-23,Cardoso do Campo,RS,48361027580,True,33.0,598,*********80,m***@bol.com.br
1003,Lopes Consultoria e Soluções EIRELI,,PJ,,2005-02-05,2024-08-24,Aragão Grande,ES,97435860000190,True,21.0,597,************90,l***@empresa.com.br
1027,Francisco,Aragão,PF,+5521918375949,,2024-08-24,Nascimento de Ramos,SP,15327649016,True,,597,*********16,f***@yahoo.com.br
2093,Clara,Abreu,PF,(71) 94984-7251,2000-11-17,2024-08-24,Fogaça,RS,90846325160,True,25.0,597,*********60,c***@hotmail.com
2573,Maysa,Gonçalves,PF,,,2024-08-25,Silveira,CE,96547380238,True,,596,*********38,m***@bol.com.br
2976,Lorenzo,Farias,PF,,1965-01-20,2024-08-25,Mendonça,CE,06439271822,True,61.0,596,*********22,l***@uol.com.br
1359,Mariane,,PF,,1981-04-16,2024-08-26,Andrade,AL,03259864105,True,45.0,595,*********05,m***@bol.com.br
3428,Carlos Eduardo,Moraes,PF,,1981-11-03,2024-08-26,Gonçalves,AP,41093582723,True,44.0,595,*********23,m***@bol.com.br
936,Gustavo,Sá,PF,13941116033,1994-02-15,2024-08-26,Oliveira,PE,34027915879,True,32.0,595,*********79,g***@bol.com.br
1670,Maria Julia,Farias,PF,+5551978295656,,2024-08-27,Costa,PI,36097815212,True,,594,*********12,m***@hotmail.com
1735,Ryan,Teixeira,PF,41918853455,1999-04-24,2024-08-27,Cavalcanti da Mata,PE,98307461510,True,26.0,594,*********10,r***@ig.com.br
2268,Esther,Souza,PF,+5521996388401,1960-11-03,2024-08-27,Pires de da Rocha,GO,57396801230,True,65.0,594,*********30,e***@ig.com.br
2556,Ayla,Almeida,PF,+5571997015478,1992-12-02,2024-08-27,Alves da Mata,MS,91765308259,True,33.0,594,*********59,a***@bol.com.br
692,Antônio,Pereira,PF,61933598919,1960-08-04,2024-08-27,Câmara de Goiás,PR,85724963191,True,65.0,594,*********91,a***@ig.com.br
1091,Ravi,Barros,PF,+5521994522546,1983-02-06,2024-08-28,Rodrigues da Mata,RS,68230149542,True,43.0,593,*********42,r***@ig.com.br
1704,Luara,Cunha,PF,41912709463,1999-11-12,2024-08-28,Montenegro,MT,76408195393,True,26.0,593,*********93,l***@uol.com.br
1755,Stella,Carvalho,PF,13923685499,1976-10-02,2024-08-28,Cardoso da Mata,TO,27538941673,True,49.0,593,*********73,s***@outlook.com
2334,Ísis,Sousa,PF,(51) 92571-6495,1987-10-25,2024-08-28,Mendonça,ES,19538740297,True,38.0,593,*********97,s***@outlook.com
2368,Mirella,Cirino,PF,+5547989435125,1963-05-10,2024-08-28,Caldeira,SP,83756209474,True,62.0,593,*********74,m***@gmail.com
2525,Sophie,Gomes,PF,13938041024,,2024-08-28,Martins,AL,81629374555,True,,593,*********55,s***@terra.com.br
2667,Sophia,Moreira,PF,(51) 91888-7284,1993-12-01,2024-08-28,Azevedo Grande,PR,48917256309,True,32.0,593,*********09,s***@hotmail.com
3429,Théo,Oliveira,PF,,1981-06-24,2024-08-28,Santos,AP,25439816089,True,44.0,593,*********89,t***@yahoo.com.br
1363,Yasmin,Cavalcante,PF,+5547978887828,2002-07-01,2024-08-29,Rocha,AL,03761924534,True,23.0,592,*********34,y***@ig.com.br
1376,Ravy,Cardoso,PF,(47) 93556-8552,,2024-08-29,Fogaça Paulista,DF,27364910506,True,,592,*********06,r***@hotmail.com
1792,Carlos Eduardo,Azevedo,PF,(31) 91079-2065,,2024-08-29,Nogueira,SP,06427918567,True,,592,*********67,c***@outlook.com
1953,Juan,Sampaio,PF,+5551938634532,1982-09-16,2024-08-29,Cirino de Martins,PI,04768231535,True,43.0,592,*********35,r***@gmail.com
2381,Vicente,Pimenta,PF,(11) 93165-4718,1988-05-08,2024-08-29,Martins,RR,18620493515,True,37.0,592,*********15,v***@outlook.com
2473,Emanuelly,Cavalcante,PF,+5541918319612,1979-11-26,2024-08-29,Barros de Duarte,BA,18034675253,True,46.0,592,*********53,e***@outlook.com
861,Tecnologia Fernandes Ltda.,,PJ,21920541321,,2024-08-29,Santos da Prata,SP,43086917000163,True,,592,************63,t***@comercio.net.br
1946,Nina,Silva,PF,+5571918918060,1963-02-06,2024-08-30,Siqueira,MT,87469520120,True,63.0,591,*********20,n***@bol.com.br
2894,Almeida & Associados S/S,,PJ,+5511980722206,1972-10-28,2024-08-30,Fonseca Alegre,ES,57681409000138,True,53.0,591,************38,a***@comercio.net.br
3370,Costa & Associados EIRELI,,PJ,(41) 99202-3023,,2024-08-30,Nascimento,DF,49078652000138,True,,591,************38,c***@empresa.com.br
1425,Correia & Associados S.A.,,PJ,51937871421,2005-08-08,2024-08-31,Pacheco do Campo,CE,12695740000179,True,20.0,590,************79,c***@empresa.com.br
2185,Arthur Gabriel,Marques,PF,(71) 91012-7175,1979-06-04,2024-08-31,Nunes,AL,01659432707,True,46.0,590,*********07,a***@yahoo.com.br
2275,Davi Luiz,Freitas,PF,+5513954783001,1985-04-01,2024-08-31,da Costa,AC,30179546252,True,41.0,590,*********52,d***@gmail.com
2399,Josué,Borges,PF,21977351476,1972-04-29,2024-08-31,Peixoto de Minas,RR,41596203706,True,53.0,590,*********06,j***@gmail.com
3270,Bento,Costela,PF,+5547952611189,2004-03-29,2024-08-31,Melo,PE,28164390542,True,22.0,590,*********42,b***@gmail.com
74,Giovanna,da Costa,PF,(11) 98043-3437,1992-03-17,2024-08-31,Garcia da Mata,AM,21834670969,True,34.0,590,*********69,g***@yahoo.com.br
1585,Benjamim,Gonçalves,PF,31932401746,1987-02-02,2024-09-01,Mendonça do Galho,SP,76158049220,True,39.0,589,*********20,b***@gmail.com
1705,Bernardo,Barros,PF,,2000-02-23,2024-09-01,Nunes,MS,74219503897,True,26.0,589,*********97,b***@outlook.com
1752,Silveira & Miranda S/S,,PJ,(61) 96898-7828,2002-07-12,2024-09-01,Pacheco,CE,65043721000124,True,23.0,589,************24,s***@empresa.com.br
2259,Brenda,Viana,PF,41934205470,2007-07-20,2024-09-01,da Rocha de Azevedo,RO,93287160478,True,18.0,589,*********78,b***@hotmail.com
2613,Luara,Marques,PF,(11) 96263-1156,1998-12-07,2024-09-01,Sá,RO,81647352991,True,27.0,589,*********91,l***@bol.con.br
2725,Fernanda,,PF,41924824881,1960-06-16,2024-09-01,Casa Grande do Norte,RJ,19683524737,True,65.0,589,*********37,f***@ig.com.br
2847,Davi Lucas,Vasconcelos,PF,31955311854,1976-04-22,2024-09-01,Sampaio,PA,38659024133,True,50.0,589,*********33,d***@hotmail.com
3180,Liz,Rezende,PF,+5541925229664,2004-11-03,2024-09-01,Peixoto de Cavalcante,SE,76091852302,True,21.0,589,*********02,l***@hotmail.com
913,Rodrigues & Costa Ltda.,,PJ,(71) 94588-9207,1977-12-15,2024-09-01,Pimenta,GO,36428701000173,True,48.0,589,************73,r***@empresa.com.br
1129,Luana,da Mota,PF,+5551920387003,,2024-09-02,Novais,PA,57016389286,True,,588,*********86,l***@bol.com.br
2369,Joaquim,Marques,PF,(31) 91252-1660,1991-09-25,2024-09-02,das Neves,AP,59680732177,True,34.0,588,*********77,j***@outlook.com
740,Henrique,Rios,PF,+5513984317465,1992-11-29,2024-09-02,Vargas do Galho,ES,07492381603,True,33.0,588,*********03,h***@terra.com.br
1217,Bella,da Conceição,PF,21916636555,1964-11-22,2024-09-03,Silveira,AP,57834109260,True,61.0,587,*********60,b***@ig.com.br
2720,Ana Vitória,Garcia,PF,,1987-10-26,2024-09-03,Fogaça,RO,31980746222,True,38.0,587,*********22,a***@hotmail.com
2693,Enzo Gabriel,Garcia,PF,+5547936942497,1979-11-30,2024-09-04,Cassiano de Goiás,RO,67348215017,True,46.0,586,*********17,e***@outlook.com
747,Maria Cecília,Caldeira,PF,47994173696,1956-12-10,2024-09-04,Machado,AP,30259478610,True,69.0,586,*********10,m***@hotmail.com
1653,Clara,Câmara,PF,(47) 93689-9575,2006-10-06,2024-09-05,Rezende,CE,89564730210,True,19.0,585,*********10,c***@terra.com.br
1956,Maitê,Pacheco,PF,61950632776,1995-10-08,2024-09-05,Cavalcante,MA,51249367891,True,30.0,585,*********91,m***@yahoo.com.br
2106,Larissa,Ferreira,PF,41989979478,1984-01-06,2024-09-05,Machado,RR,56213089489,True,42.0,585,*********89,l***@uol.com.br
2163,João,Moura,PF,(31) 93443-2481,1956-07-22,2024-09-05,Teixeira das Pedras,RJ,59803246747,True,69.0,585,*********47,j***@yahoo.com.br
3266,Pietra,Caldeira,PF,+5571933361466,2001-09-19,2024-09-05,Fogaça,PI,15367092802,True,24.0,585,*********02,p***@uol.com.br
333,Ana Júlia,Siqueira,PF,47910047947,,2024-09-05,Pacheco da Mata,AC,95671283400,True,,585,*********00,a***@outlook.com
39,Ravi,Sales,PF,47945532456,1965-07-13,2024-09-05,Cirino da Praia,TO,14286975002,True,60.0,585,*********02,a***@yahoo.com.br
960,Ester,Costa,PF,(31) 93696-2960,2007-06-09,2024-09-05,Novaes,MA,12895430705,True,18.0,585,*********05,e***@hotmail.com
216,Mathias,Cavalcante,PF,47917409776,1972-07-28,2024-09-06,Nunes de Moura,RJ,21973680521,True,53.0,584,*********21,m***@uol.com.br
2469,André,Novaes,PF,+5521948772341,1962-03-27,2024-09-06,da Paz,AP,17895034260,True,64.0,584,*********60,a***@yahoo.com.br
1462,Luna,Rezende,PF,+5561992895817,1978-02-23,2024-09-07,Câmara,GO,13259864709,True,48.0,583,*********09,l***@ig.com.br
1950,Cruz & Associados S.A.,,PJ,+5547930178468,1981-02-21,2024-09-07,da Mata do Sul,RS,62590378000140,True,45.0,583,************40,c***@empresa.com.br
2134,Lucas Gabriel,Cardoso,PF,+5551921851125,1959-11-07,2024-09-07,da Mota das Flores,RO,54308671957,True,66.0,583,*********57,l***@outlook.com
1977,Sabrina,Siqueira,PF,+5551913084016,1983-06-03,2024-09-08,Alves de Novaes,TO,09675314206,True,42.0,582,*********06,s***@outlook.com
2477,Matheus,Ribeiro,PF,+5541930567145,1974-05-07,2024-09-08,Vasconcelos,RO,58174309241,True,51.0,582,*********41,m***@yahoo.com.br
2859,Heloísa,Castro,PF,41987167578,1964-03-05,2024-09-08,Costela Paulista,PR,76048295111,True,62.0,582,*********11,h***@outlook.com
3243,Antonella,da Paz,PF,+5551950354650,1960-12-14,2024-09-08,Castro,PB,08395274114,True,65.0,582,*********14,r***@terra.com.br
3447,José Miguel,da Mata,PF,(71) 95736-9996,1971-02-20,2024-09-08,Albuquerque,RO,79138526409,True,55.0,582,*********09,j***@yahoo.com.br
534,Rafael,Oliveira,PF,,,2024-09-08,Azevedo,ES,58692704300,True,,582,*********00,r***@yahoo.com.br
717,Bento,Sampaio,PF,+5521917707240,1961-03-06,2024-09-08,Pastor do Campo,PR,03852946700,True,65.0,582,*********00,b***@ig.com.br
815,Noah,da Mata,PF,+5571925506099,2005-12-28,2024-09-08,Caldeira do Sul,SC,10983475601,True,20.0,582,*********01,n***@yahoo.com.br
1352,Moraes & Associados EPP,,PJ,(71) 91843-5458,1990-05-31,2024-09-09,Fernandes da Praia,RR,94035726000103,True,35.0,581,************03,m***@empresa.com.br
2843,Machado Soluções e Importadora S.A.,,PJ,(13) 98443-6109,1978-07-01,2024-09-09,Casa Grande,BA,21803749000147,True,47.0,581,************47,m***@comercio.net.br
3070,Henry,da Luz,PF,51945341442,1997-01-12,2024-09-09,Vargas da Prata,AP,01278934669,True,29.0,581,*********69,h***@bol.com.br
3461,Ana Júlia,Monteiro,PF,+5541964778785,1972-02-01,2024-09-09,Sales,BA,95462078374,True,54.0,581,*********74,a***@outlook.com
3466,Luiz Otávio,Melo,PF,(71) 91767-8120,1977-07-28,2024-09-09,Campos das Pedras,GO,90147853214,True,48.0,581,*********14,l***@hotmail.com
111,Saraiva Distribuidora e Informática Ltda.,,PJ,21976678180,1968-01-01,2024-09-10,Lima,DF,02958146000170,True,58.0,580,************70,s***@comercio.net.br
2628,Eduardo,Abreu,PF,47930019090,1983-01-05,2024-09-10,Gomes,MA,34617590234,True,43.0,580,*********34,e***@uol.com.br
3229,Jesus & Associados S/S,,PJ,(11) 92326-4274,1960-06-22,2024-09-10,Ribeiro da Serra,RO,96204815000161,True,65.0,580,************61,j***@empresa.com.br
3361,Beatriz,Barros,PF,(41) 96714-9774,1992-10-16,2024-09-10,da Rocha,AP,63945712025,True,33.0,580,*********25,b***@hotmail.com
358,Bruna,Rezende,PF,(11) 92587-6770,1969-04-17,2024-09-10,Macedo de Minas,TO,21639750886,True,57.0,580,*********86,b***@ig.com.br
529,Silveira & Associados EIRELI,,PJ,+5561944386218,1998-09-06,2024-09-10,Vieira de Sampaio,PB,07361249000171,True,27.0,580,************71,s***@empresa.com.br
2453,Mariah,Peixoto,PF,31991692853,1979-03-21,2024-09-11,Pastor,AC,23980675130,True,47.0,579,*********30,m***@outlook.com
2876,Importadora Jesus EIRELI,,PJ,(61) 92051-5576,1964-05-18,2024-09-11,Araújo da Mata,PI,91806327000100,True,61.0,579,************00,i***@comercio.net.br
2988,Ryan,Porto,PF,(11) 93369-6644,1996-12-15,2024-09-11,Vasconcelos,SE,03428769104,True,29.0,579,*********04,r***@uol.com.br
305,Alícia,Melo,PF,(11) 93210-2717,,2024-09-11,Viana de da Paz,SP,90835467210,True,,579,*********10,a***@gmail.com
983,Distribuidora Gomes EI,,PJ,13984215278,1957-10-25,2024-09-11,Souza,RS,37429185000164,True,68.0,579,************64,d***@comercio.net.br
1351,Juliana,Guerra,PF,(41) 93346-9366,1986-11-01,2024-09-12,Pastor,RN,36214859709,True,39.0,578,*********09,j***@terra.com.br
256,Zoe,Mendonça,PF,(13) 97864-7894,1999-12-05,2024-09-12,Duarte Verde,BA,14259687085,True,26.0,578,*********85,z***@outlook.com
2813,João Felipe,Abreu,PF,(51) 91213-2214,1956-08-19,2024-09-12,Araújo de Costela,RR,96307185295,True,69.0,578,*********95,j***@outlook.com
2848,Ian,Moreira,PF,,2007-11-15,2024-09-12,Lima do Sul,RJ,68019725377,True,18.0,578,*********77,i***@outlook.com
288,Mariana,Costa,PF,(61) 91492-4122,2001-07-23,2024-09-12,Albuquerque,AM,74023568929,True,24.0,578,*********29,m***@yahoo.com.br
3151,Pedro Miguel,Pinto,PF,41948226523,1957-10-19,2024-09-12,Costa de Lopes,RS,82647953155,True,68.0,578,*********55,f***@hotmail.com
3185,Correia & Ramos EIRELI,,PJ,+5511949753023,1973-09-05,2024-09-12,Vasconcelos de Macedo,PE,59381764000117,True,52.0,578,************17,c***@comercio.net.br
1401,Antony,Nascimento,PF,,1992-04-09,2024-09-13,Garcia das Flores,RS,26941385006,True,34.0,577,*********06,a***@ig.com.br
1437,Diogo,Fonseca,PF,(11) 97460-1434,1993-09-03,2024-09-13,Rios,SC,51764920325,True,32.0,577,*********25,d***@uol.com.br
2600,Pinto & Associados Ltda.,,PJ,41939308671,1985-03-25,2024-09-13,Vargas do Galho,MS,87491603000111,True,41.0,577,************11,p***@empresa.com.br
3029,Moreira & Associados ME,,PJ,+5531992616065,1993-02-20,2024-09-13,Câmara da Serra,PE,30268759000110,True,33.0,577,************10,m***@empresa.com.br
3221,Dias Consultoria e Atacado EI,,PJ,(41) 98431-8547,1998-09-18,2024-09-13,Teixeira da Praia,GO,81027493000155,True,27.0,577,************55,d***@comercio.net.br
3456,Melo Consultoria e Importadora S/S,,PJ,,2001-05-11,2024-09-13,Ribeiro,MA,76342980000172,True,24.0,577,************72,m***@empresa.com.br
77,Luiz Otávio,Fonseca,PF,+5551922482938,2001-10-06,2024-09-13,Monteiro,PA,21567403808,True,24.0,577,*********08,l***@bol.com.br
173,Theo,Duarte,PF,41913129226,2008-02-01,2024-09-14,da Rocha,RO,03129584714,True,18.0,576,*********14,t***@ig.com.br
1898,Alice,Moura,PF,+5551910198592,1966-11-12,2024-09-14,Sampaio de Macedo,SE,21678930512,True,59.0,576,*********12,a***@gmail.com
2915,Arthur Miguel,Gonçalves,PF,(11) 95091-9889,2000-02-01,2024-09-14,Alves do Galho,AC,24837910696,True,26.0,576,*********96,a***@yahoo.com.br
2981,Henrique,Leão,PF,+5513934271443,1993-06-29,2024-09-15,Pinto,SC,09127456811,True,32.0,575,*********11,h***@outlook.com
429,Luna,Silveira,PF,31968266602,1970-05-26,2024-09-15,Viana de Silveira,PB,06941785276,True,55.0,575,*********76,l***@uol.com.br
838,Kamilly,Moraes,PF,61913153564,1996-10-31,2024-09-15,Andrade de Goiás,PR,31694287564,True,29.0,575,*********64,k***@ig.com.br
930,Theo,Nogueira,PF,(61) 95277-1888,1963-04-28,2024-09-15,Jesus,CE,42783691582,True,63.0,575,*********82,t***@bol.com.br
1349,Aurora,Peixoto,PF,51932176790,1963-12-11,2024-09-16,Rocha,MG,67439251016,True,62.0,574,*********16,a***@yahoo.com.br
1481,Ana Clara,Machado,PF,+5531933827387,1964-10-22,2024-09-16,Araújo da Praia,TO,63728905186,True,61.0,574,*********86,a***@outlook.com
1992,Maria Clara,Mendes,PF,+5551926947527,1978-12-21,2024-09-16,Ramos de Goiás,ES,64918205305,True,47.0,574,*********05,m***@terra.com.br
2041,Rafaela,Câmara,PF,+5571928393514,1998-08-13,2024-09-16,Abreu de Rezende,SP,90415263743,True,27.0,574,*********43,r***@hotmail.com
447,Eloah,Pires,PF,+5511953136313,1999-01-12,2024-09-16,Pastor,SP,28634951782,True,27.0,574,*********82,e***@ig.com.br
665,Cardoso & Ribeiro S/A,,PJ,(41) 97955-4165,1971-10-22,2024-09-16,Viana do Campo,AM,54806329000173,True,54.0,574,************73,c***@comercio.net.br
885,Henry Gabriel,Souza,PF,(11) 93227-8082,1995-11-19,2024-09-16,Rios de Barbosa,MG,23405861942,True,30.0,574,*********42,h***@yahoo.com.br
90,Manuela,Sá,PF,,1994-04-01,2024-09-16,Leão,PR,62318750912,True,32.0,574,*********12,m***@bol.con.br
1299,Emilly,da Luz,PF,+5511961633108,1999-06-15,2024-09-17,Porto do Norte,PR,54627891300,True,26.0,573,*********00,e***@outlook.com
1994,Souza & Oliveira ME,,PJ,21960585080,,2024-09-17,Brito,RS,45698173000163,True,,573,************63,s***@empresa.com.br
2510,Stephany,da Cruz,PF,47919405569,1956-06-08,2024-09-17,Mendonça do Sul,BA,87431690231,True,69.0,573,*********31,s***@uol.com.br
2739,Diogo,Lopes,PF,47914086384,2003-06-10,2024-09-17,Sales de da Costa,PE,05421863905,True,22.0,573,*********05,d***@bol.con.br
3190,Luiz Miguel,Gomes,PF,61963847192,2006-12-11,2024-09-17,Sampaio Grande,AP,28703916413,True,19.0,573,*********13,l***@terra.com.br
1336,Sara,Borges,PF,(31) 98211-3532,1977-01-11,2024-09-18,Azevedo da Serra,GO,58402361790,True,49.0,572,*********90,s***@outlook.com
2872,Isabel,Monteiro,PF,+5561988033953,1974-02-23,2024-09-18,Rodrigues de Dias,BA,14790862585,True,52.0,572,*********85,i***@bol.com.br
2980,Dante,Camargo,PF,21946293722,1968-07-22,2024-09-18,Correia do Campo,TO,93260517812,True,57.0,572,*********12,d***@gmail.com
3351,Clarice,Carvalho,PF,31927092247,2005-01-21,2024-09-18,da Mota,BA,78294015601,True,21.0,572,*********01,c***@uol.com.br
347,Vasconcelos & Cunha S.A.,,PJ,+5511994398537,1961-01-26,2024-09-18,Fernandes da Serra,MG,34526108000134,True,65.0,572,************34,v***@empresa.com.br
504,Erick,da Rosa,PF,41990076380,1961-02-18,2024-09-18,Rios,SC,48069173548,True,65.0,572,*********48,e***@terra.com.br
2459,Lorenzo,Cardoso,PF,,1958-05-11,2024-09-19,Cunha,MS,94103785241,True,67.0,571,*********41,l***@hotmail.com
3169,Ramos & Associados S.A.,,PJ,(31) 99283-2220,1987-11-17,2024-09-19,Rocha de Abreu,MT,06728954000100,True,38.0,571,************00,r***@comercio.net.br
3498,Paulo,Nascimento,PF,,1970-08-22,2024-09-19,Oliveira,SP,46589107300,True,55.0,571,*********00,p***@terra.com.br
1871,Bianca,Albuquerque,PF,(47) 91719-2602,1999-12-29,2024-09-20,Andrade de Albuquerque,RS,46135897039,True,26.0,570,*********39,b***@hotmail.com
2293,Soares & Associados Ltda.,,PJ,71997796493,1996-04-19,2024-09-20,Fernandes,PB,12906548000184,True,30.0,570,************84,s***@empresa.com.br
2335,Arthur Miguel,Silva,PF,,1994-01-06,2024-09-20,da Luz,RO,91365247007,True,32.0,570,*********07,a***@ig.com.br
3106,Diego,Brito,PF,,1998-06-10,2024-09-20,Ramos do Amparo,SC,95413276800,True,27.0,570,*********00,d***@yahoo.com.br
1907,Letícia,Vieira,PF,(51) 97169-2893,1983-04-04,2024-09-21,Duarte,AM,74365280929,True,43.0,569,*********29,l***@ig.com.br
1908,João Felipe,Peixoto,PF,+5531991415977,1993-01-18,2024-09-21,Brito,MA,65714390857,True,33.0,569,*********57,j***@yahoo.com.br
2561,Almeida & Associados EIRELI,,PJ,13929334088,1985-09-24,2024-09-21,Fogaça da Serra,DF,46152987000160,True,40.0,569,************60,a***@comercio.net.br
3406,Lara,Macedo,PF,(11) 99626-9780,1973-04-16,2024-09-21,Cassiano do Sul,RR,09154723680,True,53.0,569,*********80,l***@yahoo.com.br
3430,Gustavo,Azevedo,PF,(47) 92760-4172,1956-12-11,2024-09-21,da Rocha da Serra,RR,97105483601,True,69.0,569,*********01,g***@yahoo.com.br
367,Valentina,Ramos,PF,71994305765,,2024-09-21,Ferreira,PE,90245368710,True,,569,*********10,v***@ig.com.br
663,João Pedro,Melo,PF,+5521984499032,,2024-09-21,Porto Paulista,DF,37619425080,True,,569,*********80,j***@outlook.com
916,Teixeira & Silveira ME,,PJ,21954787659,1992-06-30,2024-09-21,Duarte Grande,DF,12849635000147,True,33.0,569,************47,t***@empresa.com.br
972,Vargas Informática e Tecnologia S.A.,,PJ,(21) 99163-9110,1967-04-17,2024-09-21,Araújo,PB,75912630000131,True,59.0,569,************31,v***@empresa.com.br
1448,Juan,Costela,PF,+5541936554624,1998-11-08,2024-09-22,Carvalho,RO,68540379139,True,27.0,568,*********39,j***@uol.con.br
2229,Soluções Soares Ltda.,,PJ,(13) 97082-4432,1959-05-21,2024-09-22,Teixeira,PR,86475931000161,True,66.0,568,************61,s***@comercio.net.br
2839,Fernando,Cassiano,PF,51986474224,2004-11-06,2024-09-22,Rocha de Gomes,MG,60539218405,True,21.0,568,*********05,f***@outlook.com
473,Eloah,Vasconcelos,PF,+5541923442924,2000-02-18,2024-09-22,Rocha do Sul,AP,41092638750,True,26.0,568,*********50,e***@bol.com.br
1111,Maria Julia,Nogueira,PF,(47) 99713-8938,1991-08-27,2024-09-23,Marques,PB,29160735406,True,34.0,567,*********06,m***@gmail.com
1318,Sales & Saraiva S/A,,PJ,21912254083,1963-01-29,2024-09-23,Moreira da Praia,PI,54179063000186,True,63.0,567,************86,s***@comercio.net.br
1392,Larissa,Cunha,PF,+5531971684037,1965-12-31,2024-09-23,da Rosa,AC,57839102441,True,60.0,567,*********41,l***@hotmail.com
2306,Evelyn,das Neves,PF,,1962-05-09,2024-09-23,Pinto,SP,48215376053,True,63.0,567,*********53,e***@gmail.com
2913,Sistemas Castro EPP,,PJ,(41) 99335-2277,1993-04-11,2024-09-23,Oliveira,RJ,76932581000161,True,33.0,567,************61,s***@comercio.net.br
3419,Sara,Gonçalves,PF,(71) 93260-1869,1977-03-13,2024-09-23,Pereira de Melo,PE,53294876092,True,49.0,567,*********92,s***@outlook.com
3442,Anthony Gabriel,Brito,PF,61927335564,1963-08-30,2024-09-23,Albuquerque,DF,10682397512,True,62.0,567,*********12,a***@gmail.com
731,Souza & Associados EPP,,PJ,(11) 93531-4697,1984-02-08,2024-09-23,Costa,SC,49362801000196,True,42.0,567,************96,s***@empresa.com.br
1416,Ana Luiza,Novaes,PF,61913778129,1989-06-03,2024-09-24,Barbosa,RR,29316470552,True,36.0,566,*********52,a***@bol.com.br
1628,Luiz Henrique,Peixoto,PF,+5521926637362,1970-02-11,2024-09-24,da Rocha,PB,46905273856,True,56.0,566,*********56,l***@ig.com.br
1832,João Vitor,Sampaio,PF,+5551923427100,,2024-09-24,Ferreira,RO,09746231804,True,,566,*********04,j***@terra.com.br
2489,Júlia,Fernandes,PF,+5561957768111,2003-06-24,2024-09-24,Albuquerque Paulista,MS,30861754271,True,22.0,566,*********71,j***@ig.com.br
3143,Heloisa,Carvalho,PF,+5551959963948,1957-08-10,2024-09-24,Silveira de Minas,ES,03674582929,True,68.0,566,*********29,h***@hotmail.com
1307,Alexandre,Sá,PF,(61) 99481-8255,,2024-09-25,Ribeiro de Rocha,MS,04368712978,True,,565,*********78,a***@outlook.com
604,Renan,Cavalcanti,PF,(47) 98718-5660,1959-01-22,2024-09-25,Mendes,MA,01678935484,True,67.0,565,*********84,r***@gmail.com
910,Monteiro & Associados Ltda.,,PJ,+5541957761311,,2024-09-25,Carvalho,PR,24156870000112,True,,565,************12,m***@comercio.net.br
1821,Soluções Duarte EI,,PJ,,,2024-09-26,Moura,SC,68425971000117,True,,564,************17,s***@comercio.net.br
2156,Mathias,,PF,+5547989297407,2005-12-03,2024-09-26,Barros de Nunes,MA,90321785479,True,20.0,564,*********79,m***@hotmail.com
2683,Yuri,Martins,PF,+5561931165634,1974-12-06,2024-09-26,Castro,AP,41705968201,True,51.0,564,*********01,y***@gmail.com
2982,Correia Comércio e Sistemas EI,,PJ,+5571993584565,1957-11-30,2024-09-26,Gonçalves,MS,27945631000130,True,68.0,564,************30,c***@comercio.net.br
3108,Hadassa,Oliveira,PF,+5521989764818,1990-09-25,2024-09-26,Santos de Vargas,RJ,41520368771,True,35.0,564,*********71,h***@gmail.com
3470,João Vitor,Monteiro,PF,31912136196,1993-11-10,2024-09-26,Ferreira Alegre,RN,28654971002,True,32.0,564,*********02,j***@outlook.com
1123,Fernanda,Fernandes,PF,21918787965,1963-09-16,2024-09-27,Rodrigues,AP,79504123643,True,62.0,563,*********43,f***@outlook.com
2025,Natália,Gomes,PF,+5541959501875,1957-07-15,2024-09-27,Casa Grande das Pedras,PE,74195608384,True,68.0,563,*********84,n***@outlook.com
2544,Aurora,Araújo,PF,71911085148,2001-09-14,2024-09-27,da Conceição,AP,95013247616,True,24.0,563,*********16,a***@gmail.com
2066,Daniel,Câmara,PF,(41) 98783-3475,1970-12-04,2024-09-28,Siqueira,AL,83165204780,True,55.0,562,*********80,d***@yahoo.com.br
2289,Maria Eduarda,Martins,PF,,,2024-09-28,Monteiro,SP,63295401799,True,,562,*********99,m***@bol.com.br
3306,Danilo,Gomes,PF,+5513917554747,1956-09-08,2024-09-28,Lima,SP,05364789101,True,69.0,562,*********01,d***@uol.com.br
792,Lucas Gabriel,Moura,PF,(61) 99435-4163,1997-09-09,2024-09-28,Carvalho,DF,92047651867,True,28.0,562,*********67,l***@outlook.com
954,Emanuel,Siqueira,PF,31968073654,1999-08-22,2024-09-28,Lima,RO,03751264817,True,26.0,562,*********17,e***@hotmail.com
1943,Maria Alice,Lima,PF,+5531927625338,2000-07-06,2024-09-29,Montenegro das Flores,MS,57243680135,True,25.0,561,*********35,m***@bol.com.br
2159,João Lucas,da Rosa,PF,+5541981612544,,2024-09-29,Oliveira,AP,65293407856,True,,561,*********56,j***@bol.com.br
266,Maria Fernanda,Cassiano,PF,+5531998862024,1962-04-10,2024-09-29,Sales,BA,21396074570,True,64.0,561,*********70,m***@yahoo.com.br
487,Souza & Miranda ME,,PJ,+5511959332917,2003-10-24,2024-09-29,Aragão,MG,21085643000155,True,22.0,561,************55,s***@empresa.com.br
1694,Melo Distribuidora e Distribuidora EIRELI,,PJ,(31) 92847-8970,,2024-09-30,Câmara,TO,87462135000157,True,,560,************57,m***@empresa.com.br
2017,Heitor,Ramos,PF,(51) 97567-8380,1982-11-21,2024-09-30,Alves,RN,62580139451,True,43.0,560,*********51,h***@uol.com.br
2353,Ferreira & Associados EI,,PJ,(13) 94812-3718,1990-08-16,2024-09-30,Câmara,ES,42019635000180,True,35.0,560,************80,f***@empresa.com.br
2820,Araújo & Associados S.A.,,PJ,(71) 99820-9214,1959-03-16,2024-09-30,Sousa do Amparo,DF,71298035000105,True,67.0,560,************05,a***@empresa.com.br
3432,Brayan,Porto,PF,21987163221,1982-02-22,2024-09-30,Cunha,RR,18673240590,True,44.0,560,*********90,b***@outlook.com
586,Gabriela,Câmara,PF,,1975-08-22,2024-09-30,Lima de Ribeiro,GO,63709548292,True,50.0,560,*********92,m***@hotmail.com
1012,Maria Laura,Castro,PF,(61) 92543-2086,1970-07-21,2024-10-01,Cassiano,PA,79584362038,True,55.0,559,*********38,m***@terra.com.br
1411,Luiz Henrique,Porto,PF,41967092984,1983-11-01,2024-10-01,Mendes,SE,72380951659,True,42.0,559,*********59,l***@hotmail.com
1834,Heloísa,Abreu,PF,41933534693,2000-03-26,2024-10-01,Costela,AP,78092164576,True,26.0,559,*********76,h***@gmail.com
2074,Pinheiro & Gonçalves EI,,PJ,+5551975047490,1973-09-07,2024-10-01,Pacheco de Minas,RJ,72810356000100,True,52.0,559,************00,p***@empresa.com.br
1714,Levi,Vargas,PF,+5551917917484,1987-11-26,2024-10-02,Nogueira do Amparo,CE,61980352470,True,38.0,558,*********70,l***@uol.com.br
179,Maria Helena,Silva,PF,(41) 95295-4129,1985-11-03,2024-10-02,Fonseca,PB,67483520965,True,40.0,558,*********65,m***@uol.com.br
1904,Vitor Hugo,Albuquerque,PF,71962773083,,2024-10-02,da Luz,RN,01326859730,True,,558,*********30,v***@bol.com.br
2467,Fonseca & Pinheiro S.A.,,PJ,(13) 98814-1874,1994-12-02,2024-10-02,Farias,MT,32710456000131,True,31.0,558,************31,f***@empresa.com.br
2788,Cauê,Santos,PF,+5551965312065,1989-10-27,2024-10-02,Borges,PI,80357192460,True,36.0,558,*********60,c***@ig.com.br
2882,Sara,Rios,PF,11983413724,1977-03-05,2024-10-02,Silveira,PR,65823147007,True,49.0,558,*********07,s***@hotmail.com
3227,Luan,Lopes,PF,47957032513,1970-06-15,2024-10-02,Cavalcanti,SC,69457032829,True,55.0,558,*********29,l***@gmail.com
497,João Miguel,Caldeira,PF,11966778504,1958-05-04,2024-10-02,Cassiano da Prata,MG,58273061930,True,67.0,558,*********30,r***@terra.com.br
889,Pietra,da Rocha,PF,(31) 91963-2154,,2024-10-02,Rezende,TO,25130749634,True,,558,*********34,p***@ig.com.br
1210,Maria Laura,da Paz,PF,+5547978186088,1964-08-10,2024-10-03,Caldeira Verde,PI,36482590160,True,61.0,557,*********60,l***@outlook.com
2630,Maria Helena,Cardoso,PF,47970053867,1984-07-04,2024-10-03,Sousa,RN,36870125490,True,41.0,557,*********90,m***@hotmail.com
275,Bento,da Cruz,PF,,1986-05-27,2024-10-03,Caldeira de Moraes,MT,91803576448,True,39.0,557,*********48,b***@terra.com.br
3035,Ester,Pires,PF,(41) 95451-3788,1956-09-19,2024-10-03,Abreu da Serra,RN,34821905779,True,69.0,557,*********79,e***@outlook.com
3212,Maria Luísa,Costela,PF,(71) 98929-7743,2006-07-19,2024-10-03,Freitas,CE,25493768038,True,19.0,557,*********38,m***@gmail.com
385,Moraes & Moraes ME,,PJ,(11) 98421-2420,2008-02-11,2024-10-03,Nascimento das Flores,MA,60835941000177,True,18.0,557,************77,m***@empresa.com.br
794,Luan,Barbosa,PF,+5521916741999,1966-09-17,2024-10-03,Guerra,AL,89216043750,True,59.0,557,*********50,l***@gmail.com
1543,Henrique,Pereira,PF,+5547990939996,1994-07-28,2024-10-04,Gonçalves,RJ,36871245928,True,31.0,556,*********28,h***@bol.com.br
1846,Liz,Moreira,PF,,1986-04-21,2024-10-04,Almeida da Prata,CE,04739861240,True,40.0,556,*********40,l***@gmail.com
2662,Emilly,Cavalcanti,PF,31921089855,,2024-10-04,Sales Verde,RS,54298761355,True,,556,*********55,e***@bol.com.br
546,Brenda,Caldeira,PF,13945127043,1975-02-15,2024-10-04,Fonseca de Pacheco,MA,68793012586,True,51.0,556,*********86,b***@ig.com.br
939,Manuella,Casa Grande,PF,13973212878,1969-03-20,2024-10-04,Nunes,SC,31826905740,True,57.0,556,*********40,m***@hotmail.com
966,Natália,Souza,PF,31957361055,1990-05-09,2024-10-04,Pastor do Galho,AP,62591340889,True,35.0,556,*********89,n***@ig.com.br
1047,Theodoro,Cardoso,PF,+5513959739125,1988-01-03,2024-10-05,Brito Verde,RJ,14570836208,True,38.0,555,*********08,t***@hotmail.com
2612,Samuel,Viana,PF,41979156107,1997-02-04,2024-10-05,Costa,AP,19287354014,True,29.0,555,*********14,s***@ig.com.br
58,Maria Cecília,Nogueira,PF,(61) 95538-5768,1961-08-13,2024-10-05,Alves do Campo,RS,65941283709,True,64.0,555,*********09,m***@yahoo.com.br
599,Maria Laura,Lopes,PF,51970927187,1974-04-15,2024-10-05,Farias de Albuquerque,SC,42607183987,True,52.0,555,*********87,m***@hotmail.com
1560,Vitor,Rocha,PF,,,2024-10-06,Nunes,RN,71563420961,True,,554,*********61,v***@terra.com.br
1980,Ana Lívia,Oliveira,PF,11913633924,,2024-10-06,Cunha,SE,46958207300,True,,554,*********00,a***@bol.com.br
2046,Théo,Sales,PF,21981847705,1962-10-07,2024-10-06,Cardoso,CE,58764190366,True,63.0,554,*********66,t***@uol.com.br
366,Importadora Gonçalves Ltda.,,PJ,51956948599,1974-04-19,2024-10-06,da Conceição de Duarte,CE,25037468000181,True,52.0,554,************81,i***@comercio.net.br
1923,Maya,da Mota,PF,41952838415,1984-01-31,2024-10-07,Macedo,ES,51926408730,True,42.0,553,*********30,m***@ig.com.br
3332,Isaque,Santos,PF,41943215945,2003-08-31,2024-10-07,Machado da Praia,RJ,01764392850,True,22.0,553,*********50,i***@outlook.com
3453,Ana Liz,Cirino,PF,61995502684,1994-08-27,2024-10-07,Farias da Serra,TO,81530294797,True,31.0,553,*********97,a***@terra.com.br
1968,Dias & Fernandes S/S,,PJ,21976454157,1973-08-22,2024-10-08,Martins,RO,12436875000110,True,52.0,552,************10,d***@comercio.net.br
2150,Fernanda,Moreira,PF,+5547981071729,1979-02-24,2024-10-08,Cirino Grande,PR,09871324588,True,47.0,552,*********88,f***@hotmail.com
2598,Sophia,Viana,PF,+5561995222239,1970-10-25,2024-10-08,das Neves da Praia,MA,94253187609,True,55.0,552,*********09,s***@hotmail.com
17,Cunha & Ribeiro EPP,,PJ,(13) 94275-9624,1985-08-28,2024-10-09,Freitas do Sul,CE,84562731000110,True,40.0,551,************10,c***@empresa.com.br
1751,Arthur Gabriel,das Neves,PF,+5551941709168,,2024-10-09,Oliveira,DF,26758913040,True,,551,*********40,a***@hotmail.com
684,Samuel,Vieira,PF,51949415224,1976-03-30,2024-10-09,Duarte da Prata,RO,43218907560,True,50.0,551,*********60,s***@gmail.com
1108,Santos Distribuidora e Importadora Ltda.,,PJ,+5541921132661,1981-11-24,2024-10-10,da Costa de da Cruz,MT,62053471000115,True,44.0,550,************15,s***@empresa.com.br
1530,Vicente,Cardoso,PF,(31) 99356-7872,,2024-10-10,Peixoto de Cardoso,PA,85491237655,True,,550,*********55,v***@hotmail.com
1839,Benjamim,Dias,PF,+5541997286493,1991-09-09,2024-10-10,Borges,ES,82140367987,True,34.0,550,*********87,e***@gmail.com
1942,Luiz Felipe,Siqueira,PF,11985803830,,2024-10-10,Campos,PE,57264318982,True,,550,*********82,l***@bol.com.br
2095,Theodoro,Rodrigues,PF,(61) 99095-2323,,2024-10-10,da Mata de Goiás,TO,60142987387,True,,550,*********87,t***@bol.com.br
2322,Allana,da Conceição,PF,+5547966096343,1981-09-09,2024-10-10,Ferreira Grande,SP,09473568193,True,44.0,550,*********93,a***@ig.com.br
2533,Eloá,Fonseca,PF,13929517630,1961-05-08,2024-10-10,Campos,RR,53401269780,True,64.0,550,*********80,e***@uol.com.br
433,Benjamim,da Paz,PF,(71) 92640-9070,1982-09-09,2024-10-10,Silva,SC,36102985451,True,43.0,550,*********51,b***@bol.com.br
1166,Ian,Andrade,PF,+5513964099729,1978-08-16,2024-10-11,Câmara do Campo,CE,05972816377,True,47.0,549,*********77,i***@bol.com.br
139,Ana Julia,Rios,PF,+5551963129910,1969-02-14,2024-10-11,Nogueira,SP,35891062712,True,57.0,549,*********12,a***@outlook.com
2080,Dom,Nascimento,PF,13997556111,1977-04-10,2024-10-11,Pacheco de Silva,RS,16948235042,True,49.0,549,*********42,d***@bol.com.br
2342,Leonardo,Sales,PF,13953637793,1966-11-19,2024-10-11,Viana,PE,21473509661,True,59.0,549,*********61,l***@hotmail.com
1631,Alice,da Cruz,PF,51945503826,1981-05-16,2024-10-12,Cassiano do Campo,RR,17526094849,True,44.0,548,*********49,a***@terra.com.br
2028,Lorena,Camargo,PF,+5547963886606,1959-12-23,2024-10-12,Costa dos Dourados,RN,64783912050,True,66.0,548,*********50,l***@terra.com.br
2421,Natália,Souza,PF,61961313244,1995-09-04,2024-10-12,Freitas,AC,27485361937,True,30.0,548,*********37,n***@gmail.com
2657,Benício,Gonçalves,PF,(41) 99942-9213,2001-06-05,2024-10-12,das Neves da Mata,AM,26034519799,True,24.0,548,*********99,b***@uol.com.br
3327,Ribeiro & Associados EPP,,PJ,(51) 94920-9905,1984-12-21,2024-10-12,Novais,PI,95701483000168,True,41.0,548,************68,r***@comercio.net.br
629,Luara,Borges,PF,13974885216,1972-04-21,2024-10-12,Costa,PR,74329518023,True,54.0,548,*********23,l***@ig.com.br
686,Clara,Andrade,PF,47983734643,1983-01-10,2024-10-12,da Mata Grande,MT,12750896401,True,43.0,548,*********01,c***@outlook.com
2589,Fernandes & Ferreira EIRELI,,PJ,51960534797,1982-12-23,2024-10-13,Pinto,SE,31246780000188,True,43.0,547,************88,f***@comercio.net.br
2866,Eduardo,Leão,PF,(71) 91573-9622,1968-07-07,2024-10-13,Alves da Serra,CE,75983260103,True,57.0,547,*********03,e***@bol.com.br
781,Maria Laura,Siqueira,PF,(13) 91529-4985,1996-06-01,2024-10-13,Castro dos Dourados,RN,06591782303,True,29.0,547,*********03,m***@hotmail.com
1211,Sara,Pires,PF,+5561940461911,1983-07-24,2024-10-14,Fernandes,MA,67504198366,True,42.0,546,*********66,s***@outlook.com
1584,Maria Cecília,Pastor,PF,+5531986426379,1987-02-10,2024-10-14,Costela,TO,54203978629,True,39.0,546,*********29,m***@hotmail.com
1804,Zoe,Aragão,PF,+5513998759321,1990-07-23,2024-10-14,Rodrigues,AP,03687145271,True,35.0,546,*********71,z***@yahoo.com.br
2281,Camargo Atacado e Tecnologia S/S,,PJ,(51) 92940-6337,,2024-10-14,Santos do Amparo,PB,63245178000112,True,,546,************12,c***@empresa.com.br
2748,Lívia,Ribeiro,PF,13978287216,1968-04-06,2024-10-14,da Paz Verde,RS,80937642169,True,58.0,546,*********69,l***@terra.com.br
3365,Thales,Correia,PF,(31) 95495-2044,1960-02-19,2024-10-14,Borges,RR,26958704185,True,66.0,546,*********85,t***@ig.com.br
1101,Théo,Gonçalves,PF,+5551968488865,2006-08-20,2024-10-15,da Cunha de Rodrigues,PR,23580197630,True,19.0,545,*********30,t***@yahoo.com.br
1154,Sabrina,Mendonça,PF,(13) 93588-7198,1959-12-01,2024-10-15,Araújo Alegre,CE,83716490539,True,66.0,545,*********39,s***@bol.com.br
1613,Enzo,Moreira,PF,,1966-06-28,2024-10-15,Sales,PA,69287504300,True,59.0,545,*********00,e***@bol.com.br
2154,Ana Júlia,,PF,+5541981309545,1991-07-26,2024-10-15,Campos do Sul,PI,54910387684,True,34.0,545,*********84,a***@bol.com.br
2567,Apollo,Novais,PF,+5521934948905,1972-04-04,2024-10-15,Garcia,PR,71630825417,True,54.0,545,*********17,a***@terra.com.br
511,Raquel,Fonseca,PF,+5521964383179,1969-12-22,2024-10-15,Cardoso,PI,80463521951,True,56.0,545,*********51,r***@bol.com.br
718,Ramos Distribuidora e Informática ME,,PJ,+5571952164978,1999-11-10,2024-10-15,Santos,BA,82495370000101,True,26.0,545,************01,r***@empresa.com.br
893,Cauê,Andrade,PF,+5571931298181,,2024-10-15,Vasconcelos Verde,RN,37425916061,True,,545,*********61,c***@ig.com.br
155,Mariana,da Mata,PF,21959107703,1988-07-04,2024-10-16,Ramos,RO,89170465258,True,37.0,544,*********58,m***@terra.com.br
185,Diogo,Correia,PF,+5561982127117,1992-02-08,2024-10-16,Pastor,PR,84165023906,True,34.0,544,*********06,d***@uol.com.br
2076,Catarina,Carvalho,PF,11978916646,2000-07-18,2024-10-16,Porto,CE,37621049561,True,25.0,544,*********61,c***@outlook.com
2808,Gonçalves & Sales EI,,PJ,,,2024-10-16,Ribeiro das Pedras,SP,70431598000159,True,,544,************59,g***@empresa.com.br
3140,Clarice,Ferreira,PF,(21) 95260-1533,1986-03-28,2024-10-16,Siqueira do Norte,GO,40853791600,True,40.0,544,*********00,c***@ig.com.br
3364,João Guilherme,da Rosa,PF,61931414908,1995-04-08,2024-10-16,Teixeira de Goiás,PB,34826905106,True,31.0,544,*********06,j***@hotmail.com
3369,Evelyn,Albuquerque,PF,71955637171,1964-05-21,2024-10-16,da Costa da Serra,AC,65748209101,True,61.0,544,*********01,e***@hotmail.com
3489,Samuel,Andrade,PF,+5531979811320,1979-05-17,2024-10-16,Viana,SP,34085167901,True,46.0,544,*********01,s***@bol.com.br
1900,Giovanna,Lopes,PF,(61) 92271-5237,1968-03-04,2024-10-17,Pastor,PB,64102389750,True,58.0,543,*********50,g***@yahoo.com.br
2020,Clara,Macedo,PF,41982252693,1965-01-01,2024-10-17,Mendes da Prata,RN,48901625342,True,61.0,543,*********42,c***@hotmail.com
3002,Fernando,Sá,PF,+5541976728987,1960-12-05,2024-10-17,Carvalho da Serra,SP,30476952107,True,65.0,543,*********07,f***@hotmail.com
999,Emanuelly,Santos,PF,(13) 95324-6495,1998-11-25,2024-10-17,Vieira,MG,51306978475,True,27.0,543,*********75,e***@gmail.com
1726,Enrico,Rezende,PF,+5541992972043,1962-06-28,2024-10-18,Vasconcelos,TO,58637902456,True,63.0,542,*********56,e***@uol.com.br
2001,Pedro,Leão,PF,(13) 94019-6164,2002-01-20,2024-10-18,Nunes do Galho,PA,89264507167,True,24.0,542,*********67,p***@bol.com.br
2197,Ferreira & Fernandes ME,,PJ,41918587596,1981-06-22,2024-10-18,Sousa,RO,85962307000126,True,44.0,542,************26,f***@comercio.net.br
2658,Farias Informática e Serviços S.A.,,PJ,51980941881,1974-02-08,2024-10-18,Fogaça,AL,87016354000102,True,52.0,542,************02,f***@empresa.com.br
2705,Brenda,Sousa,PF,(21) 93480-3236,1969-02-21,2024-10-18,Costa da Mata,AM,27586401985,True,57.0,542,*********85,b***@ig.com.br
2955,Isaque,Nunes,PF,+5511931391832,,2024-10-18,Santos,SC,24317590832,True,,542,*********32,i***@uol.com.br
2987,João Lucas,Ramos,PF,47990886473,1973-02-06,2024-10-18,Ferreira do Norte,RS,57821036471,True,53.0,542,*********71,j***@gmail.com
2995,Diego,Oliveira,PF,(71) 96649-5419,1989-10-20,2024-10-18,Jesus dos Dourados,MA,61458273008,True,36.0,542,*********08,d***@yahoo.com.br
1140,Mariana,Oliveira,PF,+5521989223391,,2024-10-19,da Luz do Oeste,PR,62317459025,True,,541,*********25,m***@uol.com.br
1940,Borges & Santos S.A.,,PJ,(11) 91428-3939,1984-09-04,2024-10-19,Casa Grande,SP,30768512000163,True,41.0,541,************63,b***@comercio.net.br
2214,Joana,Nogueira,PF,61952502259,,2024-10-19,Sousa,PE,82351960777,True,,541,*********77,j***@uol.com.br
2365,Elisa,Araújo,PF,(71) 96473-4506,1979-11-24,2024-10-19,Porto,RN,46921738078,True,46.0,541,*********78,e***@gmail.com
2606,Eduardo,Azevedo,PF,+5521926349703,1958-02-04,2024-10-19,Caldeira,PI,95301674234,True,68.0,541,*********34,e***@ig.com.br
3067,Catarina,Gomes,PF,61996597630,,2024-10-19,da Cunha,PB,74851206976,True,,541,*********76,c***@terra.com.br
798,Eduarda,Garcia,PF,(21) 92499-4479,1996-11-21,2024-10-19,Rios,PI,24316780913,True,29.0,541,*********13,e***@outlook.com
1045,Garcia & Teixeira EPP,,PJ,21978169370,1969-01-28,2024-10-20,Porto das Pedras,RO,09658712000177,True,57.0,540,************77,g***@comercio.net.br
1064,Olívia,Monteiro,PF,(21) 94393-1242,1980-03-16,2024-10-20,Farias,PE,64538291005,True,46.0,540,*********05,o***@uol.com.br
1100,Lucca,Araújo,PF,+5547998328123,,2024-10-20,Pires,PR,21457036916,True,,540,*********16,l***@uol.com.br
1197,Alícia,Sales,PF,51929863751,,2024-10-20,da Mata de Barros,SE,93826571002,True,,540,*********02,a***@bol.com.br
1348,Renan,Fernandes,PF,,1960-04-23,2024-10-20,Oliveira da Mata,AL,91425087388,True,66.0,540,*********88,r***@hotmail.com
1767,Liam,Freitas,PF,(13) 92568-3957,1971-02-04,2024-10-20,Rocha,RS,25367401880,True,55.0,540,*********80,l***@hotmail.com
1850,Larissa,Pimenta,PF,(31) 91273-7041,1975-10-29,2024-10-20,Pimenta dos Dourados,RR,42960187369,True,50.0,540,*********69,l***@yahoo.com.br
2108,Liz,Andrade,PF,(13) 94954-4316,1999-02-17,2024-10-20,Sousa,CE,08374612517,True,27.0,540,*********17,l***@terra.com.br
2446,Benjamim,Fernandes,PF,,1989-08-13,2024-10-20,Ribeiro do Campo,MG,42395817023,True,36.0,540,*********23,b***@ig.com.br
2551,Raquel,Oliveira,PF,(11) 99588-6194,1973-12-07,2024-10-20,Vargas,RJ,89510273686,True,52.0,540,*********86,r***@terra.com.br
1518,Fernandes & Melo S/A,,PJ,71951372824,1964-10-12,2024-10-21,Silveira,AM,96742531000129,True,61.0,539,************29,f***@empresa.com.br
2372,Léo,da Cunha,PF,+5561910858199,1991-04-23,2024-10-21,Leão de Santos,PB,57396208483,True,34.0,539,*********83,l***@uol.com.br
3236,Maysa,da Cruz,PF,+5513948782090,1958-05-25,2024-10-21,Cassiano do Sul,MG,93567142070,True,67.0,539,*********70,m***@bol.com.br
3343,Vitor Hugo,Aparecida,PF,(31) 91188-3033,1959-09-03,2024-10-21,Nunes Paulista,PA,54392618005,True,66.0,539,*********05,v***@ig.com.br
775,Clarice,Souza,PF,(11) 97291-9494,1974-08-08,2024-10-21,Garcia,RO,52089317450,True,51.0,539,*********50,c***@terra.com.br
168,Luara,Rocha,PF,,1961-04-21,2024-10-22,Gomes do Amparo,PI,59187342014,True,65.0,538,*********14,l***@terra.com.br
846,Raul,Gomes,PF,71942993662,1959-12-31,2024-10-22,Sá,MA,26170938595,True,66.0,538,*********95,r***@hotmail.com
1266,Pietro,da Paz,PF,41942428559,2004-09-29,2024-10-23,Oliveira Alegre,MS,51078293414,True,21.0,537,*********14,p***@outlook.com
1327,Catarina,Mendonça,PF,51960158567,1975-06-20,2024-10-23,Garcia das Pedras,MG,42573618919,True,50.0,537,*********19,c***@bol.com.br
1564,Bárbara,,PF,21944322356,2004-01-09,2024-10-23,Azevedo,GO,70526398159,True,22.0,537,*********59,b***@outlook.com
2252,Liz,Mendonça,PF,+5561917068182,1978-01-18,2024-10-23,Pacheco do Sul,MS,40156937875,True,48.0,537,*********75,l***@hotmail.com
23,Eloah,Lima,PF,13956232805,2000-11-22,2024-10-23,Pereira de da Cruz,AP,17264093840,True,25.0,537,*********40,e***@uol.com.br
303,João Felipe,Cunha,PF,+5551937591022,1996-06-05,2024-10-23,da Conceição,PR,91756248346,True,29.0,537,*********46,a***@outlook.com
580,Alana,Aparecida,PF,(31) 93924-1221,1973-05-06,2024-10-23,da Costa,RR,74681035262,True,52.0,537,*********62,a***@bol.com.br
756,Olívia,Novais,PF,+5561992107483,,2024-10-23,Macedo da Serra,RN,16980243713,True,,537,*********13,o***@uol.com.br
1441,Marcos Vinicius,Mendonça,PF,(13) 95733-9659,1975-02-14,2024-10-24,Brito,MA,01562743961,True,51.0,536,*********61,m***@uol.com.br
1643,Vitor,da Costa,PF,(61) 95039-3324,1992-07-24,2024-10-24,Vasconcelos,GO,82176450353,True,33.0,536,*********53,v***@bol.com.br
1958,Fernanda,Peixoto,PF,,1964-02-24,2024-10-24,Moura da Mata,ES,83469021740,True,62.0,536,*********40,f***@gmail.com
290,Vieira Comércio e Atacado Ltda.,,PJ,13994215581,1977-12-11,2024-10-24,das Neves de Fonseca,GO,61974530000125,True,48.0,536,************25,v***@empresa.com.br
1249,Cecilia,Cavalcanti,PF,47954915224,1983-03-02,2024-10-25,Costela,RS,46102937813,True,43.0,535,*********13,c***@hotmail.com
2466,João Gabriel,Albuquerque,PF,61945677838,1959-03-12,2024-10-25,Pires,ES,17504389250,True,67.0,535,*********50,j***@hotmail.com
2965,Lavínia,Fernandes,PF,(51) 99257-7492,1967-03-05,2024-10-25,Moraes da Mata,RN,60743289196,True,59.0,535,*********96,l***@terra.com.br
423,Distribuidora Cardoso EPP,,PJ,47946691746,2002-06-25,2024-10-25,Pinto de Minas,MS,08793621000181,True,23.0,535,************81,d***@empresa.com.br
600,Castro Consultoria e Serviços ME,,PJ,47970949798,1989-12-13,2024-10-25,Moura de Teixeira,AP,85416290000101,True,36.0,535,************01,c***@comercio.net.br
1326,Felipe,Siqueira,PF,71992098653,1994-09-27,2024-10-26,Borges de Vieira,SC,24187695001,True,31.0,534,*********01,f***@hotmail.com
2789,Otávio,Aragão,PF,(13) 97724-8182,1989-04-17,2024-10-26,Pereira,PA,97846512382,True,37.0,534,*********82,o***@yahoo.com.br
818,Dom,Nascimento,PF,+5547957713561,1959-03-06,2024-10-26,Vargas de Goiás,AM,45983602160,True,67.0,534,*********60,d***@ig.com.br
94,João Felipe,Câmara,PF,51944936183,1989-01-03,2024-10-26,Aragão,SC,06791452307,True,37.0,534,*********07,j***@yahoo.com.br
1112,Brayan,Barros,PF,(21) 92820-9536,1963-04-03,2024-10-27,Aparecida da Mata,TO,98275630177,True,63.0,533,*********77,b***@terra.com.br
2166,Davi Lucas,,PF,61978187470,1989-08-20,2024-10-27,Barbosa do Amparo,PB,92135046752,True,36.0,533,*********52,d***@bol.com.br
238,Gustavo Henrique,Freitas,PF,31952396831,1981-01-07,2024-10-27,Moraes de Macedo,AC,62897350474,True,45.0,533,*********74,g***@terra.com.br
3244,Correia Informática e Atacado EI,,PJ,51923218033,1999-05-02,2024-10-27,Siqueira,SE,15748902000188,True,26.0,533,************88,c***@comercio.net.br
3272,Francisco,Almeida,PF,,1967-12-31,2024-10-27,Andrade de Albuquerque,SC,54197623070,True,58.0,533,*********70,f***@terra.com.br
1529,Antônio,Duarte,PF,21973426544,2003-11-10,2024-10-28,Cunha,MG,94123856098,True,22.0,532,*********98,a***@gmail.com
2123,Alice,Castro,PF,71963279402,1965-04-26,2024-10-28,Viana das Pedras,RN,23754601890,True,61.0,532,*********90,a***@uol.com.br
2340,Ravi,Castro,PF,(71) 95549-4342,1969-07-24,2024-10-28,Aparecida,RO,51469387093,True,56.0,532,*********93,r***@ig.com.br
2507,Otávio,Peixoto,PF,61948485377,1995-10-12,2024-10-28,Rodrigues,RO,65031827912,True,30.0,532,*********12,o***@outlook.com
3218,Ian,Carvalho,PF,+5521929863104,1956-06-07,2024-10-28,Rezende,RR,07582694392,True,69.0,532,*********92,i***@yahoo.com.br
3334,Mariah,Araújo,PF,61948892555,1979-01-10,2024-10-28,Duarte do Oeste,PI,23941086731,True,47.0,532,*********31,m***@hotmail.com
516,Emilly,Freitas,PF,11913995689,1965-03-16,2024-10-28,Ribeiro da Mata,MG,94125873097,True,61.0,532,*********97,e***@uol.com.br
130,Erick,Gonçalves,PF,(71) 97033-6198,1977-10-13,2024-10-29,Monteiro,AM,92685031405,True,48.0,531,*********05,e***@uol.com.br
1461,Isabella,Pires,PF,21971382777,,2024-10-29,Souza,RS,75683019230,True,,531,*********30,i***@gmail.com
2509,Renan,Casa Grande,PF,41975422758,1996-08-07,2024-10-29,Pereira,CE,65780329168,True,29.0,531,*********68,r***@outlook.com
2759,Maria Cecília,,PF,13932114621,1999-04-13,2024-10-30,Azevedo,AP,09421573625,True,27.0,530,*********25,m***@gmail.com
3122,Fernando,Moraes,PF,(51) 98222-8814,1980-01-21,2024-10-30,Novais,MG,71943280541,True,46.0,530,*********41,f***@bol.com.br
3147,Ravy,Moraes,PF,+5531980611556,1972-01-19,2024-10-30,Sampaio,MT,75914860202,True,54.0,530,*********02,r***@terra.com.br
3497,Raul,Cirino,PF,71947007532,,2024-10-30,Alves,AC,43026897140,True,,530,*********40,r***@uol.com.br
460,Ana Júlia,Pastor,PF,11971208683,1985-11-23,2024-10-30,Campos de Garcia,PI,07869124303,True,40.0,530,*********03,a***@yahoo.com.br
666,Isaque,Oliveira,PF,(11) 99042-5048,1993-03-23,2024-10-30,Guerra,MT,29640583189,True,33.0,530,*********89,i***@terra.com.br
1114,Luan,Barros,PF,41968432533,1989-07-30,2024-10-31,Ribeiro do Galho,PB,16035827462,True,36.0,529,*********62,l***@gmail.com
1298,Maria Júlia,Mendonça,PF,71992068914,1993-09-12,2024-11-01,Melo de Ferreira,ES,64813529089,True,32.0,528,*********89,m***@yahoo.com.br
1864,Luana,da Costa,PF,(71) 94406-6988,1976-09-18,2024-11-01,Cardoso de Guerra,PR,39217658030,True,49.0,528,*********30,l***@hotmail.com
2100,Luan,Camargo,PF,+5513944198556,1994-06-07,2024-11-01,Barbosa,BA,01483267571,True,31.0,528,*********71,l***@yahoo.com.br
262,Bella,Moreira,PF,+5571923266535,,2024-11-01,Rocha da Prata,TO,87635210912,True,,528,*********12,b***@uol.com.br
3150,Borges & Soares EIRELI,,PJ,(71) 97355-8378,1961-09-05,2024-11-01,Machado do Norte,MA,50162384000117,True,64.0,528,************17,b***@comercio.net.br
3465,Mariane,Souza,PF,(47) 99430-4853,2000-09-17,2024-11-02,Pires,PE,30892617403,True,25.0,527,*********03,m***@bol.com.br
1179,Ana Laura,Pinto,PF,(47) 98544-6622,,2024-11-03,Sousa de Viana,PR,17584926002,True,,526,*********02,a***@yahoo.com.br
2946,Benício,Duarte,PF,(47) 91965-7370,1973-05-20,2024-11-03,Barbosa,AC,05864213780,True,52.0,526,*********80,m***@bol.com.br
78,Ana Lívia,Ferreira,PF,+5551993592649,,2024-11-03,Sales,PI,09635478283,True,,526,*********83,a***@bol.com.br
2188,Oliveira & Teixeira ME,,PJ,+5551926343888,1980-09-08,2024-11-04,Melo,BA,21974038000135,True,45.0,525,************35,o***@empresa.com.br
852,Nathan,Campos,PF,+5547970942554,2005-12-26,2024-11-04,Montenegro,PI,97412538691,True,20.0,525,*********91,m***@bol.com.br
1000,Ana Julia,da Costa,PF,(71) 99945-6767,1958-08-20,2024-11-05,Monteiro das Flores,ES,37280196403,True,67.0,524,*********03,a***@uol.com.br
1014,João Felipe,Casa Grande,PF,71933885400,1991-10-15,2024-11-05,da Luz das Flores,RO,87095123497,True,34.0,524,*********97,j***@hotmail.com
635,Maria Luiza,Cavalcanti,PF,61955758990,1969-08-02,2024-11-05,das Neves das Flores,RS,68250349105,True,56.0,524,*********05,m***@yahoo.com.br
1358,Kamilly,da Costa,PF,41996259360,2002-12-08,2024-11-06,Sales de Goiás,PA,38129540797,True,23.0,523,*********97,k***@yahoo.com.br
1533,Stella,Barbosa,PF,+5521980833031,1994-12-29,2024-11-06,Cunha Alegre,CE,69715084249,True,31.0,523,*********49,s***@hotmail.com
1718,Juan,Macedo,PF,+5511938099713,1973-01-22,2024-11-06,Teixeira dos Dourados,RO,08251479649,True,53.0,523,*********49,j***@ig.com.br
2911,Distribuidora Pinto Ltda.,,PJ,+5521969038487,1987-03-25,2024-11-06,Camargo,AC,85072134000170,True,39.0,523,************70,d***@empresa.com.br
476,Gael Henrique,Aparecida,PF,+5531919073630,1998-11-21,2024-11-06,Moreira das Flores,MS,07634582956,True,27.0,523,*********56,g***@hotmail.com
702,Gomes & Associados EIRELI,,PJ,47973507427,1970-01-05,2024-11-06,Rezende,AM,76859042000144,True,56.0,523,************44,g***@empresa.com.br
3207,Lavínia,Caldeira,PF,+5521938765091,1963-04-08,2024-11-07,Monteiro,MA,97820543647,True,63.0,522,*********47,l***@bol.com.br
319,Erick,Albuquerque,PF,11919733415,1978-06-08,2024-11-08,Sales das Flores,TO,64579831209,True,47.0,521,*********09,e***@hotmail.com
834,Nicolas,Oliveira,PF,+5551917259178,1990-09-22,2024-11-08,Moreira das Pedras,PB,18243795600,True,35.0,521,*********00,n***@gmail.com
854,Helena,Viana,PF,(11) 95741-5490,1975-11-26,2024-11-08,Cardoso do Norte,PE,81430657901,True,50.0,521,*********01,h***@hotmail.com
883,Pedro Miguel,Casa Grande,PF,(31) 96030-5721,1987-03-19,2024-11-08,Aragão do Amparo,PE,02673491813,True,39.0,521,*********13,p***@outlook.com
1224,Gabrielly,Alves,PF,+5521949099577,1974-07-16,2024-11-09,Nogueira de Nogueira,AM,64823957164,True,51.0,520,*********64,g***@uol.com.br
2950,Elisa,Vargas,PF,,1961-06-17,2024-11-09,Rodrigues,MA,94581260701,True,64.0,520,*********01,e***@ig.com.br
2969,Pietro,Duarte,PF,(31) 96751-4691,1993-03-11,2024-11-09,Marques,MS,81625703902,True,33.0,520,*********02,p***@gmail.com
911,Vitor Gabriel,Alves,PF,47952264442,1976-07-12,2024-11-09,Pinto,PE,91075328659,True,49.0,520,*********59,v***@uol.com.br
1190,Raquel,Cardoso,PF,31975871402,1964-10-27,2024-11-10,Pacheco do Galho,GO,08376925121,True,61.0,519,*********21,c***@ig.com.br
1761,Laís,Ferreira,PF,,2001-10-07,2024-11-10,Pires de Novaes,AM,90163425752,True,24.0,519,*********52,l***@hotmail.com
2183,Rebeca,Araújo,PF,+5561940349009,1963-08-04,2024-11-10,Rios,GO,27543160862,True,62.0,519,*********62,h***@hotmail.com
2420,Silva & Sales EI,,PJ,61973063719,2007-06-21,2024-11-10,Viana do Norte,BA,90453728000161,True,18.0,519,************61,s***@empresa.com.br
3278,Gael,Silva,PF,,2006-03-22,2024-11-10,da Luz,PA,47186935001,True,20.0,519,*********01,g***@ig.com.br
711,Esther,Lopes,PF,11915977753,1992-01-12,2024-11-10,Peixoto,TO,70318695286,True,34.0,519,*********86,e***@bol.com.br
2676,Manuela,da Luz,PF,61936331068,1973-11-15,2024-11-12,Camargo,DF,79625801359,True,52.0,517,*********59,m***@ig.com.br
3162,Pinto Importadora e Serviços S.A.,,PJ,+5551948339100,,2024-11-12,Leão,DF,08625347000131,True,,517,************31,p***@empresa.com.br
383,Bento,Nascimento,PF,71927605866,,2024-11-12,Cavalcante,SE,62948503124,True,,517,*********24,b***@terra.com.br
693,Eduardo,Lopes,PF,+5561910463784,1980-02-01,2024-11-12,da Mota,MT,48235691051,True,46.0,517,*********51,e***@terra.com.br
748,Lucas,Rocha,PF,,1979-05-19,2024-11-12,Sá Alegre,PR,59372148628,True,46.0,517,*********28,l***@ig.com.br
1546,Nathan,Brito,PF,+5521963447454,1966-04-19,2024-11-13,da Luz,GO,30752489674,True,60.0,516,*********74,n***@outlook.com
2008,Ísis,Albuquerque,PF,47929572862,1978-12-18,2024-11-13,Oliveira,PE,90158726359,True,47.0,516,*********59,s***@outlook.com
2404,Nicolas,Monteiro,PF,(13) 97325-9294,2002-08-15,2024-11-13,Fernandes,DF,12365987095,True,23.0,516,*********95,n***@ig.com.br
3280,Sophie,Peixoto,PF,+5541964513558,1994-09-09,2024-11-13,Carvalho de Minas,ES,24860379500,True,31.0,516,*********00,s***@yahoo.com.br
346,Marcos Vinicius,da Costa,PF,+5531916708735,1999-12-06,2024-11-13,Cavalcanti do Sul,MT,32790861404,True,26.0,516,*********04,m***@yahoo.com.br
410,Distribuidora Jesus EI,,PJ,(13) 98797-4379,1987-12-11,2024-11-13,Freitas,ES,54790138000160,True,38.0,516,************60,d***@empresa.com.br
569,Davi Luiz,Pereira,PF,31998274148,1987-07-22,2024-11-13,Abreu,DF,74591028658,True,38.0,516,*********58,d***@hotmail.com
746,Valentina,Alves,PF,31978627447,1993-02-20,2024-11-13,Cassiano de Gonçalves,CE,36029857410,True,33.0,516,*********10,v***@terra.com.br
156,Sara,da Paz,PF,11932418614,1989-08-20,2024-11-14,Casa Grande de Vargas,SP,02194386505,True,36.0,515,*********05,s***@yahoo.com.br
2036,Stella,Fonseca,PF,+5541964046761,,2024-11-14,Vasconcelos,SP,65897320438,True,,515,*********38,s***@outlook.com
3069,Luiz Gustavo,Leão,PF,+5511939452883,1963-05-23,2024-11-14,Camargo,PE,32150974860,True,62.0,515,*********60,l***@gmail.com
1193,Gabrielly,Câmara,PF,21984953622,2007-01-28,2024-11-15,Alves,AM,03789142514,True,19.0,514,*********14,g***@gmail.com
2560,Oliveira & Associados S.A.,,PJ,(11) 97363-9365,,2024-11-15,da Cruz Alegre,ES,90874561000102,True,,514,************02,o***@comercio.net.br
2966,Heloísa,Aragão,PF,+5541926462416,,2024-11-15,Lopes de Goiás,SP,43185726090,True,,514,*********90,h***@uol.com.br
384,Emanuelly,Dias,PF,71936169030,1958-04-16,2024-11-15,Gonçalves do Galho,RN,38126407590,True,68.0,514,*********90,e***@uol.com.br
1742,Josué,Sampaio,PF,21910351810,1989-02-22,2024-11-16,Nunes de Costela,RN,27896510430,True,37.0,513,*********30,c***@ig.com.br
2975,Joaquim,Pimenta,PF,+5561921369011,1991-02-13,2024-11-16,Cirino,RS,79816042304,True,35.0,513,*********04,j***@outlook.com
480,Sabrina,Macedo,PF,(61) 98247-2838,,2024-11-16,Almeida,AC,86102754344,True,,513,*********44,s***@uol.com.br
986,Almeida & Associados S.A.,,PJ,+5571928649293,1993-04-02,2024-11-16,da Rocha,TO,18273490000165,True,33.0,513,************65,a***@comercio.net.br
1625,Lima Serviços e Consultoria EI,,PJ,(51) 93746-8129,1959-10-07,2024-11-17,Borges,MG,20956483000100,True,66.0,512,************00,l***@empresa.com.br
2131,Luiza,Lima,PF,+5513936707294,1969-09-05,2024-11-17,Pires,GO,34598621060,True,56.0,512,*********60,l***@bol.com.br
2673,Liam,Fonseca,PF,51925703323,,2024-11-17,Rodrigues da Serra,CE,97432650152,True,,512,*********52,l***@gmail.com
2817,Breno,Dias,PF,31971481889,,2024-11-17,da Paz de Minas,SP,42197856391,True,,512,*********91,b***@hotmail.com
1362,Anna Liz,Cardoso,PF,47981621736,1978-11-10,2024-11-18,Farias,MT,82467910369,True,47.0,511,*********69,a***@outlook.com
3214,Ana Julia,Vasconcelos,PF,13938501078,1986-03-25,2024-11-18,das Neves,SC,52740938683,True,40.0,511,*********83,a***@outlook.com
1790,Ester,Barros,PF,+5547930933108,1961-09-27,2024-11-19,da Mata,SC,97250163434,True,64.0,510,*********34,e***@outlook.com
2830,Lopes Consultoria e Sistemas S/S,,PJ,(11) 99687-4009,1956-07-02,2024-11-19,da Rosa,TO,24986357000159,True,69.0,510,************59,l***@comercio.net.br
3333,Maria Flor,Cunha,PF,(61) 91512-5257,2008-02-09,2024-11-19,Vieira de Costa,MA,93627105443,True,18.0,510,*********43,m***@ig.com.br
386,Luiz Henrique,Cunha,PF,13996958949,1961-05-10,2024-11-19,Montenegro,DF,58620139703,True,64.0,510,*********03,l***@terra.com.br
974,Thomas,,PF,41974754360,2007-05-11,2024-11-19,Moura das Flores,ES,18732605471,True,18.0,510,*********71,t***@terra.com.br
1214,Tecnologia Borges EI,,PJ,71968911982,1958-05-15,2024-11-20,Nascimento dos Dourados,MT,97153480000162,True,67.0,509,************62,t***@comercio.net.br
2824,Tecnologia Mendes EI,,PJ,31937998367,1973-01-19,2024-11-20,da Costa,MS,38461792000174,True,53.0,509,************74,t***@empresa.com.br
3080,Antony,Pacheco,PF,21977967197,1986-11-22,2024-11-20,Vieira,RR,10974365866,True,39.0,509,*********66,a***@terra.com.br
3109,Milena,Cavalcante,PF,11949965452,1970-08-10,2024-11-20,da Mota das Pedras,RJ,81376924528,True,55.0,509,*********28,m***@gmail.com
2604,Cauê,Nascimento,PF,+5571951989315,1994-08-24,2024-11-21,Porto do Campo,PR,48720359179,True,31.0,508,*********79,c***@bol.com.br
279,Laís,Cardoso,PF,(31) 95891-6820,1980-12-16,2024-11-21,Mendonça,SE,90381274640,True,45.0,508,*********40,l***@gmail.com
1664,Rodrigues Tecnologia e Serviços EPP,,PJ,+5571946019778,1960-11-09,2024-11-22,Sales,RN,01798256000159,True,65.0,507,************59,r***@empresa.com.br
1866,Eduardo,Ramos,PF,+5551947217155,1986-11-14,2024-11-22,Porto,RO,76483125062,True,39.0,507,*********62,e***@yahoo.com.br
230,Lucca,Pinto,PF,61958554777,1963-10-04,2024-11-22,Vasconcelos de Moreira,AL,83976241040,True,62.0,507,*********40,l***@uol.com.br
3281,Miranda & Costa ME,,PJ,(13) 96228-2379,1993-08-06,2024-11-22,Moreira,SE,94716023000140,True,32.0,507,************40,m***@empresa.com.br
563,Maitê,Castro,PF,+5531994905116,1958-04-27,2024-11-22,Novais de Siqueira,DF,08762349104,True,68.0,507,*********04,m***@ig.com.br
715,Melina,Cunha,PF,11988236386,,2024-11-22,Rios,DF,48793256191,True,,507,*********91,m***@bol.com.br
89,Maria Clara,Teixeira,PF,21947262318,1983-03-08,2024-11-22,Souza da Praia,BA,58492176067,True,43.0,507,*********67,m***@outlook.com
2121,Luara,Oliveira,PF,+5531988691452,1979-02-24,2024-11-23,Monteiro do Norte,RR,73982406510,True,47.0,506,*********10,l***@ig.com.br
1541,Levi,da Cruz,PF,(47) 95721-8415,1997-07-19,2024-11-24,Nunes,MG,04829753188,True,28.0,505,*********88,l***@outlook.com
1831,Bárbara,Santos,PF,+5531989016810,1989-07-18,2024-11-24,da Luz,RJ,04571268335,True,36.0,505,*********35,b***@ig.com.br
1971,Ian,da Paz,PF,+5521958927120,1958-05-01,2024-11-24,Fonseca,AM,09654218305,True,67.0,505,*********05,i***@yahoo.com.br
1337,Amanda,Lopes,PF,,1971-05-12,2024-11-25,Ribeiro da Prata,SP,86497350292,True,54.0,504,*********92,a***@uol.com.br
2002,Pietro,Dias,PF,(51) 93732-4172,1977-06-06,2024-11-25,Fernandes de Lopes,MT,48351907260,True,48.0,504,*********60,p***@yahoo.com.br
22,Informática Cardoso S/A,,PJ,+5547919508956,1969-11-18,2024-11-25,Rodrigues de da Cruz,SC,78139654000198,True,56.0,504,************98,i***@comercio.net.br
2286,Thales,Barbosa,PF,21947881919,1997-11-25,2024-11-25,Azevedo Alegre,ES,09465873101,True,28.0,504,*********01,t***@ig.com.br
3469,Ísis,Leão,PF,,2007-04-21,2024-11-25,Castro,SC,31826754946,True,18.0,504,*********46,s***@bol.com.br
445,Ana Vitória,Gomes,PF,51972208760,,2024-11-25,da Mata do Norte,ES,82730694510,True,,504,*********10,a***@hotmail.com
2160,Natália,da Mata,PF,41946815231,,2024-11-26,Pereira,RJ,56840312771,True,,503,*********71,n***@outlook.com
2300,Gonçalves & Correia S.A.,,PJ,(41) 92107-7163,1999-07-20,2024-11-26,da Costa de Cavalcante,TO,64193850000136,True,26.0,503,************36,g***@empresa.com.br
2442,Maria Flor,Pimenta,PF,+5521993523702,1962-01-10,2024-11-26,Siqueira,PR,07431265808,True,64.0,503,*********08,m***@terra.com.br
2491,Davi Lucas,Novaes,PF,21946775669,1973-05-27,2024-11-26,Cardoso,RS,64132078507,True,52.0,503,*********07,d***@yahoo.com.br
1354,Guerra & Miranda S/A,,PJ,(47) 93366-5556,2005-01-03,2024-11-27,Dias de Lima,PE,56439218000100,True,21.0,502,************00,g***@empresa.com.br
2347,Marcelo,Souza,PF,47922251271,1972-09-10,2024-11-27,Sá das Flores,CE,20974683574,True,53.0,502,*********74,m***@terra.com.br
2934,Vicente,Almeida,PF,21925638379,1999-01-12,2024-11-27,Cardoso,DF,14967538010,True,27.0,502,*********10,v***@yahoo.com.br
1200,Vinícius,da Cruz,PF,+5561935093800,2007-12-08,2024-11-29,Cirino,MT,81724065920,True,18.0,500,*********20,v***@gmail.com
2389,Maria Vitória,Costa,PF,(21) 96253-2702,1958-11-07,2024-11-29,Macedo da Serra,AL,83140765207,True,67.0,500,*********07,m***@gmail.com
3014,Cauê,Sales,PF,(13) 99468-7225,2007-09-07,2024-11-29,Pires,MS,67529304143,True,18.0,500,*********43,c***@gmail.com
3325,Carolina,Gomes,PF,21936806132,1964-01-07,2024-11-29,Freitas de Minas,MA,57902648329,True,62.0,500,*********29,c***@yahoo.com.br
354,Diogo,da Mata,PF,13985277044,1970-08-05,2024-11-29,Jesus,MT,42357068965,True,55.0,500,*********65,d***@terra.com.br
2283,Camargo & Associados S/A,,PJ,,1980-12-09,2024-11-30,Nascimento de Marques,RJ,32045798000184,True,45.0,499,************84,c***@comercio.net.br
2320,Maria Alice,da Mata,PF,(13) 97032-4601,1966-06-29,2024-11-30,Alves do Campo,PR,23098164506,True,59.0,499,*********06,m***@gmail.com
3307,Saraiva & Associados EIRELI,,PJ,11917225577,1958-10-14,2024-11-30,Souza,PA,54962183000155,True,67.0,499,************55,s***@empresa.com.br
3386,Maria Vitória,Sá,PF,+5521924457303,1962-06-11,2024-11-30,Carvalho da Praia,MS,54086197375,True,63.0,499,*********75,m***@gmail.com
401,Júlia,Silveira,PF,31959075206,1978-12-12,2024-11-30,Fernandes Alegre,MA,09734561243,True,47.0,499,*********43,j***@uol.com.br
993,Isabelly,Sousa,PF,(71) 97429-3050,,2024-11-30,Abreu,ES,35042987150,True,,499,*********50,i***@outlook.com
105,Gabriel,Cirino,PF,47938567196,1957-12-07,2024-12-01,Gomes,RR,40392187604,True,68.0,498,*********04,g***@uol.com.br
2850,Beatriz,Novaes,PF,61960268047,1982-01-31,2024-12-01,Novais,DF,02783956195,True,44.0,498,*********95,b***@gmail.com
56,Lunna,das Neves,PF,(51) 94961-6210,1958-06-21,2024-12-01,Oliveira de Mendonça,TO,23894071532,True,67.0,498,*********32,l***@terra.com.br
628,Pereira Consultoria e Importadora ME,,PJ,+5547941891152,1957-12-27,2024-12-01,da Mota,MA,21703958000119,True,68.0,498,************19,p***@comercio.net.br
858,Eduardo,da Rocha,PF,(11) 99768-1250,1969-08-22,2024-12-01,Pires de Rodrigues,CE,10628739478,True,56.0,498,*********78,e***@terra.com.br
992,Maitê,Lima,PF,(51) 98654-2598,1958-04-24,2024-12-01,Sá Alegre,MS,84675291058,True,68.0,498,*********58,m***@ig.com.br
1271,Luiz Otávio,Ferreira,PF,,,2024-12-02,Brito,SE,38126047950,True,,497,*********50,l***@yahoo.com.br
194,José Miguel,Rocha,PF,+5511988746431,2003-01-10,2024-12-02,Nunes,AP,43196527034,True,23.0,497,*********34,j***@uol.com.br
591,Vitória,Fernandes,PF,+5561961132760,1962-12-31,2024-12-02,Fernandes de Gonçalves,BA,04368527135,True,63.0,497,*********35,v***@yahoo.com.br
88,Liz,Correia,PF,(61) 94144-4188,1983-11-12,2024-12-02,Novaes do Galho,RJ,52489760300,True,42.0,497,*********00,l***@yahoo.com.br
148,Maria Isis,Monteiro,PF,41999914922,1981-01-22,2024-12-03,Leão,GO,91273684591,True,45.0,496,*********91,m***@outlook.com
1556,Calebe,Moura,PF,(31) 93390-8989,1983-02-11,2024-12-03,Caldeira,RS,81064395260,True,43.0,496,*********60,c***@uol.com.br
2305,Felipe,Leão,PF,+5541989132962,1992-06-20,2024-12-03,Barbosa da Serra,GO,72145398619,True,33.0,496,*********19,f***@yahoo.com.br
3316,Ana Laura,Azevedo,PF,+5541993582206,1975-07-02,2024-12-03,Teixeira de Minas,AC,52187039668,True,50.0,496,*********68,a***@terra.com.br
619,Danilo,da Luz,PF,+5551972275766,1996-12-14,2024-12-03,da Paz,TO,62483709583,True,29.0,496,*********83,d***@gmail.com
1593,Arthur Gabriel,da Mata,PF,47959304980,1977-11-12,2024-12-04,Carvalho do Sul,RJ,68109257321,True,48.0,495,*********21,a***@gmail.com
178,Thales,Peixoto,PF,(51) 91060-7225,1989-04-05,2024-12-04,Guerra Paulista,SC,20896713431,True,37.0,495,*********31,t***@bol.com.br
3262,Julia,Aparecida,PF,(51) 93629-2794,1988-05-13,2024-12-04,Cunha do Norte,TO,93810726478,True,37.0,495,*********78,j***@uol.con.br
566,Guerra & Associados S/A,,PJ,+5521963177073,1965-08-31,2024-12-04,Nunes do Campo,AM,31597260000110,True,60.0,495,************10,g***@comercio.net.br
1031,Luísa,Pires,PF,61965272685,1957-07-08,2024-12-05,Rocha da Mata,MG,68142370913,True,68.0,494,*********13,l***@uol.com.br
3357,Joana,Fogaça,PF,61971726658,1995-10-29,2024-12-05,Gonçalves Verde,AM,34826107978,True,30.0,494,*********78,j***@hotmail.com
1793,Lara,da Rocha,PF,(31) 93319-3404,1986-12-08,2024-12-06,Pastor do Campo,MS,69372540161,True,39.0,493,*********61,l***@outlook.com
2269,Manuela,Leão,PF,,2001-02-17,2024-12-06,Novaes dos Dourados,DF,10285436970,True,25.0,493,*********70,m***@bol.com.br
2927,Maria Clara,Abreu,PF,11954921727,1975-07-06,2024-12-06,Melo do Galho,RR,04231978603,True,50.0,493,*********03,m***@bol.com.br
398,Informática Camargo S/S,,PJ,(21) 98512-9507,1993-06-14,2024-12-06,Ferreira,RS,35269807000109,True,32.0,493,************09,i***@empresa.com.br
1618,José Pedro,Cavalcante,PF,+5571972656335,1958-08-05,2024-12-07,Vasconcelos,AL,10483592633,True,67.0,492,*********33,j***@outlook.com
2398,Catarina,Cavalcanti,PF,(47) 92344-4892,1956-06-04,2024-12-07,Vasconcelos do Campo,PB,98362407131,True,69.0,492,*********31,c***@uol.com.br
2728,Júlia,Costa,PF,+5571926695058,1957-12-13,2024-12-07,Duarte de da Cruz,MA,30815497601,True,68.0,492,*********01,j***@hotmail.com
2835,Carvalho Tecnologia e Informática EI,,PJ,+5547930755776,1983-11-23,2024-12-07,Pimenta,RJ,92657840000140,True,42.0,492,************40,c***@comercio.net.br
3321,Apollo,Camargo,PF,47992137944,1986-05-30,2024-12-07,Mendonça do Amparo,MA,38697024196,True,39.0,492,*********96,a***@terra.com.br
3423,Isabel,Barros,PF,+5513991419481,1991-09-17,2024-12-07,Cirino,MT,01237958423,True,34.0,492,*********23,i***@ig.com.br
1634,Liam,Mendonça,PF,(31) 94489-5819,1985-03-14,2024-12-08,Rios,DF,45830962160,True,41.0,491,*********60,l***@uol.com.br
2096,Josué,Peixoto,PF,+5551936555469,1990-07-22,2024-12-08,Machado de Castro,CE,05864197211,True,35.0,491,*********11,j***@outlook.com
2474,Theo,Pires,PF,+5561979261893,2002-05-20,2024-12-08,Costela do Galho,RJ,27069431813,True,23.0,491,*********13,t***@outlook.com
1624,Davi,Camargo,PF,+5561916204390,1963-08-17,2024-12-09,Guerra do Galho,RR,47619802304,True,62.0,490,*********04,d***@gmail.com
1867,Sophie,Macedo,PF,+5561949217926,1997-06-12,2024-12-09,Cirino de Goiás,ES,95871236030,True,28.0,490,*********30,s***@uol.com.br
2554,Ana Carolina,Freitas,PF,+5571999141422,2000-11-04,2024-12-09,Aparecida,SP,59418362015,True,25.0,490,*********15,a***@ig.com.br
2576,Igor,Cassiano,PF,+5571937026522,2000-10-28,2024-12-09,Monteiro,MA,39075148666,True,25.0,490,*********66,i***@hotmail.com
2660,Davi,Silva,PF,(47) 99374-5909,1958-03-02,2024-12-09,da Cunha,SC,61423980778,True,68.0,490,*********78,h***@yahoo.com.br
2687,Giovanna,Cardoso,PF,+5513998442667,1996-12-20,2024-12-09,Fogaça do Campo,AL,53972860102,True,29.0,490,*********02,g***@yahoo.com.br
3135,Sofia,Casa Grande,PF,(11) 97432-5742,1988-10-19,2024-12-09,Pastor,RN,70548932123,True,37.0,490,*********23,s***@bol.com.br
539,Liam,Carvalho,PF,+5511981822176,1958-10-19,2024-12-09,Castro,BA,26573148991,True,67.0,490,*********91,l***@outlook.com
1285,Luiza,da Costa,PF,(71) 96909-5076,,2024-12-10,Teixeira das Flores,RO,57643891001,True,,489,*********01,l***@bol.com.br
1294,Evelyn,Borges,PF,+5541962125912,1970-05-03,2024-12-10,Farias do Sul,RS,97410526858,True,55.0,489,*********58,e***@outlook.com
1522,Vitor Hugo,Rocha,PF,(61) 91894-3896,1974-05-03,2024-12-10,Aragão,SC,29051768494,True,51.0,489,*********94,v***@outlook.com
1712,Ester,Moura,PF,41959458383,1981-09-08,2024-12-10,Pereira,TO,85062973112,True,44.0,489,*********12,e***@uol.com.br
181,Anna Liz,Pereira,PF,(71) 92825-3781,1970-05-09,2024-12-10,Brito,PE,35419762846,True,55.0,489,*********46,a***@hotmail.com
2698,João Pedro,Gonçalves,PF,(41) 91263-5864,1988-11-29,2024-12-10,Pereira,SC,76538901212,True,37.0,489,*********12,l***@outlook.com
1395,Kamilly,Brito,PF,11953315355,1963-07-09,2024-12-11,Melo Alegre,PE,92718356464,True,62.0,488,*********64,k***@gmail.com
1566,Sofia,Rodrigues,PF,+5531970326775,1985-12-31,2024-12-11,Costa da Praia,ES,78560439110,True,40.0,488,*********10,s***@ig.com.br
1984,Pedro Henrique,Moraes,PF,+5531993107115,1999-07-22,2024-12-11,da Luz,RN,58769320195,True,26.0,488,*********95,p***@gmail.com
1430,Henrique,Guerra,PF,,,2024-12-12,Farias,TO,31469072831,True,,487,*********31,h***@outlook.com
2410,Marcela,Dias,PF,47991383557,2002-10-07,2024-12-12,Lopes do Sul,PB,40368971520,True,23.0,487,*********20,m***@uol.com.br
247,Maria,da Mota,PF,(47) 97917-7932,1980-08-31,2024-12-12,Santos,PI,25349680765,True,45.0,487,*********65,m***@hotmail.com
2493,Maria Luiza,Pinto,PF,(21) 98988-4749,,2024-12-12,Aragão de Correia,PB,80742153932,True,,487,*********32,m***@bol.com.br
204,Clarice,Jesus,PF,(11) 99314-6787,1973-03-16,2024-12-13,Rios de Lopes,MA,64829310570,True,53.0,486,*********70,c***@gmail.com
2385,Joana,Ramos,PF,+5531950246539,,2024-12-13,Dias,PA,80917563484,True,,486,*********84,j***@uol.com.br
2818,Leandro,Brito,PF,(51) 93439-9260,1981-09-18,2024-12-13,Pastor de Lima,PA,19243785664,True,44.0,486,*********64,l***@uol.com.br
2846,Maria Júlia,Pinto,PF,+5521939642993,1956-07-06,2024-12-13,da Cruz,MT,20945187360,True,69.0,486,*********60,m***@gmail.com
3459,Rafaela,Nunes,PF,(13) 99891-8283,1971-01-08,2024-12-13,Garcia,RJ,27456819319,True,55.0,486,*********19,r***@outlook.com
1810,Maysa,Cunha,PF,51920459128,1969-03-26,2024-12-14,Gomes de Costela,ES,48952160711,True,57.0,485,*********11,m***@yahoo.com.br
2400,Júlia,Pimenta,PF,(51) 97104-9452,1968-08-08,2024-12-14,Duarte,MS,81753926491,True,57.0,485,*********91,j***@hotmail.com
311,André,Ramos,PF,+5561996469625,1984-11-24,2024-12-14,Fonseca,SC,58079423105,True,41.0,485,*********05,a***@hotmail.com
140,Murilo,Ribeiro,PF,+5547964593810,1983-08-02,2024-12-15,Moreira Verde,MG,59802176303,True,42.0,484,*********03,m***@bol.com.br
1105,Informática Fernandes EIRELI,,PJ,+5511930524345,1993-02-24,2024-12-16,Mendes,PR,46983275000193,True,33.0,483,************93,i***@empresa.com.br
1250,Ana Sophia,da Mota,PF,(71) 91155-5400,,2024-12-16,Fonseca da Mata,AC,78291036403,True,,483,*********03,a***@gmail.com
245,Maria Luísa,Fogaça,PF,+5571975051901,1985-08-10,2024-12-16,Costela,MS,41069825360,True,40.0,483,*********60,m***@yahoo.com.br
1030,Sabrina,Fernandes,PF,47958096963,1999-11-06,2024-12-17,Teixeira,AP,76051948201,True,26.0,482,*********01,s***@gmail.com
2035,Moraes & Oliveira S.A.,,PJ,+5531956685244,1965-02-14,2024-12-17,Nunes Grande,ES,50369784000106,True,61.0,482,************06,m***@comercio.net.br
2336,Maria Flor,Mendonça,PF,+5521963559203,1998-07-06,2024-12-17,Nogueira,PE,34562987065,True,27.0,482,*********65,m***@yahoo.com.br
1072,Eduarda,Pinto,PF,,2001-11-23,2024-12-18,Silva de Costela,MA,16534087235,True,24.0,481,*********35,e***@uol.com.br
1428,Antonella,Cardoso,PF,51991272951,,2024-12-18,da Costa,PE,13679052812,True,,481,*********12,a***@gmail.com
1508,Maria Fernanda,Nogueira,PF,13943057548,1974-01-12,2024-12-18,Nascimento,AM,60452713943,True,52.0,481,*********43,m***@terra.com.br
1771,Laís,Guerra,PF,41942052248,1988-02-14,2024-12-18,Abreu das Pedras,AL,37824690113,True,38.0,481,*********13,l***@hotmail.com
2055,Ester,Fernandes,PF,(13) 91202-8094,1999-06-09,2024-12-18,Porto,RR,25038167977,True,26.0,481,*********77,e***@yahoo.com.br
233,Luiz Henrique,Martins,PF,(61) 98812-7009,1997-08-23,2024-12-18,Cirino,PI,30476251826,True,28.0,481,*********26,l***@outlook.com
2704,Rodrigo,da Costa,PF,71918333423,1969-10-25,2024-12-18,Porto de Nascimento,SC,36271854044,True,56.0,481,*********44,r***@uol.com.br
3263,Pedro,da Cruz,PF,(21) 92734-9927,1961-04-28,2024-12-18,da Mota do Galho,RR,45921087360,True,65.0,481,*********60,p***@yahoo.com.br
442,Ana Liz,Barbosa,PF,13991429852,,2024-12-18,Viana de Duarte,SC,69758024167,True,,481,*********67,a***@bol.com.br
632,Isadora,Pinto,PF,(31) 97353-7018,2003-01-21,2024-12-18,Mendonça,RR,96482307574,True,23.0,481,*********74,i***@outlook.com
66,Diego,Porto,PF,,1995-04-12,2024-12-18,Novaes,TO,84160293506,True,31.0,481,*********06,d***@bol.com.br
1135,Gael,Pimenta,PF,61926119363,1960-01-24,2024-12-19,Jesus da Serra,MA,86421570976,True,66.0,480,*********76,g***@outlook.com
1540,Allana,Azevedo,PF,+5561967849876,1991-12-30,2024-12-19,Silva de Câmara,RR,64279130850,True,34.0,480,*********50,a***@gmail.com
1729,Ana Julia,Lopes,PF,+5561941226872,1991-07-21,2024-12-19,da Cunha,TO,75914862337,True,34.0,480,*********37,a***@terra.com.br
2296,Sophie,Fogaça,PF,(41) 93722-7510,2002-05-08,2024-12-19,Sousa,PI,45901273850,True,23.0,480,*********50,s***@yahoo.com.br
255,Valentina,Cardoso,PF,(13) 98306-3961,1974-04-19,2024-12-19,Souza do Sul,AC,40763159280,True,52.0,480,*********80,v***@gmail.com
3282,Daniela,Alves,PF,(51) 99543-7221,1972-11-24,2024-12-19,Alves,PR,36851204924,True,53.0,480,*********24,d***@terra.com.br
1494,Fernando,Novais,PF,(61) 92270-2220,1958-10-20,2024-12-20,Nunes da Praia,RN,90684275120,True,67.0,479,*********20,f***@yahoo.com.br
1685,Catarina,da Paz,PF,+5541977193523,1979-01-26,2024-12-20,Silva de da Luz,AC,54671809320,True,47.0,479,*********20,c***@hotmail.com
2492,Maitê,Porto,PF,(47) 92886-1490,,2024-12-20,Martins,DF,56489103206,True,,479,*********06,m***@outlook.com
2861,Duarte & Fernandes EI,,PJ,(41) 97748-4807,,2024-12-20,Pereira do Amparo,SE,04536271000117,True,,479,************17,d***@empresa.com.br
3121,Gabriela,Rodrigues,PF,+5521945127997,2004-10-09,2024-12-20,Rocha,PE,29563148746,True,21.0,479,*********46,g***@ig.com.br
109,Noah,Costa,PF,71935663186,1977-04-25,2024-12-21,da Conceição da Mata,GO,28593641709,True,49.0,478,*********09,n***@terra.com.br
1148,Machado & Associados S/S,,PJ,11992007935,1958-08-31,2024-12-21,Castro,AL,45109268000102,True,67.0,478,************02,m***@comercio.net.br
2231,Caio,Cardoso,PF,(51) 99717-3744,,2024-12-21,Teixeira da Praia,PE,16245739837,True,,478,*********37,c***@yahoo.com.br
272,Pietra,da Paz,PF,+5571958237697,1991-03-11,2024-12-21,Machado,AM,47293506856,True,35.0,478,*********56,p***@bol.com.br
3196,Sara,Câmara,PF,71915805453,1960-10-31,2024-12-21,Correia,AM,63784950256,True,65.0,478,*********56,s***@outlook.com
70,Leandro,Fernandes,PF,51944744340,1978-09-07,2024-12-21,Freitas,MA,28965704383,True,47.0,478,*********83,l***@gmail.com
1944,Vieira Sistemas e Serviços ME,,PJ,47993844058,1967-07-11,2024-12-22,Casa Grande de da Cunha,RO,32708941000170,True,58.0,477,************70,v***@empresa.com.br
2266,Dante,Carvalho,PF,+5551956641395,2000-04-07,2024-12-22,Aparecida do Galho,AL,36197508230,True,26.0,477,*********30,d***@bol.com.br
2849,Oliver,Barros,PF,13934561096,1972-03-15,2024-12-22,Caldeira de Gonçalves,SE,64539028774,True,54.0,477,*********74,o***@outlook.com
3233,Pedro,,PF,41943015266,1987-07-06,2024-12-22,Pacheco Verde,PA,91520746334,True,38.0,477,*********34,p***@hotmail.com
980,Brayan,Carvalho,PF,+5521990252033,1961-06-20,2024-12-22,Viana de Barbosa,PB,46532790125,True,64.0,477,*********25,a***@outlook.com
1534,Isabel,Mendes,PF,,1990-02-05,2024-12-23,Rodrigues da Prata,MA,13250874671,True,36.0,476,*********71,i***@terra.com.br
1687,Ana Beatriz,Melo,PF,(61) 94538-7952,1969-02-12,2024-12-23,Dias de Campos,MA,07432198640,True,57.0,476,*********40,a***@uol.com.br
1692,Isabel,Cavalcanti,PF,+5521911235027,1956-06-09,2024-12-23,Souza de Minas,ES,20536478929,True,69.0,476,*********29,i***@bol.com.br
2697,Distribuidora Garcia S.A.,,PJ,51913076771,,2024-12-23,Souza,PI,54380127000102,True,,476,************02,d***@empresa.com.br
285,Ana Cecília,Peixoto,PF,31969184465,1989-12-23,2024-12-23,da Mata de Cavalcanti,RO,90238516768,True,36.0,476,*********68,a***@ig.com.br
800,Sofia,Sá,PF,+5511918381541,2005-09-11,2024-12-23,Barros,BA,83425716964,True,20.0,476,*********64,s***@ig.com.br
1261,Otávio,Brito,PF,11993986904,1998-04-04,2024-12-24,Costa de Rezende,MA,75064139810,True,28.0,475,*********10,o***@gmail.com
1397,José Miguel,Guerra,PF,11963254700,1997-01-16,2024-12-24,Moura de Minas,AC,75820643135,True,29.0,475,*********35,j***@ig.com.br
1580,Pinheiro & Associados ME,,PJ,11952076108,1999-12-15,2024-12-24,Moraes,AL,07138962000150,True,26.0,475,************50,p***@empresa.com.br
264,Costa Importadora e Sistemas S.A.,,PJ,(41) 99596-4040,1998-08-09,2024-12-24,Fernandes de Peixoto,RR,50192876000155,True,27.0,475,************55,c***@empresa.com.br
3027,Elisa,Gomes,PF,47982707596,1983-06-26,2024-12-24,Andrade de Ribeiro,GO,12958340732,True,42.0,475,*********32,e***@yahoo.com.br
68,Benício,da Cunha,PF,51971081113,1984-09-30,2024-12-24,da Luz,MA,51893074684,True,41.0,475,*********84,b***@yahoo.com.br
698,Ana Carolina,Caldeira,PF,11914173642,1966-01-22,2024-12-24,da Paz de Leão,DF,03219678440,True,60.0,475,*********40,a***@outlook.com
1241,Emanuelly,Castro,PF,(21) 93333-4682,1966-10-11,2024-12-25,Pereira da Serra,SC,27043568900,True,59.0,474,*********00,e***@gmail.com
1689,Matteo,Ramos,PF,11978625214,1967-12-18,2024-12-25,Fonseca de Teixeira,MA,48037192504,True,58.0,474,*********04,m***@outlook.com
1748,Maria Laura,Moura,PF,+5571942023885,2001-03-13,2024-12-25,Vieira,MT,53271846090,True,25.0,474,*********90,m***@bol.com.br
2795,Ana Beatriz,Vasconcelos,PF,47985678390,,2024-12-25,Nascimento de Siqueira,RJ,72630415961,True,,474,*********61,a***@terra.com.br
327,Heloísa,da Mota,PF,(61) 95166-7076,1994-11-30,2024-12-25,Freitas do Amparo,MT,18754290341,True,31.0,474,*********41,h***@yahoo.com.br
1727,Benjamim,Vasconcelos,PF,+5531979285175,2000-11-22,2024-12-26,Rocha,RN,84056731993,True,25.0,473,*********93,b***@gmail.com
2016,Elisa,Garcia,PF,(31) 93267-3899,,2024-12-26,Cardoso,DF,57042896300,True,,473,*********00,e***@hotmail.com
293,Yago,Borges,PF,47927138541,1990-09-17,2024-12-26,Moura Paulista,PR,21940375860,True,35.0,473,*********60,y***@terra.com.br
3033,Alícia,Correia,PF,(47) 97474-2964,2004-01-26,2024-12-26,Camargo,MG,60925431842,True,22.0,473,*********42,a***@uol.com.br
3043,Luiza,Correia,PF,+5541977762435,2002-07-02,2024-12-26,Nunes,AP,49650123806,True,23.0,473,*********06,l***@terra.com.br
1083,Ryan,Pereira,PF,(21) 92919-5316,,2024-12-27,Silva,RR,15307698259,True,,472,*********59,r***@gmail.com
1844,Asafe,Casa Grande,PF,47971184074,1993-09-26,2024-12-27,Monteiro Alegre,RJ,76305892474,True,32.0,472,*********74,a***@hotmail.com
2583,Bento,da Cunha,PF,13981064440,1994-12-07,2024-12-27,Correia,RJ,16825043790,True,31.0,472,*********90,b***@yahoo.com.br
2858,Ravy,Jesus,PF,41917459596,2002-10-07,2024-12-27,Lima de Fonseca,MA,15732680977,True,23.0,472,*********77,r***@gmail.com
3204,Lunna,Pimenta,PF,,1985-09-25,2024-12-27,Ribeiro,SC,73146925800,True,40.0,472,*********00,a***@gmail.com
572,Gael,Macedo,PF,(41) 92303-5839,1958-05-15,2024-12-27,Cassiano,RJ,64937150839,True,67.0,472,*********39,g***@gmail.com
1619,Alexandre,Freitas,PF,31965098583,,2024-12-28,Oliveira,MG,74926051370,True,,471,*********70,a***@gmail.com
2053,Agatha,Dias,PF,21987504786,1967-08-06,2024-12-28,Lima do Campo,PI,82705941649,True,58.0,471,*********49,a***@bol.com.br
2461,João Lucas,Farias,PF,+5513981306346,1963-12-26,2024-12-28,Moreira de Martins,PE,57046392161,True,62.0,471,*********61,j***@outlook.com
3131,Fonseca Importadora e Distribuidora ME,,PJ,+5541928773190,1987-07-07,2024-12-28,Sá,PE,38204156000167,True,38.0,471,************67,f***@empresa.com.br
135,Vitor,Caldeira,PF,(61) 97800-1478,1995-04-26,2024-12-29,Almeida,RR,19765208430,True,30.0,470,*********30,v***@ig.com.br
1651,Cardoso & Freitas EI,,PJ,41941842828,,2024-12-29,Aparecida de Sousa,RN,95172836000180,True,,470,************80,c***@empresa.com.br
1661,Vitor,Campos,PF,+5541976702480,1981-02-12,2024-12-29,da Cunha Grande,MA,52076389121,True,45.0,470,*********21,v***@outlook.com
192,Importadora Andrade ME,,PJ,11973995754,1962-01-28,2024-12-29,Pacheco do Galho,SP,63549720000120,True,64.0,470,************20,i***@comercio.net.br
2354,Joaquim,Guerra,PF,(21) 97979-8839,,2024-12-29,Jesus da Serra,AM,26534190761,True,,470,*********61,j***@terra.com.br
2973,Marcelo,Andrade,PF,+5541947847513,1994-05-09,2024-12-29,Fogaça,RO,91256034851,True,31.0,470,*********51,m***@ig.com.br
3152,Clarice,Garcia,PF,(31) 95877-1922,1963-09-11,2024-12-29,Oliveira dos Dourados,MA,38621057921,True,62.0,470,*********21,c***@terra.com.br
3235,Soares Importadora e Informática S.A.,,PJ,+5531934657204,1958-01-06,2024-12-29,Peixoto,BA,92710684000133,True,68.0,470,************33,s***@empresa.com.br
683,Cardoso & Associados EI,,PJ,+5521973161624,1971-09-21,2024-12-29,Fonseca do Sul,AC,06794215000108,True,54.0,470,************08,c***@comercio.net.br
1062,Cardoso & Lopes EPP,,PJ,(13) 91874-4641,1992-01-19,2024-12-30,da Rocha,MG,25014689000134,True,34.0,469,************34,c***@empresa.com.br
1075,Lucas,da Mota,PF,+5541938644023,1969-09-10,2024-12-30,Brito Grande,RO,29805164730,True,56.0,469,*********30,l***@yahoo.com.br
1421,Julia,Fonseca,PF,+5513994538940,1970-12-24,2024-12-30,Campos,MG,92370685140,True,55.0,469,*********40,j***@uol.com.br
2012,Mirella,Cirino,PF,(13) 96750-4438,1961-10-14,2024-12-30,Camargo do Norte,RN,80164397566,True,64.0,469,*********66,m***@outlook.com
208,Rafaela,,PF,(71) 96323-8858,1995-06-07,2024-12-30,Abreu,BA,24950816730,True,30.0,469,*********30,r***@hotmail.com
3296,Eloá,Alves,PF,+5561999409247,,2024-12-30,Farias do Campo,PB,29370156895,True,,469,*********95,e***@terra.com.br
397,Maysa,da Mata,PF,11950343580,1975-10-07,2024-12-30,Moura do Sul,PE,50123968470,True,50.0,469,*********70,m***@yahoo.com.br
837,Guilherme,Ribeiro,PF,41986494959,1971-03-11,2024-12-30,Costa,RS,95678214020,True,55.0,469,*********20,g***@outlook.com
952,Liz,Macedo,PF,+5511962315830,1968-11-11,2024-12-30,Rios,ES,56174239837,True,57.0,469,*********37,l***@gmail.com
1510,Maya,Cirino,PF,+5571976391932,1963-02-19,2024-12-31,Melo da Serra,AC,56421807380,True,63.0,468,*********80,m***@yahoo.com.br
1897,Guerra & Associados S/A,,PJ,(51) 97365-3070,1969-05-17,2024-12-31,Caldeira Grande,PE,35074896000138,True,56.0,468,************38,g***@comercio.net.br
2054,Vasconcelos & Fonseca Ltda.,,PJ,+5551991172531,1967-05-15,2024-12-31,das Neves do Oeste,BA,06278135000108,True,58.0,468,************08,v***@empresa.com.br
2671,Mariane,Rocha,PF,+5561968048357,1997-02-24,2024-12-31,Dias,RJ,59263147809,True,29.0,468,*********09,m***@ig.com.br
2766,André,Martins,PF,+5531915919165,1997-12-31,2024-12-31,Castro,TO,86015349298,True,28.0,468,*********98,a***@uol.com.br
806,Davi Lucas,da Paz,PF,(71) 92268-1025,1960-10-24,2024-12-31,da Luz,AL,75184263071,True,65.0,468,*********71,d***@terra.com.br
853,Heitor,Sá,PF,+5551919746277,1971-07-14,2024-12-31,Martins Verde,SE,67035418253,True,54.0,468,*********53,h***@yahoo.con.br
1364,Heloísa,Pires,PF,+5571991853521,1992-01-11,2025-01-01,Montenegro do Norte,PB,82047359104,True,34.0,467,*********04,h***@hotmail.com
2844,Stella,Silva,PF,13955961746,1965-06-12,2025-01-01,Souza Paulista,PR,17362480571,True,60.0,467,*********71,s***@uol.com.br
3206,Sara,Pacheco,PF,,2006-02-10,2025-01-01,Costela do Sul,SC,29163057859,True,20.0,467,*********59,s***@ig.com.br
567,Isaac,Pacheco,PF,,1984-07-31,2025-01-01,Leão,CE,52140763980,True,41.0,467,*********80,i***@bol.com.br
134,Melina,Pinto,PF,21981756781,2005-05-28,2025-01-02,Barros de Goiás,RJ,41830957600,True,20.0,466,*********00,m***@uol.com.br
1443,Maria Fernanda,Fernandes,PF,+5513998034261,1993-06-27,2025-01-02,Abreu,MA,51364097206,True,32.0,466,*********06,m***@hotmail.com
2912,Valentim,Moraes,PF,11986398059,,2025-01-02,Garcia do Campo,BA,67901582430,True,,466,*********30,v***@bol.com.br
3039,Nicolas,Araújo,PF,+5551984097828,1962-11-21,2025-01-02,Correia,MG,60192845306,True,63.0,466,*********06,n***@gmail.com
1406,Eduardo,Almeida,PF,+5571947198802,1987-08-11,2025-01-03,Pastor,MS,69048135710,True,38.0,465,*********10,e***@uol.com.br
164,Leandro,da Rocha,PF,21949085040,1963-07-19,2025-01-03,Fogaça de Azevedo,SE,79805231488,True,62.0,465,*********88,e***@yahoo.com.br
3178,Yan,Correia,PF,(61) 99781-1150,1979-01-17,2025-01-03,Pinto do Norte,AC,58216039786,True,47.0,465,*********86,y***@yahoo.com.br
496,Luan,da Costa,PF,(51) 93497-8708,1996-10-22,2025-01-03,Rocha Paulista,AC,13458670939,True,29.0,465,*********39,l***@gmail.com
1346,Cauã,da Paz,PF,+5571964613173,1996-01-11,2025-01-04,Pinto Grande,MS,46571980339,True,30.0,464,*********39,c***@hotmail.com
1565,Felipe,Camargo,PF,(71) 96002-7094,1974-03-14,2025-01-04,Guerra,PB,42915307652,True,52.0,464,*********52,f***@gmail.com
1938,Rael,da Cruz,PF,+5571962325495,1978-06-25,2025-01-04,Nascimento do Amparo,MG,31596287012,True,47.0,464,*********12,r***@bol.com.br
2155,Arthur,Azevedo,PF,,1985-04-26,2025-01-04,Aparecida do Campo,RN,05129837479,True,40.0,464,*********79,a***@ig.com.br
3118,Pedro,da Cruz,PF,31999337205,1960-03-08,2025-01-04,Machado de Pereira,DF,82469310750,True,66.0,464,*********50,p***@bol.com.br
3157,Antony,Abreu,PF,61926563576,1964-01-29,2025-01-04,Porto de Moraes,GO,95760382438,True,62.0,464,*********38,a***@hotmail.com
342,Correia Comércio e Informática Ltda.,,PJ,+5561955838917,,2025-01-04,Ferreira,AC,17546029000176,True,,464,************76,c***@empresa.con.br
762,Enzo,Siqueira,PF,21942947971,1965-07-10,2025-01-04,Novais,PE,08945721649,True,60.0,464,*********49,e***@yahoo.com.br
2371,Camila,Monteiro,PF,61980701545,1999-12-24,2025-01-05,Barbosa,PB,20764951858,True,26.0,463,*********58,c***@terra.com.br
766,Maya,Rezende,PF,+5561964916585,1991-01-17,2025-01-05,Aragão do Oeste,CE,49610827322,True,35.0,463,*********22,m***@yahoo.com.br
1590,Yago,Cirino,PF,+5561963538777,,2025-01-06,Leão,RO,04291537670,True,,462,*********70,y***@yahoo.com.br
160,Sophia,Leão,PF,71935296160,1962-09-08,2025-01-06,Barbosa,PB,12967548391,True,63.0,462,*********91,s***@terra.com.br
2538,Fernando,Farias,PF,(71) 91129-7429,1986-12-22,2025-01-06,Sousa de Guerra,CE,32418750671,True,39.0,462,*********71,f***@terra.com.br
1741,Mariah,Campos,PF,(31) 94632-6997,2007-12-28,2025-01-07,Lopes de Leão,RR,79540612306,True,18.0,461,*********06,m***@uol.com.br
2574,Clara,Sousa,PF,,1968-07-07,2025-01-07,Campos,CE,98736520195,True,57.0,461,*********95,e***@gmail.com
3460,Maria Alice,Nogueira,PF,47946188238,1984-06-21,2025-01-07,Alves,AP,26817490340,True,41.0,461,*********40,m***@outlook.com
1040,Moraes Consultoria e Serviços ME,,PJ,+5511941821745,1964-03-08,2025-01-08,Vasconcelos das Flores,RS,15248607000162,True,62.0,460,************62,m***@comercio.net.br
1895,Gustavo Henrique,Albuquerque,PF,(41) 97040-1192,1973-07-28,2025-01-08,da Conceição do Amparo,PR,39514028732,True,52.0,460,*********32,g***@terra.com.br
2376,Maya,Porto,PF,13938331942,,2025-01-08,Moreira Verde,RN,75830649101,True,,460,*********01,m***@gmail.com
2579,Pedro,Macedo,PF,+5561967809275,1966-07-13,2025-01-08,Gomes,AP,53914067810,True,59.0,460,*********10,p***@hotmail.com
779,José,Ferreira,PF,+5541954192185,1985-09-07,2025-01-08,Ribeiro da Mata,PI,19623754043,True,40.0,460,*********43,j***@outlook.com
1136,Natália,Lopes,PF,+5551912002192,1985-03-14,2025-01-09,Montenegro do Campo,PB,42960387538,True,41.0,459,*********38,n***@ig.com.br
1471,Marcela,Carvalho,PF,+5521973967193,1987-06-21,2025-01-09,Mendonça de Vieira,AP,47209683500,True,38.0,459,*********00,m***@uol.com.br
1728,Bryan,Abreu,PF,+5541924217084,1980-12-17,2025-01-09,Guerra de Siqueira,BA,51079482350,True,45.0,459,*********50,b***@gmail.com
2207,Erick,Viana,PF,(61) 98359-1026,1960-03-11,2025-01-09,da Mata,RS,95324816728,True,66.0,459,*********28,e***@ig.con.br
2757,Augusto,da Mota,PF,+5547979239469,1976-03-16,2025-01-09,Viana,SE,04235896105,True,50.0,459,*********05,a***@terra.com.br
3062,Emanuelly,das Neves,PF,21914984498,2004-01-24,2025-01-09,Campos,SE,27684503162,True,22.0,459,*********62,e***@yahoo.com.br
3397,Pedro,Leão,PF,(11) 94525-6874,1964-03-08,2025-01-09,Aparecida do Norte,RO,01378452607,True,62.0,459,*********07,p***@gmail.com
3400,Bárbara,da Cruz,PF,,2005-03-17,2025-01-09,da Mota das Flores,PR,34291768591,True,21.0,459,*********91,b***@bol.com.br
537,Evelyn,Souza,PF,(11) 97662-8528,1990-06-21,2025-01-09,Santos,AP,06382475190,True,35.0,459,*********90,e***@gmail.com
621,Sabrina,Duarte,PF,41993463653,1969-01-14,2025-01-09,Costela,GO,87465312035,True,57.0,459,*********35,s***@ig.com.br
958,Ana Cecília,Cardoso,PF,+5551921659213,1990-09-09,2025-01-09,Fonseca de Casa Grande,SC,08435716910,True,35.0,459,*********10,a***@yahoo.com.br
3494,Cauã,Abreu,PF,51917929505,,2025-01-10,Novaes,SC,38146725937,True,,458,*********37,a***@hotmail.com
35,Luiz Fernando,Pires,PF,+5561912606929,1994-08-04,2025-01-10,da Paz dos Dourados,AC,70418295379,True,31.0,458,*********79,l***@hotmail.com
822,Sofia,Aragão,PF,(31) 96617-1866,1977-04-21,2025-01-10,Lima,RR,53891026498,True,49.0,458,*********98,s***@gmail.com
833,Maria Eduarda,Machado,PF,51914938956,1984-08-01,2025-01-10,Lima da Prata,ES,73154029699,True,41.0,458,*********99,m***@yahoo.com.br
908,Pedro Miguel,Albuquerque,PF,(31) 97535-3950,1961-11-21,2025-01-10,Martins,PA,16804972511,True,64.0,458,*********11,p***@terra.com.br
2870,Marcos Vinicius,Porto,PF,(21) 99498-7781,1995-05-06,2025-01-11,Vieira,RN,90284356115,True,30.0,457,*********15,m***@outlook.com
3355,Bruna,das Neves,PF,21987494399,1967-01-06,2025-01-11,Nascimento da Prata,MT,34189570214,True,59.0,457,*********14,b***@bol.com.br
605,Helena,Machado,PF,(47) 99749-9053,,2025-01-11,Pacheco de Carvalho,RN,97834102613,True,,457,*********13,h***@uol.com.br
867,Davi Miguel,Vasconcelos,PF,(21) 99474-3534,1965-10-10,2025-01-11,Castro,PE,29548013606,True,60.0,457,*********06,d***@terra.com.br
1470,Evelyn,da Rosa,PF,+5513910477381,1986-05-16,2025-01-12,Novaes,TO,90254863710,True,39.0,456,*********10,e***@outlook.com
1825,Alice,Silva,PF,+5541946712795,1977-12-09,2025-01-12,Pacheco das Flores,AL,46390815298,True,48.0,456,*********98,a***@outlook.com
2120,Calebe,Oliveira,PF,+5561990719452,1962-12-04,2025-01-12,Melo,RN,26174539873,True,63.0,456,*********73,c***@gmail.com
681,Freitas Serviços e Distribuidora ME,,PJ,51929957719,1977-04-19,2025-01-12,Sales do Amparo,AL,36248019000107,True,49.0,456,************07,f***@empresa.com.br
1343,Otto,da Rocha,PF,+5541952146268,1974-02-08,2025-01-13,Fernandes,MG,67945138209,True,52.0,455,*********09,o***@yahoo.com.br
2427,Thiago,Rodrigues,PF,(41) 97137-7254,1961-01-26,2025-01-13,Freitas,AM,57680491348,True,65.0,455,*********48,t***@ig.com.br
1088,Gael,Guerra,PF,+5547997392363,1960-12-12,2025-01-14,Albuquerque,TO,27364598065,True,65.0,454,*********65,f***@uol.com.br
1161,Benjamim,Brito,PF,,1984-04-23,2025-01-14,Cassiano de Mendes,TO,64712053925,True,42.0,454,*********25,b***@bol.com.br
1524,Levi,Novais,PF,61965585159,2005-06-16,2025-01-14,Garcia do Galho,CE,70562849149,True,20.0,454,*********49,l***@ig.com.br
1800,Moraes Atacado e Tecnologia S/S,,PJ,,1987-09-26,2025-01-14,Moreira,MG,20657183000120,True,38.0,454,************20,m***@comercio.net.br
2138,Matteo,Rocha,PF,+5561964974905,1973-12-12,2025-01-14,Porto do Amparo,AC,04931568289,True,52.0,454,*********89,m***@yahoo.com.br
2451,Vitor Gabriel,Fogaça,PF,(41) 93311-8750,1994-04-02,2025-01-14,Pimenta Alegre,RR,50249731606,True,32.0,454,*********06,v***@yahoo.com.br
593,Correia & Associados ME,,PJ,(41) 99878-5723,1962-07-18,2025-01-14,Moraes do Oeste,AP,52170964000181,True,63.0,454,************81,c***@comercio.net.br
2087,Bryan,da Mota,PF,+5513947153211,1959-05-02,2025-01-15,Abreu,MT,15826704390,True,66.0,453,*********90,b***@gmail.com
2272,Raquel,Ribeiro,PF,+5551940587220,,2025-01-15,Lopes Grande,TO,17642059361,True,,453,*********61,r***@yahoo.com.br
3095,Alexia,Sá,PF,+5511952191017,1982-02-08,2025-01-15,Vieira,SC,96032815730,True,44.0,453,*********30,a***@uol.com.br
3439,Maria Alice,Souza,PF,(31) 94788-6163,1983-10-30,2025-01-15,Gomes das Pedras,ES,40198235615,True,42.0,453,*********15,m***@gmail.com
521,Vasconcelos & Lima EIRELI,,PJ,11990815233,1961-01-30,2025-01-15,Costa,MS,10694723000191,True,65.0,453,************91,v***@comercio.net.br
1941,Valentina,Vargas,PF,(13) 92822-7268,1962-04-28,2025-01-16,Cardoso,MS,02893471650,True,64.0,452,*********50,v***@terra.com.br
2242,Leonardo,Gomes,PF,+5513937601051,,2025-01-16,Andrade do Sul,TO,34921560889,True,,452,*********89,l***@gmail.com
2321,Vitor Hugo,Cassiano,PF,+5511922347815,1959-01-05,2025-01-16,Aparecida dos Dourados,RS,20953871630,True,67.0,452,*********30,v***@gmail.com
1993,Bella,Lopes,PF,13915565284,2005-12-21,2025-01-17,Brito,CE,14963280515,True,20.0,451,*********15,b***@ig.com.br
1223,Francisco,Camargo,PF,+5561947919843,,2025-01-18,Andrade,RS,76082543947,True,,450,*********47,f***@outlook.com
3376,Alícia,Vargas,PF,(13) 99344-7392,2008-01-11,2025-01-18,Cavalcanti,SP,60937184500,True,18.0,450,*********00,a***@outlook.com
3443,Arthur Miguel,da Conceição,PF,,1964-11-22,2025-01-18,Monteiro das Pedras,SP,17932468582,True,61.0,450,*********82,a***@gmail.com
1117,Maya,Leão,PF,+5511989247830,,2025-01-19,Cirino das Flores,ES,83641907250,True,,449,*********50,m***@ig.com.br
1621,Ana Júlia,Mendonça,PF,+5511998008523,1965-11-02,2025-01-19,da Mota,GO,31628405970,True,60.0,449,*********70,a***@terra.com.br
3339,Melissa,Aragão,PF,(31) 99005-9894,1986-12-01,2025-01-19,Correia,SP,90734582188,True,39.0,449,*********88,m***@bol.com.br
622,Guerra & Pinheiro EIRELI,,PJ,31995666055,1999-12-24,2025-01-19,Casa Grande,MG,02643715000198,True,26.0,449,************98,g***@empresa.com.br
951,Vitor,Monteiro,PF,+5541994882234,,2025-01-19,Correia,MG,78430591214,True,,449,*********14,v***@gmail.com
1526,Benício,Rodrigues,PF,47955745155,1985-09-04,2025-01-20,da Conceição da Praia,AP,03759418600,True,40.0,448,*********00,b***@ig.com.br
2237,Consultoria Ribeiro S.A.,,PJ,61954313297,1961-04-14,2025-01-20,da Paz da Praia,RJ,29158760000103,True,65.0,448,************03,c***@empresa.com.br
2707,Bruna,Andrade,PF,,1960-07-31,2025-01-20,Campos do Galho,RS,50794123805,True,65.0,448,*********05,b***@uol.com.br
3012,Eduardo,Novais,PF,,1965-11-25,2025-01-20,Duarte,MT,12498750304,True,60.0,448,*********04,e***@ig.com.br
360,Mariana,Campos,PF,61961284110,1984-03-13,2025-01-20,Mendonça,PE,91805726340,True,42.0,448,*********40,m***@gmail.com
2061,João Vitor,Dias,PF,31979902683,2008-04-10,2025-01-21,Sampaio da Mata,MG,36057829140,True,18.0,447,*********40,j***@terra.com.br
2294,Diogo,Brito,PF,47914425312,2000-08-27,2025-01-21,Rodrigues,PI,63254097106,True,25.0,447,*********06,d***@hotmail.com
3452,José Miguel,da Mota,PF,,1997-09-08,2025-01-21,Montenegro Verde,RJ,61752904370,True,28.0,447,*********70,j***@ig.com.br
1287,Sistemas Barbosa ME,,PJ,(51) 96803-5645,1960-07-26,2025-01-22,Viana,MG,14392850000197,True,65.0,446,************97,s***@comercio.net.br
1764,Mendes Importadora e Atacado S/A,,PJ,11961453706,1971-08-26,2025-01-22,Novais,DF,65104823000102,True,54.0,446,************02,m***@comercio.net.br
1333,Cruz Consultoria e Atacado Ltda.,,PJ,(31) 99570-9540,1989-09-19,2025-01-23,Mendes de da Cunha,RO,52930618000154,True,36.0,445,************54,c***@empresa.com.br
142,Aurora,Albuquerque,PF,+5551961759220,1981-06-05,2025-01-23,da Luz de Porto,PB,06281739540,True,44.0,445,*********40,a***@yahoo.com.br
2271,Antônio,Marques,PF,(61) 99520-1689,2000-11-13,2025-01-23,Correia,RS,08156792386,True,25.0,445,*********86,a***@bol.com.br
2695,Maria,Vargas,PF,(61) 99009-5939,1966-12-03,2025-01-23,Oliveira Grande,MS,04593682738,True,59.0,445,*********38,m***@hotmail.com
575,Bento,,PF,+5561920643920,1969-09-21,2025-01-23,da Costa dos Dourados,PR,43506219898,True,56.0,445,*********98,b***@yahoo.com.br
611,João Miguel,da Mata,PF,,1980-09-25,2025-01-23,Oliveira,MS,50832479683,True,45.0,445,*********83,j***@ig.com.br
1292,Lunna,Vargas,PF,+5571911593773,1970-09-10,2025-01-24,Siqueira Grande,SP,45397206865,True,55.0,444,*********65,l***@bol.com.br
1465,Soares & Associados ME,,PJ,(61) 98497-4313,1997-07-10,2025-01-24,Andrade de Campos,PR,28316975000142,True,28.0,444,************42,s***@empresa.com.br
2617,Maya,Vieira,PF,,2006-08-09,2025-01-24,Andrade de Pereira,DF,46105978375,True,19.0,444,*********75,m***@bol.com.br
3390,Serviços Saraiva ME,,PJ,+5561934488154,1986-07-31,2025-01-24,Azevedo,SC,95724081000189,True,39.0,444,************89,s***@comercio.net.br
392,Beatriz,Aragão,PF,47984034785,,2025-01-24,Campos de Nogueira,PE,65743209170,True,,444,*********70,b***@yahoo.com.br
770,Cunha & Fernandes ME,,PJ,31948635161,1970-10-23,2025-01-24,Sales de da Paz,RO,72916840000100,True,55.0,444,************00,c***@comercio.net.br
2517,Atacado Ferreira S.A.,,PJ,71992011977,1983-02-21,2025-01-25,Cavalcanti,PE,64290175000163,True,43.0,443,************63,a***@comercio.net.br
2703,Asafe,Gomes,PF,47973639943,1971-06-02,2025-01-25,da Luz Alegre,AL,68039152712,True,54.0,443,*********12,a***@ig.com.br
3240,Isabel,Araújo,PF,+5547958517245,1964-01-24,2025-01-25,Nunes de Sales,RJ,41325769061,True,62.0,443,*********61,g***@hotmail.com
436,Rael,Farias,PF,13979787635,1979-07-25,2025-01-25,Lopes da Praia,PE,84506913205,True,46.0,443,*********05,r***@gmail.com
488,Gabriel,Nunes,PF,,,2025-01-25,Moraes,MA,54098362783,True,,443,*********83,g***@ig.com.br
996,Antony,da Conceição,PF,,1979-08-02,2025-01-25,Melo,PB,07295816402,True,46.0,443,*********02,i***@yahoo.com.br
12,Nathan,Gomes,PF,(13) 96203-3615,1982-07-13,2025-01-26,Duarte de Gonçalves,MA,74258639109,True,43.0,442,*********09,h***@hotmail.com
143,Isaac,Freitas,PF,(71) 96874-1741,1982-06-18,2025-01-26,Costa de Lima,MS,63185790448,True,43.0,442,*********48,i***@bol.com.br
1754,Ian,Jesus,PF,,1967-10-29,2025-01-26,da Mata,ES,31586492764,True,58.0,442,*********64,i***@terra.com.br
2822,Pedro Lucas,Jesus,PF,(41) 95144-8397,1977-04-14,2025-01-26,Moreira do Sul,SC,73826015444,True,49.0,442,*********44,p***@outlook.com
3022,Emanuel,da Cruz,PF,41936505415,,2025-01-26,Fogaça,SP,17356049252,True,,442,*********52,e***@ig.com.br
31,Bruna,da Mota,PF,61981208868,1972-07-05,2025-01-26,Costela,RN,23789504114,True,53.0,442,*********14,b***@yahoo.com.br
3242,Ana Julia,Azevedo,PF,+5531912767795,1986-02-01,2025-01-26,Borges,CE,90813647231,True,40.0,442,*********31,a***@ig.com.br
1338,Hellena,Lima,PF,+5521946485303,2000-06-07,2025-01-27,Lima,PE,19367045280,True,25.0,441,*********80,h***@bol.com.br
887,Breno,Nogueira,PF,(41) 98162-3804,1995-12-25,2025-01-27,Fogaça de Minas,PA,81942053606,True,30.0,441,*********06,b***@bol.com.br
1782,Cecília,Silva,PF,47926382130,1956-04-14,2025-01-28,Caldeira,MT,32105968759,True,70.0,440,*********59,c***@uol.com.br
1865,Vicente,Barros,PF,(41) 94498-2694,1978-01-25,2025-01-28,Siqueira do Campo,RO,32965107886,True,48.0,440,*********86,v***@hotmail.com
2038,Eduarda,Oliveira,PF,+5561967063094,1973-06-14,2025-01-28,Silveira de Nunes,PB,60598713212,True,52.0,440,*********12,e***@gmail.com
2255,Mariane,Fogaça,PF,,1999-05-21,2025-01-28,Lopes,PI,15279064858,True,26.0,440,*********58,m***@gmail.com
2591,Enrico,Aparecida,PF,(31) 97691-1012,2005-07-22,2025-01-29,Camargo Grande,PA,61380472903,True,20.0,439,*********03,e***@outlook.com
2883,Joana,Teixeira,PF,+5511950561109,2005-07-08,2025-01-29,Almeida,AM,24716598020,True,20.0,439,*********20,j***@outlook.com
370,Thiago,Borges,PF,21962608076,1985-02-11,2025-01-29,Ramos de Fonseca,GO,52064813942,True,41.0,439,*********42,t***@hotmail.com
862,Letícia,da Costa,PF,+5511967696207,1960-11-08,2025-01-29,Camargo,SP,67019423507,True,65.0,439,*********07,l***@terra.com.br
1657,Ana Liz,Barros,PF,51914259110,1987-07-15,2025-01-30,Melo,TO,95810372414,True,38.0,438,*********14,a***@gmail.com
2558,Freitas & Pacheco S.A.,,PJ,+5547978738625,,2025-01-30,da Luz do Sul,ES,41563027000170,True,,438,************70,f***@comercio.net.br
3159,Maria Eduarda,Novaes,PF,(47) 96214-7590,1966-04-21,2025-01-30,Moraes,RN,05423791634,True,60.0,438,*********34,m***@gmail.com
865,Cecilia,da Mata,PF,,1964-10-22,2025-01-30,Siqueira,BA,32148695070,True,61.0,438,*********70,c***@ig.com.br
99,Sofia,Brito,PF,71995269693,2004-08-01,2025-01-30,da Mota da Mata,GO,50823796159,True,21.0,438,*********59,s***@yahoo.com.br
1093,Rafaela,Jesus,PF,41951471908,,2025-01-31,Rios de Goiás,RN,15096374270,True,,437,*********70,r***@gmail.com
2048,Aylla,Albuquerque,PF,+5551975854952,1981-02-05,2025-01-31,Novais Verde,DF,82140569342,True,45.0,437,*********42,a***@ig.com.br
2351,Kamilly,da Cunha,PF,11954719367,1990-06-25,2025-01-31,Pires da Prata,RO,91527630480,True,35.0,437,*********80,h***@hotmail.com
3154,Maria Alice,Cardoso,PF,(71) 91035-5522,1977-10-27,2025-01-31,Aparecida de Jesus,DF,08967324103,True,48.0,437,*********03,m***@hotmail.com
334,Comércio Silva S.A.,,PJ,,1969-01-14,2025-01-31,Siqueira do Norte,PE,21034957000129,True,57.0,437,************29,c***@comercio.net.br
337,Felipe,Duarte,PF,(47) 95884-6928,1964-08-05,2025-01-31,Vasconcelos Verde,RN,39417520652,True,61.0,437,*********52,f***@terra.com.br
896,Lorenzo,Marques,PF,71974357187,1993-11-25,2025-01-31,Nascimento dos Dourados,PE,50341982660,True,32.0,437,*********60,l***@hotmail.com
1269,Ana Lívia,Aragão,PF,+5521946246309,1979-02-04,2025-02-01,Almeida do Oeste,ES,72950836186,True,47.0,436,*********86,a***@gmail.com
2377,Lucas,,PF,+5561935329682,1997-09-17,2025-02-01,Cunha de Gonçalves,AP,18950423723,True,28.0,436,*********23,l***@yahoo.com.br
2623,Maria Eduarda,Vargas,PF,+5541967681057,1986-09-04,2025-02-01,Jesus,AP,59627841382,True,39.0,436,*********82,m***@yahoo.com.br
3342,Isabelly,Guerra,PF,(31) 97936-8700,1988-04-24,2025-02-01,Santos de Carvalho,PB,50812346998,True,37.0,436,*********98,i***@hotmail.com
1125,Sophia,Sousa,PF,+5521910757820,1970-07-16,2025-02-02,da Costa dos Dourados,AC,71638425035,True,55.0,435,*********35,s***@uol.com.br
2256,Benicio,Camargo,PF,(41) 94491-3700,2005-07-24,2025-02-02,Sousa,BA,24359701616,True,20.0,435,*********16,b***@yahoo.com.br
2520,Luiz Otávio,Melo,PF,(21) 97154-5436,1968-01-30,2025-02-02,Macedo Alegre,DF,50294678158,True,58.0,435,*********58,l***@ig.com.br
942,Melina,Marques,PF,(71) 96736-9313,,2025-02-02,Vieira de Vargas,PI,08193547675,True,,435,*********75,m***@hotmail.com
1632,Maria Alice,Rocha,PF,,,2025-02-03,Santos,RR,45862371044,True,,434,*********44,m***@yahoo.com.br
2032,Augusto,Marques,PF,+5521923751878,,2025-02-03,da Conceição Verde,BA,76143895066,True,,434,*********66,j***@outlook.com
3245,Clara,Pinto,PF,(71) 92622-3393,2007-12-20,2025-02-03,Cassiano de Borges,SP,20465937829,True,18.0,434,*********29,c***@bol.com.br
1065,Gustavo Henrique,Barbosa,PF,51910853140,1999-09-20,2025-02-04,Viana Paulista,MA,98103547204,True,26.0,433,*********04,g***@outlook.com
1305,Vitor Hugo,Montenegro,PF,,1978-05-15,2025-02-04,Aparecida das Flores,RN,35984207141,True,47.0,433,*********41,v***@hotmail.com
1317,Ian,Viana,PF,41920985809,2003-07-07,2025-02-04,Souza,PI,79532641025,True,22.0,433,*********25,i***@yahoo.com.br
1365,João Pedro,Martins,PF,(13) 94388-3011,1985-12-05,2025-02-04,Santos,RN,92078134597,True,40.0,433,*********97,j***@uol.com.br
918,Luiz Otávio,Moreira,PF,(71) 92859-6858,1967-07-15,2025-02-04,das Neves,MA,81407395297,True,58.0,433,*********97,l***@yahoo.com.br
1255,Maria,das Neves,PF,+5571996379375,,2025-02-05,Lima Alegre,DF,31768425973,True,,432,*********73,m***@gmail.com
2563,Ana Julia,Freitas,PF,,1961-12-19,2025-02-05,Duarte Verde,SC,84136795084,True,64.0,432,*********84,a***@terra.com.br
48,Andrade & Associados S.A.,,PJ,47942804590,1967-04-03,2025-02-05,Teixeira,SC,35648021000100,True,59.0,432,************00,a***@comercio.net.br
50,Gabrielly,Pereira,PF,11964701966,1961-03-15,2025-02-05,Sampaio de Castro,DF,59273160425,True,65.0,432,*********25,g***@terra.com.br
618,Vargas & Nascimento EI,,PJ,13991123155,1958-09-18,2025-02-05,Porto,DF,56017298000105,True,67.0,432,************05,v***@empresa.com.br
674,Alexandre,Cirino,PF,13961896428,,2025-02-05,Rezende da Serra,PA,70632451980,True,,432,*********80,a***@yahoo.com.br
744,Anthony,Correia,PF,(61) 97395-1006,1986-08-24,2025-02-05,da Cunha,AC,31752980441,True,39.0,432,*********41,a***@hotmail.com
1784,Maria Clara,da Mota,PF,13920848116,1964-06-07,2025-02-06,Ramos,MT,51687294011,True,61.0,431,*********11,m***@gmail.com
1952,Rafaela,Pires,PF,13918827059,1963-11-11,2025-02-06,Pires,MT,49682075300,True,62.0,431,*********00,r***@bol.com.br
3177,Tecnologia Vargas Ltda.,,PJ,+5561947893273,1982-12-06,2025-02-06,Novaes de Goiás,RJ,76825340000113,True,43.0,431,************13,t***@comercio.net.br
802,Daniela,Lopes,PF,(11) 92483-5069,1956-11-26,2025-02-06,Moraes,RN,15806293777,True,69.0,431,*********77,d***@gmail.com
1180,Luara,Azevedo,PF,61999587364,1964-07-09,2025-02-07,Borges,PE,73018629540,True,61.0,430,*********40,l***@hotmail.com
150,Catarina,Souza,PF,+5513934423538,1977-03-20,2025-02-07,Ferreira de Nogueira,MS,68401395739,True,49.0,430,*********39,c***@yahoo.com.br
2260,Kamilly,Ribeiro,PF,47938655081,,2025-02-07,Melo do Amparo,RJ,92745608185,True,,430,*********85,k***@yahoo.com.br
424,Sophia,Sampaio,PF,13941846893,1959-01-28,2025-02-07,Caldeira de Azevedo,AC,34217059841,True,67.0,430,*********41,s***@terra.com.br
146,Cauã,Rezende,PF,31927559780,2002-07-31,2025-02-08,Alves,PB,01859324797,True,23.0,429,*********97,c***@hotmail.com
2331,Ágatha,Cardoso,PF,+5521983667093,1998-08-27,2025-02-08,Silva de Minas,PE,85927436056,True,27.0,429,*********56,g***@yahoo.con.br
261,Natália,Borges,PF,(31) 99086-2938,1968-08-26,2025-02-08,Pastor Grande,SE,58021647949,True,57.0,429,*********49,n***@outlook.com
95,Maria Julia,Castro,PF,41972554218,2002-12-15,2025-02-08,Viana da Prata,DF,53189027404,True,23.0,429,*********04,m***@terra.com.br
589,Gustavo,Castro,PF,(11) 94404-3099,1998-02-27,2025-02-09,Almeida,BA,52489716085,True,28.0,428,*********85,g***@hotmail.com
755,Maria Isis,Novais,PF,(71) 96942-6176,1973-08-29,2025-02-09,Nogueira do Campo,PI,52736409116,True,52.0,428,*********16,m***@terra.com.br
892,Pedro Henrique,Sampaio,PF,+5547954399562,,2025-02-09,Viana,MS,40381695298,True,,428,*********98,p***@bol.com.br
1695,Luísa,das Neves,PF,13966457776,1984-05-24,2025-02-10,Oliveira,BA,98765234146,True,41.0,427,*********46,l***@bol.com.br
1848,Arthur Miguel,Sá,PF,13938708816,1980-07-28,2025-02-10,Duarte,RJ,84391057620,True,45.0,427,*********20,a***@terra.com.br
2577,Ana Beatriz,Cardoso,PF,(71) 94440-4539,1972-04-21,2025-02-10,da Mata de Pinto,RN,45139876264,True,54.0,427,*********64,a***@hotmail.com
2796,Benjamim,Pereira,PF,,,2025-02-10,Silva,BA,70215438671,True,,427,*********71,b***@outlook.com
3089,Carvalho Tecnologia e Sistemas ME,,PJ,(51) 99039-6390,1987-02-28,2025-02-10,da Cruz das Flores,PI,51926734000137,True,39.0,427,************37,c***@comercio.net.br
1916,Ferreira & Pinto S.A.,,PJ,71927405549,1970-08-30,2025-02-11,Ferreira,AL,91086327000183,True,55.0,426,************83,f***@comercio.net.br
330,Asafe,da Conceição,PF,(61) 96274-4034,1963-02-07,2025-02-11,Cassiano das Pedras,MG,67918452011,True,63.0,426,*********11,a***@outlook.com
749,Maria Sophia,Casa Grande,PF,(31) 94600-2131,1969-03-16,2025-02-11,Lopes,DF,91254036806,True,57.0,426,*********06,m***@yahoo.com.br
863,Luiz Otávio,Farias,PF,61985222003,1985-06-14,2025-02-11,Rocha,PA,51203648707,True,40.0,426,*********07,l***@bol.com.br
884,Lucas,da Rosa,PF,+5547980518670,1976-03-31,2025-02-11,Duarte da Praia,SP,13549687001,True,50.0,426,*********01,l***@ig.com.br
1484,Cardoso Consultoria e Serviços S/S,,PJ,(51) 95576-8533,1966-01-10,2025-02-12,Brito de Nascimento,SC,62431078000118,True,60.0,425,************18,c***@empresa.com.br
1717,Benjamim,Cavalcante,PF,(61) 98176-5562,,2025-02-12,da Costa,ES,63481057920,True,,425,*********20,b***@hotmail.com
1949,Isabelly,Cunha,PF,47969042723,1965-03-07,2025-02-12,Borges de Farias,TO,49783061593,True,61.0,425,*********93,i***@hotmail.com
241,Gabrielly,Peixoto,PF,61923724040,,2025-02-12,Borges de Goiás,SP,25410837932,True,,425,*********32,g***@hotmail.com
3341,Sophie,Duarte,PF,,1980-07-11,2025-02-12,Leão do Sul,AL,40975286374,True,45.0,425,*********74,s***@hotmail.com
3381,Ravi Lucca,Cardoso,PF,(61) 94588-8881,1994-11-14,2025-02-12,da Rocha da Serra,PE,95013624770,True,31.0,425,*********70,r***@gmail.com
403,Mirella,Pastor,PF,+5511923809732,2002-07-13,2025-02-12,Costa do Oeste,DF,30598241779,True,23.0,425,*********79,m***@outlook.com
637,Cauã,Almeida,PF,,,2025-02-12,Camargo,RO,26094735161,True,,425,*********61,c***@gmail.com
214,Ísis,Rios,PF,+5561972581456,1982-08-22,2025-02-13,Mendes,ES,39605142805,True,43.0,424,*********05,s***@outlook.com
2992,Isaque,das Neves,PF,(31) 98225-7328,1964-05-23,2025-02-13,Costa do Oeste,PI,07483691557,True,61.0,424,*********57,i***@yahoo.com.br
1044,Gael,Moura,PF,,1978-08-18,2025-02-14,Almeida da Mata,BA,61805273930,True,47.0,423,*********30,g***@ig.com.br
1723,Gustavo Henrique,Caldeira,PF,(51) 94793-9196,1998-07-16,2025-02-14,das Neves Paulista,MS,10259487694,True,27.0,423,*********94,g***@yahoo.com.br
3182,Bruna,da Rocha,PF,+5521996895133,2004-01-11,2025-02-14,Siqueira,AM,73501249616,True,22.0,423,*********16,b***@ig.com.br
3464,Lucas Gabriel,,PF,61946206397,2005-09-16,2025-02-14,Cavalcanti da Praia,MA,06742981369,True,20.0,423,*********69,l***@terra.com.br
396,Caleb,,PF,61990744042,1986-06-08,2025-02-14,Rodrigues,AP,10265874335,True,39.0,423,*********35,c***@ig.com.br
1303,Luara,Sampaio,PF,11942996250,1991-05-23,2025-02-15,Oliveira,AC,95207841602,True,34.0,422,*********02,l***@uol.com.br
1654,Correia Serviços e Sistemas EPP,,PJ,47925504296,1970-06-15,2025-02-15,Barbosa Paulista,SP,73128965000138,True,55.0,422,************38,c***@comercio.net.br
295,Gabriela,Monteiro,PF,(61) 94189-5617,1967-07-15,2025-02-15,Lima,PE,19238467013,True,58.0,422,*********13,g***@hotmail.com
417,Sabrina,Casa Grande,PF,(47) 98627-5154,1991-05-14,2025-02-15,da Conceição Paulista,PA,67419832013,True,34.0,422,*********13,s***@uol.com.br
765,Rodrigues & Vargas EIRELI,,PJ,+5551946439444,,2025-02-15,Duarte,AM,27301489000198,True,,422,************98,r***@empresa.com.br
2685,Maria Clara,Vieira,PF,(41) 95816-6339,1983-04-11,2025-02-16,Silveira da Praia,PR,74691208313,True,43.0,421,*********13,m***@hotmail.com
924,Arthur,Gomes,PF,61922401633,1974-05-19,2025-02-16,Costa Alegre,MG,26197503425,True,51.0,421,*********25,m***@hotmail.com
1194,Ana,Araújo,PF,(71) 91511-4355,1983-03-17,2025-02-17,Cunha do Galho,GO,21063845726,True,43.0,420,*********26,a***@outlook.com
1203,João Pedro,Teixeira,PF,61951007840,1958-05-21,2025-02-17,Caldeira,PB,37568249182,True,67.0,420,*********82,j***@terra.com.br
1491,Maysa,Lima,PF,(11) 94344-5430,1960-10-19,2025-02-17,Pereira,CE,10475239652,True,65.0,420,*********52,m***@outlook.com
2011,Otto,Novaes,PF,+5513973902438,1967-05-23,2025-02-17,Barros,RJ,15372408979,True,58.0,420,*********79,o***@terra.com.br
277,Théo,da Paz,PF,+5531963579342,1985-08-18,2025-02-17,da Cruz do Oeste,RO,79081364510,True,40.0,420,*********10,t***@uol.com.br
3371,Vinicius,Pinto,PF,(47) 94961-8814,1984-11-20,2025-02-17,Marques do Galho,RR,25641397016,True,41.0,420,*********16,v***@outlook.com
733,João Gabriel,Carvalho,PF,(21) 92705-6985,1973-04-27,2025-02-17,Cardoso,PB,93267548047,True,52.0,420,*********47,j***@ig.com.br
796,Eloah,Martins,PF,+5561985263620,,2025-02-17,Albuquerque de Andrade,PB,51697804276,True,,420,*********76,e***@outlook.com
1372,Natália,Gonçalves,PF,(71) 93528-4835,,2025-02-18,Viana,RS,59103762416,True,,419,*********16,b***@hotmail.com
1891,Theo,Alves,PF,71948163333,,2025-02-18,Nascimento,PR,42761580958,True,,419,*********58,t***@outlook.com
1909,Tecnologia Silveira Ltda.,,PJ,11999022318,,2025-02-18,da Rosa,PR,53162708000105,True,,419,************05,t***@comercio.net.br
2503,Lara,Almeida,PF,51930538328,1976-11-05,2025-02-18,Camargo de Andrade,MT,60423581970,True,49.0,419,*********70,l***@ig.com.br
2521,Thales,Rodrigues,PF,+5561977506818,2001-05-28,2025-02-18,Sampaio,AL,18764025390,True,24.0,419,*********90,t***@ig.com.br
2805,Martins Importadora e Comércio S/A,,PJ,+5547942628218,,2025-02-18,Fernandes dos Dourados,CE,15048926000124,True,,419,************24,m***@comercio.net.br
2892,Maria Liz,Gonçalves,PF,(31) 94971-9399,1976-11-22,2025-02-18,Ferreira,ES,93647105252,True,49.0,419,*********52,m***@uol.com.br
2457,Danilo,Gomes,PF,+5547996459198,1981-10-22,2025-02-19,Guerra,PR,20684753910,True,44.0,418,*********10,d***@hotmail.com
3479,Ester,Machado,PF,(51) 95213-6691,1965-02-15,2025-02-19,Freitas,PI,83245609710,True,61.0,418,*********10,e***@terra.com.br
411,Luísa,Caldeira,PF,,1958-10-15,2025-02-19,Souza,PE,27063198440,True,67.0,418,*********40,l***@terra.com.br
821,Valentina,Pacheco,PF,47919584455,1972-10-01,2025-02-19,Vieira,GO,53497026883,True,53.0,418,*********83,v***@bol.com.br
981,Informática Vasconcelos S/S,,PJ,(21) 95468-5955,1991-09-26,2025-02-19,Cunha,PE,02695384000130,True,34.0,418,************30,i***@empresa.com.br
1599,Lima & Associados S/A,,PJ,61921594880,2007-09-17,2025-02-20,Novaes das Flores,SP,37468512000197,True,18.0,417,************97,l***@empresa.com.br
190,Apollo,da Paz,PF,31925024624,2005-02-17,2025-02-20,Barros,RR,45690328189,True,21.0,417,*********89,a***@terra.com.br
3036,Stephany,da Cruz,PF,(11) 95382-2467,,2025-02-20,Teixeira da Serra,RR,56718904201,True,,417,*********01,s***@hotmail.com
415,Stephany,Carvalho,PF,+5541925774973,1990-01-11,2025-02-20,Cavalcanti do Sul,DF,83072561435,True,36.0,417,*********35,s***@yahoo.com.br
198,Eloá,Moraes,PF,,1997-12-02,2025-02-21,Rodrigues do Sul,RJ,62913574882,True,28.0,416,*********82,m***@yahoo.com.br
2065,Ana Luiza,Pastor,PF,+5541967875659,1974-03-16,2025-02-21,Nascimento,SP,19805364224,True,52.0,416,*********24,a***@yahoo.com.br
2735,João Felipe,Fonseca,PF,(21) 96533-5516,1986-05-30,2025-02-21,Pinto do Campo,MT,47539186020,True,39.0,416,*********20,j***@hotmail.com
320,Elisa,da Luz,PF,47953846131,2002-08-07,2025-02-21,Albuquerque,RS,15830972441,True,23.0,416,*********41,e***@yahoo.com.br
536,Erick,Montenegro,PF,13960079828,1999-05-01,2025-02-21,Cardoso,RN,75193820603,True,26.0,416,*********03,e***@outlook.com
682,Natália,Macedo,PF,11919557409,1979-03-05,2025-02-21,Farias de Peixoto,SE,56204138960,True,47.0,416,*********60,n***@bol.com.br
115,Maria Luiza,Fernandes,PF,(11) 99927-5228,1972-05-08,2025-02-22,da Paz,SP,96201487549,True,53.0,415,*********49,m***@outlook.com
2417,Felipe,Cavalcante,PF,+5521951029464,1983-03-09,2025-02-22,da Cruz de Moraes,AP,84709523150,True,43.0,415,*********50,f***@outlook.com
3350,Maria Isis,Pereira,PF,(47) 98782-9246,1969-01-26,2025-02-22,Fernandes,AP,61934750875,True,57.0,415,*********75,m***@ig.com.br
428,Arthur Gabriel,Jesus,PF,71947762590,1989-11-26,2025-02-22,Fogaça da Serra,DF,63582910415,True,36.0,415,*********15,a***@terra.com.br
738,Liz,Nascimento,PF,+5561932002344,1996-12-23,2025-02-22,da Mata,RN,74865930256,True,29.0,415,*********56,l***@yahoo.com.br
1725,Garcia Sistemas e Comércio EIRELI,,PJ,+5531937157266,1956-06-05,2025-02-23,Camargo,MG,30549728000138,True,69.0,414,************38,g***@empresa.com.br
1988,Aurora,Garcia,PF,+5561962833574,,2025-02-23,Cavalcanti de Minas,SP,96132574034,True,,414,*********34,a***@outlook.com
2900,Maria Luísa,Novaes,PF,(47) 93982-6512,1971-07-07,2025-02-23,Vieira,AL,90756284120,True,54.0,414,*********20,m***@bol.com.br
3444,Barbosa Importadora e Informática S/S,,PJ,71927673541,1965-02-07,2025-02-23,Costela dos Dourados,PI,95806314000192,True,61.0,414,************92,b***@comercio.net.br
2874,Jesus & Associados Ltda.,,PJ,+5541991291404,,2025-02-24,Costela de Sousa,PB,29836504000128,True,,413,************28,j***@empresa.com.br
3481,Leandro,Moraes,PF,11969306975,2002-05-30,2025-02-24,Rocha,RS,08163295406,True,23.0,413,*********06,l***@gmail.com
83,Rhavi,Araújo,PF,51984841318,1972-02-22,2025-02-24,da Rocha de Pimenta,RJ,71906453225,True,54.0,413,*********25,r***@outlook.com
1080,Elisa,Aragão,PF,+5547989999125,1960-01-28,2025-02-25,da Luz do Norte,SP,98513647039,True,66.0,412,*********39,e***@ig.com.br
1497,Joaquim,Ramos,PF,+5521959791640,1967-04-26,2025-02-25,Novais,TO,35807426983,True,59.0,412,*********83,j***@ig.com.br
2663,Lunna,,PF,41931107348,1985-04-01,2025-02-25,Castro,RO,63182945700,True,41.0,412,*********00,l***@hotmail.com
2880,Oliver,Nogueira,PF,(31) 92461-9657,,2025-02-25,da Costa do Galho,PE,72598604300,True,,412,*********00,o***@uol.con.br
3011,Alícia,da Costa,PF,21945046304,1960-07-18,2025-02-25,Peixoto,SP,86519270458,True,65.0,412,*********58,a***@bol.com.br
894,Asafe,Silveira,PF,(13) 99722-5325,,2025-02-25,Siqueira do Campo,MS,39016574875,True,,412,*********75,a***@hotmail.com
15,Camila,Novaes,PF,21995676402,1976-03-02,2025-02-27,Silveira,DF,57483621982,True,50.0,410,*********82,c***@outlook.com
1914,Gustavo Henrique,Alves,PF,+5551956497220,1991-12-19,2025-02-27,Sousa de Pacheco,RO,53410689206,True,34.0,410,*********06,g***@bol.com.br
2475,Igor,Fernandes,PF,+5547910645857,1962-04-18,2025-02-27,Martins do Norte,RR,10283597640,True,64.0,410,*********40,i***@outlook.com
284,Ágatha,Vieira,PF,(61) 95586-1522,1969-02-13,2025-02-27,Leão dos Dourados,PE,04295137804,True,57.0,410,*********04,g***@outlook.com
315,Ana Cecília,Cavalcante,PF,(13) 99155-5613,1986-10-12,2025-02-27,Carvalho Alegre,SP,03719624803,True,39.0,410,*********03,a***@bol.com.br
795,Danilo,Albuquerque,PF,,1959-04-26,2025-02-27,Santos,SC,15830792621,True,67.0,410,*********21,d***@yahoo.com.br
2949,Júlia,da Paz,PF,11960893225,1983-08-08,2025-02-28,Borges,GO,79130682568,True,42.0,409,*********68,j***@hotmail.com
3013,Camila,Vargas,PF,(51) 93915-5189,,2025-02-28,Nascimento,ES,26057498356,True,,409,*********56,c***@hotmail.com
961,Milena,Cirino,PF,+5513919562699,1985-07-10,2025-02-28,da Paz do Sul,ES,87901652330,True,40.0,409,*********30,m***@hotmail.com
1412,Isaque,Nunes,PF,+5511985515059,1961-09-02,2025-03-01,Cunha de Santos,RN,62453870947,True,64.0,408,*********47,i***@terra.com.br
614,Agatha,Araújo,PF,(31) 99940-3401,1982-08-12,2025-03-01,das Neves do Amparo,SP,34178096222,True,43.0,408,*********22,a***@bol.com.br
657,Lívia,Nogueira,PF,,2008-04-05,2025-03-01,Sales do Amparo,PE,89652173002,True,18.0,408,*********02,l***@uol.com.br
1701,Camila,Lima,PF,(31) 91062-8559,1999-01-25,2025-03-02,Cardoso,PB,64015378920,True,27.0,407,*********20,c***@hotmail.com
634,Isabelly,Andrade,PF,+5531916306098,1965-01-18,2025-03-02,Camargo das Flores,RN,92347805665,True,61.0,407,*********65,i***@ig.com.br
1084,Ana Vitória,das Neves,PF,,1994-01-28,2025-03-03,Silveira de Lopes,PE,18240653960,True,32.0,406,*********60,a***@uol.com.br
2637,Joaquim,Moraes,PF,(11) 97163-6304,1999-06-30,2025-03-03,Farias Alegre,MA,52486103970,True,26.0,406,*********70,j***@yahoo.com.br
2688,Informática Soares S/S,,PJ,11994316032,,2025-03-03,Rodrigues,PE,53184067000190,True,,406,************90,i***@empresa.com.br
3389,Mariah,Albuquerque,PF,+5571950795150,1962-08-15,2025-03-03,Alves,MT,69735210886,True,63.0,406,*********86,m***@bol.com.br
1127,Maya,Lima,PF,(11) 93394-6603,1980-04-01,2025-03-04,Caldeira de Guerra,GO,10764825380,True,46.0,405,*********80,m***@yahoo.com.br
1315,Esther,Peixoto,PF,(13) 92001-3725,1997-08-28,2025-03-04,Correia,AM,21485076307,True,28.0,405,*********07,e***@bol.com.br
1641,Lucas Gabriel,Mendonça,PF,13963523669,2005-04-17,2025-03-04,Silveira de Souza,AC,74215963800,True,21.0,405,*********00,l***@outlook.com
1921,Giovanna,Casa Grande,PF,+5541940356785,1992-11-25,2025-03-04,Brito,RR,14976058220,True,33.0,405,*********20,g***@hotmail.com
538,Rael,Andrade,PF,+5571945868651,1981-10-22,2025-03-04,Montenegro,BA,26349875010,True,44.0,405,*********10,r***@bol.com.br
225,Fernandes & Duarte S.A.,,PJ,(31) 91797-9929,1995-07-05,2025-03-05,Duarte,RS,54603197000182,True,30.0,404,************82,f***@comercio.net.br
2297,Amanda,da Rocha,PF,(31) 95961-3997,1970-02-09,2025-03-05,da Luz,GO,62457318955,True,56.0,404,*********55,a***@yahoo.com.br
2548,Machado & Teixeira S.A.,,PJ,+5521917081305,1998-10-30,2025-03-05,Guerra,AC,24873016000177,True,27.0,404,************77,m***@empresa.com.br
2582,Ayla,Câmara,PF,+5561920763791,2006-07-08,2025-03-05,Aragão,AC,28173459088,True,19.0,404,*********88,a***@outlook.com
270,Leandro,Albuquerque,PF,21985509645,2001-11-28,2025-03-05,Cavalcante,AP,94832061704,True,24.0,404,*********04,l***@terra.com.br
3092,Ana Júlia,Silveira,PF,71918303683,,2025-03-05,Cunha da Praia,RS,64927135837,True,,404,*********37,a***@ig.com.br
75,Joaquim,,PF,,1987-07-13,2025-03-05,Silva dos Dourados,RS,81967243573,True,38.0,404,*********73,j***@outlook.com
903,Davi,Silveira,PF,+5551918886242,1990-10-27,2025-03-05,Fogaça de Siqueira,RS,29160574399,True,35.0,404,*********99,d***@ig.com.br
2224,Evelyn,Freitas,PF,+5551935348199,,2025-03-06,Montenegro,PI,92154870694,True,,403,*********94,e***@uol.com.br
2597,Leonardo,Jesus,PF,71929681818,1958-11-13,2025-03-06,da Luz,AC,45902786347,True,67.0,403,*********47,l***@uol.com.br
2767,Noah,Brito,PF,+5551974273884,2006-06-17,2025-03-06,Jesus,DF,04981536224,True,19.0,403,*********24,n***@uol.com.br
3023,Anna Liz,Araújo,PF,+5513916255197,1974-01-26,2025-03-06,Sousa,AL,48592170397,True,52.0,403,*********97,a***@hotmail.com
3288,Luiz Fernando,Abreu,PF,61972021017,1996-05-06,2025-03-06,Borges das Flores,BA,79165482328,True,29.0,403,*********28,l***@uol.com.br
3308,Lima Comércio e Distribuidora EPP,,PJ,41980782064,1972-03-16,2025-03-06,da Paz da Mata,RO,29804756000175,True,54.0,403,************75,l***@comercio.net.br
86,Cardoso & Associados ME,,PJ,,1970-10-12,2025-03-06,Silva Verde,SP,89402763000172,True,55.0,403,************72,c***@empresa.com.br
1382,Manuela,Campos,PF,(31) 97643-1549,1956-11-25,2025-03-07,Nunes,PR,50978132432,True,69.0,402,*********32,m***@outlook.com
1627,Camila,Cavalcante,PF,(51) 99412-2261,2002-07-02,2025-03-07,Jesus,RN,09835627177,True,23.0,402,*********77,c***@yahoo.com.br
1682,Maria Vitória,Sampaio,PF,(51) 94692-8496,1959-02-20,2025-03-07,Duarte Alegre,SC,79016245820,True,67.0,402,*********20,m***@uol.com.br
1987,Gustavo,Machado,PF,(47) 99730-4059,2002-10-10,2025-03-07,Pinto de Sá,PR,17852693482,True,23.0,402,*********82,g***@terra.com.br
2129,Letícia,Costela,PF,47959164085,1969-04-25,2025-03-07,Cavalcanti do Oeste,GO,81094762520,True,57.0,402,*********20,l***@outlook.com
343,Maria Luiza,Lima,PF,51958812091,2006-07-31,2025-03-07,Aragão,AM,64053789184,True,19.0,402,*********84,m***@terra.com.br
3471,Informática Ferreira S/A,,PJ,,1971-02-04,2025-03-07,Albuquerque,RS,10859723000102,True,55.0,402,************02,i***@comercio.net.br
465,Emanuella,Souza,PF,+5513977549056,1990-06-10,2025-03-07,da Mata do Sul,MT,69820354170,True,35.0,402,*********70,e***@hotmail.com
1734,Sarah,da Mata,PF,,1962-02-01,2025-03-08,Oliveira do Campo,AP,05839674184,True,64.0,401,*********84,s***@terra.com.br
2445,Maria Liz,Rodrigues,PF,(51) 93168-2946,2003-07-17,2025-03-08,Pinto,PI,23947560125,True,22.0,401,*********25,m***@bol.com.br
2511,Davi Lucca,Pacheco,PF,,2002-05-17,2025-03-08,Cavalcanti,ES,24970168369,True,23.0,401,*********69,d***@yahoo.com.br
1137,Isabela,Borges,PF,21957763383,1960-04-01,2025-03-09,Costela do Amparo,PI,83046729529,True,66.0,400,*********29,i***@bol.com.br
1204,Melissa,Brito,PF,+5521958315837,1958-01-01,2025-03-09,Viana,CE,27465801958,True,68.0,400,*********58,m***@hotmail.com
1630,Arthur Gabriel,Silva,PF,71929582230,1974-02-03,2025-03-09,Duarte de Siqueira,AM,76140389240,True,52.0,400,*********40,a***@ig.com.br
3320,Vasconcelos Importadora e Distribuidora EI,,PJ,61957126527,1973-10-17,2025-03-09,Souza da Prata,RJ,16203845000114,True,52.0,400,************14,v***@empresa.com.br
422,Laura,Cunha,PF,,1999-04-22,2025-03-09,Castro Paulista,AC,92348107678,True,26.0,400,*********78,l***@terra.com.br
751,Isabelly,Silveira,PF,61995428557,,2025-03-09,Moreira Paulista,DF,14289657001,True,,400,*********01,i***@gmail.com
1052,Guilherme,Novaes,PF,21964129707,2007-05-17,2025-03-10,Peixoto Grande,RS,62830941713,True,18.0,399,*********13,g***@hotmail.com
1291,Laís,da Costa,PF,61944729893,1979-10-17,2025-03-10,Azevedo,DF,94536728074,True,46.0,399,*********74,l***@terra.com.br
1314,Pietro,Moreira,PF,+5513996031568,1979-01-25,2025-03-10,Farias Verde,PB,37610842508,True,47.0,399,*********08,p***@yahoo.com.br
1646,Fernando,Machado,PF,+5571934712967,1974-08-03,2025-03-10,Brito do Galho,RR,25649370125,True,51.0,399,*********25,f***@yahoo.com.br
2515,Maya,Freitas,PF,51972898131,1973-11-28,2025-03-10,da Rocha da Mata,MS,51372906452,True,52.0,399,*********52,m***@bol.com.br
2640,Vitor Hugo,Marques,PF,(41) 95352-5976,1967-08-29,2025-03-10,Nascimento,RR,60539814784,True,58.0,399,*********84,v***@bol.com.br
582,Miguel,Aragão,PF,+5513930215818,1990-12-10,2025-03-10,Freitas,AP,19465380270,True,35.0,399,*********70,m***@outlook.com
2039,Mathias,Silveira,PF,(41) 97053-6417,1956-05-27,2025-03-11,Cavalcanti da Serra,BA,41783256044,True,69.0,398,*********44,m***@outlook.com
2146,Calebe,Monteiro,PF,+5551933491528,,2025-03-11,Lima do Norte,TO,80392746565,True,,398,*********65,c***@hotmail.com
3030,Apollo,Moreira,PF,51986587011,1996-02-26,2025-03-11,Carvalho,MG,68413720931,True,30.0,398,*********31,a***@gmail.com
1288,Paulo,Cavalcante,PF,51949241317,1977-09-22,2025-03-12,Cavalcante de Fogaça,BA,86150397475,True,48.0,397,*********75,p***@ig.com.br
1828,Miguel,Martins,PF,+5551917154681,1984-09-16,2025-03-12,Gonçalves,MT,36759201868,True,41.0,397,*********68,m***@uol.com.br
183,Anthony,Siqueira,PF,+5547913269126,1982-01-07,2025-03-12,Oliveira,PR,76283014526,True,44.0,397,*********26,a***@gmail.com
2363,Lorenzo,Novais,PF,21918527394,1975-05-21,2025-03-12,Vieira,PI,78621354071,True,50.0,397,*********71,l***@bol.com.br
42,Silva & Associados ME,,PJ,+5521927045813,1986-10-27,2025-03-12,Fonseca de Silveira,RR,62317058000110,True,39.0,397,************10,s***@empresa.com.br
93,Pinheiro & Ribeiro ME,,PJ,+5571964191183,2007-01-22,2025-03-12,Porto de Minas,MA,30892146000150,True,19.0,397,************50,p***@empresa.com.br
1219,João Vitor,Moura,PF,71958664649,1963-04-09,2025-03-13,Mendonça,SC,09571234850,True,63.0,396,*********50,j***@outlook.com
144,Cecília,Guerra,PF,+5571979088142,2007-11-13,2025-03-13,Nogueira,PA,72361905868,True,18.0,396,*********68,c***@uol.com.br
2119,Mirella,Cirino,PF,(21) 91065-4518,,2025-03-13,Machado do Sul,PB,27831450904,True,,396,*********04,m***@outlook.com
213,Dante,Rodrigues,PF,+5551967605513,1993-07-07,2025-03-13,Abreu,PI,65249783155,True,32.0,396,*********55,d***@hotmail.com
2291,Garcia Informática e Atacado S/A,,PJ,+5551973949598,1966-02-20,2025-03-13,Rezende de Ferreira,CE,08967123000108,True,60.0,396,************08,g***@comercio.net.br
297,Pereira Serviços e Comércio S/A,,PJ,61933511012,1983-10-11,2025-03-13,Ferreira de Minas,SE,40758613000107,True,42.0,396,************07,p***@empresa.com.br
3086,José,,PF,(61) 95603-2830,1978-07-10,2025-03-13,Rezende,CE,83147620913,True,47.0,396,*********13,j***@uol.com.br
901,Rafael,Aparecida,PF,+5511933694218,1961-07-21,2025-03-13,Santos,MG,30167428535,True,64.0,396,*********35,r***@terra.com.br
1419,Isabelly,Macedo,PF,31955418337,2001-08-09,2025-03-14,da Cruz,SC,43985107297,True,24.0,395,*********97,i***@bol.com.br
3286,Enrico,Moraes,PF,+5561911487827,2002-06-07,2025-03-14,Azevedo Alegre,AM,28735104635,True,23.0,395,*********35,e***@outlook.com
263,Hadassa,Freitas,PF,11981801784,1990-10-05,2025-03-15,da Mata,AC,83590462124,True,35.0,394,*********24,h***@uol.com.br
3034,Larissa,Farias,PF,(41) 92836-8284,1995-12-11,2025-03-15,Machado Paulista,PI,75391402670,True,30.0,394,*********70,l***@bol.com.br
36,Importadora Rodrigues ME,,PJ,31992469571,2001-10-13,2025-03-15,Brito de Minas,MG,36451792000168,True,24.0,394,************68,i***@empresa.com.br
1803,Maria Eduarda,Vargas,PF,21992795755,1982-06-22,2025-03-16,Rodrigues,RJ,70345129814,True,43.0,393,*********14,m***@gmail.com
2357,José,Marques,PF,+5571934581190,1970-12-25,2025-03-16,Leão,DF,28745036144,True,55.0,393,*********44,j***@outlook.com
3026,Isis,da Costa,PF,+5571997128717,1968-04-21,2025-03-16,Oliveira,RN,69345821791,True,58.0,393,*********91,i***@bol.com.br
817,Maria Júlia,Casa Grande,PF,+5561978425398,1969-02-26,2025-03-16,Monteiro,RJ,13987540214,True,57.0,393,*********14,m***@bol.com.br
860,Calebe,Santos,PF,+5531975289992,1980-02-14,2025-03-16,Oliveira de Goiás,RJ,46238915005,True,46.0,393,*********05,c***@gmail.com
1513,Manuela,Rodrigues,PF,,2004-08-16,2025-03-17,da Paz,RR,68752091368,True,21.0,392,*********68,m***@bol.com.br
2311,Aylla,Fonseca,PF,+5541973285970,2000-11-13,2025-03-17,da Cruz dos Dourados,SC,27803164544,True,25.0,392,*********44,a***@gmail.com
726,João Gabriel,Souza,PF,13995404458,1969-10-05,2025-03-17,Azevedo,GO,73064185217,True,56.0,392,*********17,j***@gmail.com
1603,Kamilly,Rocha,PF,+5547923834238,1979-10-22,2025-03-18,Câmara,SP,73928540114,True,46.0,391,*********14,k***@hotmail.com
278,Cauã,Correia,PF,+5551978511897,1965-12-27,2025-03-18,Macedo,PA,24159063799,True,60.0,391,*********99,c***@ig.com.br
581,Silveira & Associados Ltda.,,PJ,(71) 91582-4278,1989-03-03,2025-03-18,Ramos,AM,93642708000127,True,37.0,391,************27,s***@comercio.net.br
1057,Sara,Montenegro,PF,+5547970172424,1967-06-18,2025-03-19,Melo da Serra,PE,70491583214,True,58.0,390,*********14,s***@yahoo.com.br
1964,Evelyn,Marques,PF,(31) 91832-3819,1984-11-22,2025-03-19,Casa Grande,PI,82390614787,True,41.0,390,*********87,e***@ig.com.br
2210,Luara,Gonçalves,PF,71976561554,1979-08-25,2025-03-19,Sousa da Serra,DF,70621985368,True,46.0,390,*********68,a***@uol.com.br
2684,Maysa,da Cruz,PF,+5513937607596,2004-07-08,2025-03-19,Gonçalves,ES,05381426933,True,21.0,390,*********33,m***@gmail.com
80,Júlia,Marques,PF,31980396122,,2025-03-19,Silveira,TO,28564173026,True,,390,*********26,j***@yahoo.com.br
92,Informática Nascimento EPP,,PJ,+5531929583258,1957-01-04,2025-03-19,da Mota do Campo,AM,08564319000151,True,69.0,390,************51,i***@empresa.com.br
1558,Lorenzo,Vargas,PF,71929846245,,2025-03-20,Aparecida Alegre,GO,45182970323,True,,389,*********23,l***@ig.com.br
1709,Vicente,Melo,PF,+5541930818225,,2025-03-20,Dias das Flores,SP,53790841684,True,,389,*********84,v***@yahoo.com.br
2064,Ana Beatriz,Ramos,PF,(41) 92514-8786,2004-01-29,2025-03-20,Aparecida da Mata,BA,79863425109,True,22.0,389,*********09,a***@gmail.com
2895,André,Barros,PF,,1962-02-15,2025-03-20,Viana de Nogueira,SP,82513769473,True,64.0,389,*********73,a***@uol.com.br
3352,João,Alves,PF,41993514848,,2025-03-20,Pastor,GO,43879615209,True,,389,*********09,j***@bol.com.br
3402,Augusto,Marques,PF,11971702996,1999-02-01,2025-03-20,Martins,RO,01394687222,True,27.0,389,*********22,a***@uol.com.br
1997,Bianca,Rodrigues,PF,+5561992701229,2005-09-02,2025-03-21,Fogaça Verde,BA,35762894100,True,20.0,388,*********00,b***@outlook.com
3102,Leandro,Cirino,PF,,2003-10-11,2025-03-21,Moraes,AM,48619032704,True,22.0,388,*********04,l***@bol.com.br
55,Anthony Gabriel,Aragão,PF,+5531942204382,1956-06-07,2025-03-21,Barros,PI,74028135923,True,69.0,388,*********23,a***@ig.com.br
14,Yuri,Freitas,PF,+5547917654478,1987-01-07,2025-03-22,da Paz das Pedras,PA,15460289785,True,39.0,387,*********85,y***@terra.com.br
1429,Eduardo,Martins,PF,+5511995065140,1983-11-20,2025-03-22,Rodrigues da Mata,AL,72605834956,True,42.0,387,*********56,e***@uol.com.br
1721,Larissa,Marques,PF,(61) 95219-2891,1986-06-12,2025-03-22,Dias do Oeste,PR,80579614301,True,39.0,387,*********01,l***@yahoo.com.br
2219,Pereira Consultoria e Informática S/S,,PJ,+5571915955467,2000-05-30,2025-03-22,Cavalcante,BA,32578069000193,True,25.0,387,************93,p***@empresa.con.br
274,Hadassa,,PF,+5551940902372,2007-07-21,2025-03-22,Montenegro do Norte,SE,47182509601,True,18.0,387,*********01,h***@outlook.com
2799,Vitor Gabriel,Jesus,PF,71997644383,1975-07-02,2025-03-22,da Paz,AM,76319452099,True,50.0,387,*********99,v***@uol.com.br
576,Zoe,da Paz,PF,,1961-12-29,2025-03-22,Camargo da Praia,GO,20947563199,True,64.0,387,*********99,n***@uol.com.br
1399,Fonseca Comércio e Comércio S/A,,PJ,(31) 91941-7970,1979-06-06,2025-03-23,Monteiro,GO,78943215000133,True,46.0,386,************33,f***@empresa.com.br
2706,Bento,da Conceição,PF,+5521955211997,1981-10-31,2025-03-23,Mendonça,BA,94623580792,True,44.0,386,*********92,b***@ig.com.br
819,Vinicius,Costa,PF,+5571950179365,1958-07-23,2025-03-23,Cardoso,MS,24059678392,True,67.0,386,*********92,v***@ig.com.br
1309,Kevin,Moreira,PF,51961585692,1965-05-10,2025-03-24,Brito do Amparo,DF,51970624361,True,60.0,385,*********61,k***@terra.com.br
2699,Breno,Farias,PF,,1978-07-26,2025-03-24,Guerra de Albuquerque,SC,72418306526,True,47.0,385,*********26,j***@outlook.com
2791,Luna,Jesus,PF,+5521952191678,1961-06-03,2025-03-24,Gonçalves da Serra,RJ,20947365125,True,64.0,385,*********25,l***@hotmail.com
57,Bianca,Castro,PF,+5531991325300,,2025-03-24,Cardoso Grande,PR,20896137503,True,,385,*********03,b***@bol.com.br
2984,Alexia,Fogaça,PF,41981138008,1993-12-20,2025-03-25,Cavalcanti,PA,19025487360,True,32.0,384,*********60,a***@outlook.com
3348,Luiz Gustavo,Pires,PF,61957047952,,2025-03-25,Nunes,TO,76150249352,True,,384,*********52,e***@terra.com.br
661,Pedro Henrique,Correia,PF,+5531938591779,2006-06-16,2025-03-25,Brito da Mata,MT,36471098278,True,19.0,384,*********78,p***@gmail.com
708,Nunes & Cruz S/S,,PJ,(47) 95964-5411,,2025-03-25,Novais,BA,36542970000166,True,,384,************66,n***@empresa.com.br
1086,Maria Luiza,Cavalcanti,PF,41914928421,,2025-03-26,Azevedo,MG,25146830924,True,,383,*********24,m***@uol.com.br
2089,Manuella,Rios,PF,51943135155,1986-03-31,2025-03-26,Pastor de Campos,CE,76021348931,True,40.0,383,*********31,m***@yahoo.com.br
309,Vitor Hugo,Novais,PF,+5513971301879,1974-12-21,2025-03-26,Aparecida da Mata,RO,53876402956,True,51.0,383,*********56,v***@ig.com.br
716,Maria,Marques,PF,(41) 92675-1911,1969-10-08,2025-03-26,Câmara,SP,31284609731,True,56.0,383,*********31,m***@uol.com.br
771,João Felipe,Martins,PF,+5513916621866,1995-01-16,2025-03-26,Silva do Oeste,SE,82910536777,True,31.0,383,*********77,j***@bol.com.br
828,Emilly,Casa Grande,PF,31913195872,1962-05-22,2025-03-26,Campos de Alves,SE,10489235689,True,63.0,383,*********89,e***@gmail.com
1300,Nascimento & Associados S/A,,PJ,21970223334,1989-02-18,2025-03-27,das Neves do Oeste,RO,49635217000167,True,37.0,382,************67,n***@empresa.com.br
2734,Gustavo,Sales,PF,(11) 99723-9040,1990-08-23,2025-03-27,Garcia,CE,26475130826,True,35.0,382,*********26,g***@bol.com.br
2986,Giovanna,Jesus,PF,(71) 92713-1083,1959-06-01,2025-03-27,Machado,ES,35619208702,True,66.0,382,*********02,g***@terra.com.br
2997,Melina,Costa,PF,+5511957177943,1971-02-02,2025-03-27,Oliveira Paulista,PR,63184597237,True,55.0,382,*********37,m***@terra.com.br
368,Calebe,Teixeira,PF,51916865902,1961-10-04,2025-03-27,Jesus,MT,61725894319,True,64.0,382,*********19,c***@yahoo.com.br
231,Catarina,Pires,PF,51924497944,2001-05-08,2025-03-28,Barbosa Alegre,SE,17624803526,True,24.0,381,*********26,c***@hotmail.com
2974,Luiz Gustavo,Pastor,PF,+5531925007189,1989-12-26,2025-03-28,da Rocha do Norte,TO,30958467110,True,36.0,381,*********10,l***@outlook.com
662,Vitor Gabriel,da Costa,PF,47956981677,,2025-03-28,Viana das Flores,PB,49631870278,True,,381,*********78,v***@ig.com.br
85,Luiz Miguel,Oliveira,PF,47989224399,1991-10-29,2025-03-28,da Paz do Campo,SP,32571409832,True,34.0,381,*********32,l***@hotmail.com
1490,Nunes & Associados S.A.,,PJ,(47) 98250-6845,1974-07-30,2025-03-29,Câmara,PR,69530248000160,True,51.0,380,************60,n***@empresa.com.br
2741,Benício,Melo,PF,71981529896,1987-12-25,2025-03-29,Monteiro,DF,98215037488,True,38.0,380,*********88,b***@terra.com.br
691,Arthur,Viana,PF,(13) 96512-1091,1986-10-23,2025-03-29,Pires,PA,36297480583,True,39.0,380,*********83,a***@gmail.com
1106,Pedro,Nogueira,PF,(71) 96963-7711,1985-01-08,2025-03-30,Silva,MT,89762053400,True,41.0,379,*********00,p***@gmail.com
1209,Luigi,Pereira,PF,61935461086,,2025-03-30,Freitas de Santos,MG,93620578400,True,,379,*********00,l***@outlook.com
2263,Valentim,Viana,PF,+5511916081778,2005-10-04,2025-03-30,Guerra,SE,41063957206,True,20.0,379,*********06,v***@ig.com.br
2942,Murilo,Rocha,PF,+5551990104488,1969-07-26,2025-03-30,Garcia do Oeste,MS,06917548375,True,56.0,379,*********75,m***@gmail.com
519,Maria Vitória,Fernandes,PF,+5561926451872,1965-04-23,2025-03-30,Cunha de Peixoto,RJ,86405231933,True,61.0,379,*********33,m***@outlook.com
76,Maria Julia,Silva,PF,(13) 98709-6799,,2025-03-30,Nogueira de Montenegro,AL,98451236006,True,,379,*********06,m***@hotmail.com
1719,Vargas & Moraes EPP,,PJ,+5521957148762,2007-04-23,2025-03-31,Siqueira do Amparo,TO,24758639000107,True,18.0,378,************07,v***@comercio.net.br
2233,Renan,Pinto,PF,,1999-09-18,2025-03-31,Correia,AL,02367981469,True,26.0,378,*********69,r***@terra.com.br
3168,José Miguel,Moraes,PF,+5571972835044,1991-02-07,2025-03-31,Barbosa,RS,31974025616,True,35.0,378,*********16,j***@yahoo.com.br
919,Helena,Montenegro,PF,71980081170,1968-06-14,2025-03-31,Leão,TO,47910836287,True,57.0,378,*********87,h***@hotmail.com
1768,Luana,Campos,PF,+5551991251758,1980-03-31,2025-04-01,Santos,MG,95367480292,True,46.0,377,*********92,l***@terra.com.br
1901,Bento,Souza,PF,41975726175,1972-06-17,2025-04-01,Viana,GO,87923154023,True,53.0,377,*********23,b***@terra.com.br
2122,Distribuidora Ferreira Ltda.,,PJ,41925583109,1966-05-22,2025-04-01,Pimenta de Goiás,SP,52940671000136,True,59.0,377,************36,d***@comercio.net.br
2526,Ravi Lucca,Monteiro,PF,,1990-04-20,2025-04-01,Rodrigues,CE,08593471250,True,36.0,377,*********50,r***@bol.com.br
3184,Ana Liz,Duarte,PF,61915641763,1966-12-14,2025-04-01,Azevedo,PB,17490358205,True,59.0,377,*********05,a***@outlook.com
3482,Farias & Guerra EPP,,PJ,(71) 99148-4402,,2025-04-02,Correia,MT,79240816000142,True,,376,************42,f***@empresa.com.br
687,Isadora,Nogueira,PF,(41) 94197-7212,,2025-04-02,Rocha do Galho,AM,07912368469,True,,376,*********69,i***@hotmail.com
1152,Lopes & Ribeiro Ltda.,,PJ,+5561999738833,1985-08-15,2025-04-03,Lopes do Galho,PB,16375402000100,True,40.0,375,************00,l***@comercio.net.br
1283,Ana Lívia,Nunes,PF,+5511965644684,,2025-04-03,Vargas de Aragão,RR,89635410700,True,,375,*********00,a***@gmail.com
2424,Otto,,PF,(47) 97725-6519,1988-09-15,2025-04-03,Pinto de Jesus,BA,71243605952,True,37.0,375,*********52,o***@uol.com.br
830,Enrico,Almeida,PF,51933759334,1970-10-19,2025-04-03,Correia da Serra,RJ,63459807148,True,55.0,375,*********48,e***@uol.com.br
1019,Eloah,Ribeiro,PF,+5551961784474,1965-05-13,2025-04-04,Moreira da Serra,MS,34172658946,True,60.0,374,*********46,e***@bol.com.br
1240,Ana Cecília,Abreu,PF,+5521954007016,1984-10-01,2025-04-04,Camargo,MA,09432817504,True,41.0,374,*********04,a***@hotmail.com
1663,Ryan,da Rocha,PF,51966939163,2000-12-17,2025-04-04,Câmara,ES,35671890420,True,25.0,374,*********20,r***@hotmail.com
24,Maria Vitória,,PF,+5571965484998,1958-04-30,2025-04-04,Peixoto dos Dourados,MG,10768345901,True,68.0,374,*********01,m***@outlook.com
2677,Gustavo Henrique,Fernandes,PF,(51) 91237-5751,1995-12-19,2025-04-04,Camargo do Campo,RJ,18605239433,True,30.0,374,*********33,g***@uol.com.br
2898,Farias Serviços e Sistemas EPP,,PJ,+5513978433451,1983-01-12,2025-04-04,da Cruz,RO,51976238000198,True,43.0,374,************98,f***@empresa.com.br
2952,Lívia,Santos,PF,+5513926757288,1982-11-03,2025-04-04,Cirino,CE,21386957003,True,43.0,374,*********03,l***@outlook.com
379,Marcela,da Cunha,PF,(51) 94586-1819,1995-05-02,2025-04-04,Andrade da Praia,PI,83460792574,True,30.0,374,*********74,m***@outlook.com
664,Evelyn,das Neves,PF,51993849078,2003-04-02,2025-04-04,Oliveira,MG,26918437003,True,23.0,374,*********03,e***@bol.com.br
3463,Milena,Novaes,PF,,1972-06-30,2025-04-05,Dias,ES,09421567811,True,53.0,373,*********11,m***@hotmail.com
108,Gomes Distribuidora e Importadora EI,,PJ,+5551984749219,2003-11-27,2025-04-06,da Rosa de Cunha,RN,20351467000193,True,22.0,372,************93,g***@comercio.net.br
1089,Emanuella,da Mota,PF,(71) 91582-7245,1981-03-08,2025-04-06,Cirino,RN,26497350829,True,45.0,372,*********29,e***@uol.com.br
2537,Antônio,Fogaça,PF,41933574618,1993-08-20,2025-04-06,Moreira,PI,98567231086,True,32.0,372,*********86,a***@hotmail.com
351,Rebeca,Moura,PF,11957307183,1965-08-15,2025-04-06,Cirino,MA,58742190304,True,60.0,372,*********04,r***@hotmail.com
1248,Yan,Pastor,PF,71949829875,2002-05-18,2025-04-07,Azevedo do Sul,RN,09812365702,True,23.0,371,*********02,y***@outlook.com
1579,Camila,da Mota,PF,+5571981926335,1993-07-09,2025-04-07,Farias da Praia,PR,97284651067,True,32.0,371,*********67,c***@gmail.com
16,Silveira Informática e Distribuidora Ltda.,,PJ,+5541951817688,1996-02-29,2025-04-07,Abreu,AM,61347250000197,True,30.0,371,************97,s***@empresa.com.br
1697,Vitor Gabriel,Araújo,PF,+5561939158040,1968-04-07,2025-04-07,Oliveira da Serra,AM,85916023405,True,58.0,371,*********05,v***@bol.com.br
1924,Lorena,Sá,PF,(31) 96432-2030,,2025-04-07,Azevedo do Amparo,CE,32708519441,True,,371,*********41,l***@ig.com.br
2240,Ísis,Lopes,PF,47985407081,,2025-04-07,Novaes da Serra,MT,61540389251,True,,371,*********51,s***@gmail.com
2450,Davi Miguel,Garcia,PF,+5561932631229,1995-04-14,2025-04-07,Garcia das Flores,CE,28091536470,True,31.0,371,*********70,g***@hotmail.com
2804,Isaque,Pires,PF,61913655874,1970-02-22,2025-04-07,Rocha de Monteiro,AC,87135290488,True,56.0,371,*********88,i***@ig.com.br
3396,Alexandre,da Rosa,PF,13959775381,1996-04-06,2025-04-07,Pires,DF,43876910269,True,30.0,371,*********69,a***@outlook.com
1160,Ana Luiza,Azevedo,PF,+5561960645702,2000-10-16,2025-04-08,Ramos de Pinto,AM,89640371548,True,25.0,370,*********48,a***@ig.com.br
1312,Luiz Fernando,Pires,PF,31998123561,1991-12-16,2025-04-08,Câmara de Mendonça,TO,53821460717,True,34.0,370,*********17,l***@bol.com.br
1458,Gael,Pacheco,PF,31996996913,1967-02-27,2025-04-08,Teixeira de Barbosa,MT,35842109689,True,59.0,370,*********89,g***@hotmail.com
3084,Eduarda,Siqueira,PF,(61) 93995-9536,1991-09-30,2025-04-08,Vasconcelos da Mata,RR,53280769400,True,34.0,370,*********00,e***@terra.com.br
845,Aurora,Andrade,PF,11977119072,1967-02-14,2025-04-08,da Mata,RR,95213674070,True,59.0,370,*********70,a***@yahoo.com.br
1683,Daniel,Ribeiro,PF,(71) 96738-5117,,2025-04-09,Rodrigues da Praia,PE,59802143723,True,,369,*********23,d***@yahoo.com.br
2978,Juliana,Freitas,PF,41978905731,,2025-04-09,Leão do Galho,BA,52348016915,True,,369,*********15,j***@outlook.com
3252,Ana Luiza,Cavalcante,PF,+5531912166261,1987-03-18,2025-04-09,Nunes,PA,29384170550,True,39.0,369,*********50,a***@terra.com.br
1243,Fernanda,Porto,PF,(71) 95652-2210,,2025-04-10,Dias,RS,10826957340,True,,368,*********40,f***@terra.com.br
2505,Andrade Tecnologia e Informática S/S,,PJ,,1970-10-26,2025-04-10,Rodrigues,PE,49850326000105,True,55.0,368,************05,a***@empresa.com.br
3398,Bryan,Aragão,PF,21917873237,,2025-04-10,Albuquerque,ES,46508732153,True,,368,*********53,b***@terra.com.br
44,Ana Cecília,Cardoso,PF,+5541972543922,1965-09-27,2025-04-10,Caldeira Verde,AL,62937104525,True,60.0,368,*********25,a***@bol.com.br
524,Caio,Rodrigues,PF,+5541912701160,1994-04-01,2025-04-10,da Rosa,MA,13578496057,True,32.0,368,*********57,c***@ig.com.br
827,Nunes & Associados EI,,PJ,47927587195,1965-12-10,2025-04-10,das Neves,MT,96425730000103,True,60.0,368,************03,n***@empresa.com.br
1796,Maitê,Viana,PF,(13) 95630-8356,1970-09-30,2025-04-11,Sampaio,ES,89713520602,True,55.0,367,*********02,m***@hotmail.com
2429,João Guilherme,Camargo,PF,+5571985208664,,2025-04-11,Monteiro,AP,60312897413,True,,367,*********13,j***@uol.com.br
2482,Informática Borges S.A.,,PJ,(41) 96175-3560,2004-02-14,2025-04-11,Martins do Norte,RS,90375862000191,True,22.0,367,************91,i***@empresa.com.br
3104,Raul,Sá,PF,+5513973622474,1973-06-17,2025-04-11,da Paz de Goiás,PA,90685412342,True,52.0,367,*********42,r***@terra.com.br
494,Liam,Barbosa,PF,+5547962063584,1962-03-14,2025-04-11,Guerra de Aragão,MG,54190673820,True,64.0,367,*********20,l***@gmail.com
2743,Laura,Sá,PF,+5521948076331,1983-01-01,2025-04-12,Moreira de Barbosa,MG,16245087317,True,43.0,366,*********17,l***@yahoo.com.br
3072,Francisco,das Neves,PF,31912298115,1965-06-15,2025-04-12,Marques,PA,87640351901,True,60.0,366,*********01,f***@gmail.com
3225,Nina,Pimenta,PF,31994847979,1994-06-14,2025-04-12,Viana de Abreu,RO,91675348219,True,31.0,366,*********19,n***@outlook.com
453,Ágatha,Vasconcelos,PF,51994127389,1959-09-15,2025-04-12,Leão,PI,13076829440,True,66.0,366,*********40,g***@terra.com.br
1234,Soluções Silveira S.A.,,PJ,51940612439,,2025-04-13,da Cunha,AP,76248930000120,True,,365,************20,s***@empresa.com.br
1879,Kamilly,da Mota,PF,(21) 94553-1398,1956-10-05,2025-04-13,Cavalcante de Goiás,RS,19735460866,True,69.0,365,*********66,k***@hotmail.com
2071,Vitor Gabriel,Oliveira,PF,(31) 93123-8195,1998-10-09,2025-04-13,da Costa,BA,61240873913,True,27.0,365,*********13,v***@bol.com.br
615,Alexandre,Rios,PF,11925174942,,2025-04-13,Silva de Azevedo,PR,14823790588,True,,365,*********88,a***@hotmail.com
668,Mathias,Albuquerque,PF,+5531939941729,2006-01-31,2025-04-13,Câmara,AC,38094651784,True,20.0,365,*********84,m***@uol.com.br
1760,Ribeiro & Associados EPP,,PJ,(71) 92104-2157,1982-01-30,2025-04-14,Farias,RO,98324705000169,True,44.0,364,************69,r***@empresa.com.br
2829,Melina,Vieira,PF,+5521987239685,,2025-04-14,Cunha,BA,12437658955,True,,364,*********55,m***@terra.com.br
2857,Ísis,Cavalcanti,PF,+5521971399433,1965-10-29,2025-04-14,Nogueira,TO,89054762101,True,60.0,364,*********01,s***@terra.com.br
1676,Thomas,Novaes,PF,(71) 95074-5380,1997-10-29,2025-04-15,Fonseca do Galho,PE,93247168591,True,28.0,363,*********91,t***@bol.com.br
2484,Cauê,Sampaio,PF,+5521928714940,1988-04-25,2025-04-15,Sousa,RS,43861259737,True,37.0,363,*********37,c***@uol.com.br
3345,Moraes Consultoria e Importadora S/A,,PJ,41989298224,1978-08-03,2025-04-15,Araújo,RS,39480156000152,True,47.0,363,************52,m***@comercio.net.br
505,Mathias,Campos,PF,(61) 98549-2828,1969-02-19,2025-04-15,Nunes das Flores,AM,18295764020,True,57.0,363,*********20,d***@terra.com.br
547,Hadassa,Campos,PF,,1966-10-10,2025-04-15,Brito,RN,35809761410,True,59.0,363,*********10,h***@ig.com.br
1777,Isabela,Sampaio,PF,,1959-02-22,2025-04-16,Monteiro,CE,17328096403,True,67.0,362,*********03,i***@ig.com.br
2018,Mathias,Cirino,PF,+5521969515588,1961-07-26,2025-04-16,Novaes,AP,68541720390,True,64.0,362,*********90,m***@gmail.com
2419,Erick,Cardoso,PF,,1966-08-07,2025-04-16,Pires do Galho,PI,01254938605,True,59.0,362,*********05,e***@gmail.com
2901,Marcelo,Monteiro,PF,61931176799,1983-11-06,2025-04-16,Mendes,GO,41356870910,True,42.0,362,*********10,m***@gmail.com
1016,João Guilherme,Rocha,PF,(47) 95054-8237,1984-01-21,2025-04-17,Brito,PB,72945380692,True,42.0,361,*********92,j***@terra.com.br
2006,Eduarda,da Cunha,PF,21933938818,1978-05-03,2025-04-17,Cunha do Galho,TO,76984230187,True,47.0,361,*********87,e***@yahoo.com.br
2423,Emanuella,Vieira,PF,+5571912181673,1957-08-26,2025-04-17,Correia,RS,56304821735,True,68.0,361,*********35,e***@ig.com.br
412,Gael,Cardoso,PF,(47) 94356-6577,2001-08-16,2025-04-17,Leão de Freitas,PA,92845310633,True,24.0,361,*********33,g***@gmail.com
7,Liz,,PF,61961366719,1961-04-09,2025-04-17,Fonseca,MG,54638790100,True,65.0,361,*********00,l***@hotmail.com
1130,Rodrigues & Associados EI,,PJ,61941813352,1977-04-01,2025-04-18,Oliveira,TO,98527634000100,True,49.0,360,************00,r***@comercio.net.br
1157,Vargas Informática e Soluções EI,,PJ,(21) 92580-4440,1968-06-28,2025-04-18,Guerra,GO,26135978000154,True,57.0,360,************54,v***@comercio.net.br
2136,Anthony Gabriel,Campos,PF,,1987-05-18,2025-04-18,Souza da Prata,MT,25943718664,True,38.0,360,*********64,a***@terra.com.br
2245,Rhavi,Marques,PF,+5521993324209,,2025-04-18,Ferreira,RS,87421936564,True,,360,*********64,r***@hotmail.com
3167,Esther,Borges,PF,(71) 93636-6808,,2025-04-18,Vieira do Galho,PI,95428061758,True,,360,*********58,e***@hotmail.com
3375,Ísis,da Cruz,PF,+5513996407733,2007-03-07,2025-04-18,Fonseca Grande,SP,97438251691,True,19.0,360,*********91,s***@yahoo.com.br
1870,Nina,Cirino,PF,31944761252,1986-07-09,2025-04-19,da Rosa do Sul,RS,65801749276,True,39.0,359,*********76,n***@hotmail.com
2145,Clara,Vargas,PF,,1991-12-25,2025-04-19,da Costa,MS,18243079696,True,34.0,359,*********96,c***@bol.com.br
3101,Bianca,Macedo,PF,+5531913001817,1998-07-03,2025-04-19,da Cunha de Minas,ES,48329605124,True,27.0,359,*********24,b***@gmail.com
314,Stella,Nogueira,PF,47995162934,1967-02-03,2025-04-19,Albuquerque da Praia,TO,97542618300,True,59.0,359,*********00,s***@terra.com.br
1013,Henry,da Rosa,PF,47973342144,2001-12-01,2025-04-20,Borges,RO,47958106300,True,24.0,358,*********00,h***@ig.com.br
1438,Maria Fernanda,Novais,PF,31991901810,2003-01-08,2025-04-20,da Rocha de Goiás,RJ,62341578900,True,23.0,358,*********00,m***@terra.com.br
2007,Borges Tecnologia e Soluções S/A,,PJ,(41) 97956-4751,1960-03-16,2025-04-20,Martins,RS,24817395000188,True,66.0,358,************88,b***@empresa.com.br
2116,Ana Sophia,Sampaio,PF,31960023309,1962-11-22,2025-04-20,da Cruz de Sales,AP,67530214853,True,63.0,358,*********53,a***@outlook.com
2865,Borges Sistemas e Consultoria EIRELI,,PJ,,,2025-04-20,Cassiano,RN,25931478000166,True,,358,************66,b***@comercio.net.br
2869,Luigi,Silva,PF,+5531979292856,,2025-04-20,Fernandes,MA,74209651885,True,,358,*********85,l***@uol.com.br
3297,Isabelly,Pimenta,PF,11923711469,1990-05-06,2025-04-20,Vasconcelos dos Dourados,AM,10768459249,True,35.0,358,*********49,i***@hotmail.com
2922,Carvalho & Associados ME,,PJ,+5521929924045,1966-12-13,2025-04-21,Silva,AM,70941382000133,True,59.0,357,************33,c***@comercio.net.br
3129,Benicio,Marques,PF,41983486881,1976-11-08,2025-04-21,Fernandes,RR,71923406507,True,49.0,357,*********07,b***@gmail.com
561,Rael,Leão,PF,51912317653,1959-03-17,2025-04-21,Sousa de Costa,PE,69254183709,True,67.0,357,*********09,r***@yahoo.com.br
1370,Ravi Lucca,Rodrigues,PF,(61) 94826-2291,1981-09-15,2025-04-22,da Rocha,MG,04713528960,True,44.0,356,*********60,r***@bol.com.br
1048,Guilherme,Cirino,PF,(11) 96741-4440,2003-11-26,2025-04-23,Lima,SE,80345269160,True,22.0,355,*********60,g***@ig.com.br
1239,Ferreira & Associados ME,,PJ,47971423170,2003-03-08,2025-04-23,Sá do Oeste,AC,80296351000120,True,23.0,355,************20,f***@comercio.net.br
1464,Santos Tecnologia e Comércio EPP,,PJ,+5547971467705,1980-10-10,2025-04-23,das Neves,PR,25103684000188,True,45.0,355,************88,s***@comercio.net.br
1778,Ana Clara,Viana,PF,71943354050,1985-08-03,2025-04-23,Pereira da Prata,PR,15360872977,True,40.0,355,*********77,a***@hotmail.com
2029,Vinicius,da Luz,PF,21913377322,1984-05-11,2025-04-23,Barros de Farias,PE,09643217850,True,41.0,355,*********50,v***@uol.com.br
2454,João Pedro,Campos,PF,+5547949303274,1959-08-06,2025-04-23,Jesus dos Dourados,RS,97345082105,True,66.0,355,*********05,j***@ig.com.br
2689,Arthur Miguel,Castro,PF,+5511941302403,2003-05-07,2025-04-23,Moraes,MG,16807953259,True,22.0,355,*********59,a***@hotmail.com
2878,Rocha Atacado e Sistemas S.A.,,PJ,+5561971945390,1983-08-05,2025-04-23,Brito da Prata,SC,31052786000114,True,42.0,355,************14,r***@empresa.com.br
316,Stella,Aparecida,PF,(13) 98406-1224,1990-06-18,2025-04-23,da Luz de Lopes,CE,34687021590,True,35.0,355,*********90,s***@gmail.com
1230,Bernardo,das Neves,PF,(61) 91873-7452,,2025-04-24,Silva da Mata,AL,15394682089,True,,354,*********89,b***@uol.com.br
1410,Júlia,da Rosa,PF,+5547935112187,1977-06-11,2025-04-24,Andrade,RS,84603512708,True,48.0,354,*********08,j***@ig.com.br
1432,Bento,Pinto,PF,+5551927343429,1970-03-06,2025-04-24,Brito,MS,07835146207,True,56.0,354,*********07,b***@terra.com.br
3160,Ágatha,Rios,PF,(51) 99879-9763,1979-09-17,2025-04-24,Souza,PA,93751428682,True,46.0,354,*********82,g***@yahoo.com.br
3197,Sistemas Gomes Ltda.,,PJ,(61) 91867-2630,1990-12-18,2025-04-24,Freitas,SC,48307129000173,True,35.0,354,************73,s***@comercio.net.br
1822,Davi Lucas,Novais,PF,31911766039,1974-10-29,2025-04-25,Cirino dos Dourados,TO,56129370407,True,51.0,353,*********07,d***@bol.com.br
2378,Noah,Novais,PF,+5561991379932,2002-05-17,2025-04-25,Cunha de Minas,RN,79048315204,True,23.0,353,*********04,n***@yahoo.com.br
2639,Davi,Mendes,PF,21926549773,1991-10-13,2025-04-25,Cunha de Nunes,PA,56380927492,True,34.0,353,*********92,d***@gmail.com
3248,Ravi,Monteiro,PF,+5511935787064,1976-11-05,2025-04-25,Correia,GO,51962834042,True,49.0,353,*********42,r***@outlook.com
2529,Bruno,Jesus,PF,(47) 93890-2009,1989-10-08,2025-04-26,Pinto,GO,34657210807,True,36.0,352,*********07,b***@terra.com.br
2715,Liz,Santos,PF,47979084669,1983-03-02,2025-04-26,Cassiano do Oeste,AC,61482357909,True,43.0,352,*********09,l***@gmail.com
3005,João Miguel,Silva,PF,(21) 98016-7030,1985-04-01,2025-04-26,Nogueira da Praia,AM,43258169098,True,41.0,352,*********98,j***@yahoo.com.br
331,Gabriela,da Cunha,PF,(41) 98792-2146,2007-01-16,2025-04-26,Farias da Serra,RR,74532089123,True,19.0,352,*********23,g***@yahoo.com.br
1231,Diogo,Caldeira,PF,+5541950891225,1980-09-02,2025-04-27,Ribeiro das Flores,RO,64728130940,True,45.0,351,*********40,d***@bol.com.br
1238,Gabriela,Rocha,PF,+5531934764180,2006-08-30,2025-04-27,Fogaça,DF,89204376104,True,19.0,351,*********04,g***@terra.com.br
1990,Sarah,Lima,PF,+5561955706246,1984-02-28,2025-04-27,Marques Grande,RO,97460518301,True,42.0,351,*********01,s***@yahoo.com.br
2620,Maria Vitória,Cavalcante,PF,,2001-11-10,2025-04-27,Azevedo do Campo,RS,26058971411,True,24.0,351,*********11,m***@terra.com.br
413,João,Cirino,PF,41938125666,1999-11-16,2025-04-27,Brito da Prata,SE,51076489320,True,26.0,351,*********20,j***@ig.com.br
943,Ana Lívia,Rodrigues,PF,(13) 96349-6679,1977-11-20,2025-04-27,Machado de Cavalcanti,PI,03186759439,True,48.0,351,*********39,a***@gmail.com
138,Ayla,Monteiro,PF,(61) 91296-9834,1957-12-07,2025-04-28,Garcia,SC,54701283932,True,68.0,350,*********32,a***@terra.com.br
1475,Sarah,Guerra,PF,+5541996851884,,2025-04-28,Andrade,RS,21496703561,True,,350,*********61,s***@hotmail.com
27,Guerra & Associados S/S,,PJ,+5541987546884,2002-08-30,2025-04-28,Novais de Silveira,PB,15938420000190,True,23.0,350,************90,g***@empresa.com.br
2744,Consultoria Fernandes ME,,PJ,+5521945707884,1967-07-23,2025-04-28,Vargas do Norte,AP,87625139000109,True,58.0,350,************09,c***@empresa.com.br
2940,Pinheiro & Associados S/S,,PJ,,1988-02-26,2025-04-28,Moraes,RN,26478195000173,True,38.0,350,************73,p***@comercio.net.br
3083,Eduarda,Sales,PF,71951175417,1961-03-18,2025-04-28,Andrade Paulista,SP,09537148610,True,65.0,350,*********10,e***@ig.com.br
3363,Almeida & Melo EIRELI,,PJ,31941234075,1979-05-17,2025-04-28,Ramos dos Dourados,BA,28346150000170,True,46.0,350,************70,a***@comercio.net.br
2664,Maria Luísa,Novaes,PF,61932006021,1963-06-21,2025-04-29,Mendonça do Campo,AL,84932071523,True,62.0,349,*********23,m***@terra.com.br
585,Dante,Vargas,PF,(71) 97099-5796,1980-11-03,2025-04-29,Vieira,AP,24319608542,True,45.0,349,*********42,d***@bol.com.br
917,Yan,Martins,PF,(41) 98969-6868,1971-05-11,2025-04-29,Aragão do Amparo,CE,31096542889,True,54.0,349,*********89,y***@terra.com.br
1310,Davi Lucca,Pereira,PF,11929145660,1987-01-10,2025-04-30,Casa Grande da Serra,TO,02839745160,True,39.0,348,*********60,d***@bol.com.br
416,Maria Julia,Ferreira,PF,+5551929105460,1964-11-08,2025-04-30,Albuquerque da Mata,MS,89504712304,True,61.0,348,*********04,m***@gmail.com
597,Gael Henrique,Siqueira,PF,(47) 94911-2410,1966-02-23,2025-04-30,Sousa,PE,03816724922,True,60.0,348,*********22,g***@hotmail.com
1331,Marcos Vinicius,Pereira,PF,(51) 96915-9538,1988-06-27,2025-05-01,Macedo,PI,82760351408,True,37.0,347,*********08,m***@yahoo.com.br
2391,Milena,Correia,PF,,1978-04-11,2025-05-01,Lima,AC,67204139534,True,48.0,347,*********34,m***@yahoo.com.br
2557,Soluções Pinheiro EIRELI,,PJ,+5561988929650,1987-11-30,2025-05-01,Nascimento,RJ,15423906000196,True,38.0,347,************96,s***@empresa.con.br
287,Marcos Vinicius,Pires,PF,47924039939,1985-05-21,2025-05-01,Duarte de Jesus,RN,46378059292,True,40.0,347,*********92,m***@bol.com.br
3111,Fernanda,Rodrigues,PF,(41) 93872-8454,1981-04-17,2025-05-01,Câmara do Campo,ES,97415860276,True,45.0,347,*********76,f***@hotmail.com
318,Rodrigo,Castro,PF,47958346682,1959-07-19,2025-05-01,Silveira,AL,57349682182,True,66.0,347,*********82,r***@yahoo.com.br
527,Daniel,Nogueira,PF,,,2025-05-01,Dias dos Dourados,RR,81506297340,True,,347,*********40,d***@bol.com.br
617,Theodoro,da Costa,PF,(71) 92847-8632,1965-10-04,2025-05-01,Garcia do Campo,ES,29187603403,True,60.0,347,*********03,t***@hotmail.com
1649,Clara,Cassiano,PF,+5513924746051,1995-01-30,2025-05-02,Casa Grande das Flores,SC,53746189039,True,31.0,346,*********39,c***@bol.com.br
1809,Olivia,Borges,PF,+5571916596719,,2025-05-02,Cassiano de Minas,RJ,51648729002,True,,346,*********02,o***@outlook.com
218,Ana Carolina,Duarte,PF,71977449169,1974-07-06,2025-05-02,da Cruz,PB,03926815442,True,51.0,346,*********42,a***@outlook.com
2655,Saraiva Serviços e Distribuidora EPP,,PJ,(41) 92753-3413,1970-09-13,2025-05-02,Carvalho,PI,71204658000163,True,55.0,346,************63,s***@comercio.net.br
607,Rodrigues & Associados S/S,,PJ,(47) 92816-6785,1993-07-03,2025-05-02,Dias,DF,96780435000175,True,32.0,346,************75,r***@comercio.net.br
783,João Guilherme,Câmara,PF,47925843949,1977-04-02,2025-05-02,Peixoto Verde,AP,21634875982,True,49.0,346,*********82,j***@ig.com.br
1707,Lívia,da Rosa,PF,61981221577,1968-05-28,2025-05-03,Borges de Cavalcante,ES,83017496520,True,57.0,345,*********20,l***@gmail.com
2631,Larissa,Silva,PF,(41) 97206-6060,2003-06-07,2025-05-03,Viana,CE,92485361746,True,22.0,345,*********46,l***@hotmail.com
2905,Cecilia,Sá,PF,51934303292,2005-01-17,2025-05-03,Porto de Pires,PE,60549173820,True,21.0,345,*********20,c***@outlook.com
3230,Manuela,Moreira,PF,,1994-07-02,2025-05-03,da Luz,MT,72983654010,True,31.0,345,*********10,m***@gmail.com
520,João Vitor,da Cunha,PF,(71) 92315-3037,1968-02-27,2025-05-03,Caldeira do Campo,SE,24815936005,True,58.0,345,*********05,j***@gmail.com
710,Vieira & Ramos S/S,,PJ,+5531968679587,1996-07-20,2025-05-03,Fogaça,DF,48235069000120,True,29.0,345,************20,v***@empresa.com.br
1244,Eduardo,Sales,PF,(61) 95813-2159,2007-03-17,2025-05-04,Casa Grande das Pedras,SE,94305271699,True,19.0,344,*********99,e***@uol.com.br
243,Matteo,da Rosa,PF,(31) 99026-8817,1969-05-16,2025-05-04,Machado,SP,52694371043,True,56.0,344,*********43,m***@bol.com.br
3219,Thales,da Luz,PF,(31) 92504-2460,2007-06-24,2025-05-04,Machado Alegre,ES,93468512015,True,18.0,344,*********15,h***@hotmail.com
875,Eloah,Duarte,PF,21938635302,1989-12-07,2025-05-04,Ferreira,MG,30247159832,True,36.0,344,*********32,e***@gmail.com
1076,Ana Clara,Carvalho,PF,+5571958008832,1965-09-01,2025-05-05,Cassiano dos Dourados,RN,63485270938,True,60.0,343,*********38,a***@uol.com.br
2518,Lorenzo,Gomes,PF,+5513965889003,1960-06-22,2025-05-05,Casa Grande,AP,20461593734,True,65.0,343,*********34,l***@hotmail.com
1073,Olivia,Sampaio,PF,71919125082,1990-09-02,2025-05-06,da Cruz de Campos,SC,28731905404,True,35.0,342,*********04,o***@bol.com.br
1861,Ravi,Teixeira,PF,+5551983287999,1983-12-23,2025-05-06,Albuquerque,BA,34897165237,True,42.0,342,*********37,r***@terra.com.br
1881,Yasmin,Cardoso,PF,(13) 92828-7890,1963-04-20,2025-05-06,Porto das Pedras,PA,89657142067,True,63.0,342,*********67,y***@terra.com.br
2755,Maria Laura,Gomes,PF,(71) 94743-9350,1969-12-09,2025-05-06,Ferreira,MS,67352904107,True,56.0,342,*********07,m***@bol.com.br
2902,Milena,Vieira,PF,61957049194,1959-08-25,2025-05-06,da Paz,RO,92157863095,True,66.0,342,*********95,m***@gmail.com
551,Asafe,Gonçalves,PF,+5531930199721,1980-07-24,2025-05-06,Siqueira Grande,BA,41328067580,True,45.0,342,*********80,a***@terra.com.br
112,Luiz Otávio,Porto,PF,47924699198,1966-01-24,2025-05-07,da Rocha de Guerra,GO,34976850200,True,60.0,341,*********00,l***@terra.com.br
2792,Luiz Otávio,Aparecida,PF,(51) 95845-9343,1990-09-19,2025-05-07,da Paz,MG,53187209432,True,35.0,341,*********32,l***@uol.com.br
2897,Guilherme,Guerra,PF,+5561926443772,1997-08-13,2025-05-07,Guerra,SC,47361098584,True,28.0,341,*********84,g***@terra.com.br
2970,Ester,Andrade,PF,61957571720,,2025-05-07,Pacheco de Souza,RS,82495107630,True,,341,*********30,e***@outlook.com
3200,Maria Cecília,Câmara,PF,31963782409,1991-10-14,2025-05-07,Cavalcante do Sul,PE,74023581941,True,34.0,341,*********41,m***@outlook.com
477,Informática Souza ME,,PJ,(21) 96877-5993,1997-01-17,2025-05-07,Pastor Grande,RJ,18079256000100,True,29.0,341,************00,i***@empresa.com.br
897,Thomas,da Costa,PF,51940967438,,2025-05-07,da Mata Verde,PI,09531467234,True,,341,*********34,t***@terra.com.br
101,Giovanna,Souza,PF,13930433330,1962-01-02,2025-05-08,Fernandes de Mendonça,GO,45037812941,True,64.0,340,*********41,g***@ig.com.br
2356,Mathias,Ramos,PF,71938898298,2001-10-20,2025-05-08,Mendes,AC,25394107661,True,24.0,340,*********61,m***@uol.com.br
2855,Ísis,Nogueira,PF,(21) 94732-2259,1999-02-26,2025-05-08,das Neves,PE,29403165898,True,27.0,340,*********98,s***@terra.com.br
362,Cecilia,Câmara,PF,13915343750,1998-12-20,2025-05-08,Brito da Prata,MS,84106573920,True,27.0,340,*********20,c***@uol.com.br
649,Serviços Almeida EI,,PJ,(51) 92453-2340,2003-11-27,2025-05-08,Pinto de Lopes,MT,57239041000152,True,22.0,340,************52,s***@empresa.com.br
1216,Juliana,da Cunha,PF,(41) 95041-4121,2001-08-28,2025-05-09,Freitas,CE,35429706892,True,24.0,339,*********92,g***@hotmail.com
1378,Luísa,Borges,PF,(51) 94426-3237,1987-02-03,2025-05-09,Barros,DF,98207543132,True,39.0,339,*********32,l***@gmail.com
53,Liam,Alves,PF,+5531986257031,2003-01-03,2025-05-09,Araújo Paulista,RJ,48793652119,True,23.0,339,*********19,l***@hotmail.com
1478,Guilherme,Silveira,PF,+5561911687826,1968-05-19,2025-05-10,Mendes,AM,15980432779,True,57.0,338,*********79,g***@uol.com.br
2811,Pietro,Ribeiro,PF,(13) 92461-1200,1962-11-16,2025-05-10,Pimenta do Campo,AP,95623087159,True,63.0,338,*********59,a***@yahoo.com.br
3082,Luiz Fernando,Cavalcanti,PF,(21) 92295-7781,,2025-05-10,Machado,RR,32671045808,True,,338,*********08,l***@ig.com.br
376,Ana Julia,Correia,PF,(51) 92412-2627,1980-09-20,2025-05-10,Fogaça,AP,89532641033,True,45.0,338,*********33,a***@gmail.com
426,Ágatha,Rodrigues,PF,+5521930431121,,2025-05-10,Siqueira,PI,03891267568,True,,338,*********68,g***@uol.com.br
2169,Nina,Novaes,PF,71911441226,1993-03-04,2025-05-11,Campos Grande,SC,13680249713,True,33.0,337,*********13,n***@hotmail.com
2458,Alexia,Fonseca,PF,+5571926945958,1966-04-19,2025-05-11,Pacheco de Minas,SP,34592670892,True,60.0,337,*********92,a***@yahoo.com.br
2514,Tecnologia Castro S/A,,PJ,(61) 97117-3715,1971-07-07,2025-05-11,Almeida da Praia,GO,50379246000194,True,54.0,337,************94,t***@empresa.com.br
269,Camargo & Jesus EPP,,PJ,47912819605,1968-02-26,2025-05-11,Caldeira,SC,23716085000104,True,58.0,337,************04,c***@comercio.net.br
1264,Joana,da Paz,PF,+5541996205288,1996-01-08,2025-05-12,Pastor do Campo,PR,79653802186,True,30.0,336,*********86,j***@bol.com.br
1863,João Guilherme,Teixeira,PF,+5541940742546,,2025-05-12,Martins,SC,80649257111,True,,336,*********11,j***@outlook.com
2545,Noah,Pimenta,PF,,2006-08-22,2025-05-12,Borges das Pedras,MA,15283679446,True,19.0,336,*********46,n***@hotmail.com
283,Davi,Carvalho,PF,+5521969191269,1967-12-13,2025-05-12,da Luz de Nunes,RO,76420591325,True,58.0,336,*********25,d***@terra.com.br
3473,Bernardo,Dias,PF,(71) 93223-4637,1985-05-27,2025-05-12,Silva de Pereira,RO,69350478110,True,40.0,336,*********10,b***@outlook.com
560,Leonardo,Novais,PF,21929566433,1958-04-10,2025-05-12,Barros,PI,50746132999,True,68.0,336,*********99,l***@uol.com.br
1009,Bianca,Alves,PF,+5541974439517,,2025-05-13,Camargo da Mata,SE,83910752659,True,,335,*********59,b***@outlook.com
121,Eduarda,Novais,PF,(11) 97767-4422,2001-11-04,2025-05-13,Pacheco,TO,61829543709,True,24.0,335,*********09,e***@hotmail.com
2216,Vargas & Associados S/A,,PJ,+5521919557513,1963-05-09,2025-05-13,Siqueira de Novais,MS,81320475000167,True,62.0,335,************67,v***@comercio.net.br
2437,Diego,Pinto,PF,+5521964749006,1973-04-24,2025-05-13,da Conceição de Novaes,DF,67903815202,True,53.0,335,*********02,d***@outlook.com
933,Maya,da Paz,PF,51926533606,1977-03-31,2025-05-13,Peixoto,SE,65938741246,True,49.0,335,*********46,m***@yahoo.com.br
1155,Dom,Silva,PF,,1960-05-10,2025-05-14,Fogaça,MT,07186594301,True,65.0,334,*********01,d***@uol.com.br
1935,Benicio,Almeida,PF,,1967-03-15,2025-05-14,Ferreira Paulista,PI,13785942079,True,59.0,334,*********79,b***@bol.com.br
2258,Raul,Nascimento,PF,+5571987618479,,2025-05-14,Sá Paulista,ES,52817964020,True,,334,*********20,r***@bol.com.br
2626,Fernando,Caldeira,PF,11936866717,,2025-05-14,da Rocha Paulista,PB,31857946219,True,,334,*********19,f***@uol.com.br
3436,Ferreira Serviços e Soluções EPP,,PJ,+5531990538592,2002-01-25,2025-05-14,Fernandes de Goiás,DF,83521069000198,True,24.0,334,************98,f***@comercio.net.br
52,Antonella,Caldeira,PF,41969089784,2001-03-24,2025-05-14,Peixoto,GO,46831207987,True,25.0,334,*********87,a***@ig.com.br
730,Evelyn,Nogueira,PF,+5541953187412,1985-09-26,2025-05-14,Garcia de Vasconcelos,PE,36245780144,True,40.0,334,*********44,e***@bol.com.br
929,Alice,Mendes,PF,(51) 98197-3579,1986-08-05,2025-05-14,Rios da Mata,SC,45289703683,True,39.0,334,*********83,a***@uol.com.br
1696,Pietro,da Luz,PF,71978028960,1961-10-03,2025-05-15,Pimenta,AC,24056937800,True,64.0,333,*********00,p***@yahoo.com.br
2478,Bruna,Rodrigues,PF,11961543705,1960-03-06,2025-05-15,Vieira,AP,92613508442,True,66.0,333,*********42,b***@gmail.com
258,Martins & Associados S/S,,PJ,(31) 93472-9828,1985-07-10,2025-05-15,Silva do Norte,BA,30175862000116,True,40.0,333,************16,m***@comercio.net.br
3064,João Felipe,Rios,PF,71937374631,1995-07-19,2025-05-15,Pacheco da Mata,GO,04298573141,True,30.0,333,*********41,j***@hotmail.com
2037,Otto,Aragão,PF,+5531918657702,1995-06-06,2025-05-16,Sá,PB,23690458170,True,30.0,332,*********70,o***@terra.com.br
2624,Diogo,Azevedo,PF,(71) 97336-3117,1991-02-26,2025-05-16,Cardoso de Peixoto,PA,29143708579,True,35.0,332,*********79,d***@outlook.com
430,Oliveira & Castro EIRELI,,PJ,21992033529,1989-01-13,2025-05-16,Andrade de Alves,DF,18279463000108,True,37.0,332,************08,o***@comercio.net.br
1480,João Felipe,Fogaça,PF,41955034681,1991-01-23,2025-05-17,Viana,PB,62874019585,True,35.0,331,*********85,j***@uol.com.br
1829,Thomas,Pires,PF,+5571940266640,1988-02-11,2025-05-17,da Luz de Peixoto,GO,19235760895,True,38.0,331,*********95,t***@ig.com.br
2241,Benjamin,Silveira,PF,(41) 96239-9727,1985-04-11,2025-05-17,Pinto Grande,MT,98735214023,True,41.0,331,*********23,b***@ig.con.br
1969,Isabelly,Nogueira,PF,(21) 93494-1014,2005-03-13,2025-05-18,da Cruz,TO,87521340671,True,21.0,330,*********71,i***@yahoo.com.br
244,Yuri,Moraes,PF,,1976-08-14,2025-05-18,Santos,RJ,72635940800,True,49.0,330,*********00,y***@terra.com.br
329,Gomes Sistemas e Sistemas EI,,PJ,+5551910265812,2000-12-29,2025-05-18,Carvalho de Goiás,PI,04789613000100,True,25.0,330,************00,g***@empresa.com.br
1316,Gonçalves Informática e Importadora EI,,PJ,+5541939981684,1976-05-25,2025-05-19,Sousa de da Mota,RO,27356840000148,True,49.0,329,************48,g***@empresa.com.br
2465,Caleb,Costa,PF,+5521927838928,1967-04-20,2025-05-19,Nascimento,SC,26395140752,True,59.0,329,*********52,c***@terra.com.br
2468,Maria Julia,Rodrigues,PF,+5571911579941,1981-08-01,2025-05-19,Pimenta,AL,95713482014,True,44.0,329,*********14,m***@bol.com.br
2887,Esther,Pinto,PF,+5571992268859,1982-03-19,2025-05-19,Cavalcante,MS,59237014805,True,44.0,329,*********05,e***@uol.com.br
1,Maria Laura,Lima,PF,,1964-03-17,2025-05-20,Sousa Alegre,MG,83627154991,True,62.0,328,*********91,m***@gmail.com
1010,Laura,Cirino,PF,31928959865,1993-06-12,2025-05-20,Santos,AP,31520874979,True,32.0,328,*********79,l***@gmail.com
1260,Dias & Associados EIRELI,,PJ,71969743217,1970-09-06,2025-05-20,Vargas de Minas,PE,23971846000174,True,55.0,328,************74,d***@comercio.net.br
2147,Alexia,Rezende,PF,+5561962839094,1966-12-04,2025-05-20,Leão Alegre,AM,89217645346,True,59.0,328,*********46,a***@outlook.com
2250,Eloah,Pastor,PF,51991309298,1970-03-04,2025-05-20,Moura do Amparo,MG,40372619878,True,56.0,328,*********78,e***@yahoo.com.br
3421,Dante,Montenegro,PF,71966964164,1980-05-12,2025-05-20,Farias do Sul,PE,19370426850,True,45.0,328,*********50,d***@yahoo.com.br
2062,Amanda,Moraes,PF,31988241699,2007-03-12,2025-05-21,Sá Alegre,RS,01694857220,True,19.0,327,*********20,d***@gmail.com
2763,Lívia,Cunha,PF,(51) 91326-9726,1991-07-16,2025-05-21,Nogueira de Aparecida,TO,35610827930,True,34.0,327,*********30,l***@terra.com.br
2935,Matheus,da Costa,PF,21922839867,,2025-05-21,Guerra da Praia,RJ,45182370644,True,,327,*********44,m***@hotmail.com
2531,Sara,Silva,PF,+5571995129326,1979-07-21,2025-05-22,Cavalcante Grande,MA,54263987128,True,46.0,326,*********28,s***@ig.com.br
2654,Isabelly,Aragão,PF,21934607283,2006-01-27,2025-05-22,Teixeira do Sul,RS,79435026800,True,20.0,326,*********00,i***@outlook.com
1178,Ágatha,Nunes,PF,(61) 93708-8825,1996-05-30,2025-05-23,Rios de Minas,PA,05318679439,True,29.0,325,*********39,g***@terra.com.br
2388,Benício,Teixeira,PF,+5513962775288,1995-05-20,2025-05-23,da Rocha do Amparo,TO,06917384593,True,30.0,325,*********93,b***@terra.com.br
3046,Vitor Hugo,Cassiano,PF,71910692610,2002-11-28,2025-05-23,Lopes Paulista,SE,83569047229,True,23.0,325,*********29,v***@bol.com.br
3195,Luan,Barbosa,PF,+5521912859274,1967-06-27,2025-05-23,da Costa do Campo,TO,91862705402,True,58.0,325,*********02,l***@gmail.com
116,Marcela,Cavalcante,PF,51914635579,1977-03-03,2025-05-24,Oliveira da Serra,DF,74501923814,True,49.0,324,*********14,m***@bol.com.br
1340,Murilo,Fernandes,PF,(13) 96920-1320,1956-05-16,2025-05-24,Lopes de Pereira,SP,96758413209,True,69.0,324,*********09,m***@hotmail.com
1806,Luiza,Monteiro,PF,(47) 98020-9046,1966-09-25,2025-05-24,Rios,MT,57219846002,True,59.0,324,*********02,l***@hotmail.com
2422,Carolina,Cavalcante,PF,,,2025-05-24,da Paz da Praia,PR,08574691267,True,,324,*********67,c***@gmail.com
3434,Cauã,Casa Grande,PF,(11) 92298-4390,1994-12-03,2025-05-24,da Cunha de Goiás,DF,39865724065,True,31.0,324,*********65,c***@yahoo.com.br
700,Maria Alice,Barros,PF,,1981-09-03,2025-05-24,Fogaça,PB,87109465357,True,44.0,324,*********57,m***@bol.com.br
1301,Davi Luiz,Pacheco,PF,(51) 92368-5069,1995-07-23,2025-05-25,Rezende,ES,76523198030,True,30.0,323,*********30,c***@outlook.com
2024,Leandro,Caldeira,PF,(11) 91817-9767,1964-11-09,2025-05-25,Mendes da Mata,ES,28906473583,True,61.0,323,*********83,l***@terra.com.br
2962,Ana Vitória,Viana,PF,13919597956,2002-10-18,2025-05-25,Macedo,GO,16042357808,True,23.0,323,*********08,a***@yahoo.com.br
3088,Consultoria Garcia Ltda.,,PJ,,1963-09-22,2025-05-25,Rezende,RJ,63410729000156,True,62.0,323,************56,c***@comercio.net.br
1110,Brayan,,PF,31912687073,1982-09-24,2025-05-26,da Mota de Minas,ES,47190263896,True,43.0,322,*********96,b***@uol.com.br
2787,Raquel,Monteiro,PF,(71) 97526-6419,2002-11-20,2025-05-26,Souza de Minas,PA,13726485937,True,23.0,322,*********37,r***@bol.com.br
2925,Vasconcelos & Associados Ltda.,,PJ,(21) 94378-5746,1962-06-17,2025-05-26,Siqueira de Minas,CE,70195624000197,True,63.0,322,************97,v***@empresa.com.br
2958,Nicolas,Rocha,PF,,2002-02-20,2025-05-26,Vasconcelos,RJ,12386709469,True,24.0,322,*********69,n***@gmail.com
1284,Benicio,Câmara,PF,(31) 93879-8596,2001-09-12,2025-05-27,Rezende,MT,62317840969,True,24.0,321,*********69,b***@uol.com.br
2359,Farias & Associados S.A.,,PJ,13955925315,1970-12-05,2025-05-27,Melo da Serra,AM,47501892000178,True,55.0,321,************78,f***@empresa.com.br
2578,Rocha & Jesus S/A,,PJ,,1977-02-23,2025-05-27,Pereira de Gonçalves,PA,26039547000194,True,49.0,321,************94,r***@empresa.com.br
2729,Cauã,Rocha,PF,+5561980261118,1987-03-23,2025-05-27,da Mata,SC,63891452764,True,39.0,321,*********64,c***@terra.com.br
3006,Luan,Marques,PF,+5531967502242,1966-01-22,2025-05-27,Barros Alegre,SC,31562948709,True,60.0,321,*********09,l***@ig.com.br
407,Júlia,Brito,PF,(13) 96804-7141,1974-08-23,2025-05-27,Campos do Oeste,RJ,47036892196,True,51.0,321,*********96,j***@outlook.com
1276,Enzo,Guerra,PF,+5513962142192,1969-03-25,2025-05-28,Mendes,RR,52768193437,True,57.0,320,*********37,e***@outlook.com
2277,João,Costela,PF,13947733354,,2025-05-28,Viana,MS,47892653074,True,,320,*********74,j***@uol.com.br
2303,Davi Lucca,Caldeira,PF,+5561998307641,,2025-05-28,Oliveira,CE,72619804396,True,,320,*********96,d***@bol.com.br
2488,João Lucas,Mendes,PF,61994215308,1962-05-11,2025-05-28,Siqueira,PR,42387590104,True,63.0,320,*********04,j***@ig.com.br
2723,José Miguel,Araújo,PF,(13) 96379-7787,1987-07-19,2025-05-28,da Paz do Galho,MS,42670153844,True,38.0,320,*********44,j***@yahoo.com.br
1517,Maria Fernanda,Teixeira,PF,,,2025-05-29,Fogaça das Pedras,SE,16728430571,True,,319,*********71,m***@terra.com.br
3016,Mirella,Sousa,PF,71977539210,1983-07-26,2025-05-29,Gomes,RJ,39157608466,True,42.0,319,*********66,m***@uol.com.br
3116,Ana Júlia,Oliveira,PF,+5547941948356,1968-11-30,2025-05-29,Ferreira,AL,73625481090,True,57.0,319,*********90,a***@hotmail.com
869,Olivia,da Conceição,PF,+5561951318627,2005-05-06,2025-05-29,Aragão de Pires,PE,52168473080,True,20.0,319,*********80,o***@outlook.com
989,Lívia,Moreira,PF,21961693637,1992-09-08,2025-05-29,Nunes,AP,27548091397,True,33.0,319,*********97,l***@bol.com.br
2656,Léo,Andrade,PF,(31) 92762-1012,2003-06-28,2025-05-30,Azevedo,RR,32509481797,True,22.0,318,*********97,l***@bol.com.br
2670,Ribeiro & Cardoso S/A,,PJ,+5511995121173,1959-11-18,2025-05-30,Rios das Pedras,BA,85692470000116,True,66.0,318,************16,r***@comercio.net.br
2776,Paulo,Cavalcante,PF,+5551932806650,1974-10-02,2025-05-30,Rezende da Prata,RO,62130784950,True,51.0,318,*********50,p***@outlook.com
909,Anthony,Mendes,PF,+5551949656521,1970-12-04,2025-05-30,Gonçalves,PR,59043827150,True,55.0,318,*********50,a***@ig.com.br
1150,Caroline,Porto,PF,+5531981551636,1958-03-26,2025-05-31,da Rosa de Goiás,MG,06781235435,True,68.0,317,*********35,c***@outlook.com
128,Soluções Machado Ltda.,,PJ,,1995-09-07,2025-05-31,Santos,AP,96573102000175,True,30.0,317,************75,s***@comercio.net.br
2593,Nathan,Fonseca,PF,+5551978822768,1989-09-28,2025-05-31,Araújo de Dias,PB,71432085905,True,36.0,317,*********05,n***@hotmail.com
3312,Davi Lucca,Souza,PF,+5547944008776,1957-11-30,2025-05-31,da Costa da Praia,PB,78941502667,True,68.0,317,*********67,d***@outlook.com
2067,Bruno,Barros,PF,47918568989,,2025-06-01,Peixoto,SC,28019347550,True,,316,*********50,b***@outlook.com
239,Maya,Correia,PF,(13) 94216-9135,1976-04-20,2025-06-01,Gomes de Pires,ES,65394817057,True,50.0,316,*********57,m***@outlook.com
391,Cardoso Sistemas e Serviços S.A.,,PJ,(13) 91804-1479,2006-05-21,2025-06-01,Ramos Paulista,RN,36071489000130,True,19.0,316,************30,c***@comercio.net.br
211,Marina,Nascimento,PF,(61) 91815-3538,1985-06-01,2025-06-02,Moraes da Serra,PE,87592401649,True,40.0,315,*********49,m***@uol.com.br
3189,Mirella,Novais,PF,(31) 99130-3442,1981-08-28,2025-06-02,Nascimento do Sul,RR,85960423774,True,44.0,315,*********74,m***@bol.com.br
750,Luiz Fernando,Aparecida,PF,+5541949221329,,2025-06-02,da Rocha,GO,81359240705,True,,315,*********05,l***@hotmail.com
1096,Monteiro Tecnologia e Consultoria EIRELI,,PJ,,1966-07-14,2025-06-03,Teixeira,MA,29163587000131,True,59.0,314,************31,m***@comercio.net.br
2072,Maria Helena,Farias,PF,61924517801,,2025-06-03,Costa,TO,12783950405,True,,314,*********05,m***@hotmail.com
2408,Leandro,Nascimento,PF,+5521984623295,1959-04-13,2025-06-03,Correia,PA,75834612008,True,67.0,314,*********08,l***@uol.com.br
353,Júlia,,PF,+5531976847542,,2025-06-03,Vargas do Campo,RJ,17806524371,True,,314,*********71,j***@yahoo.com.br
141,Lucas Gabriel,Pinto,PF,(71) 97127-5602,2006-12-08,2025-06-04,Moura,MS,39785461084,True,19.0,313,*********84,l***@gmail.com
159,Pedro Miguel,Nogueira,PF,+5561925273252,1969-10-05,2025-06-04,da Conceição,SP,34905261805,True,56.0,313,*********05,f***@uol.com.br
1967,Gael Henrique,Castro,PF,+5561993216544,1984-07-03,2025-06-04,Teixeira,DF,24507691885,True,41.0,313,*********85,g***@uol.com.br
2225,Andrade & Associados S/S,,PJ,(11) 97368-2115,1981-03-09,2025-06-04,Sousa,DF,30687541000109,True,45.0,313,************09,a***@empresa.com.br
1483,Joaquim,Barros,PF,,1958-08-29,2025-06-05,Moura,DF,90425167801,True,67.0,312,*********01,j***@terra.com.br
161,Kevin,Campos,PF,+5541970058657,1996-06-21,2025-06-06,Brito,RS,01583264906,True,29.0,311,*********06,k***@gmail.com
1691,Breno,Silveira,PF,+5541963211292,1974-02-15,2025-06-06,Rezende de Fonseca,AC,56819203721,True,52.0,311,*********21,b***@yahoo.com.br
2099,Caroline,Rocha,PF,61977091792,1974-01-16,2025-06-06,Carvalho,RN,73986204547,True,52.0,311,*********47,c***@gmail.com
914,Isadora,Moura,PF,(61) 96929-1843,1972-09-19,2025-06-06,Rocha,CE,95028134642,True,53.0,311,*********42,i***@hotmail.com
107,Sara,Vargas,PF,+5551993423445,,2025-06-07,Mendonça,DF,50312687940,True,,310,*********40,s***@ig.com.br
1880,José,Rodrigues,PF,71996881034,,2025-06-07,Monteiro,GO,72045169316,True,,310,*********16,j***@hotmail.com
2652,Miguel,Pastor,PF,+5511938373971,1974-01-11,2025-06-07,Rezende,RR,06784913566,True,52.0,310,*********66,m***@outlook.com
2749,Enrico,Vieira,PF,41982124979,1989-12-18,2025-06-07,Fogaça,PE,71509683259,True,36.0,310,*********59,e***@bol.com.br
3055,Ryan,Vieira,PF,(41) 91653-8026,1997-05-27,2025-06-07,Gonçalves,MS,06972348196,True,28.0,310,*********96,r***@yahoo.com.br
3437,Thales,Fogaça,PF,(21) 99224-1982,1994-07-30,2025-06-07,da Rosa,RR,08346759274,True,31.0,310,*********74,t***@terra.com.br
959,Laís,da Costa,PF,41990986789,1968-11-30,2025-06-07,Cardoso de Gomes,PA,67548123035,True,57.0,310,*********35,l***@gmail.com
1169,Benicio,Freitas,PF,+5513995608990,,2025-06-08,Pastor Alegre,RO,29457610334,True,,309,*********34,b***@yahoo.com.br
1418,Stephany,Caldeira,PF,11948136300,1975-10-04,2025-06-08,Teixeira dos Dourados,AP,96170285303,True,50.0,309,*********03,s***@yahoo.com.br
2050,Pereira Soluções e Sistemas S/A,,PJ,(31) 95698-2165,2003-07-12,2025-06-08,Alves de Minas,RO,31954602000101,True,22.0,309,************01,p***@empresa.com.br
2790,Nina,Sales,PF,+5551936331483,2000-07-19,2025-06-08,Siqueira dos Dourados,MS,94571023804,True,25.0,309,*********04,n***@terra.com.br
3268,Melina,Mendonça,PF,,,2025-06-08,Teixeira,AM,51972803441,True,,309,*********41,m***@ig.com.br
73,Alice,Marques,PF,(31) 96062-1041,2000-07-05,2025-06-08,Jesus,PB,71289450676,True,25.0,309,*********76,a***@yahoo.com.br
820,Olivia,Dias,PF,,,2025-06-08,Vieira,ES,58697031230,True,,309,*********30,o***@hotmail.com
3024,Stella,Câmara,PF,,1967-05-04,2025-06-09,Vieira da Prata,MG,80253694710,True,58.0,308,*********10,s***@bol.com.br
3199,Nicolas,Almeida,PF,51984363303,2000-05-24,2025-06-09,Freitas da Serra,AC,04325681744,True,25.0,308,*********44,n***@terra.com.br
1715,Davi Miguel,Almeida,PF,+5551993691930,1980-10-13,2025-06-10,Mendonça de Castro,BA,83261947519,True,45.0,307,*********19,d***@outlook.com
1787,Daniel,Fernandes,PF,13986741605,,2025-06-10,Brito,SC,31742096840,True,,307,*********40,d***@uol.com.br
1815,Alana,Pastor,PF,11958512958,1967-08-15,2025-06-10,Pires da Serra,SP,75129684346,True,58.0,307,*********46,a***@hotmail.com
707,Maysa,Siqueira,PF,31937293022,1970-11-10,2025-06-10,Mendonça,MS,14536928782,True,55.0,307,*********82,m***@terra.com.br
1758,Cunha Sistemas e Distribuidora ME,,PJ,(11) 91892-7309,1958-11-21,2025-06-11,da Costa,PR,82697531000140,True,67.0,306,************40,c***@empresa.com.br
1321,Pedro Miguel,,PF,+5571953433300,1980-02-16,2025-06-12,Camargo,RJ,36891742013,True,46.0,305,*********13,p***@gmail.com
2239,Kevin,Oliveira,PF,+5561948786122,,2025-06-12,Caldeira,RJ,30874921678,True,,305,*********78,k***@hotmail.com
2678,Breno,Jesus,PF,(41) 91563-6662,,2025-06-12,Costela do Norte,RR,19652037443,True,,305,*********43,b***@bol.com.br
2737,Nicole,Sousa,PF,13984247166,1995-08-11,2025-06-12,Vargas,ES,58417632026,True,30.0,305,*********26,n***@gmail.com
2760,Henry,Guerra,PF,11921122309,1964-12-17,2025-06-12,Barbosa,PA,41856037975,True,61.0,305,*********75,h***@terra.com.br
3319,Bento,Dias,PF,31933673474,1993-10-21,2025-06-12,Nogueira da Serra,TO,19856730457,True,32.0,305,*********57,b***@ig.com.br
962,Maria Eduarda,Freitas,PF,41919132927,1998-04-02,2025-06-12,Montenegro,RR,16845390215,True,28.0,305,*********15,m***@outlook.com
1176,Maysa,Moraes,PF,+5541991985143,1983-07-26,2025-06-13,Fogaça de Minas,PE,76429531007,True,42.0,304,*********07,m***@yahoo.com.br
1640,Theo,Moura,PF,41956068764,1990-12-11,2025-06-13,Correia,GO,82435196024,True,35.0,304,*********24,t***@yahoo.com.br
1948,Théo,Jesus,PF,(31) 91877-5575,1975-07-09,2025-06-13,Ferreira,RN,17254893097,True,50.0,304,*********97,t***@ig.com.br
2565,Silva & Associados EIRELI,,PJ,(11) 91183-3455,1990-08-02,2025-06-13,Sá da Serra,BA,53096748000104,True,35.0,304,************04,s***@empresa.com.br
2780,Maya,Sousa,PF,(31) 96891-8384,1973-11-07,2025-06-13,Silva do Campo,PR,76045823117,True,52.0,304,*********17,m***@outlook.com
782,Maria Liz,Vargas,PF,(41) 95228-1643,1988-11-07,2025-06-13,Silveira,RO,68031249750,True,37.0,304,*********50,e***@gmail.com
1251,Apollo,Porto,PF,+5547930211229,,2025-06-14,Aragão,SE,78314965057,True,,303,*********57,a***@gmail.com
1711,Henry Gabriel,Sampaio,PF,,1985-04-18,2025-06-14,Nunes,GO,50473916207,True,41.0,303,*********07,h***@ig.com.br
1954,Diego,Abreu,PF,47918457622,1977-08-24,2025-06-14,Pinto,MS,01574983288,True,48.0,303,*********88,d***@hotmail.com
223,Benício,Pires,PF,+5551949771874,1998-01-18,2025-06-14,Pimenta,RS,40297561820,True,28.0,303,*********20,b***@outlook.com
2570,Joana,Monteiro,PF,+5547995208369,1985-05-14,2025-06-14,Freitas Verde,AC,72630941850,True,40.0,303,*********50,j***@ig.com.br
2585,Sophie,da Mata,PF,(71) 97739-3057,1990-07-23,2025-06-14,Fogaça,PR,39726140803,True,35.0,303,*********03,s***@bol.com.br
13,Hellena,Ferreira,PF,+5511923059600,1965-04-13,2025-06-15,Pires da Mata,AM,27310489560,True,61.0,302,*********60,h***@uol.com.br
1978,Ian,da Mata,PF,+5571998924978,1956-09-16,2025-06-15,Rios,PA,50273461826,True,69.0,302,*********26,i***@bol.com.br
2236,Sofia,Abreu,PF,51946749967,1961-07-29,2025-06-15,Pires,BA,41293076570,True,64.0,302,*********70,s***@uol.com.br
963,Stella,Borges,PF,+5541964758755,1998-07-01,2025-06-15,Machado do Amparo,PR,38629147555,True,27.0,302,*********55,s***@ig.com.br
1181,Bianca,Albuquerque,PF,+5561994012663,,2025-06-16,Aparecida Grande,ES,79408152611,True,,301,*********11,b***@gmail.com
2282,Enzo Gabriel,,PF,+5531960729909,2007-08-12,2025-06-16,Ferreira de Abreu,DF,92385167409,True,18.0,301,*********09,e***@yahoo.com.br
2472,Bento,Camargo,PF,21920384800,1968-04-28,2025-06-16,Moreira de Goiás,RR,48193670566,True,57.0,301,*********66,a***@uol.com.br
2931,Mariah,Siqueira,PF,21914349150,1996-01-05,2025-06-16,Machado Paulista,AL,27913456043,True,30.0,301,*********43,m***@uol.com.br
61,Luiz Miguel,Machado,PF,(51) 91820-8621,1976-05-18,2025-06-16,Nascimento,RN,19580273405,True,49.0,301,*********05,l***@uol.com.br
729,Levi,Porto,PF,+5561914085163,1967-03-07,2025-06-16,Porto,AP,03976215406,True,59.0,301,*********06,l***@ig.com.br
1163,Otto,Silveira,PF,,2002-03-28,2025-06-17,Novaes de Alves,GO,62345908106,True,24.0,300,*********06,o***@uol.com.br
1452,Maria Luísa,Pacheco,PF,,1956-08-29,2025-06-17,Gonçalves de Pastor,RN,01459623851,True,69.0,300,*********51,m***@ig.com.br
1722,Fernando,da Cruz,PF,+5541963263874,1976-06-12,2025-06-17,da Costa,MA,96537240107,True,49.0,300,*********07,f***@uol.com.br
1802,Silveira & Jesus ME,,PJ,(13) 98742-8499,1970-04-26,2025-06-17,Novaes de Sales,PR,98702643000181,True,56.0,300,************81,s***@comercio.net.br
3231,Nicolas,Ramos,PF,71920172016,1979-06-11,2025-06-17,Machado Paulista,CE,78645092158,True,46.0,300,*********58,n***@uol.com.br
562,Aurora,Aragão,PF,+5571926591433,1991-03-16,2025-06-17,da Paz das Pedras,RR,60417289340,True,35.0,300,*********40,a***@gmail.com
1970,Ana Laura,Sales,PF,(13) 99771-9001,2000-08-30,2025-06-18,Brito,SE,57184963075,True,25.0,299,*********75,a***@bol.com.br
3044,Davi Luiz,da Cruz,PF,71998911791,1969-11-24,2025-06-18,Souza,SE,63485092738,True,56.0,299,*********38,d***@terra.com.br
3136,Ana Sophia,Pimenta,PF,41970724167,1997-01-30,2025-06-18,Duarte,DF,34870651262,True,29.0,299,*********62,a***@outlook.com
454,Marcos Vinicius,Melo,PF,(11) 93671-9974,1978-03-18,2025-06-18,Fogaça da Mata,MG,87291640369,True,48.0,299,*********69,m***@uol.com.br
1750,Maria Clara,Moreira,PF,(11) 98873-6981,1984-06-27,2025-06-19,Teixeira do Sul,PR,65384072938,True,41.0,298,*********38,m***@uol.com.br
2313,Luiz Felipe,da Rosa,PF,+5547995939962,1965-07-17,2025-06-19,Novaes dos Dourados,PA,57426180344,True,60.0,298,*********44,l***@uol.com.br
2542,Felipe,Cunha,PF,(21) 92794-8520,1989-07-28,2025-06-19,Albuquerque de Cavalcante,PR,61087932521,True,36.0,298,*********21,f***@bol.com.br
1142,João Miguel,da Cruz,PF,(11) 98656-1452,1992-03-15,2025-06-20,Peixoto do Sul,RR,30761598448,True,34.0,297,*********48,j***@uol.com.br
1227,Luana,Peixoto,PF,+5571914929879,1999-10-16,2025-06-20,Pinto do Galho,PB,13098752602,True,26.0,297,*********02,l***@gmail.com
2142,Pereira & Associados EPP,,PJ,+5551945947260,1995-05-11,2025-06-20,Correia,PE,93465870000117,True,30.0,297,************17,p***@comercio.net.br
2644,Vargas Consultoria e Serviços ME,,PJ,51934202561,1968-01-25,2025-06-20,Costa,AC,96428175000173,True,58.0,297,************73,v***@empresa.com.br
2851,Mendes & Associados S/A,,PJ,11967213144,1992-09-09,2025-06-20,Rocha,MG,30549182000115,True,33.0,297,************15,m***@empresa.com.br
2903,Maya,Marques,PF,47976285114,,2025-06-20,Caldeira do Amparo,SE,76580321903,True,,297,*********03,m***@yahoo.com.br
3161,Léo,Montenegro,PF,61980277979,2001-11-12,2025-06-20,Garcia de Mendes,RR,17263958473,True,24.0,297,*********73,l***@uol.com.br
735,Daniel,Fonseca,PF,61948814490,2006-10-06,2025-06-20,Câmara,TO,53710984610,True,19.0,297,*********10,d***@ig.com.br
1539,Vasconcelos Importadora e Atacado EPP,,PJ,+5551913578443,2005-05-21,2025-06-21,Siqueira do Norte,RJ,96704152000144,True,20.0,296,************44,v***@empresa.con.br
3405,Emanuel,Ferreira,PF,+5551935387158,2001-03-10,2025-06-21,Mendonça,GO,84031279523,True,25.0,296,*********23,e***@ig.com.br
1146,Luiz Gustavo,Cavalcante,PF,(21) 99338-8816,,2025-06-22,Ribeiro dos Dourados,RO,03157648993,True,,295,*********93,l***@bol.com.br
2928,Rafaela,Fernandes,PF,+5541914702020,,2025-06-22,Vieira,SC,25946718002,True,,295,*********02,m***@hotmail.com
556,Emanuel,Mendonça,PF,+5561965605833,1995-03-07,2025-06-22,Castro,PI,34201856771,True,31.0,295,*********71,e***@yahoo.com.br
1520,José,Aparecida,PF,,1965-06-18,2025-06-23,Martins,PR,28190675494,True,60.0,294,*********94,j***@yahoo.com.br
1669,Bento,Pires,PF,31937342467,2003-01-10,2025-06-23,Jesus de da Mota,PA,16729408502,True,23.0,294,*********02,b***@yahoo.com.br
1805,Luana,Duarte,PF,+5561956867768,1975-03-02,2025-06-23,Moreira de Minas,MA,04923716878,True,51.0,294,*********78,l***@terra.com.br
2455,Luiz Henrique,da Mata,PF,13965168838,2003-09-06,2025-06-23,Albuquerque,RO,34210587923,True,22.0,294,*********23,m***@terra.com.br
2675,Importadora Pinheiro S.A.,,PJ,(21) 96301-9089,2005-09-23,2025-06-23,Costa,SE,85673204000146,True,20.0,294,************46,i***@comercio.net.br
2864,Henry,Ferreira,PF,71942089281,1976-01-03,2025-06-23,Novais Grande,BA,40695238710,True,50.0,294,*********10,h***@bol.com.br
3388,Aylla,Brito,PF,11964213842,,2025-06-23,Farias,MA,64805137975,True,,294,*********75,a***@gmail.com
532,Luan,Machado,PF,31968608959,1994-02-23,2025-06-23,Nascimento dos Dourados,ES,45892016315,True,32.0,294,*********15,l***@ig.com.br
1183,Allana,Barbosa,PF,+5513957423519,1982-03-15,2025-06-24,Sampaio de Melo,PI,43852017904,True,44.0,293,*********04,a***@gmail.com
1206,Luiz Otávio,Souza,PF,(51) 91299-1332,1980-11-25,2025-06-24,Cavalcante,MA,40579186202,True,45.0,293,*********02,l***@hotmail.com
1449,Davi Miguel,Pastor,PF,(31) 91549-2790,2005-10-25,2025-06-24,Vieira Verde,MG,64893571001,True,20.0,293,*********01,d***@outlook.com
1512,Allana,Nascimento,PF,11970121838,1993-10-23,2025-06-24,Melo do Sul,PR,67325980400,True,32.0,293,*********00,a***@gmail.com
1589,Mirella,,PF,+5547914448952,1967-08-02,2025-06-24,da Conceição de da Cunha,DF,36051798439,True,58.0,293,*********39,m***@uol.com.br
2085,Bryan,Montenegro,PF,,,2025-06-24,Silva,TO,01278563407,True,,293,*********07,b***@ig.com.br
2355,Benicio,Viana,PF,,1968-08-28,2025-06-24,Sampaio,RO,41086325915,True,57.0,293,*********15,b***@hotmail.com
2647,Luiz Miguel,Pimenta,PF,,1975-11-28,2025-06-24,Pastor Alegre,PR,91724608576,True,50.0,293,*********76,l***@hotmail.com
507,Soluções Mendes S/S,,PJ,+5551954722614,1985-06-22,2025-06-24,Abreu,CE,84560123000177,True,40.0,293,************77,s***@empresa.com.br
51,Eloá,Fernandes,PF,(11) 96809-8577,1985-02-16,2025-06-24,Fonseca,PE,06274819576,True,41.0,293,*********76,e***@bol.com.br
714,Ryan,Mendonça,PF,+5547976918788,1991-10-31,2025-06-24,Vargas de Câmara,MG,51763409848,True,34.0,293,*********48,r***@ig.com.br
955,Diego,Viana,PF,(71) 94186-8845,,2025-06-24,Carvalho,MS,19342086551,True,,293,*********51,d***@terra.com.br
1103,Laura,Ribeiro,PF,(11) 98680-4052,1999-11-25,2025-06-25,Melo da Prata,AL,48125907360,True,26.0,292,*********60,l***@bol.com.br
1736,Bruna,Freitas,PF,71967752998,1981-01-26,2025-06-25,Almeida do Amparo,TO,40963782169,True,45.0,292,*********69,b***@outlook.com
189,Valentim,Barbosa,PF,(47) 96922-7666,1985-01-15,2025-06-25,Casa Grande da Mata,AC,40962815730,True,41.0,292,*********30,v***@terra.com.br
2485,Rael,Silveira,PF,13920858394,,2025-06-25,Rios,RS,48169035775,True,,292,*********75,r***@outlook.com
2648,Gustavo,Ferreira,PF,61999946358,1997-02-10,2025-06-25,da Rosa,PI,38510479666,True,29.0,292,*********66,g***@outlook.com
388,Isadora,Rocha,PF,+5561981649511,1987-02-16,2025-06-25,Vasconcelos,MT,75246139034,True,39.0,292,*********34,i***@ig.com.br
927,João Pedro,Cardoso,PF,(61) 95544-2390,1968-12-10,2025-06-25,da Costa,RO,67912053859,True,57.0,292,*********59,j***@terra.com.br
1926,Stephany,Brito,PF,(71) 99395-2360,1981-01-23,2025-06-26,Freitas do Oeste,MG,06145729325,True,45.0,291,*********25,s***@uol.com.br
2435,Mathias,Leão,PF,+5547964169104,1959-03-09,2025-06-26,Campos,AP,47932501652,True,67.0,291,*********52,m***@gmail.com
1008,Almeida & Associados S.A.,,PJ,(31) 99227-3703,1979-10-10,2025-06-27,Pastor da Prata,AP,91370624000156,True,46.0,290,************56,a***@comercio.net.br
118,Sarah,Leão,PF,,,2025-06-27,Souza,GO,21948503760,True,,290,*********60,s***@terra.com.br
2323,Yuri,Barbosa,PF,47921788237,1973-05-08,2025-06-27,Farias de Fernandes,AL,86450231998,True,52.0,290,*********98,y***@terra.com.br
2885,Rodrigo,Casa Grande,PF,51990602338,1989-11-26,2025-06-27,Lopes,AC,46870251967,True,36.0,290,*********67,r***@hotmail.com
3130,Diego,Cardoso,PF,(31) 96489-4333,1974-10-23,2025-06-27,da Rosa Grande,SC,09418652315,True,51.0,290,*********15,d***@outlook.com
1207,Rafaela,Vargas,PF,(31) 95903-1621,2005-05-19,2025-06-28,Azevedo do Campo,SC,71832645991,True,20.0,289,*********91,r***@uol.com.br
1813,Araújo Informática e Serviços S/S,,PJ,61931212339,1999-01-10,2025-06-28,Nogueira,RN,90754832000196,True,27.0,289,************96,a***@comercio.net.br
3480,Maria Alice,Pinto,PF,31943651895,2003-11-15,2025-06-28,Jesus Alegre,RS,85647219020,True,22.0,289,*********20,m***@bol.com.br
479,Oliveira & Andrade S.A.,,PJ,(61) 91378-6081,1974-01-24,2025-06-28,Monteiro,AM,20897431000100,True,52.0,289,************00,o***@empresa.com.br
646,Maria Liz,Alves,PF,(51) 99936-3192,2007-09-05,2025-06-28,Moreira,SP,92638150703,True,18.0,289,*********03,m***@terra.com.br
1620,Anthony,Carvalho,PF,+5541986855942,1958-10-25,2025-06-29,Albuquerque,MT,42083176553,True,67.0,288,*********53,a***@yahoo.com.br
2960,Léo,da Conceição,PF,21951476026,1989-06-29,2025-06-29,Almeida das Pedras,DF,01896724558,True,36.0,288,*********58,l***@outlook.com
953,Cardoso & Melo ME,,PJ,+5531945782243,1995-02-08,2025-06-29,Campos,PI,94371285000110,True,31.0,288,************10,c***@comercio.net.br
1976,Matheus,Gomes,PF,21975255409,2003-12-01,2025-06-30,Cirino,MS,71398624004,True,22.0,287,*********04,m***@yahoo.com.br
2615,Mateus,Teixeira,PF,(51) 98702-6868,2001-09-01,2025-06-30,Vieira,PR,52841903605,True,24.0,287,*********05,m***@yahoo.com.br
469,Sophia,Pastor,PF,41993817596,1996-05-29,2025-06-30,Sá,TO,64837519075,True,29.0,287,*********75,s***@uol.com.br
789,Maria Luiza,Nunes,PF,71914397033,1974-03-11,2025-06-30,Machado de Minas,SE,89405132660,True,52.0,287,*********60,m***@gmail.com
1413,Jade,Gomes,PF,+5541976863156,1960-12-27,2025-07-01,Novais,MS,25619087476,True,65.0,286,*********76,j***@ig.com.br
1482,Heitor,Barbosa,PF,(47) 91569-3675,1996-08-08,2025-07-01,Abreu,SE,98412360524,True,29.0,286,*********24,h***@ig.com.br
1609,Marina,Ribeiro,PF,(61) 92201-1673,2004-10-12,2025-07-01,Câmara,RO,87941605201,True,21.0,286,*********01,m***@terra.com.br
3113,Maria Sophia,Abreu,PF,(31) 98697-5291,1958-06-15,2025-07-01,Barros,ES,24159870694,True,67.0,286,*********94,m***@bol.com.br
590,Sophia,Gomes,PF,71915015377,,2025-07-02,Barros Verde,RJ,78049135241,True,,285,*********41,s***@hotmail.com
1280,Luiz Felipe,Ribeiro,PF,+5531987603100,1977-11-16,2025-07-03,Cassiano,AL,46310798510,True,48.0,284,*********10,l***@ig.com.br
193,Pedro,Nogueira,PF,,1973-12-16,2025-07-04,Lopes,CE,98021753404,True,52.0,283,*********04,p***@outlook.com
3127,Pacheco & Associados S/S,,PJ,+5541963985367,2002-04-11,2025-07-04,Guerra da Serra,AC,29386451000190,True,24.0,283,************90,p***@comercio.net.br
3356,Ester,Duarte,PF,+5551944644965,1977-10-30,2025-07-04,Silva,SC,86371924591,True,48.0,283,*********91,e***@ig.com.br
577,Marcos Vinicius,Monteiro,PF,(31) 98255-9267,1972-05-21,2025-07-04,Pastor de Minas,RJ,13697205480,True,53.0,283,*********80,m***@yahoo.com.br
977,Dias Tecnologia e Sistemas EPP,,PJ,41938933236,2006-03-03,2025-07-04,Casa Grande do Norte,AP,74580623000117,True,20.0,283,************17,d***@comercio.net.br
113,Gael Henrique,Cardoso,PF,+5513932306982,1983-08-06,2025-07-05,da Rocha,AL,96821543755,True,42.0,282,*********55,g***@hotmail.com
2165,Marcos Vinicius,da Cruz,PF,(41) 99198-2740,,2025-07-05,Cirino,SC,07518496267,True,,282,*********67,m***@yahoo.com.br
2601,Sofia,Melo,PF,41989719332,1991-01-05,2025-07-05,Mendonça Verde,RR,69031284505,True,35.0,282,*********05,s***@ig.com.br
3031,Heloísa,Sá,PF,+5561975475349,1958-02-10,2025-07-05,das Neves,RN,75496813093,True,68.0,282,*********93,h***@ig.com.br
3347,Alana,Pimenta,PF,(21) 92540-8674,1977-03-30,2025-07-05,Guerra de Minas,TO,93724568029,True,49.0,282,*********29,a***@uol.com.br
774,Maria Fernanda,Albuquerque,PF,(51) 97638-7425,1981-01-24,2025-07-05,Guerra,SC,38657120968,True,45.0,282,*********68,m***@yahoo.com.br
1011,Brayan,Gomes,PF,+5541982638192,1985-04-01,2025-07-06,Albuquerque Alegre,PR,17305982423,True,41.0,281,*********23,b***@uol.com.br
2083,Pedro Miguel,Pacheco,PF,47938432230,,2025-07-06,Barbosa,PR,04263571916,True,,281,*********16,p***@uol.com.br
2480,Pedro Miguel,Peixoto,PF,(21) 99184-1832,,2025-07-06,Sampaio,DF,45631829746,True,,281,*********46,p***@ig.com.br
2775,Lorena,Pires,PF,(61) 96594-7265,2002-06-01,2025-07-06,Cavalcante,RS,20319647803,True,23.0,281,*********03,l***@uol.com.br
3322,Gael Henrique,da Costa,PF,(11) 98756-5737,,2025-07-06,Garcia,RJ,54917360820,True,,281,*********20,g***@ig.com.br
3380,Ryan,Correia,PF,21954455800,1988-03-04,2025-07-06,Porto,MS,35482690792,True,38.0,281,*********92,r***@uol.com.br
1026,Nina,Rezende,PF,71966071324,1976-01-13,2025-07-07,Teixeira de Goiás,SC,83497065200,True,50.0,280,*********00,n***@bol.com.br
1436,Isabella,Gomes,PF,41993698478,1983-04-11,2025-07-07,Macedo Grande,RS,14398576282,True,43.0,280,*********82,i***@uol.com.br
2027,João Gabriel,Peixoto,PF,13921322714,,2025-07-07,Castro das Flores,PA,87024513608,True,,280,*********08,j***@uol.com.br
2396,Manuella,Pimenta,PF,+5531985109445,1981-06-21,2025-07-07,Cirino da Prata,PR,64325780947,True,44.0,280,*********47,m***@outlook.com
471,Oliveira Importadora e Comércio S.A.,,PJ,11914855170,2005-03-28,2025-07-07,da Cruz,RS,14376820000197,True,21.0,280,************97,o***@comercio.net.br
513,Sophie,Casa Grande,PF,+5521961036089,1993-12-14,2025-07-07,da Luz,DF,24317865017,True,32.0,280,*********17,s***@hotmail.com
100,Emanuel,Jesus,PF,31930269390,1979-01-27,2025-07-08,Nogueira,SC,04367851290,True,47.0,279,*********90,e***@terra.com.br
3409,Costa & Silveira ME,,PJ,+5531948039322,1987-08-08,2025-07-09,Freitas,SE,29815047000195,True,38.0,278,************95,c***@empresa.com.br
638,Cecilia,Casa Grande,PF,41999354740,1962-07-08,2025-07-09,Gonçalves,MA,89046231542,True,63.0,278,*********42,c***@hotmail.com
81,Leonardo,Pastor,PF,41959537619,1969-02-17,2025-07-09,Silva Paulista,BA,78436201922,True,57.0,278,*********22,l***@yahoo.com.br
2144,Ísis,Sousa,PF,+5561987078312,1980-10-13,2025-07-10,Sá das Flores,TO,89632571428,True,45.0,277,*********28,s***@yahoo.com.br
2257,Luana,da Luz,PF,+5551974071706,1984-01-09,2025-07-10,Ferreira,PB,74106382571,True,42.0,277,*********71,l***@bol.com.br
2276,Comércio Camargo EIRELI,,PJ,+5547921908482,1978-01-11,2025-07-10,da Conceição de Minas,CE,93104682000163,True,48.0,277,************63,c***@empresa.com.br
2891,Jade,Camargo,PF,31930027302,1988-07-06,2025-07-10,Mendonça de Pastor,AP,41609573820,True,37.0,277,*********20,j***@outlook.com
2964,Letícia,Albuquerque,PF,51956484012,1990-03-03,2025-07-10,da Rocha,TO,63248590106,True,36.0,277,*********06,l***@terra.com.br
3462,Arthur Gabriel,Aragão,PF,(47) 99582-9351,1967-07-18,2025-07-10,Garcia de Ribeiro,PE,15702869303,True,58.0,277,*********03,a***@bol.com.br
1325,José Pedro,Correia,PF,11964163775,2001-11-02,2025-07-11,Albuquerque Grande,GO,49673150206,True,24.0,276,*********06,j***@yahoo.com.br
2945,Larissa,Ramos,PF,61920535849,1992-09-12,2025-07-11,Moraes Paulista,SE,54102673890,True,33.0,276,*********90,l***@gmail.com
723,Marina,Alves,PF,+5547976206569,1964-05-02,2025-07-11,Ferreira de Ramos,MA,18039426731,True,61.0,276,*********31,m***@hotmail.com
1056,Hellena,da Luz,PF,+5521956472650,1994-12-26,2025-07-12,Pires do Norte,AM,28593714609,True,31.0,275,*********09,h***@outlook.com
1353,João Miguel,Mendonça,PF,+5551969401430,1969-11-28,2025-07-12,Pastor Verde,RO,62047589347,True,56.0,275,*********47,j***@gmail.com
1573,Oliver,Ferreira,PF,+5521959948195,1975-07-16,2025-07-12,Silveira Verde,MA,45786912094,True,50.0,275,*********94,o***@uol.com.br
1681,João Lucas,Santos,PF,41936812702,1963-03-09,2025-07-12,Montenegro,AC,92173506480,True,63.0,275,*********80,j***@uol.com.br
2060,Benício,Pires,PF,(41) 91751-4332,2003-12-20,2025-07-12,da Mota Paulista,RN,73921580404,True,22.0,275,*********04,b***@hotmail.com
2588,Esther,da Luz,PF,11915396843,1983-01-12,2025-07-12,Pereira,AL,28751403617,True,43.0,275,*********17,e***@gmail.com
3017,Breno,Nascimento,PF,(47) 91195-6144,,2025-07-12,Carvalho,SE,84017926576,True,,275,*********76,b***@outlook.com
3133,André,Cardoso,PF,13955061468,2000-12-31,2025-07-12,Rezende da Serra,AC,80145923606,True,25.0,275,*********06,a***@ig.com.br
3304,Mariah,Albuquerque,PF,(51) 97847-1020,1987-01-09,2025-07-12,Monteiro de Minas,RJ,54018963793,True,39.0,275,*********93,m***@uol.com.br
443,Gael Henrique,Alves,PF,+5551976415206,2001-09-24,2025-07-12,Fernandes de Castro,RO,18472593088,True,24.0,275,*********88,g***@yahoo.com.br
904,Valentina,Mendes,PF,+5513910016549,1963-05-07,2025-07-12,Sampaio,MA,83562940700,True,62.0,275,*********00,v***@gmail.com
1431,Maya,Cirino,PF,21944911189,1991-02-24,2025-07-13,Leão,PB,32907158686,True,35.0,274,*********86,m***@terra.com.br
1509,Vitor,Brito,PF,(71) 95856-8625,1959-04-10,2025-07-13,Almeida,AP,81659240794,True,67.0,274,*********94,v***@hotmail.com
2304,Maria Fernanda,Guerra,PF,+5571945475799,1958-01-25,2025-07-13,Guerra da Serra,MG,63041275961,True,68.0,274,*********61,m***@hotmail.com
2317,Luna,Borges,PF,+5561922484728,1968-09-27,2025-07-13,Correia dos Dourados,RN,01356948766,True,57.0,274,*********66,l***@yahoo.com.br
2490,Ramos & Associados S/S,,PJ,,1986-08-01,2025-07-13,Araújo Grande,RO,43679285000141,True,39.0,274,************41,r***@comercio.net.br
1591,Ana,Cavalcanti,PF,(31) 93841-1150,2001-03-08,2025-07-14,Rezende de Costa,RO,72396045199,True,25.0,273,*********99,a***@terra.com.br
3091,Isaac,da Luz,PF,(31) 94750-9934,1956-09-27,2025-07-14,Costela de Minas,BA,08329471640,True,69.0,273,*********40,i***@ig.com.br
427,Atacado Costa S/S,,PJ,(31) 93448-7967,1956-11-11,2025-07-14,Vieira das Pedras,AP,61805279000175,True,69.0,273,************75,a***@empresa.com.br
843,Diogo,Porto,PF,(31) 91950-6037,1981-07-17,2025-07-14,Melo de Goiás,AC,60592183424,True,44.0,273,*********24,d***@yahoo.com.br
119,Maria Cecília,Nogueira,PF,(13) 96393-1321,,2025-07-15,Almeida Verde,CE,73218950414,True,,272,*********14,m***@ig.com.br
282,Rafaela,Martins,PF,+5571938185165,1974-12-03,2025-07-15,Carvalho,BA,42916730869,True,51.0,272,*********69,r***@bol.com.br
348,João Miguel,Cavalcanti,PF,71988247418,1969-08-23,2025-07-15,Pires,PB,48235671964,True,56.0,272,*********64,j***@yahoo.com.br
801,Anthony Gabriel,Aparecida,PF,,1957-07-28,2025-07-15,das Neves,MA,96835740256,True,68.0,272,*********56,a***@terra.com.br
938,Amanda,Pacheco,PF,+5521934495395,1964-12-14,2025-07-15,Rios,PR,50634819739,True,61.0,272,*********39,a***@ig.com.br
1279,Raquel,Porto,PF,+5547915982206,2002-03-04,2025-07-16,Sales de Costa,AM,39061784204,True,24.0,271,*********04,r***@bol.com.br
510,Helena,,PF,31930038156,,2025-07-16,Nogueira,RO,86237054162,True,,271,*********62,h***@ig.com.br
1911,Calebe,Fonseca,PF,+5571949246318,1993-10-24,2025-07-17,Dias da Prata,AP,38754091241,True,32.0,270,*********41,c***@hotmail.com
2181,Josué,Correia,PF,,1982-10-29,2025-07-17,Campos,RJ,49786150201,True,43.0,270,*********01,j***@bol.com.br
2287,Isaque,Gonçalves,PF,+5541948614286,2002-05-02,2025-07-17,da Mota,AL,06573842910,True,23.0,270,*********10,i***@uol.com.br
2841,Cecília,Brito,PF,+5521987872535,1974-11-11,2025-07-17,Ferreira,BA,96475208329,True,51.0,270,*********29,c***@terra.com.br
3198,Cauã,Rodrigues,PF,+5521993111801,1981-05-15,2025-07-17,Ribeiro,CE,60182473562,True,44.0,270,*********62,c***@hotmail.com
3331,Emanuelly,Nascimento,PF,41928782553,1964-06-04,2025-07-17,da Luz,RO,59140236889,True,61.0,270,*********89,e***@uol.com.br
694,Felipe,da Paz,PF,13935573448,2007-07-30,2025-07-17,Sales do Oeste,SP,42591607370,True,18.0,270,*********70,f***@outlook.com
814,Ian,Mendonça,PF,(61) 98506-9624,2006-07-22,2025-07-17,Cassiano,RJ,91843526719,True,19.0,270,*********19,i***@bol.com.br
866,Valentim,Cardoso,PF,(11) 98046-7965,1964-07-19,2025-07-17,Borges,SC,27091456858,True,61.0,270,*********58,v***@hotmail.com
434,Guilherme,Albuquerque,PF,(61) 97621-2388,2003-04-30,2025-07-18,Guerra,SP,91036725499,True,22.0,269,*********99,g***@bol.con.br
1515,Carolina,Andrade,PF,(13) 96882-5447,1971-03-03,2025-07-19,da Luz,PB,56934218728,True,55.0,268,*********28,c***@hotmail.com
1763,José,Sousa,PF,31947029064,1980-08-28,2025-07-19,Campos,ES,02154738680,True,45.0,268,*********80,j***@outlook.com
1843,Eloah,da Mota,PF,31911848385,,2025-07-19,Moraes,AL,56814972085,True,,268,*********85,e***@gmail.com
2483,Liz,Santos,PF,,1959-04-08,2025-07-19,Sousa,MA,05764931800,True,67.0,268,*********00,l***@bol.com.br
544,Manuella,Gonçalves,PF,(31) 96712-1297,1974-02-09,2025-07-19,da Mota do Campo,PA,98604231560,True,52.0,268,*********60,m***@yahoo.com.br
1367,João Gabriel,Siqueira,PF,+5571931821232,1961-10-08,2025-07-20,Barbosa do Galho,RN,43980517675,True,64.0,267,*********75,j***@terra.com.br
1549,Santos & Barbosa S/A,,PJ,41923854732,1982-08-10,2025-07-20,Borges,MT,62189573000162,True,43.0,267,************62,s***@empresa.com.br
2192,Noah,Almeida,PF,41958986935,1990-09-30,2025-07-20,Duarte,RS,38097465175,True,35.0,267,*********75,n***@hotmail.com
2875,Almeida & Associados EPP,,PJ,21924897776,2001-07-09,2025-07-20,Martins,PA,13729640000189,True,24.0,267,************89,a***@empresa.com.br
3384,Vitor,Pimenta,PF,(47) 99413-4078,1959-06-18,2025-07-20,Garcia,BA,23074691840,True,66.0,267,*********40,v***@terra.com.br
341,Soluções Lopes ME,,PJ,(13) 95841-6413,1996-03-26,2025-07-20,Moura,MT,39456708000197,True,30.0,267,************97,s***@empresa.com.br
3418,Matheus,Pacheco,PF,13950585164,1980-04-07,2025-07-20,Rezende do Amparo,RR,67943821564,True,46.0,267,*********64,m***@gmail.com
1278,Almeida & Castro EI,,PJ,(51) 93191-9864,1970-01-29,2025-07-21,Castro das Pedras,PI,25796438000159,True,56.0,266,************59,a***@empresa.com.br
1856,José,Farias,PF,71949618287,1997-03-01,2025-07-21,da Costa,PI,13728649031,True,29.0,266,*********31,j***@outlook.com
2535,Beatriz,Farias,PF,(21) 97389-9270,,2025-07-21,Gomes Alegre,MS,84376921564,True,,266,*********64,b***@bol.com.br
3188,Pietro,Brito,PF,61960104525,1969-03-23,2025-07-21,Pinto,RO,81320645771,True,57.0,266,*********71,p***@uol.com.br
1384,Brenda,Sampaio,PF,(31) 93293-9204,1991-12-05,2025-07-22,Jesus de Minas,BA,16520943851,True,34.0,265,*********51,b***@terra.com.br
1423,Laura,Viana,PF,(41) 91335-8202,1959-05-26,2025-07-22,Andrade da Serra,AP,97168532030,True,66.0,265,*********30,l***@bol.com.br
1451,Ester,da Cunha,PF,(11) 97191-8932,1960-06-09,2025-07-22,Brito,BA,54796210334,True,65.0,265,*********34,e***@outlook.com
2088,Maria Liz,Câmara,PF,,2005-07-16,2025-07-22,Dias,AM,74536012907,True,20.0,265,*********07,m***@terra.com.br
2212,Tecnologia Dias ME,,PJ,21924752729,1988-03-26,2025-07-22,Almeida de Melo,PA,23794581000186,True,38.0,265,************86,t***@comercio.net.br
2394,Laís,Guerra,PF,,1996-06-30,2025-07-22,Sales de Novais,PA,74162059802,True,29.0,265,*********02,l***@terra.com.br
2470,Luiz Miguel,Aparecida,PF,11988804815,,2025-07-22,Souza Paulista,RS,09718653457,True,,265,*********57,l***@outlook.com
3194,Milena,Ferreira,PF,(51) 93403-6159,1989-12-04,2025-07-22,Macedo Verde,RN,23517964891,True,36.0,265,*********91,m***@outlook.com
484,Eloah,da Costa,PF,(41) 98225-6214,1994-03-30,2025-07-22,Campos,RS,21805934732,True,32.0,265,*********32,e***@yahoo.com.br
948,Maria Alice,Casa Grande,PF,11972286958,1968-12-13,2025-07-22,Ferreira da Serra,SP,67405819249,True,57.0,265,*********49,m***@outlook.com
3477,Maria Eduarda,Teixeira,PF,(51) 99410-2182,1971-06-11,2025-07-23,Fogaça Verde,TO,38769240140,True,54.0,264,*********40,m***@terra.com.br
3484,Maria Alice,Moreira,PF,,1981-07-24,2025-07-23,da Luz do Oeste,SP,05793642161,True,44.0,264,*********61,m***@ig.com.br
1899,Luísa,Pereira,PF,31965423979,1981-07-25,2025-07-24,Moraes,GO,05164987201,True,44.0,263,*********01,l***@hotmail.com
210,Alícia,Casa Grande,PF,31926524058,,2025-07-24,Almeida,MG,92316570895,True,,263,*********95,a***@yahoo.com.br
374,Paulo,Vasconcelos,PF,,1970-02-10,2025-07-24,Cavalcanti dos Dourados,PE,02319867503,True,56.0,263,*********03,p***@hotmail.com
1424,Davi,Sampaio,PF,,1964-05-05,2025-07-25,Camargo,RR,56097248300,True,61.0,262,*********00,g***@hotmail.com
1601,Arthur Gabriel,Vieira,PF,(71) 91472-5600,1967-11-21,2025-07-25,Melo dos Dourados,BA,61358904251,True,58.0,262,*********51,a***@hotmail.com
2137,Souza & Associados S/S,,PJ,+5521992899668,2002-11-29,2025-07-25,Garcia Verde,MT,52430819000192,True,23.0,262,************92,s***@comercio.net.br
2439,Hadassa,Ribeiro,PF,41938576713,2003-10-03,2025-07-25,Novais,MS,61082479594,True,22.0,262,*********94,h***@bol.com.br
3210,Valentim,Borges,PF,31938945884,1966-03-03,2025-07-25,Barbosa do Amparo,RR,10562437916,True,60.0,262,*********16,v***@hotmail.com
3324,Ana Luiza,da Luz,PF,(11) 98902-5358,1969-10-06,2025-07-25,Nascimento de Nascimento,DF,38519420788,True,56.0,262,*********88,a***@uol.com.br
667,Soluções Pinto ME,,PJ,31913276118,1967-01-23,2025-07-25,Rodrigues,SP,31709824000169,True,59.0,262,************69,s***@empresa.com.br
2358,Samuel,Novaes,PF,(11) 92972-6556,1976-07-22,2025-07-26,Garcia,PR,94508172601,True,49.0,261,*********01,s***@hotmail.com
2853,Informática Sales EIRELI,,PJ,+5561951161057,1974-04-03,2025-07-26,Almeida da Mata,RR,79328516000110,True,52.0,261,************10,i***@empresa.com.br
289,Lívia,Nascimento,PF,51985747241,1997-06-04,2025-07-26,Nogueira,ES,14705983610,True,28.0,261,*********10,l***@hotmail.com
296,Renan,Fernandes,PF,11965879160,,2025-07-26,Vieira da Serra,DF,85496027101,True,,261,*********01,r***@gmail.com
1158,Elisa,Martins,PF,+5547959999869,1967-10-06,2025-07-27,Oliveira de Goiás,SC,30781469287,True,58.0,260,*********87,e***@ig.com.br
2180,Marina,Vieira,PF,+5531955061319,1968-09-30,2025-07-27,Cavalcanti,AC,41983056251,True,57.0,260,*********51,m***@gmail.com
761,Davi Lucas,Gonçalves,PF,(11) 96054-4208,2002-08-27,2025-07-27,Pacheco do Campo,MG,90614378575,True,23.0,260,*********75,d***@yahoo.com.br
1272,Clarice,Siqueira,PF,+5561995577553,1975-12-10,2025-07-28,Alves,SP,80265714362,True,50.0,259,*********62,c***@outlook.com
1955,Santos & Associados Ltda.,,PJ,(31) 97084-2550,,2025-07-28,Peixoto,SE,08491326000170,True,,259,************70,s***@comercio.net.br
382,Andrade & Associados S/S,,PJ,+5547936272210,,2025-07-28,Caldeira,SE,31658207000181,True,,259,************81,a***@empresa.com.br
1477,Cauã,Silveira,PF,(47) 99261-8267,1970-12-27,2025-07-29,Ferreira das Pedras,PE,30918726450,True,55.0,258,*********50,c***@gmail.com
1788,Machado & Dias ME,,PJ,(47) 93027-1462,1963-03-03,2025-07-29,Cavalcanti de Mendonça,AC,50136948000147,True,63.0,258,************47,m***@empresa.com.br
3098,Araújo & Fonseca EIRELI,,PJ,+5531959128752,,2025-07-29,Rodrigues,PI,89734215000140,True,,258,************40,a***@empresa.com.br
503,Rafaela,Duarte,PF,+5547979097878,1979-03-17,2025-07-29,Pastor,PE,93214576070,True,47.0,258,*********70,r***@uol.com.br
1581,Maria Flor,Silva,PF,61973198964,1984-03-09,2025-07-30,da Luz,AP,58230647992,True,42.0,257,*********92,m***@outlook.com
543,Gael Henrique,da Cunha,PF,+5541988415527,2007-02-15,2025-07-30,Pastor,AM,45319087675,True,19.0,257,*********75,g***@uol.com.br
808,Liz,Nogueira,PF,71979881099,1963-02-05,2025-07-30,Pastor do Amparo,PI,32076184996,True,63.0,257,*********96,l***@bol.com.br
2004,Bruna,Vasconcelos,PF,+5511940537541,1969-05-18,2025-07-31,Monteiro do Campo,TO,51638709203,True,56.0,256,*********03,b***@yahoo.com.br
3292,Maya,Andrade,PF,+5531971837047,1968-04-02,2025-07-31,Sousa do Norte,RR,51790843693,True,58.0,256,*********93,m***@terra.com.br
541,Pietro,Rios,PF,+5513948184504,2006-09-21,2025-07-31,Rocha,AP,61473025907,True,19.0,256,*********07,m***@yahoo.com.br
1039,Souza & Gonçalves S.A.,,PJ,31941456526,1969-02-23,2025-08-01,Novaes de Mendonça,RJ,04369871000138,True,57.0,255,************38,s***@empresa.com.br
145,Maria Júlia,Ramos,PF,(41) 98840-7300,1985-04-11,2025-08-01,Martins,CE,26578430938,True,41.0,255,*********38,m***@gmail.com
1503,Henry,da Paz,PF,(41) 98918-1381,1957-07-12,2025-08-01,Pires de Fogaça,SC,85960724383,True,68.0,255,*********83,h***@outlook.com
1553,Emanuella,Camargo,PF,(13) 92226-6547,,2025-08-01,Montenegro,RO,45120798667,True,,255,*********67,e***@outlook.com
1595,Costa & Duarte Ltda.,,PJ,61932525765,2004-03-24,2025-08-01,Jesus de Cirino,PE,49103826000175,True,22.0,255,************75,c***@empresa.com.br
2906,Rafael,Siqueira,PF,+5511936614339,1986-11-05,2025-08-01,Correia,AP,48632071580,True,39.0,255,*********80,r***@hotmail.com
3110,Lopes Soluções e Consultoria Ltda.,,PJ,61995085735,1989-12-02,2025-08-01,Peixoto,GO,20468715000180,True,36.0,255,************80,l***@empresa.com.br
324,Igor,Albuquerque,PF,+5551978556962,1990-04-21,2025-08-01,Costela,AC,76431502817,True,36.0,255,*********17,i***@ig.com.br
1966,Souza & Associados ME,,PJ,(21) 98649-6455,1975-09-05,2025-08-02,Camargo de Goiás,SP,62745083000103,True,50.0,254,************03,s***@comercio.net.br
2575,Asafe,Ramos,PF,,1965-12-22,2025-08-02,Camargo,RJ,03647195839,True,60.0,254,*********39,a***@terra.com.br
2710,Ana Liz,Cunha,PF,51921019592,1971-07-13,2025-08-02,Monteiro,PB,80154769258,True,54.0,254,*********58,a***@yahoo.com.br
807,Pietra,Caldeira,PF,61969934876,1957-06-23,2025-08-02,Pereira,RO,04579631820,True,68.0,254,*********20,p***@terra.com.br
1134,Maria Sophia,Cunha,PF,(41) 98176-6431,,2025-08-03,Viana,GO,69831524764,True,,253,*********64,m***@ig.com.br
127,Emanuelly,Caldeira,PF,(61) 97405-6424,,2025-08-03,Borges de Sá,RR,18052693721,True,,253,*********21,e***@ig.com.br
1306,Mathias,Barbosa,PF,71987513086,1982-01-11,2025-08-03,Rios,ES,90832546747,True,44.0,253,*********47,m***@terra.com.br
1500,Maria Isis,Cirino,PF,,1980-02-10,2025-08-03,da Costa da Mata,DF,86943701584,True,46.0,253,*********84,m***@outlook.com
3058,Mariana,Cunha,PF,13929356197,1988-11-14,2025-08-03,Novais de Goiás,RR,21307958621,True,37.0,253,*********21,m***@ig.com.br
3144,Ana Beatriz,Pimenta,PF,+5521959665275,2000-09-18,2025-08-03,Lima Verde,RR,62785410920,True,25.0,253,*********20,a***@outlook.com
3422,Pedro,Macedo,PF,+5531920445230,1978-10-27,2025-08-03,Silveira de Minas,MS,80436751208,True,47.0,253,*********08,p***@terra.com.br
564,Vitor,da Costa,PF,+5561984997762,1999-08-05,2025-08-03,Marques,RO,10587639466,True,26.0,253,*********66,v***@ig.com.br
1328,Soares Importadora e Atacado EIRELI,,PJ,47924688121,1996-05-05,2025-08-04,das Neves do Galho,CE,17294805000198,True,29.0,252,************98,s***@comercio.net.br
1545,Vitória,Pereira,PF,,1976-10-15,2025-08-04,Pereira,MA,47596210830,True,49.0,252,*********30,v***@uol.com.br
1854,Nicole,Viana,PF,(71) 91822-2352,1991-02-14,2025-08-04,Rios Alegre,PR,02567183930,True,35.0,252,*********30,n***@outlook.com
2069,Camila,Garcia,PF,21966735308,1968-01-05,2025-08-04,Ferreira,AL,25719608494,True,58.0,252,*********94,c***@bol.com.br
2564,Brenda,Rezende,PF,51939041020,1984-06-29,2025-08-04,Gomes,SC,52719348023,True,41.0,252,*********23,b***@ig.com.br
2349,Rafael,Andrade,PF,+5511956239043,2004-02-19,2025-08-05,Pinto do Sul,AL,29150863703,True,22.0,251,*********03,r***@ig.com.br
2651,Maria Isis,Abreu,PF,13918159990,1982-09-28,2025-08-05,Souza de Ribeiro,SE,76891325021,True,43.0,251,*********21,m***@bol.com.br
2783,Theodoro,Rezende,PF,31953496999,1982-11-28,2025-08-05,da Cunha,AL,16345908215,True,43.0,251,*********15,t***@yahoo.com.br
3246,Fernanda,Nascimento,PF,(11) 95135-8383,2002-07-22,2025-08-05,Silveira de Novais,AC,36502489133,True,23.0,251,*********33,f***@yahoo.com.br
797,Tecnologia Oliveira S/S,,PJ,(61) 94113-6272,,2025-08-05,Pastor dos Dourados,TO,25918703000124,True,,251,************24,t***@empresa.com.br
940,Luiz Otávio,Peixoto,PF,+5513945433770,1962-04-26,2025-08-05,Porto da Mata,RJ,36814059215,True,64.0,251,*********15,l***@ig.com.br
1023,Larissa,da Rocha,PF,+5547963885774,1988-06-09,2025-08-06,Rios de Almeida,PR,25478361909,True,37.0,250,*********09,l***@gmail.com
1853,Alícia,Barbosa,PF,21988077416,1962-06-01,2025-08-06,Cavalcanti,DF,05416982730,True,63.0,250,*********30,a***@terra.com.br
2659,Alana,Rezende,PF,(41) 96055-7116,1982-04-17,2025-08-06,Casa Grande,MT,24379180603,True,44.0,250,*********03,a***@yahoo.com.br
3490,Marcela,da Mata,PF,31951375675,1997-07-21,2025-08-06,Andrade do Campo,RR,93875241673,True,28.0,250,*********73,m***@outlook.com
1597,Anna Liz,Pinto,PF,(47) 95906-5048,1988-04-05,2025-08-07,Mendes de Dias,CE,15649237891,True,38.0,249,*********91,a***@ig.com.br
2486,Thales,Leão,PF,+5513942246833,1997-03-16,2025-08-07,Câmara,TO,27815604307,True,29.0,249,*********07,t***@ig.com.br
372,Rodrigo,Novaes,PF,(41) 92704-2089,1976-04-14,2025-08-07,Vargas,PE,95780234647,True,50.0,249,*********47,r***@terra.com.br
1650,Fernandes & Gomes EPP,,PJ,+5531914002338,,2025-08-08,Sousa,AP,07234981000180,True,,248,************80,f***@comercio.net.br
1672,Vargas Tecnologia e Serviços S/S,,PJ,(61) 93911-6399,1970-07-31,2025-08-08,da Cunha do Oeste,MG,84957106000178,True,55.0,248,************78,v***@comercio.net.br
182,Ryan,Cavalcanti,PF,+5551983079371,1989-02-26,2025-08-08,Dias de Goiás,PB,25860419333,True,37.0,248,*********33,r***@terra.com.br
2238,Pereira & Guerra EI,,PJ,+5547972393591,1987-11-17,2025-08-08,Monteiro do Norte,PB,76920534000106,True,38.0,248,************06,p***@comercio.net.br
3042,Ágatha,Andrade,PF,(11) 91869-1168,,2025-08-08,Camargo,CE,07243815979,True,,248,*********79,j***@terra.com.br
3395,Nicolas,Siqueira,PF,47976481128,,2025-08-08,da Luz das Pedras,TO,78923645010,True,,248,*********10,n***@gmail.com
1674,Brayan,Rocha,PF,51986563019,1961-11-20,2025-08-09,Montenegro do Campo,PI,13257946007,True,64.0,247,*********07,b***@ig.com.br
2232,Davi Lucca,Brito,PF,+5511924933472,,2025-08-09,Cirino da Mata,TO,06798543200,True,,247,*********00,d***@gmail.com
706,Arthur,Martins,PF,+5521979735238,1976-11-09,2025-08-09,Rodrigues,SE,82591630470,True,49.0,247,*********70,a***@terra.com.br
1159,Luísa,Castro,PF,47919204885,,2025-08-10,Sousa,SC,98632075438,True,,246,*********38,l***@gmail.com
1202,Thiago,Andrade,PF,+5511974024769,1960-01-22,2025-08-10,Novaes,PB,51023496860,True,66.0,246,*********60,t***@bol.com.br
1361,Enzo Gabriel,da Rosa,PF,71935322350,2000-08-18,2025-08-10,Aparecida da Praia,TO,03918576493,True,25.0,246,*********93,e***@hotmail.com
1571,Davi Miguel,Rezende,PF,(41) 92474-2062,,2025-08-10,Albuquerque,GO,06182347562,True,,246,*********62,d***@yahoo.com.br
2081,Luiz Otávio,Cardoso,PF,+5547957247302,2006-11-21,2025-08-10,Silva de Goiás,AL,23670549161,True,19.0,246,*********61,l***@outlook.com
219,Luiz Henrique,Vieira,PF,21974286100,1993-04-30,2025-08-10,da Paz,MT,98420571601,True,32.0,246,*********01,g***@outlook.com
2448,José Pedro,Cardoso,PF,31942538519,1979-08-21,2025-08-10,Teixeira dos Dourados,MG,54893271032,True,46.0,246,*********32,j***@terra.com.br
2746,Erick,Vieira,PF,21939869160,1980-06-21,2025-08-10,Barros de Silva,RO,98176425001,True,45.0,246,*********01,e***@gmail.com
2794,Araújo Distribuidora e Importadora Ltda.,,PJ,+5551911533554,1967-03-02,2025-08-10,Sampaio,RJ,38290671000107,True,59.0,246,************07,a***@comercio.net.br
3407,Juliana,Sousa,PF,(51) 99389-6255,2002-03-23,2025-08-10,Machado,DF,21390764516,True,24.0,246,*********16,j***@ig.com.br
414,Ramos Serviços e Distribuidora S/S,,PJ,+5561982272807,1991-02-28,2025-08-10,Silva,RN,80761235000135,True,35.0,246,************35,r***@empresa.com.br
491,Lunna,Peixoto,PF,(13) 94163-5601,1977-10-22,2025-08-10,Sá Paulista,AM,87264530965,True,48.0,246,*********65,l***@uol.com.br
1537,Mirella,Borges,PF,(71) 97075-1056,1994-09-25,2025-08-11,Pastor de Siqueira,AP,74056129894,True,31.0,245,*********94,m***@terra.com.br
1816,Pedro Miguel,Fernandes,PF,+5571948624979,1968-11-13,2025-08-11,Cavalcante de Minas,MT,47180293504,True,57.0,245,*********04,p***@outlook.com
2719,Luiz Fernando,da Cunha,PF,47991008678,1969-12-26,2025-08-11,da Cruz,RO,58473920104,True,56.0,245,*********04,l***@ig.com.br
3009,Sophie,Pacheco,PF,47987609279,1978-04-27,2025-08-11,da Rocha do Amparo,MS,49653087274,True,47.0,245,*********74,s***@outlook.com
535,Pietra,Leão,PF,+5513970131002,2004-10-29,2025-08-11,da Cunha,ES,96451230707,True,21.0,245,*********07,p***@outlook.com
2622,Ribeiro & Almeida EI,,PJ,(21) 92337-7332,1957-08-15,2025-08-12,Sales de Ramos,RJ,31764908000103,True,68.0,244,************03,r***@comercio.net.br
2889,Emanuella,Dias,PF,11935632012,1991-09-18,2025-08-12,Pimenta da Praia,TO,42890567338,True,34.0,244,*********38,e***@uol.com.br
502,Cunha Serviços e Atacado EI,,PJ,71970641511,1983-10-01,2025-08-13,Cassiano,TO,62153897000140,True,42.0,243,************40,c***@comercio.net.br
1886,Martins Tecnologia e Serviços S.A.,,PJ,,1995-08-04,2025-08-14,Rocha Verde,BA,78910235000108,True,30.0,242,************08,m***@empresa.com.br
2549,Teixeira & Associados EI,,PJ,(47) 96463-2208,1993-07-02,2025-08-14,da Rocha,AL,16239845000174,True,32.0,242,************74,t***@empresa.com.br
2694,Fernanda,Cassiano,PF,+5547929371775,1993-12-19,2025-08-14,Montenegro,PE,80456192360,True,32.0,242,*********60,f***@uol.com.br
2758,Lívia,Albuquerque,PF,(13) 93108-2043,1982-12-09,2025-08-14,Vargas da Serra,RO,04379165884,True,43.0,242,*********84,l***@outlook.com
3049,Maria Flor,Marques,PF,41990044332,2006-04-21,2025-08-14,da Rosa da Mata,GO,10738942588,True,19.0,242,*********88,m***@gmail.com
3500,Miguel,Pimenta,PF,(61) 92185-1430,1966-11-02,2025-08-14,Novaes do Galho,CE,64502718920,True,59.0,242,*********20,m***@bol.com.br
610,Marina,Cardoso,PF,(11) 95699-9633,1991-01-10,2025-08-14,Câmara de Goiás,PE,13605287921,True,35.0,242,*********21,m***@hotmail.com
3468,Maria Isis,Guerra,PF,61965546725,1968-09-20,2025-08-15,Cirino de Albuquerque,MS,41723890588,True,57.0,241,*********88,m***@bol.com.br
3496,Juan,Cirino,PF,(61) 97621-3243,2003-08-11,2025-08-15,Jesus de Goiás,TO,37845601993,True,22.0,241,*********93,j***@terra.com.br
870,Nicolas,Cassiano,PF,+5551968264323,1984-12-17,2025-08-15,da Rocha,AC,70526934107,True,41.0,241,*********07,n***@bol.com.br
1265,Luara,Porto,PF,(61) 92038-7174,1985-03-26,2025-08-16,Mendes de Peixoto,MT,82036194796,True,41.0,240,*********96,l***@yahoo.com.br
1455,Pedro Lucas,Fonseca,PF,11921584526,2003-12-25,2025-08-16,Vargas,SP,95617823086,True,22.0,240,*********86,p***@hotmail.com
2063,Alexia,Ferreira,PF,+5541971567130,,2025-08-16,Gomes Verde,MT,43690851289,True,,240,*********89,a***@terra.com.br
3071,Asafe,Marques,PF,71950936402,,2025-08-16,Guerra,RS,61904357261,True,,240,*********61,a***@uol.com.br
3202,Theo,Caldeira,PF,(41) 93087-8611,2003-12-30,2025-08-16,da Conceição,SP,90243687583,True,22.0,240,*********83,t***@gmail.com
345,Nathan,da Luz,PF,(41) 94250-3808,,2025-08-16,Caldeira,PR,79460538274,True,,240,*********74,n***@yahoo.com.br
553,Isaque,Gonçalves,PF,(51) 94145-2816,1999-12-13,2025-08-16,Ribeiro,MS,45019382779,True,26.0,240,*********79,i***@ig.com.br
71,Maria Luísa,Sousa,PF,(21) 99346-9151,1958-04-21,2025-08-16,Aparecida das Flores,MG,12879036496,True,68.0,240,*********96,m***@terra.con.br
1139,Marcos Vinicius,Guerra,PF,+5521959904113,1968-12-09,2025-08-17,Moura de Aparecida,SC,28143765008,True,57.0,239,*********08,m***@uol.com.br
1177,Ana Clara,Rios,PF,31955954365,2007-11-03,2025-08-17,das Neves,AL,12987450397,True,18.0,239,*********97,a***@ig.com.br
1665,Vicente,Souza,PF,+5561979599137,1969-11-18,2025-08-17,Novais,RJ,97048516348,True,56.0,239,*********48,v***@uol.com.br
1855,Cecília,Cirino,PF,(11) 99641-2647,1980-05-25,2025-08-17,Rios da Mata,ES,89402371613,True,45.0,239,*********13,c***@yahoo.com.br
2073,Isaac,Dias,PF,(31) 97709-4478,1996-09-05,2025-08-17,Farias Verde,MT,83642059198,True,29.0,239,*********98,i***@outlook.com
2873,Giovanna,Rezende,PF,11931966438,1996-07-23,2025-08-17,Azevedo,RJ,10428579388,True,29.0,239,*********88,g***@bol.com.br
1507,João Lucas,Cassiano,PF,61961325719,2006-11-06,2025-08-18,Brito,TO,97206548130,True,19.0,238,*********30,j***@yahoo.com.br
2193,Caio,Ferreira,PF,+5541930517843,1963-08-29,2025-08-18,Câmara,RO,38761429546,True,62.0,238,*********46,c***@yahoo.com.br
767,Lívia,Ferreira,PF,(11) 95841-5710,1983-05-24,2025-08-18,Cardoso,GO,46781053280,True,42.0,238,*********80,l***@yahoo.com.br
847,Alexandre,Souza,PF,(41) 96888-7554,,2025-08-18,das Neves da Prata,BA,60213478978,True,,238,*********78,a***@terra.com.br
1355,Mariane,da Costa,PF,(11) 97721-3994,1975-04-12,2025-08-19,Lima,SC,62983501442,True,51.0,237,*********42,m***@terra.com.br
2765,Vitor Gabriel,Ferreira,PF,+5521969323058,1984-07-03,2025-08-19,da Cunha Alegre,AP,30962485756,True,41.0,237,*********56,v***@terra.con.br
620,Enrico,Nunes,PF,+5521930593970,1988-02-28,2025-08-19,Fogaça da Mata,ES,20483615951,True,38.0,237,*********51,e***@bol.com.br
3057,Camargo & Borges Ltda.,,PJ,,1981-11-21,2025-08-20,Camargo,SE,39241058000162,True,44.0,236,************62,c***@comercio.net.br
3000,Maria Alice,Abreu,PF,+5547933741638,1968-03-04,2025-08-21,Teixeira da Mata,DF,63957408229,True,58.0,235,*********29,m***@outlook.com
3047,Milena,da Paz,PF,(51) 93027-4641,1973-11-02,2025-08-21,Fernandes,MA,42039617850,True,52.0,235,*********50,m***@bol.com.br
3173,Allana,Aragão,PF,11970276960,1994-04-04,2025-08-21,Cardoso,AM,01824573626,True,32.0,235,*********26,a***@hotmail.com
722,Cauã,Vasconcelos,PF,+5521983597746,1977-02-25,2025-08-21,Câmara de Pereira,MA,05176294370,True,49.0,235,*********70,c***@bol.com.br
1273,Thiago,Andrade,PF,+5511951899565,,2025-08-22,Castro do Campo,RO,39107254814,True,,234,*********14,t***@uol.com.br
1783,Oliveira & Associados S.A.,,PJ,(31) 92854-7984,1991-06-15,2025-08-22,Andrade,MT,19487026000134,True,34.0,234,************34,o***@comercio.net.br
2273,Ian,da Cruz,PF,(51) 92639-8557,1995-09-17,2025-08-22,Marques de Pereira,PB,69724510352,True,30.0,234,*********52,i***@hotmail.com
242,Soares Sistemas e Soluções EIRELI,,PJ,+5521926637778,1965-08-26,2025-08-22,Alves de Minas,SE,39564087000165,True,60.0,234,************65,s***@empresa.com.br
2464,Sophie,Pimenta,PF,11987026582,1995-03-05,2025-08-22,Moraes,BA,08931652470,True,31.0,234,*********70,s***@hotmail.com
2762,Hadassa,Azevedo,PF,(13) 97567-7053,1987-01-17,2025-08-22,Santos,DF,90853614784,True,39.0,234,*********84,h***@gmail.com
2814,Rafaela,Rodrigues,PF,47940883488,,2025-08-22,Nogueira,MS,45081679267,True,,234,*********67,r***@outlook.com
3377,Lopes & Associados ME,,PJ,+5513973815946,1976-10-18,2025-08-22,Rodrigues,RN,59730824000160,True,49.0,234,************60,l***@comercio.net.br
1686,Paulo,Teixeira,PF,+5513912528505,1999-06-20,2025-08-23,Gonçalves,AL,37502981659,True,26.0,233,*********59,p***@ig.com.br
1817,Murilo,da Conceição,PF,+5571950694206,1973-12-02,2025-08-23,Alves das Pedras,RO,51498723004,True,52.0,233,*********04,m***@bol.con.br
2307,Maria Luiza,Marques,PF,13971218292,1990-01-30,2025-08-23,das Neves da Prata,SE,67409125306,True,36.0,233,*********06,m***@outlook.com
3226,Pinheiro & Associados S.A.,,PJ,(31) 93563-5587,2003-09-03,2025-08-23,Pacheco,RN,80573469000159,True,22.0,233,************59,p***@empresa.com.br
149,Davi Miguel,da Costa,PF,+5513944433030,1965-12-29,2025-08-24,Mendonça de Nogueira,DF,94385720150,True,60.0,232,*********50,d***@hotmail.com
2003,Luara,Ferreira,PF,(51) 98632-2142,,2025-08-24,Costela,MA,10475689348,True,,232,*********48,l***@bol.com.br
3166,Gael Henrique,da Mota,PF,(71) 93816-8796,1960-04-10,2025-08-24,Pires de Minas,RO,58341692015,True,66.0,232,*********15,g***@outlook.com
432,Clarice,da Rocha,PF,47933689163,2004-02-21,2025-08-24,Camargo,AM,87162053408,True,22.0,232,*********08,c***@yahoo.com.br
630,Ana Clara,da Paz,PF,21949391556,1990-07-19,2025-08-24,Novais,RS,78932154023,True,35.0,232,*********23,a***@gmail.com
842,Isabel,Rezende,PF,13980134732,1964-07-07,2025-08-24,Macedo do Norte,AP,98436502124,True,61.0,232,*********24,i***@gmail.com
229,Ester,Araújo,PF,,1967-07-07,2025-08-25,Gomes,AM,29675140801,True,58.0,231,*********01,e***@ig.com.br
2416,Juan,Cirino,PF,(21) 92794-5620,1996-05-01,2025-08-25,Farias de Alves,MG,81097256430,True,29.0,231,*********30,j***@gmail.com
2919,Farias & Pereira Ltda.,,PJ,(21) 93822-6369,1988-10-22,2025-08-25,Pastor,BA,90362715000187,True,37.0,231,************87,f***@comercio.net.br
697,João Vitor,Montenegro,PF,51965032410,,2025-08-25,Dias do Sul,PA,68492530189,True,,231,*********89,j***@yahoo.com.br
1869,Cauã,Santos,PF,41984246000,2003-09-23,2025-08-26,Casa Grande,SC,94021768530,True,22.0,230,*********30,c***@ig.com.br
1973,Cardoso Informática e Tecnologia S/S,,PJ,21976698770,1976-06-29,2025-08-26,da Luz do Oeste,SE,13057829000172,True,49.0,230,************72,c***@comercio.net.br
268,Valentina,Andrade,PF,+5547958219627,1969-09-03,2025-08-26,Fonseca de da Cruz,PI,23604951780,True,56.0,230,*********80,v***@ig.com.br
2941,Henry,Machado,PF,71924816744,1978-05-21,2025-08-26,Fonseca de Cassiano,PA,48651790384,True,47.0,230,*********84,h***@outlook.com
2996,Jesus Sistemas e Serviços ME,,PJ,(71) 98371-2067,,2025-08-26,Melo de Goiás,MA,69531078000139,True,,230,************39,j***@comercio.net.br
1396,Arthur Gabriel,Viana,PF,(47) 98538-9201,1990-01-29,2025-08-27,Sousa Verde,GO,74635820947,True,36.0,229,*********47,a***@outlook.com
1662,Vitor Gabriel,Nogueira,PF,13948406339,,2025-08-27,Vasconcelos,SC,78694532000,True,,229,*********00,v***@ig.com.br
177,Hadassa,Campos,PF,47934547806,2007-06-04,2025-08-27,Duarte de Montenegro,PB,63027519859,True,18.0,229,*********59,h***@outlook.com
2360,Brenda,Gomes,PF,(61) 96585-4888,1985-03-15,2025-08-27,Castro Verde,PB,61842375946,True,41.0,229,*********46,b***@gmail.com
3124,Caio,,PF,(47) 97797-5928,1971-10-15,2025-08-27,Pinto de Sá,AP,17295864300,True,54.0,229,*********00,c***@uol.com.br
2019,Davi,Rios,PF,(13) 93086-1099,1979-07-04,2025-08-28,Azevedo,AP,21357648090,True,46.0,228,*********90,d***@outlook.com
2254,Ayla,Pires,PF,,1968-11-23,2025-08-28,Castro,PI,38276410553,True,57.0,228,*********53,a***@outlook.com
1079,Luiz Otávio,da Rosa,PF,(21) 91344-2564,1989-10-21,2025-08-29,Marques do Norte,SP,30619854766,True,36.0,227,*********66,l***@gmail.com
2592,Lara,da Conceição,PF,+5571962344645,2008-03-26,2025-08-29,Rios,DF,73510982479,True,18.0,227,*********79,l***@yahoo.com.br
2716,Stephany,Fonseca,PF,(31) 97202-2076,1997-03-06,2025-08-29,Campos,PE,26981753464,True,29.0,227,*********64,s***@gmail.com
3171,Emanuel,Peixoto,PF,21948753595,1990-03-09,2025-08-29,Ferreira Paulista,RS,92031457888,True,36.0,227,*********88,e***@outlook.com
1369,Lucca,Barros,PF,+5571995427246,1989-06-26,2025-08-30,Barros,SP,37162589464,True,36.0,226,*********64,l***@uol.com.br
1774,Gustavo Henrique,Albuquerque,PF,(41) 99282-6830,1983-11-08,2025-08-30,Viana,AC,45296078101,True,42.0,226,*********01,g***@ig.com.br
2301,Lucas Gabriel,Aparecida,PF,,1991-08-05,2025-08-30,Duarte,PR,67934512864,True,34.0,226,*********64,l***@ig.com.br
2512,Ana,Vieira,PF,51917981818,1975-05-23,2025-08-30,Fogaça do Norte,AP,14326089598,True,50.0,226,*********98,a***@yahoo.com.br
2527,Sophia,Sousa,PF,41910444493,,2025-08-30,Fonseca,PB,06793852400,True,,226,*********00,s***@hotmail.com
648,Lucas Gabriel,Caldeira,PF,+5571919573652,2003-08-08,2025-08-30,Rodrigues,PI,86043921570,True,22.0,226,*********70,l***@hotmail.com
2383,Luiz Miguel,Azevedo,PF,61982976158,1985-12-18,2025-08-31,Jesus da Prata,MT,78410563207,True,40.0,225,*********07,l***@ig.com.br
3373,Paulo,Moreira,PF,+5561974837970,1979-05-12,2025-08-31,Sampaio,SP,26759304152,True,46.0,225,*********52,p***@hotmail.com
988,Liam,Monteiro,PF,+5513919034041,1961-04-10,2025-08-31,Nascimento Alegre,RR,94768530265,True,65.0,225,*********65,l***@gmail.com
1021,Anna Liz,Borges,PF,21930934418,1990-05-03,2025-09-01,Macedo das Pedras,SC,46983751000,True,35.0,224,*********00,a***@hotmail.com
1232,Joaquim,da Costa,PF,+5521923225141,1993-02-23,2025-09-01,Nogueira de Pires,SE,56829143098,True,33.0,224,*********98,j***@outlook.com
1838,Pinto Soluções e Distribuidora EPP,,PJ,(71) 91987-6794,,2025-09-01,Pinto de da Conceição,TO,41075326000165,True,,224,************65,p***@comercio.net.br
1873,Helena,Nunes,PF,31918365002,2002-07-16,2025-09-01,Azevedo do Norte,AP,24306871940,True,23.0,224,*********40,h***@ig.com.br
2393,Dom,Cunha,PF,+5551951963618,1973-03-19,2025-09-01,Teixeira de Campos,RO,64279805130,True,53.0,224,*********30,d***@yahoo.com.br
2836,Luan,Camargo,PF,(41) 99545-8734,1999-12-17,2025-09-01,Carvalho Paulista,SE,73281506453,True,26.0,224,*********53,l***@terra.com.br
3065,Fonseca & Associados S/S,,PJ,47949449160,1992-06-01,2025-09-01,da Luz,PI,81926354000163,True,33.0,224,************63,f***@empresa.com.br
2078,João,Moura,PF,,1960-03-28,2025-09-02,Camargo,PA,29653401815,True,66.0,223,*********15,j***@outlook.com
2881,Antonella,Brito,PF,(21) 97548-1686,1996-12-31,2025-09-02,Ribeiro,MA,80725431644,True,29.0,223,*********44,a***@uol.com.br
304,Silveira & Associados S/A,,PJ,+5531959963493,1978-06-16,2025-09-02,da Rosa da Prata,SE,69240178000106,True,47.0,223,************06,s***@comercio.net.br
949,Catarina,,PF,+5531942315786,2003-06-22,2025-09-02,Souza,ES,70652148344,True,22.0,223,*********44,c***@hotmail.com
1347,Maria Luísa,Macedo,PF,+5521984973590,2001-03-04,2025-09-03,da Rocha,GO,47892156364,True,25.0,222,*********64,m***@terra.com.br
1747,Alexia,,PF,41938315959,1993-03-07,2025-09-03,Casa Grande,TO,50867194294,True,33.0,222,*********94,a***@bol.com.br
2954,Valentim,Aparecida,PF,13911383625,,2025-09-03,Jesus,ES,04682937103,True,,222,*********03,v***@terra.com.br
3120,Raquel,Novais,PF,+5541946825048,1971-01-20,2025-09-03,Rodrigues,SP,15047238644,True,55.0,222,*********44,r***@yahoo.com.br
3449,Agatha,Camargo,PF,(51) 94963-2271,1972-01-25,2025-09-03,Câmara de Pereira,RN,29376840500,True,54.0,222,*********00,a***@gmail.com
437,Maria Luísa,Jesus,PF,(31) 91249-1256,1978-05-05,2025-09-03,Rios,MS,48129067331,True,47.0,222,*********31,m***@hotmail.com
813,Isaac,Oliveira,PF,,1991-01-09,2025-09-03,Casa Grande,MS,54783196273,True,35.0,222,*********73,i***@terra.com.br
928,Luana,Martins,PF,+5521931457286,1975-10-08,2025-09-03,Fogaça de Fonseca,RS,03249615889,True,50.0,222,*********89,l***@uol.com.br
1835,Sabrina,das Neves,PF,41921325591,1970-02-26,2025-09-04,Costa de Nunes,RR,73049851279,True,56.0,221,*********79,s***@uol.com.br
2444,Importadora Cardoso Ltda.,,PJ,71982446537,1957-06-24,2025-09-04,Alves das Pedras,GO,09263417000111,True,68.0,221,************11,i***@empresa.com.br
3139,Hellena,Moura,PF,47940125191,1981-02-18,2025-09-04,Cardoso da Prata,MS,53249078638,True,45.0,221,*********38,h***@bol.com.br
3367,Pedro Henrique,Cavalcanti,PF,+5547929247145,,2025-09-04,Peixoto,MG,14359627025,True,,221,*********25,p***@uol.com.br
1220,Danilo,Gonçalves,PF,61941119200,1963-10-15,2025-09-05,Ramos,SC,62418375080,True,62.0,220,*********80,d***@terra.com.br
1485,Ribeiro & Associados S.A.,,PJ,13925694823,1980-08-24,2025-09-05,da Conceição,RS,95638142000195,True,45.0,220,************95,r***@comercio.net.br
1797,Moraes Atacado e Serviços EPP,,PJ,+5521941039678,1975-04-25,2025-09-05,Souza de Cunha,SC,93857046000102,True,51.0,220,************02,m***@empresa.com.br
616,João Lucas,Pinto,PF,(13) 91368-4020,1966-08-27,2025-09-05,Gomes,ES,08765241967,True,59.0,220,*********67,e***@gmail.com
1063,Arthur Miguel,Mendes,PF,47959026741,1966-02-11,2025-09-06,Costela,RO,98324756191,True,60.0,219,*********91,a***@uol.com.br
1215,Anthony Gabriel,Mendonça,PF,+5511966605062,1978-02-04,2025-09-06,Lopes,TO,28561479094,True,48.0,219,*********94,a***@yahoo.com.br
2500,Lunna,Pastor,PF,+5521918668095,2004-06-12,2025-09-06,da Mota,AL,20137946813,True,21.0,219,*********13,l***@yahoo.com.br
1527,Yago,Teixeira,PF,,1980-06-09,2025-09-07,Barbosa,DF,16057943252,True,45.0,218,*********52,y***@bol.com.br
1667,Agatha,das Neves,PF,47996804796,1965-07-21,2025-09-07,Santos,SC,05316729803,True,60.0,218,*********03,a***@bol.com.br
1746,João Pedro,Barbosa,PF,(71) 97043-9624,1957-03-30,2025-09-07,Montenegro das Pedras,AC,61397248050,True,69.0,218,*********50,j***@terra.com.br
1060,Anna Liz,Abreu,PF,(31) 96068-3520,2003-12-19,2025-09-08,Dias da Praia,AC,24367819582,True,22.0,217,*********82,a***@bol.com.br
1379,Luan,Freitas,PF,+5547979079855,,2025-09-08,Rios do Oeste,SC,87064213931,True,,217,*********31,l***@hotmail.com
1906,Mariane,Santos,PF,(31) 98909-3381,1999-01-16,2025-09-08,da Cruz,RN,75690421316,True,27.0,217,*********16,m***@gmail.com
294,Zoe,da Rocha,PF,+5551996616529,1971-07-21,2025-09-08,Melo,RS,90364152842,True,54.0,217,*********42,z***@bol.com.br
1043,Gustavo,Sampaio,PF,+5521941453993,1975-02-27,2025-09-09,Lima,RR,97802513677,True,51.0,216,*********77,g***@uol.com.br
1059,Daniel,Rodrigues,PF,51920607246,1979-05-21,2025-09-09,da Mata da Prata,AM,54893267000,True,46.0,216,*********00,d***@uol.com.br
2990,Diego,Mendes,PF,+5561957975764,2002-11-14,2025-09-09,da Rosa das Pedras,RN,32179608403,True,23.0,216,*********03,d***@terra.com.br
381,Clarice,Cavalcanti,PF,+5511954897065,1987-12-02,2025-09-09,Montenegro,MS,80519726359,True,38.0,216,*********59,c***@uol.com.br
167,Noah,Pires,PF,31927117648,,2025-09-10,Gonçalves,AM,65710892386,True,,215,*********86,n***@uol.com.br
2341,Bárbara,Nunes,PF,+5541943916799,1963-07-26,2025-09-10,Marques do Oeste,TO,91024876322,True,62.0,215,*********22,b***@bol.com.br
2731,João Pedro,Teixeira,PF,21988793082,1987-05-16,2025-09-10,Campos,PA,34781650910,True,38.0,215,*********10,j***@uol.com.br
982,Lorena,Câmara,PF,61959972142,1958-08-09,2025-09-10,Cavalcante do Norte,AP,80927541602,True,67.0,215,*********02,l***@hotmail.com
2471,Breno,Pimenta,PF,+5513960031982,1962-11-14,2025-09-11,Ferreira Paulista,RS,24187590676,True,63.0,214,*********76,b***@hotmail.com
2781,Caroline,Moreira,PF,31951351512,1975-10-24,2025-09-11,Aparecida,RJ,51068293489,True,50.0,214,*********89,c***@bol.com.br
639,Theo,Rios,PF,,1966-06-16,2025-09-11,Nogueira da Prata,PB,43208617950,True,59.0,214,*********50,t***@yahoo.com.br
1168,Pietro,Garcia,PF,+5513921032215,2004-07-12,2025-09-12,Barbosa de da Rosa,MT,16052794399,True,21.0,213,*********99,p***@outlook.com
1375,Raquel,Melo,PF,(21) 94846-4735,1987-03-12,2025-09-12,Duarte,BA,63017594866,True,39.0,213,*********66,e***@gmail.com
2750,Maria Luiza,Ribeiro,PF,+5551998155442,1968-12-24,2025-09-12,Rezende de Costela,MT,73154608966,True,57.0,213,*********66,m***@bol.com.br
2769,Hellena,Duarte,PF,13978406681,1980-04-22,2025-09-12,Novais de Albuquerque,RR,21408679558,True,46.0,213,*********58,h***@terra.com.br
947,Heloísa,Abreu,PF,,2006-06-05,2025-09-12,Caldeira Alegre,RS,19237468555,True,19.0,213,*********55,h***@bol.com.br
1277,Maysa,da Rocha,PF,+5571929142530,,2025-09-13,Gomes,PE,15942076316,True,,212,*********16,m***@yahoo.com.br
2733,Isaac,Cavalcante,PF,(71) 92375-6378,,2025-09-13,Casa Grande,GO,65479013270,True,,212,*********70,i***@ig.com.br
859,Gomes & Associados EPP,,PJ,21915853172,1980-09-17,2025-09-13,Azevedo,AC,96475281000108,True,45.0,212,************08,g***@empresa.com.br
1245,Renan,Silveira,PF,(41) 97465-2116,1958-10-26,2025-09-14,Guerra,PR,39216507802,True,67.0,211,*********02,r***@uol.com.br
1519,Maria Fernanda,Caldeira,PF,11957699925,1986-08-24,2025-09-14,Sá,PR,59714802601,True,39.0,211,*********01,m***@hotmail.com
2248,Leonardo,Brito,PF,+5521927007385,1996-12-16,2025-09-14,Vasconcelos,DF,62187503453,True,29.0,211,*********53,n***@uol.com.br
2430,Vitor,Lima,PF,+5541919305023,2005-04-28,2025-09-14,Gomes de Marques,ES,38960524115,True,20.0,211,*********15,v***@yahoo.com.br
1042,Serviços Monteiro EPP,,PJ,(47) 95564-3119,2007-03-22,2025-09-15,Azevedo,PB,02395846000101,True,19.0,210,************01,s***@empresa.com.br
2825,Bernardo,Farias,PF,21949237196,1989-02-12,2025-09-15,Peixoto,MA,21056738480,True,37.0,210,*********80,b***@ig.com.br
1037,Maria Liz,Campos,PF,61969386333,1992-07-14,2025-09-16,Barros de Minas,AM,72410896340,True,33.0,209,*********40,m***@ig.com.br
2261,Gomes & Santos S/A,,PJ,,,2025-09-16,Casa Grande,MT,05697483000149,True,,209,************49,g***@empresa.com.br
265,Benício,da Mota,PF,(41) 94835-5298,1991-11-25,2025-09-16,da Mota do Galho,SE,70864913222,True,34.0,209,*********22,b***@gmail.com
2,Ana Julia,Vieira,PF,31928499365,1967-03-12,2025-09-17,Farias de Martins,ES,91204586306,True,59.0,208,*********06,a***@yahoo.com.br
2141,Thales,Correia,PF,(51) 91214-3442,1999-07-12,2025-09-17,Pacheco de Minas,CE,15876420344,True,26.0,208,*********44,t***@bol.com.br
3412,Thales,Rios,PF,51963755584,1968-08-18,2025-09-17,da Mata,MS,81537426044,True,57.0,208,*********44,t***@hotmail.com
540,Maria Clara,Sales,PF,,1978-03-21,2025-09-17,Vieira,MA,64389502700,True,48.0,208,*********00,m***@gmail.com
1182,Lucas,Porto,PF,41935397688,1980-11-20,2025-09-18,Rodrigues do Norte,RN,21037685903,True,45.0,207,*********03,l***@uol.com.br
1633,Giovanna,Sá,PF,61942167126,2002-10-17,2025-09-18,Câmara,PR,50671234862,True,23.0,207,*********62,g***@gmail.com
2599,Maria Helena,Cassiano,PF,(41) 99691-6047,2006-06-27,2025-09-18,Aragão,RN,85976314228,True,19.0,207,*********28,m***@terra.com.br
63,Letícia,Cardoso,PF,41959108535,1997-04-13,2025-09-18,Rios do Campo,MA,63809142778,True,29.0,207,*********78,l***@uol.com.br
1085,Aurora,Albuquerque,PF,+5541941346610,1984-03-02,2025-09-19,Costa,PR,58901234750,True,42.0,206,*********50,a***@hotmail.com
1099,Luiza,Teixeira,PF,61927223254,2005-10-09,2025-09-19,Mendes de Souza,PB,25734086983,True,20.0,206,*********83,l***@hotmail.com
3003,Eloá,Oliveira,PF,13961473303,1963-04-27,2025-09-19,Melo do Oeste,MS,34082619542,True,63.0,206,*********42,e***@yahoo.com.br
785,Rocha & Associados S/S,,PJ,(47) 96789-2604,1971-07-17,2025-09-19,Campos Grande,RJ,14629035000107,True,54.0,206,************07,r***@comercio.net.br
900,Brayan,Martins,PF,,1963-02-09,2025-09-19,Azevedo do Oeste,RO,39621845700,True,63.0,206,*********00,b***@hotmail.com
1684,Almeida & Silveira S/S,,PJ,41943183715,1995-09-02,2025-09-20,Pinto,RR,16978452000182,True,30.0,205,************82,a***@empresa.com.br
195,Vitor Gabriel,Lima,PF,13950097815,2005-02-14,2025-09-20,Silva,PE,19247580323,True,21.0,205,*********23,v***@ig.com.br
1991,Henrique,Ferreira,PF,+5547937352295,1984-10-01,2025-09-20,Ramos,MS,20481976396,True,41.0,205,*********96,h***@uol.com.br
2220,Francisco,Campos,PF,(51) 93674-9099,1976-01-30,2025-09-20,Mendonça do Campo,GO,43152986033,True,50.0,205,*********33,f***@hotmail.com
1345,Pedro,Vasconcelos,PF,+5511911012209,1993-11-17,2025-09-21,Freitas Paulista,RJ,32650471808,True,32.0,204,*********08,p***@yahoo.com.br
1617,Ana Lívia,Guerra,PF,(11) 97864-1518,1956-11-20,2025-09-21,Macedo,MS,64378059193,True,69.0,204,*********93,l***@gmail.com
1776,Breno,Silva,PF,61942433997,,2025-09-21,Freitas,RJ,79245083179,True,,204,*********79,b***@gmail.com
1862,Serviços Nascimento Ltda.,,PJ,+5561926311503,1964-09-26,2025-09-21,Jesus,MA,64825017000160,True,61.0,204,************60,s***@comercio.net.br
1883,Luiz Felipe,Santos,PF,41946732849,1994-05-30,2025-09-21,Pastor da Praia,CE,19834267096,True,31.0,204,*********96,l***@hotmail.com
2152,Maria Eduarda,Ferreira,PF,+5511953408336,1983-04-27,2025-09-21,Pereira da Prata,DF,78465103984,True,42.0,204,*********84,m***@terra.com.br
2431,Distribuidora Sales S/S,,PJ,+5571965264954,1998-11-30,2025-09-21,Rezende,RJ,89235160000123,True,27.0,204,************23,d***@empresa.com.br
307,Fernando,Barbosa,PF,+5571994706396,1978-08-17,2025-09-21,da Luz,MS,15967824049,True,47.0,204,*********49,f***@gmail.com
3448,Marcos Vinicius,Novais,PF,(11) 99527-8633,1964-05-16,2025-09-21,Teixeira Grande,RN,14536908757,True,61.0,204,*********57,m***@gmail.com
613,Emanuel,Costa,PF,61993597823,1956-05-31,2025-09-21,Casa Grande,SC,46753980148,True,69.0,204,*********48,e***@yahoo.com.br
84,Consultoria Pereira ME,,PJ,31991734049,1962-06-13,2025-09-21,Vasconcelos,AP,71548396000154,True,63.0,204,************54,c***@comercio.net.br
1185,Juan,Moura,PF,+5531921388436,2003-06-24,2025-09-22,Câmara,GO,86795341020,True,22.0,203,*********20,j***@gmail.com
1489,Kaique,Freitas,PF,13960765374,1966-08-28,2025-09-22,Martins,RR,14825796001,True,59.0,203,*********01,k***@yahoo.com.br
1770,Distribuidora Garcia EIRELI,,PJ,47983036069,2003-01-22,2025-09-22,Pires,PB,83295617000109,True,23.0,203,************09,d***@comercio.net.br
1902,Erick,Barbosa,PF,51914921053,1964-01-05,2025-09-22,Cunha do Amparo,TO,28463017940,True,62.0,203,*********40,e***@terra.com.br
2052,Alana,da Luz,PF,+5511950565861,1975-11-04,2025-09-22,da Cunha das Flores,DF,56174309800,True,50.0,203,*********00,a***@terra.com.br
3141,Otto,Mendes,PF,51926949415,,2025-09-22,Leão do Amparo,MS,04796153810,True,,203,*********10,o***@gmail.com
3485,Emanuella,Garcia,PF,(13) 92853-3055,,2025-09-22,Azevedo,SE,34251607880,True,,203,*********80,e***@gmail.com
550,Zoe,Borges,PF,(51) 91359-1631,2003-05-19,2025-09-22,da Conceição,RO,47329610534,True,22.0,203,*********34,z***@terra.com.br
162,Maria Liz,Moreira,PF,+5571935137358,2008-01-29,2025-09-23,Câmara,AP,58132674090,True,18.0,202,*********90,m***@hotmail.com
461,Isaac,Moreira,PF,+5531949608020,1967-10-07,2025-09-23,Moura,PA,49618507211,True,58.0,202,*********11,i***@bol.com.br
623,Isadora,Novaes,PF,+5541986819580,2006-02-14,2025-09-23,Martins Verde,MA,97384612519,True,20.0,202,*********19,i***@bol.com.br
2325,Camila,Almeida,PF,41965124221,1965-08-15,2025-09-24,Almeida,SC,17603948584,True,60.0,201,*********84,c***@gmail.com
1132,Ribeiro & Associados Ltda.,,PJ,11911813255,1963-03-27,2025-09-25,Leão,DF,37824065000161,True,63.0,200,************61,r***@empresa.com.br
2834,Soluções Pinheiro S/A,,PJ,+5561949616975,2003-05-16,2025-09-25,Oliveira,RN,59432768000187,True,22.0,200,************87,s***@empresa.com.br
758,Dante,Pimenta,PF,(21) 93651-8321,1973-01-07,2025-09-25,Castro,SC,67019538240,True,53.0,200,*********40,d***@yahoo.com.br
3025,Atacado Costa EIRELI,,PJ,(47) 96124-5371,1963-05-19,2025-09-26,Marques,SP,45673908000102,True,62.0,199,************02,a***@empresa.com.br
3362,Emilly,Ribeiro,PF,(71) 98191-2227,2003-04-07,2025-09-26,Castro,BA,13596204780,True,23.0,199,*********80,e***@hotmail.com
721,Luiz Felipe,Duarte,PF,(51) 99286-3443,1970-05-11,2025-09-26,Caldeira de Castro,SC,45826013915,True,55.0,199,*********15,l***@uol.com.br
879,Zoe,Câmara,PF,47926509011,1969-06-08,2025-09-26,da Mata do Amparo,PE,32957804123,True,56.0,199,*********23,z***@uol.com.br
1254,Catarina,Moura,PF,21977645920,1991-05-23,2025-09-27,Garcia,PA,32097861512,True,34.0,198,*********12,c***@yahoo.com.br
1812,Emanuella,Lopes,PF,+5511977516905,1980-07-28,2025-09-27,Pacheco,PA,41862935700,True,45.0,198,*********00,e***@gmail.com
2109,Isis,,PF,,1958-08-30,2025-09-27,Novais de Rezende,SE,30519476875,True,67.0,198,*********75,i***@hotmail.com
2971,Elisa,Mendonça,PF,+5561992694293,2006-06-01,2025-09-27,da Cunha,AP,92587140676,True,19.0,198,*********76,e***@ig.com.br
3330,Jade,Ferreira,PF,(21) 97402-6184,1977-02-20,2025-09-27,Pastor,CE,65980423729,True,49.0,198,*********29,j***@uol.com.br
921,Liz,Ribeiro,PF,+5571918404877,1993-11-14,2025-09-27,Sampaio do Galho,SE,63247980113,True,32.0,198,*********13,l***@yahoo.com.br
1262,Enzo Gabriel,Araújo,PF,(51) 93862-5408,1985-03-05,2025-09-28,Aparecida,PI,21836597428,True,41.0,197,*********28,e***@hotmail.com
1296,Benicio,Peixoto,PF,+5513996549896,2003-01-02,2025-09-28,Cunha,DF,47982105360,True,23.0,197,*********60,b***@hotmail.com
1675,Luiza,Borges,PF,+5531954105729,1978-08-28,2025-09-28,Pastor de Moraes,AC,72965304800,True,47.0,197,*********00,l***@uol.com.br
1703,Joaquim,Casa Grande,PF,21914683370,1966-08-17,2025-09-28,Nunes,MT,01756329877,True,59.0,197,*********77,j***@terra.com.br
2999,Stephany,Borges,PF,,2000-08-11,2025-09-28,Viana do Galho,GO,58204193750,True,25.0,197,*********50,s***@hotmail.com
3094,Erick,da Cruz,PF,(71) 99830-3354,1956-09-06,2025-09-28,Moura da Praia,AC,26895307400,True,69.0,197,*********00,e***@terra.com.br
3457,Comércio Moraes S/S,,PJ,(21) 98902-1260,1963-12-29,2025-09-28,Vargas,RR,21740563000196,True,62.0,197,************96,c***@comercio.net.br
679,Theodoro,Porto,PF,31982272220,1980-02-29,2025-09-28,Castro,RJ,94763508229,True,46.0,197,*********29,t***@uol.com.br
2211,Sophia,Rocha,PF,11931997711,,2025-09-29,Nogueira,RR,27450631890,True,,196,*********90,s***@outlook.com
3445,Henrique,Alves,PF,+5511912635678,2005-09-30,2025-09-29,Costa das Pedras,TO,93651420833,True,20.0,196,*********33,h***@hotmail.com
1247,Moreira & Vieira S/S,,PJ,13947419144,,2025-09-30,Fonseca,PR,45172390000115,True,,195,************15,m***@empresa.com.br
1656,Gabriel,Dias,PF,61979229247,1976-01-08,2025-09-30,da Rocha,SE,41895730600,True,50.0,195,*********00,g***@outlook.com
690,Sofia,Castro,PF,,1975-06-15,2025-09-30,Albuquerque,RR,76453298074,True,50.0,195,*********74,s***@uol.com.br
1126,Enzo Gabriel,Alves,PF,47955447598,1981-04-09,2025-10-01,das Neves,DF,49275810397,True,45.0,194,*********97,e***@outlook.com
2270,Kaique,Lima,PF,11971808423,1975-12-16,2025-10-01,Almeida,CE,03612875426,True,50.0,194,*********26,k***@bol.com.br
2361,Guilherme,Novais,PF,21953286672,1998-06-22,2025-10-01,Azevedo,RN,71093468548,True,27.0,194,*********48,g***@ig.com.br
2732,Sistemas Duarte S/S,,PJ,+5541950948860,1982-08-15,2025-10-01,da Mata,DF,34598026000103,True,43.0,194,************03,s***@comercio.net.br
3346,Anthony,Albuquerque,PF,,1962-09-29,2025-10-01,Pinto da Serra,MG,37914865273,True,63.0,194,*********73,a***@yahoo.com.br
969,Importadora Fernandes S/S,,PJ,21910034269,1975-12-14,2025-10-01,Almeida das Pedras,RJ,24387061000111,True,50.0,194,************11,i***@comercio.net.br
1596,Miguel,Moraes,PF,+5547953825020,1967-07-26,2025-10-02,Cavalcanti da Serra,AM,25308967474,True,58.0,193,*********74,m***@hotmail.com
1700,Fernanda,Gonçalves,PF,71992892338,1964-02-12,2025-10-02,Guerra de Oliveira,PA,83254796047,True,62.0,193,*********47,e***@gmail.com
2139,Brenda,da Mota,PF,+5511948069584,1979-11-02,2025-10-02,Farias do Oeste,DF,74083692103,True,46.0,193,*********03,b***@outlook.com
964,Cardoso & Jesus S/S,,PJ,+5521954061656,,2025-10-02,Marques de Cardoso,MT,70258316000163,True,,193,************63,c***@comercio.net.br
1487,Beatriz,Monteiro,PF,41977794956,1993-05-08,2025-10-03,Aragão,PB,58907412685,True,32.0,192,*********85,b***@hotmail.com
172,Vasconcelos Importadora e Tecnologia S/A,,PJ,+5547947462161,1982-08-19,2025-10-03,Gomes da Praia,DF,81340297000136,True,43.0,192,************36,v***@comercio.net.br
3138,José Pedro,da Luz,PF,31995061770,1995-10-06,2025-10-03,Vargas de Abreu,PR,02497538123,True,30.0,192,*********23,j***@yahoo.com.br
3425,Maria,Silveira,PF,+5551956306073,2005-09-26,2025-10-03,Pires de Souza,DF,98321470696,True,20.0,192,*********96,m***@hotmail.com
1488,Ísis,Moraes,PF,11927165189,1992-08-01,2025-10-04,Moreira do Galho,TO,64930271878,True,33.0,191,*********78,s***@outlook.com
1626,Pietra,Duarte,PF,(31) 95627-5015,1988-07-09,2025-10-04,Casa Grande,BA,81743095600,True,37.0,191,*********00,p***@hotmail.com
2568,Pedro,Silva,PF,21920415656,1959-12-31,2025-10-04,da Cruz,ES,95324760838,True,66.0,191,*********38,p***@uol.com.br
3123,Ana Luiza,Nascimento,PF,(21) 98455-8743,1958-01-20,2025-10-04,Macedo,BA,40891236589,True,68.0,191,*********89,a***@uol.com.br
3393,Vitor,Mendes,PF,+5511954337547,,2025-10-04,Siqueira Paulista,MA,54186072353,True,,191,*********53,v***@gmail.com
45,Melissa,Silva,PF,(21) 96821-3808,,2025-10-04,Sousa do Amparo,TO,25740986338,True,,191,*********38,m***@ig.com.br
840,Serviços Ramos EI,,PJ,(21) 93269-5769,1986-12-28,2025-10-04,Sá de Goiás,PB,38260159000118,True,39.0,191,************18,s***@empresa.com.br
1293,Luísa,Dias,PF,+5561912715712,1987-10-04,2025-10-05,Camargo,AP,48950631784,True,38.0,190,*********84,l***@ig.com.br
2379,Bárbara,Caldeira,PF,47948908751,,2025-10-05,Pastor,GO,23046957874,True,,190,*********74,b***@hotmail.com
2635,Ana Beatriz,Mendonça,PF,+5547994532938,1977-06-16,2025-10-05,Abreu,AC,94217685319,True,48.0,190,*********19,a***@yahoo.com.br
2803,Ana Vitória,Cassiano,PF,+5521928897667,1997-09-26,2025-10-05,Novaes,MA,57612384973,True,28.0,190,*********73,a***@ig.com.br
554,Ravi Lucca,Casa Grande,PF,(11) 97985-1960,2007-10-10,2025-10-05,Almeida,CE,87935024600,True,18.0,190,*********00,r***@bol.com.br
655,Rafael,Aragão,PF,+5531943696312,1988-12-02,2025-10-05,Barbosa de Goiás,AM,63708415957,True,37.0,190,*********57,r***@gmail.com
203,José Miguel,Siqueira,PF,(61) 94883-7260,1983-02-23,2025-10-06,Viana de Albuquerque,AL,18739506401,True,43.0,189,*********01,j***@terra.com.br
3059,Bianca,Rios,PF,47979221842,,2025-10-06,Ribeiro de Peixoto,RN,28061435942,True,,189,*********42,b***@hotmail.com
41,Lucca,Guerra,PF,(41) 97637-3589,1957-02-03,2025-10-06,Cirino Verde,AP,82076415335,True,69.0,189,*********35,l***@ig.com.br
441,Gabriel,Camargo,PF,(11) 92604-7150,1963-03-18,2025-10-06,Correia das Pedras,PR,25819746309,True,63.0,189,*********09,g***@bol.com.br
650,Sophia,Silva,PF,+5511971021396,1985-12-10,2025-10-06,das Neves,AP,27596430856,True,40.0,189,*********56,s***@bol.com.br
1836,Nascimento & Duarte ME,,PJ,(47) 94642-9338,1958-11-13,2025-10-07,Brito,GO,93208617000188,True,67.0,188,************88,n***@empresa.com.br
2337,Benício,Carvalho,PF,(61) 92351-3193,1998-12-28,2025-10-07,Campos da Serra,PI,03546917839,True,27.0,188,*********39,b***@terra.com.br
2499,José Miguel,Vasconcelos,PF,61964956632,1960-04-22,2025-10-07,Abreu do Sul,SP,65871034993,True,66.0,188,*********93,j***@yahoo.com.br
3259,Maria Eduarda,Teixeira,PF,+5571970335192,1971-05-05,2025-10-07,Cavalcanti,MA,10279853602,True,54.0,188,*********02,m***@terra.com.br
3336,Davi Lucca,Monteiro,PF,,1999-03-20,2025-10-07,da Mota,AM,79168405375,True,27.0,188,*********75,d***@terra.com.br
891,Comércio Borges S.A.,,PJ,21978432840,1963-11-23,2025-10-07,Cavalcanti de Fogaça,MG,32598617000147,True,62.0,188,************47,c***@comercio.net.br
1028,Enrico,Guerra,PF,,1988-06-05,2025-10-08,Rocha do Amparo,RN,59761248011,True,37.0,187,*********11,e***@outlook.com
2428,Machado Comércio e Sistemas Ltda.,,PJ,51910132855,1999-03-22,2025-10-08,Mendonça do Oeste,PB,30754192000192,True,27.0,187,************92,m***@comercio.net.br
2523,Henrique,Rezende,PF,+5541974531028,,2025-10-08,Moraes,SP,86295741002,True,,187,*********02,h***@bol.com.br
1998,Igor,Lopes,PF,(31) 98809-8117,1963-01-01,2025-10-09,Aragão,RN,57468293155,True,63.0,186,*********55,i***@hotmail.com
2202,Cauê,Farias,PF,+5521934975285,1996-01-18,2025-10-09,Abreu,RS,71068542390,True,30.0,186,*********90,c***@bol.com.br
2614,Ana Vitória,Rocha,PF,61992402154,1973-12-24,2025-10-09,da Conceição,PB,20358467144,True,52.0,186,*********44,a***@outlook.com
2809,Henry Gabriel,Aragão,PF,+5551981457890,,2025-10-09,Abreu da Mata,SE,50761438262,True,,186,*********62,h***@hotmail.com
2916,Antonella,Azevedo,PF,51955616137,1974-09-07,2025-10-09,Vasconcelos,RR,89017364548,True,51.0,186,*********48,a***@bol.com.br
2963,Raquel,Sá,PF,,1960-10-28,2025-10-09,Cassiano do Amparo,RJ,39241675837,True,65.0,186,*********37,r***@ig.com.br
3156,Letícia,Almeida,PF,(41) 98589-3297,1968-10-15,2025-10-09,Guerra,ES,58367120426,True,57.0,186,*********26,l***@outlook.com
805,Vitória,Fogaça,PF,+5551993244374,,2025-10-09,Silva do Oeste,CE,04185972601,True,,186,*********01,v***@yahoo.com.br
934,Juliana,Albuquerque,PF,41936607016,1973-11-28,2025-10-09,Azevedo dos Dourados,AL,34657081993,True,52.0,186,*********93,j***@yahoo.com.br
1173,Luiza,Barbosa,PF,+5531957866575,1993-06-07,2025-10-10,Costela de Moreira,RJ,35126497855,True,32.0,185,*********55,l***@gmail.com
1199,Kevin,Casa Grande,PF,+5541942859026,1967-12-24,2025-10-10,Duarte da Prata,AL,21407395823,True,58.0,185,*********23,k***@hotmail.com
2203,Guerra Comércio e Comércio EI,,PJ,11987391659,1993-11-09,2025-10-10,das Neves,AL,69253780000188,True,32.0,185,************88,g***@comercio.net.br
29,Ravy,Ribeiro,PF,+5541988422528,2000-06-26,2025-10-10,Rezende do Amparo,TO,61302874969,True,25.0,185,*********69,r***@gmail.com
3115,José,Montenegro,PF,71961983044,1960-02-02,2025-10-10,Brito dos Dourados,SC,59428170658,True,66.0,185,*********58,j***@uol.com.br
799,Letícia,Martins,PF,61930942982,2000-09-20,2025-10-10,Gonçalves de da Rosa,GO,07128594388,True,25.0,185,*********88,l***@terra.com.br
984,Vinicius,Ferreira,PF,+5511955455979,1998-09-30,2025-10-10,Nogueira,ES,71408625326,True,27.0,185,*********26,v***@gmail.com
1058,Rodrigo,Melo,PF,+5541977004739,1996-09-15,2025-10-11,Lima de Ribeiro,MT,63417908213,True,29.0,184,*********13,r***@hotmail.com
1811,Maria Eduarda,Ferreira,PF,+5561938133445,1959-09-07,2025-10-11,Silveira de Minas,MG,04738625900,True,66.0,184,*********00,m***@gmail.com
2863,Calebe,Souza,PF,21947452493,1972-03-15,2025-10-11,Silveira do Norte,CE,83967415066,True,54.0,184,*********66,c***@uol.com.br
533,Hadassa,da Cruz,PF,+5513940953980,1988-02-09,2025-10-11,Pastor,RO,51460297849,True,38.0,184,*********49,h***@hotmail.com
2190,Benjamim,Cavalcanti,PF,13945484397,1995-04-11,2025-10-12,Castro,RJ,17846930222,True,31.0,183,*********22,b***@terra.com.br
2405,Informática Martins S.A.,,PJ,+5513914381991,,2025-10-12,Rios,MT,91305786000100,True,,183,************00,i***@comercio.net.br
776,Ágatha,Freitas,PF,47918853705,2005-12-27,2025-10-12,Borges da Serra,SE,60724935134,True,20.0,183,*********34,g***@bol.com.br
1827,Importadora Araújo EPP,,PJ,61936117002,,2025-10-13,Garcia,PB,39280567000102,True,,182,************02,i***@comercio.net.br
1845,Ana Lívia,da Mota,PF,,2003-07-24,2025-10-13,da Cunha do Amparo,AM,86794351048,True,22.0,182,*********48,a***@yahoo.com.br
2057,Henry Gabriel,Leão,PF,,1959-02-05,2025-10-13,Costa de Vasconcelos,AC,30847251950,True,67.0,182,*********50,h***@yahoo.com.br
1034,Maria Liz,Gomes,PF,+5547967633750,1986-10-24,2025-10-14,Macedo,GO,89016234551,True,39.0,181,*********51,m***@uol.com.br
1576,Paulo,,PF,+5571918158124,2001-02-10,2025-10-14,Pires Grande,RJ,31095268406,True,25.0,181,*********06,p***@terra.com.br
158,Fernando,Macedo,PF,21982734116,1965-02-25,2025-10-14,Monteiro,PE,87430129579,True,61.0,181,*********79,f***@gmail.com
1894,Isaac,Lopes,PF,61947829405,1999-05-27,2025-10-14,Nunes do Campo,AM,17594638255,True,26.0,181,*********55,i***@bol.com.br
3374,Antonella,Fernandes,PF,+5571969813000,1976-06-20,2025-10-14,Sousa,RS,41389072622,True,49.0,181,*********22,a***@uol.com.br
79,Vitória,Andrade,PF,,1982-09-11,2025-10-14,Leão Verde,SE,96247805365,True,43.0,181,*********65,v***@hotmail.com
850,Cunha & Sales S/S,,PJ,+5521914433730,2000-08-22,2025-10-14,Garcia,PA,27489356000197,True,25.0,181,************97,c***@comercio.net.br
1071,Borges & Fernandes S/A,,PJ,51942754632,1978-04-28,2025-10-15,Monteiro Verde,PA,39205146000109,True,47.0,180,************09,b***@comercio.net.br
3410,Ana Liz,Siqueira,PF,+5531941874085,,2025-10-15,Machado da Serra,PR,28394705197,True,,180,*********97,a***@ig.com.br
573,Apollo,Monteiro,PF,,2000-08-06,2025-10-15,Sá das Pedras,RJ,57198260411,True,25.0,180,*********11,a***@ig.com.br
890,Matteo,Ribeiro,PF,51945959565,1979-06-12,2025-10-15,Sampaio,SP,08713649213,True,46.0,180,*********13,m***@gmail.com
1611,Vitor Hugo,Gomes,PF,+5511956174220,2006-02-21,2025-10-16,Nunes do Oeste,ES,86034719593,True,20.0,179,*********93,v***@terra.com.br
2364,Augusto,Souza,PF,(47) 96282-1791,1989-10-29,2025-10-16,Abreu dos Dourados,SE,06189375286,True,36.0,179,*********86,a***@hotmail.com
3293,Vieira Importadora e Importadora EPP,,PJ,+5571979644339,1993-12-12,2025-10-16,Silva de Rodrigues,AL,30495782000148,True,32.0,179,************48,v***@empresa.com.br
791,Ana Clara,Nunes,PF,+5547917865156,1984-05-17,2025-10-16,Rios Alegre,DF,27651039416,True,41.0,179,*********16,a***@terra.com.br
975,Sara,da Rosa,PF,31912734373,1975-09-14,2025-10-16,Machado,RJ,91405763299,True,50.0,179,*********99,s***@bol.com.br
1144,Silveira & Associados ME,,PJ,+5513929492337,1992-07-22,2025-10-17,Rodrigues de Casa Grande,AM,98506132000194,True,33.0,178,************94,s***@empresa.com.br
1350,Guerra Serviços e Consultoria S.A.,,PJ,,1991-10-09,2025-10-17,da Rosa,AL,37024581000101,True,34.0,178,************01,g***@comercio.net.br
2058,Eduardo,Nascimento,PF,+5551916525378,,2025-10-17,Camargo,PE,56947208300,True,,178,*********00,e***@bol.com.br
902,Mariah,Moraes,PF,+5541913914748,1983-03-21,2025-10-17,Cavalcante do Galho,PE,70892514388,True,43.0,178,*********88,m***@gmail.com
1824,Pedro Lucas,Pimenta,PF,71942411162,2004-12-23,2025-10-18,Alves,CE,41856903710,True,21.0,177,*********10,p***@yahoo.com.br
1951,Júlia,da Cunha,PF,+5511966705824,,2025-10-18,Moreira,SE,95418367200,True,,177,*********00,j***@yahoo.com.br
3232,Mathias,Cassiano,PF,(41) 97852-7003,1959-09-16,2025-10-18,Freitas,SC,91234786591,True,66.0,177,*********91,m***@gmail.com
829,Vinicius,Correia,PF,(31) 96314-8108,1995-10-18,2025-10-18,Ramos de Rezende,SP,15309684700,True,30.0,177,*********00,v***@ig.com.br
1457,Ana Clara,Macedo,PF,41959935500,1995-10-12,2025-10-19,Caldeira da Mata,MA,03175246826,True,30.0,176,*********26,a***@outlook.com
1572,Maria Helena,Andrade,PF,+5571961234659,1970-03-25,2025-10-19,Dias,RS,98413275628,True,56.0,176,*********28,m***@ig.com.br
1937,Maria Clara,Lima,PF,71961639474,1971-07-27,2025-10-19,Ramos das Flores,TO,24037561999,True,54.0,176,*********99,m***@uol.com.br
2309,Rebeca,Cunha,PF,+5571994716195,,2025-10-19,Martins,CE,81426570902,True,,176,*********02,r***@yahoo.com.br
2386,Stella,Machado,PF,51931678654,1988-11-12,2025-10-19,Rodrigues,AL,89472310613,True,37.0,176,*********13,s***@uol.com.br
2621,Rael,Melo,PF,+5561974367481,1973-11-11,2025-10-19,Silveira do Oeste,RO,71293065480,True,52.0,176,*********80,r***@bol.com.br
2713,Liam,Vargas,PF,+5561944214970,1973-10-31,2025-10-19,Farias do Galho,AC,97048136510,True,52.0,176,*********10,l***@yahoo.com.br
3414,Maria Luísa,Souza,PF,,2004-11-02,2025-10-19,Pinto,RS,03259867465,True,21.0,176,*********65,m***@yahoo.com.br
1474,Ana Cecília,Novais,PF,+5511994969651,1993-11-20,2025-10-20,Duarte do Campo,DF,68419532746,True,32.0,175,*********46,a***@uol.com.br
1818,Ana Beatriz,Montenegro,PF,+5513959971015,1995-10-10,2025-10-20,Dias,DF,79086415202,True,30.0,175,*********02,a***@terra.com.br
1820,Eduarda,Nogueira,PF,,,2025-10-20,Pires Alegre,BA,14807325914,True,,175,*********14,e***@terra.com.br
271,Marcelo,Cardoso,PF,(61) 91861-9966,1991-09-26,2025-10-20,Câmara,PA,85246370135,True,34.0,175,*********35,m***@yahoo.com.br
439,Serviços Dias EPP,,PJ,+5561920583009,1997-06-01,2025-10-20,Lopes Paulista,SE,04872915000148,True,28.0,175,************48,s***@comercio.net.br
825,Henrique,Santos,PF,(13) 93369-3303,1987-01-30,2025-10-20,Borges Paulista,PB,24358017690,True,39.0,175,*********90,h***@hotmail.com
1131,Rafaela,Cirino,PF,41914316346,1986-10-19,2025-10-21,Macedo de Brito,DF,43109256770,True,39.0,174,*********70,r***@hotmail.com
1387,Ian,Mendes,PF,+5511931721952,,2025-10-21,Barbosa das Pedras,GO,34982051615,True,,174,*********15,i***@terra.com.br
1414,Maria Flor,Câmara,PF,+5561985133197,2002-08-13,2025-10-21,Jesus,AM,73842069529,True,23.0,174,*********29,m***@bol.com.br
2168,Brayan,Moreira,PF,47990315795,1975-12-27,2025-10-21,Nascimento,BA,96705481285,True,50.0,174,*********85,g***@hotmail.com
2412,Cauã,Cavalcanti,PF,(21) 95135-5110,,2025-10-21,da Paz Verde,BA,73608529438,True,,174,*********38,c***@yahoo.com.br
2447,Bella,Vargas,PF,11959406789,2001-05-05,2025-10-21,Costela,SP,12685374035,True,24.0,174,*********35,b***@bol.com.br
3264,Maria Fernanda,da Mota,PF,(11) 95273-4839,2001-05-28,2025-10-21,Nogueira,AM,40953687139,True,24.0,174,*********39,m***@hotmail.com
832,Juan,Câmara,PF,31964772062,1984-07-09,2025-10-21,Cardoso do Oeste,RO,76410325835,True,41.0,174,*********35,j***@ig.com.br
1629,Lunna,Aragão,PF,,1993-04-03,2025-10-22,Câmara da Prata,PB,18249037669,True,33.0,173,*********69,l***@hotmail.com
19,Consultoria Almeida EIRELI,,PJ,(21) 94044-8804,1970-12-23,2025-10-22,Jesus Verde,AC,04735961000103,True,55.0,173,************03,c***@comercio.net.br
2285,Joaquim,Pimenta,PF,(21) 96888-8822,2001-06-05,2025-10-22,Fonseca Paulista,BA,02374618978,True,24.0,173,*********78,j***@outlook.com
2773,Valentina,Porto,PF,+5513957784824,,2025-10-22,Costa,DF,47693051252,True,,173,*********52,v***@yahoo.com.br
2816,Leonardo,Rodrigues,PF,61935049116,1989-10-26,2025-10-22,Peixoto,MS,14076893204,True,36.0,173,*********04,l***@ig.com.br
1366,Yan,Vargas,PF,41941471053,1970-01-21,2025-10-23,Barbosa,SP,08342971678,True,56.0,172,*********78,y***@terra.com.br
1724,Silva & Farias S/A,,PJ,+5511919922754,1956-07-30,2025-10-23,Siqueira,MS,87356942000195,True,69.0,172,************95,s***@comercio.net.br
281,Pedro Lucas,Barros,PF,(61) 91292-7042,1960-05-14,2025-10-23,Borges Grande,PR,50942876130,True,65.0,172,*********30,p***@outlook.com
2993,Valentina,Melo,PF,11967121969,1963-11-15,2025-10-23,Vasconcelos da Praia,PE,17204836987,True,62.0,172,*********87,v***@outlook.com
3174,Gabriel,Sampaio,PF,+5511930391010,1962-05-28,2025-10-23,Brito,SP,84612570308,True,63.0,172,*********08,g***@ig.com.br
3265,Isaac,Silva,PF,(61) 93219-6029,1987-01-17,2025-10-23,Barbosa de Goiás,GO,51249086370,True,39.0,172,*********70,i***@bol.com.br
1151,Noah,Rios,PF,21956549610,1959-11-09,2025-10-24,Mendonça de Cavalcante,PE,82930457600,True,66.0,171,*********00,n***@ig.com.br
2550,Theo,Santos,PF,+5561979825140,1967-05-25,2025-10-24,Freitas,RS,56012834780,True,58.0,171,*********80,t***@bol.com.br
2957,Clara,Aparecida,PF,,,2025-10-24,Moraes da Prata,SP,15673249837,True,,171,*********37,c***@uol.com.br
3399,Francisco,Aparecida,PF,(71) 98985-8932,,2025-10-24,Viana,GO,83129650415,True,,171,*********15,f***@ig.com.br
3467,Mirella,Oliveira,PF,,1981-08-15,2025-10-24,Brito,MS,63279418003,True,44.0,171,*********03,m***@hotmail.com
1496,Sofia,Ferreira,PF,47934431442,2003-01-08,2025-10-25,Garcia do Galho,PB,49075863292,True,23.0,170,*********92,s***@gmail.com
1749,Sophia,Sá,PF,51961656689,,2025-10-25,Rocha,MS,13059274606,True,,170,*********06,j***@outlook.com
276,Emanuel,Vargas,PF,+5541992874584,,2025-10-25,Jesus,DF,94783160520,True,,170,*********20,e***@outlook.com
3158,Juan,Teixeira,PF,,,2025-10-25,Azevedo,PA,69153278003,True,,170,*********03,j***@outlook.com
3241,Francisco,Vieira,PF,41977694621,1959-02-14,2025-10-25,Monteiro das Flores,ES,94285630133,True,67.0,170,*********33,f***@hotmail.com
816,Giovanna,Costela,PF,(13) 91676-2485,,2025-10-25,Andrade de Minas,GO,35218906786,True,,170,*********86,g***@outlook.com
1602,Costa & Associados S/S,,PJ,+5541963644802,2001-07-16,2025-10-26,Ramos,AC,14589273000128,True,24.0,169,************28,c***@empresa.com.br
1671,Anthony,Sá,PF,+5511942601004,1991-09-28,2025-10-26,Alves,TO,73608421580,True,34.0,169,*********80,a***@outlook.com
2594,Soluções Ferreira S/S,,PJ,13940664321,1959-11-18,2025-10-26,Ramos,AL,45629180000103,True,66.0,169,************03,s***@empresa.com.br
449,Brayan,Siqueira,PF,,1982-01-31,2025-10-26,Barbosa de Ribeiro,RR,18974063204,True,44.0,169,*********04,b***@yahoo.com.br
874,Vinícius,da Mata,PF,11911445903,1982-05-19,2025-10-26,da Rosa Alegre,TO,34285701979,True,43.0,169,*********79,v***@hotmail.com
2738,Ravi,Brito,PF,(61) 99722-7826,1997-01-21,2025-10-27,Aragão de Rodrigues,DF,85673924038,True,29.0,168,*********38,r***@gmail.com
3326,Moreira Soluções e Sistemas ME,,PJ,+5561993749455,2005-09-03,2025-10-27,Pires do Sul,AP,52379846000188,True,20.0,168,************88,m***@empresa.com.br
1334,Lucas Gabriel,Leão,PF,+5531969515139,,2025-10-28,Fonseca,AP,69731084231,True,,167,*********31,l***@terra.com.br
1795,Leonardo,Ramos,PF,(41) 99385-6517,1972-11-21,2025-10-28,Pastor,TO,89051734620,True,53.0,167,*********20,l***@ig.com.br
2339,Lucas Gabriel,Albuquerque,PF,47989064252,1956-07-06,2025-10-28,Dias das Pedras,MG,50867941375,True,69.0,167,*********75,l***@terra.com.br
335,Lívia,Costa,PF,51978892179,1956-04-27,2025-10-28,Machado Verde,SP,37560124925,True,70.0,167,*********25,l***@yahoo.con.br
752,Mendes & Associados EI,,PJ,,2001-08-06,2025-10-28,Rodrigues,BA,43126809000177,True,24.0,167,************77,m***@empresa.com.br
941,Nathan,Fogaça,PF,(41) 95484-7890,1978-03-17,2025-10-28,Rodrigues,MA,02643589700,True,48.0,167,*********00,n***@ig.com.br
2440,Luna,Borges,PF,+5571982659314,1976-02-29,2025-10-29,Pimenta,SP,26309178431,True,50.0,166,*********31,l***@uol.com.br
2979,Esther,Araújo,PF,47925133535,1981-05-28,2025-10-29,Barbosa da Prata,MG,60294137599,True,44.0,166,*********99,e***@bol.com.br
3056,João,Gomes,PF,13926291627,1981-06-14,2025-10-29,Marques Grande,SP,28150769340,True,44.0,166,*********40,j***@yahoo.com.br
3237,Cruz & Associados EIRELI,,PJ,,1993-01-23,2025-10-29,Machado,MG,30157698000114,True,33.0,166,************14,c***@empresa.com.br
3261,Danilo,Pereira,PF,31996886809,1975-02-16,2025-10-29,Carvalho das Pedras,TO,48173029687,True,51.0,166,*********87,d***@outlook.com
612,Rafaela,Jesus,PF,71947847014,2003-05-19,2025-10-29,Cardoso,PR,61720983577,True,22.0,166,*********77,r***@yahoo.com.br
1022,Comércio Souza ME,,PJ,+5511924084822,1984-03-11,2025-10-30,Ribeiro,PB,20691578000149,True,42.0,165,************49,c***@empresa.com.br
1092,Brayan,Rios,PF,47957847499,1964-04-09,2025-10-30,Borges,AC,59728031602,True,62.0,165,*********02,b***@ig.com.br
1388,Sarah,Porto,PF,+5513960654303,1968-12-31,2025-10-30,Rocha Grande,MS,07169352443,True,57.0,165,*********43,s***@outlook.com
1479,Alana,Macedo,PF,+5511939051147,1993-08-12,2025-10-30,Ferreira Alegre,RO,24079165307,True,32.0,165,*********07,a***@terra.com.br
402,Ian,Albuquerque,PF,+5531959489310,1991-11-05,2025-10-30,da Luz,RN,64295087300,True,34.0,165,*********00,i***@bol.com.br
1002,Matteo,Jesus,PF,(71) 94642-8006,1989-04-17,2025-10-31,Araújo de Minas,SP,69814273031,True,37.0,164,*********31,m***@hotmail.com
166,Vicente,Nogueira,PF,(21) 98587-4582,1978-02-04,2025-10-31,Pimenta da Serra,RO,37061985410,True,48.0,164,*********10,v***@gmail.com
2326,Nunes & Associados ME,,PJ,+5571960854746,2006-10-27,2025-10-31,Dias,MS,37860954000184,True,19.0,164,************84,n***@comercio.net.br
2837,Gabriel,Mendonça,PF,,1984-06-08,2025-10-31,Machado Alegre,MG,26503749180,True,41.0,164,*********80,g***@hotmail.com
2938,Marina,Souza,PF,+5513943406063,1979-12-30,2025-10-31,Silveira,SE,65193874010,True,46.0,164,*********10,m***@gmail.com
3290,Ana Laura,Mendonça,PF,(47) 94069-3251,1971-05-15,2025-10-31,Mendonça de Minas,MG,06951873259,True,54.0,164,*********59,a***@outlook.com
877,Felipe,Montenegro,PF,+5513970622786,1970-11-26,2025-10-31,Albuquerque de Albuquerque,RR,59120783450,True,55.0,164,*********50,f***@bol.com.br
1090,Martins & Associados S/S,,PJ,+5541990553441,1962-01-24,2025-11-01,Pinto,GO,06389452000193,True,64.0,163,************93,m***@comercio.net.br
1505,Kaique,Farias,PF,(51) 92391-4874,2004-01-10,2025-11-01,da Luz das Flores,AP,38465970157,True,22.0,163,*********57,k***@uol.com.br
2807,Informática Nunes EI,,PJ,13940638874,2002-11-18,2025-11-01,Santos do Oeste,MA,85609417000109,True,23.0,163,************09,i***@empresa.com.br
286,Kevin,Cavalcante,PF,+5541932741076,1964-08-17,2025-11-01,Ramos do Amparo,PR,54873102979,True,61.0,163,*********79,k***@uol.com.br
3037,Vinicius,Dias,PF,+5521947966097,1991-07-29,2025-11-01,Sousa do Galho,MG,30269845151,True,34.0,163,*********51,j***@outlook.com
935,Rhavi,Garcia,PF,71971079900,1973-08-24,2025-11-01,Costela de Abreu,GO,35147908684,True,52.0,163,*********84,r***@ig.com.br
1851,Dias & Associados Ltda.,,PJ,(61) 95770-4737,1956-09-04,2025-11-02,Vieira,BA,56473180000183,True,69.0,162,************83,d***@comercio.net.br
2128,Isaac,Guerra,PF,,1981-10-17,2025-11-02,Alves,PE,83467920500,True,44.0,162,*********00,i***@ig.com.br
3073,Gustavo Henrique,Correia,PF,(47) 99716-1272,1992-01-05,2025-11-02,Montenegro,PA,51973842637,True,34.0,162,*********37,g***@hotmail.com
1417,Ana Laura,Sales,PF,(13) 93462-2739,1978-09-02,2025-11-03,Nascimento,PI,65142809351,True,47.0,161,*********51,a***@hotmail.com
1592,Clara,Azevedo,PF,+5561992001767,1985-02-27,2025-11-03,Borges do Campo,SC,84926037556,True,41.0,161,*********56,c***@hotmail.com
2646,Theodoro,Leão,PF,(41) 98922-3790,1990-05-11,2025-11-03,Porto da Serra,RJ,76342895155,True,35.0,161,*********55,t***@bol.com.br
2649,Isadora,Souza,PF,+5551937331688,,2025-11-03,Nogueira,RN,89372106577,True,,161,*********77,i***@gmail.com
598,Carolina,Oliveira,PF,,1986-08-16,2025-11-03,Câmara de Sales,PB,49165327080,True,39.0,161,*********80,c***@bol.com.br
252,Maya,Barros,PF,(21) 93271-2228,1985-06-26,2025-11-04,Macedo,DF,23140657862,True,40.0,160,*********62,m***@outlook.com
2668,Manuela,Santos,PF,51930789148,2000-12-11,2025-11-04,Machado de Goiás,SP,27104639543,True,25.0,160,*********43,m***@terra.com.br
2708,Bianca,Costa,PF,+5521944092874,1972-04-06,2025-11-04,Moraes Grande,DF,97406835256,True,54.0,160,*********56,b***@bol.com.br
3063,Nathan,Souza,PF,+5547956256156,2002-08-25,2025-11-04,Correia das Pedras,MS,53270891423,True,23.0,160,*********23,n***@yahoo.com.br
3183,Isis,Sousa,PF,(11) 97551-1551,,2025-11-04,Ramos do Norte,PE,83462071904,True,,160,*********04,i***@ig.com.br
768,Anna Liz,Ramos,PF,13995339112,,2025-11-04,da Mota Verde,BA,78245910694,True,,160,*********94,a***@gmail.com
1119,Alexandre,Ribeiro,PF,,1970-02-27,2025-11-05,Novaes,MS,16840379566,True,56.0,159,*********66,a***@uol.com.br
1233,Catarina,Martins,PF,+5571937457648,1964-09-21,2025-11-05,Cardoso,BA,73142089640,True,61.0,159,*********40,c***@bol.com.br
1588,Mateus,da Conceição,PF,31913438869,1995-08-31,2025-11-05,Moura,RS,45872361955,True,30.0,159,*********55,m***@terra.com.br
2042,Brenda,Caldeira,PF,11954525274,,2025-11-05,Silva,PB,48312756973,True,,159,*********73,b***@gmail.com
2845,Luiza,Cavalcanti,PF,+5511921738458,1987-05-21,2025-11-05,Pinto,ES,90718265467,True,38.0,159,*********67,l***@outlook.com
3117,Joana,da Luz,PF,+5571935607660,,2025-11-05,Carvalho,SP,38129607530,True,,159,*********30,j***@hotmail.com
1386,João Gabriel,Albuquerque,PF,+5511976235161,2002-01-07,2025-11-06,Pinto do Galho,RR,24975168049,True,24.0,158,*********49,j***@ig.com.br
163,Rebeca,Leão,PF,(51) 95695-9437,1966-02-22,2025-11-06,Brito,MA,37459802638,True,60.0,158,*********38,r***@terra.com.br
2852,Zoe,da Mota,PF,(13) 95868-8827,1960-05-18,2025-11-06,Câmara de Cardoso,ES,45981762373,True,65.0,158,*********73,z***@terra.com.br
2921,Matheus,Caldeira,PF,(31) 96566-3260,1991-12-06,2025-11-06,da Mota da Prata,PA,98172364555,True,34.0,158,*********55,m***@bol.com.br
2162,Alícia,Cirino,PF,51996454579,1977-02-03,2025-11-07,da Cunha,RO,45063172970,True,49.0,157,*********70,a***@outlook.com
2380,Bento,Marques,PF,+5541990602838,1976-11-08,2025-11-07,Cassiano,SP,38721609586,True,49.0,157,*********86,b***@outlook.com
2917,Maria Luísa,Rocha,PF,+5511984256858,1994-04-10,2025-11-07,Peixoto da Mata,PE,83517094684,True,32.0,157,*********84,d***@ig.com.br
405,Pietra,Martins,PF,71919808531,1959-10-09,2025-11-07,das Neves do Oeste,AC,42085316905,True,66.0,157,*********05,p***@uol.com.br
803,Farias Informática e Distribuidora EPP,,PJ,71940378210,2000-12-18,2025-11-07,Castro de Ferreira,RO,90124863000163,True,25.0,157,************63,f***@comercio.net.br
2227,Evelyn,Camargo,PF,+5547979768910,1994-08-07,2025-11-08,da Rocha,PA,63297508159,True,31.0,156,*********59,j***@outlook.com
2856,Diogo,Carvalho,PF,(51) 91609-7520,1996-01-10,2025-11-08,Peixoto da Mata,GO,29864305700,True,30.0,156,*********00,d***@bol.com.br
291,Rodrigo,Pereira,PF,+5571940853600,1991-06-04,2025-11-08,Sales,MS,73802941560,True,34.0,156,*********60,r***@hotmail.com
1989,Eduardo,Rodrigues,PF,47930261049,1961-08-20,2025-11-09,Pinto de Goiás,RJ,15692073480,True,64.0,155,*********80,e***@ig.com.br
957,Ana Lívia,Machado,PF,+5513985965276,1986-02-05,2025-11-09,Ramos do Oeste,AL,59780463283,True,40.0,155,*********83,a***@ig.com.br
187,Ana,Pacheco,PF,11965956025,1982-10-22,2025-11-10,Cassiano de Minas,CE,59820713668,True,43.0,154,*********68,a***@terra.com.br
2178,Cardoso & Miranda Ltda.,,PJ,(47) 96634-3178,,2025-11-10,Andrade,PI,01465329000190,True,,154,************90,c***@comercio.net.br
2414,Camila,Costa,PF,(71) 97168-5201,1975-12-20,2025-11-10,Mendes,SE,47319582619,True,50.0,154,*********19,c***@yahoo.con.br
260,Renan,da Cunha,PF,71951474610,1997-03-19,2025-11-10,Rocha Grande,BA,40283167904,True,29.0,154,*********04,r***@uol.com.br
3132,Vitória,da Cruz,PF,61997705243,1983-03-09,2025-11-10,Garcia,AM,25801637435,True,43.0,154,*********35,v***@yahoo.com.br
369,Bruno,Cunha,PF,(13) 99479-6589,1962-06-21,2025-11-10,Azevedo,ES,25360471808,True,63.0,154,*********08,b***@yahoo.com.br
457,Raul,Almeida,PF,61913255327,,2025-11-10,Pires do Campo,SC,92357641819,True,,154,*********19,g***@hotmail.com
868,João Pedro,Machado,PF,+5551940951647,1986-04-18,2025-11-10,Cirino,PR,04617259830,True,40.0,154,*********30,j***@gmail.com
200,Paulo,Novaes,PF,(21) 92856-1784,1985-12-15,2025-11-11,Cunha de Pires,AL,54913867237,True,40.0,153,*********37,p***@terra.com.br
2265,Alice,Albuquerque,PF,(13) 97050-2457,1981-10-18,2025-11-11,Cassiano,ES,08634579247,True,44.0,153,*********47,a***@gmail.com
2778,Lara,,PF,21966385812,2002-12-06,2025-11-11,Pires,RO,61279480378,True,23.0,153,*********78,l***@gmail.com
3472,Ana Julia,Guerra,PF,(47) 92224-2036,1979-11-08,2025-11-11,Viana,RN,35201687903,True,46.0,153,*********03,a***@gmail.com
531,Gustavo,Melo,PF,(47) 97029-1137,1986-10-11,2025-11-11,Gonçalves de Abreu,AL,95408261360,True,39.0,153,*********60,g***@outlook.com
1020,Antony,da Luz,PF,+5551989602407,2006-10-28,2025-11-12,Rezende,ES,53192067802,True,19.0,152,*********02,a***@terra.com.br
1128,Leandro,Pires,PF,+5521984386755,1970-10-27,2025-11-12,Novaes,MA,29513870677,True,55.0,152,*********77,l***@bol.com.br
1374,Benjamin,da Conceição,PF,(31) 94023-9463,1997-09-14,2025-11-12,Campos,SE,91802635424,True,28.0,152,*********24,b***@gmail.com
2308,Bernardo,Cassiano,PF,(31) 93778-8497,1998-06-19,2025-11-12,Albuquerque de Aparecida,PB,74625013844,True,27.0,152,*********44,b***@terra.com.br
1198,Soares & Moreira ME,,PJ,,2002-05-18,2025-11-13,Machado dos Dourados,RN,46059217000178,True,23.0,151,************78,s***@comercio.net.br
1473,Isabelly,Aragão,PF,(21) 94373-2788,1957-05-04,2025-11-13,Borges,SP,05674382107,True,68.0,151,*********07,i***@bol.com.br
2867,Ravi,Cavalcante,PF,+5547939275710,1981-09-03,2025-11-13,Camargo,TO,34918276040,True,44.0,151,*********40,r***@hotmail.com
3010,Eloá,Campos,PF,11994326438,1990-07-13,2025-11-13,Cassiano de Fernandes,PI,92658710321,True,35.0,151,*********21,e***@hotmail.com
1434,Bento,Araújo,PF,(47) 91863-5373,1960-08-11,2025-11-14,Casa Grande,RS,46572301907,True,65.0,150,*********07,b***@gmail.com
1887,Gael Henrique,Novais,PF,(31) 98838-5408,1986-11-11,2025-11-14,Abreu da Praia,AC,97184530241,True,39.0,150,*********41,g***@outlook.com
1939,Paulo,Albuquerque,PF,(11) 98664-2841,1997-06-07,2025-11-14,Rezende,RN,43820957600,True,28.0,150,*********00,p***@bol.com.br
2043,Souza & Correia EI,,PJ,13977187478,,2025-11-14,Montenegro da Mata,RN,45731069000123,True,,150,************23,s***@empresa.com.br
2173,Kaique,Gonçalves,PF,21932209102,1994-02-26,2025-11-14,Andrade do Campo,SC,32968740547,True,32.0,150,*********47,k***@hotmail.com
2581,Anna Liz,Vieira,PF,+5551982742523,1993-02-13,2025-11-14,Rodrigues,MT,49516287328,True,33.0,150,*********28,a***@outlook.com
2608,Luigi,Gonçalves,PF,(71) 96038-5772,1970-06-16,2025-11-14,Vargas das Flores,MS,38270469122,True,55.0,150,*********22,l***@terra.com.br
3415,Helena,Gomes,PF,51925076050,1957-11-28,2025-11-14,Rios,TO,18974362546,True,68.0,150,*********46,h***@terra.com.br
965,Igor,Novaes,PF,71984495559,1974-01-18,2025-11-14,Guerra,PA,68970145320,True,52.0,150,*********20,i***@outlook.com
1286,Marcela,Cavalcante,PF,11944915424,2006-04-11,2025-11-15,Pacheco Alegre,GO,13964287555,True,20.0,149,*********55,m***@uol.com.br
1570,Fernanda,Garcia,PF,41938624081,1998-10-12,2025-11-15,da Cunha,RO,38572160930,True,27.0,149,*********30,f***@bol.com.br
1094,Fernandes & Associados S.A.,,PJ,(61) 98214-2894,1975-12-14,2025-11-16,Lopes,GO,24589710000167,True,50.0,148,************67,f***@empresa.com.br
1769,Rebeca,Azevedo,PF,,1984-07-26,2025-11-16,Garcia,RN,54386721991,True,41.0,148,*********91,r***@ig.com.br
300,Informática Fonseca S.A.,,PJ,+5511929964332,1982-07-10,2025-11-16,Moura,AM,58064317000171,True,43.0,148,************71,i***@comercio.net.br
677,Natália,Monteiro,PF,+5513913862596,1996-11-19,2025-11-16,Aragão de Minas,RO,51879024314,True,29.0,148,*********14,n***@yahoo.com.br
991,Vinicius,Pacheco,PF,+5513988481608,2000-10-02,2025-11-16,Pinto de Costa,SC,90362714525,True,25.0,148,*********25,v***@terra.com.br
1638,Clarice,Rodrigues,PF,(51) 98710-1366,,2025-11-17,Pastor das Pedras,AM,71240639570,True,,147,*********70,c***@terra.com.br
2264,Laura,Machado,PF,+5513950144910,2008-03-18,2025-11-17,da Costa do Oeste,MS,46832159005,True,18.0,147,*********05,l***@ig.com.br
486,Igor,Alves,PF,(41) 92974-3422,1965-10-03,2025-11-17,Fogaça,PR,20687395186,True,60.0,147,*********86,i***@bol.com.br
1440,Luiz Miguel,Barros,PF,21994165540,1993-12-10,2025-11-18,Guerra,PE,47596381219,True,32.0,146,*********19,l***@yahoo.com.br
3315,Guerra & Associados EPP,,PJ,,1992-01-21,2025-11-18,Fernandes de Minas,SE,75421930000118,True,34.0,146,************18,g***@empresa.com.br
878,Aylla,Costela,PF,(11) 96573-2610,1983-10-01,2025-11-18,da Luz das Pedras,RS,72134056916,True,42.0,146,*********16,a***@terra.com.br
1070,Yan,Machado,PF,(71) 94173-9019,2003-11-01,2025-11-19,Melo da Praia,CE,96054182749,True,22.0,145,*********49,y***@uol.com.br
1259,Pietra,Garcia,PF,(71) 99672-2143,1992-07-11,2025-11-19,da Rocha,MA,13028947650,True,33.0,145,*********50,p***@terra.com.br
1393,Cauê,Cavalcanti,PF,(11) 97932-1330,1961-05-09,2025-11-19,Sá Paulista,AM,81735906484,True,64.0,145,*********84,c***@terra.com.br
2777,Brayan,Jesus,PF,+5547988603571,1959-08-21,2025-11-19,da Mota,RN,92038156433,True,66.0,145,*********33,b***@terra.com.br
3391,Gabriela,Novais,PF,+5513966685539,1990-10-02,2025-11-19,Viana,SE,84021693769,True,35.0,145,*********69,g***@bol.com.br
500,Anna Liz,Aragão,PF,11991068082,1962-09-05,2025-11-19,Pastor de Gomes,MT,32674950161,True,63.0,145,*********61,a***@hotmail.com
732,Importadora Souza EI,,PJ,41947059194,2007-06-11,2025-11-19,Siqueira da Serra,MA,47820396000187,True,18.0,145,************87,i***@empresa.com.br
2068,Comércio Costa EIRELI,,PJ,,1992-05-21,2025-11-20,da Mota,BA,23481967000138,True,33.0,144,************38,c***@comercio.net.br
2618,Maria Luiza,,PF,31962891403,1958-02-10,2025-11-20,Cassiano das Flores,RO,75204631925,True,68.0,144,*********25,m***@hotmail.com
2666,Caroline,Duarte,PF,51964607957,2002-02-17,2025-11-20,Abreu,MG,73198205603,True,24.0,144,*********03,c***@terra.com.br
323,Isabel,Cardoso,PF,+5521953521002,1961-01-18,2025-11-20,Oliveira dos Dourados,MG,65013927480,True,65.0,144,*********80,i***@hotmail.com
3254,Yan,Rocha,PF,(21) 98373-9342,1993-03-06,2025-11-20,Novais do Norte,MA,65230719443,True,33.0,144,*********43,y***@hotmail.com
1598,Bella,Ribeiro,PF,+5551928308477,2002-08-05,2025-11-21,Ribeiro da Prata,SE,23578901695,True,23.0,143,*********95,b***@bol.com.br
2627,Léo,Macedo,PF,11937675934,1979-08-11,2025-11-21,Duarte,RN,89204756365,True,46.0,143,*********65,l***@yahoo.com.br
2991,Liam,Viana,PF,(47) 96934-3534,1988-06-16,2025-11-21,Cirino de Martins,MS,16745308207,True,37.0,143,*********07,l***@terra.com.br
3038,Olivia,Ribeiro,PF,(51) 93950-5762,1983-12-05,2025-11-21,Pereira das Pedras,RN,62910378586,True,42.0,143,*********86,o***@terra.com.br
393,Clara,Monteiro,PF,(21) 91193-7699,1980-12-05,2025-11-21,Ferreira,AM,64192538024,True,45.0,143,*********24,c***@hotmail.com
742,Bianca,Castro,PF,+5531929289596,1961-06-04,2025-11-21,Caldeira,PA,67504219380,True,64.0,143,*********80,b***@terra.com.br
2010,Erick,da Rocha,PF,+5571919007599,1963-03-07,2025-11-22,da Mota das Flores,DF,09648351260,True,63.0,142,*********60,e***@gmail.com
2215,Kaique,da Rocha,PF,(61) 95157-8533,2005-12-17,2025-11-22,da Cunha de Montenegro,MG,74692385065,True,20.0,142,*********65,k***@ig.com.br
338,Arthur Gabriel,Moreira,PF,+5511961715682,1971-12-19,2025-11-22,Pires,SC,13769054261,True,54.0,142,*********61,a***@hotmail.com
3392,Alice,Camargo,PF,(41) 97031-9334,1996-05-16,2025-11-22,Pimenta,MG,76230519461,True,29.0,142,*********61,a***@gmail.com
1121,Benicio,Pacheco,PF,+5531943156488,1974-08-21,2025-11-23,Andrade das Pedras,PI,07965342170,True,51.0,141,*********70,b***@uol.com.br
1422,Davi Lucca,da Conceição,PF,+5513918947884,1969-11-16,2025-11-23,Novaes,PA,80915243660,True,56.0,141,*********60,d***@outlook.com
1933,Marcelo,Borges,PF,(71) 96703-5424,1991-04-06,2025-11-23,Ferreira,SP,98256340142,True,35.0,141,*********42,m***@terra.com.br
2279,Stephany,Gomes,PF,61990615494,1961-02-11,2025-11-23,Camargo da Serra,AP,63582071480,True,65.0,141,*********80,s***@terra.com.br
3475,Castro & Associados EPP,,PJ,(61) 96739-2077,1958-12-06,2025-11-23,Mendes do Amparo,SP,13706958000144,True,67.0,141,************44,c***@empresa.com.br
670,Cecilia,Silveira,PF,13925933562,,2025-11-23,Pimenta de Dias,RR,47065283135,True,,141,*********35,c***@terra.com.br
3256,Aylla,Sampaio,PF,47954645331,1971-06-05,2025-11-24,Borges,AP,58016793240,True,54.0,140,*********40,a***@terra.com.br
923,Melissa,Moreira,PF,+5521988026752,1988-09-09,2025-11-24,Azevedo das Flores,AC,29143687040,True,37.0,140,*********40,m***@gmail.com
1104,Castro & Associados EI,,PJ,41978381990,1991-08-25,2025-11-25,Rezende da Praia,PB,30187562000157,True,34.0,139,************57,c***@empresa.com.br
1532,Gael Henrique,Viana,PF,+5513964986102,2001-08-16,2025-11-25,Cavalcanti Alegre,PI,42938701560,True,24.0,139,*********60,g***@outlook.com
3311,Sarah,Novaes,PF,(31) 95458-4081,1995-04-21,2025-11-25,Andrade,SP,26590378177,True,31.0,139,*********77,s***@bol.com.br
584,Vargas & Associados S/A,,PJ,,1956-04-13,2025-11-25,Porto,MA,28351479000120,True,70.0,139,************20,v***@empresa.com.br
60,Matteo,Macedo,PF,,,2025-11-25,Caldeira,RN,87354960101,True,,139,*********01,m***@ig.com.br
780,Heloísa,Viana,PF,(61) 92751-3042,1979-09-30,2025-11-25,Marques das Pedras,PA,65270198312,True,46.0,139,*********12,h***@yahoo.com.br
1036,Alice,Andrade,PF,(61) 97991-2022,1963-03-03,2025-11-26,Santos Verde,RR,34207615890,True,63.0,138,*********90,a***@yahoo.com.br
1005,Nunes & Rodrigues S.A.,,PJ,+5561920156622,2006-02-13,2025-11-27,Teixeira do Sul,RR,85216394000172,True,20.0,137,************72,n***@comercio.net.br
1186,Dom,Abreu,PF,51913735823,1982-11-08,2025-11-27,Borges de Minas,SE,84179520397,True,43.0,137,*********97,d***@hotmail.com
1213,Francisco,Novaes,PF,13939556470,1976-11-20,2025-11-27,Melo,GO,90758312695,True,49.0,137,*********95,f***@yahoo.con.br
2097,Enzo,Rocha,PF,,2002-12-30,2025-11-27,Garcia,BA,03629574106,True,23.0,137,*********06,e***@gmail.com
2158,Isis,Barbosa,PF,71914315098,1975-07-05,2025-11-27,Rezende Grande,RR,07169842530,True,50.0,137,*********30,i***@gmail.com
2290,Gomes & Associados Ltda.,,PJ,(51) 95432-7110,1964-09-08,2025-11-27,Andrade das Flores,DF,97562480000116,True,61.0,137,************16,g***@empresa.com.br
65,Maria Sophia,Cardoso,PF,71946565427,1978-02-20,2025-11-27,Caldeira do Oeste,BA,70235946125,True,48.0,137,*********25,m***@hotmail.com
1187,João,Silva,PF,41927288425,1988-10-10,2025-11-28,Cirino,AC,24105386735,True,37.0,136,*********35,j***@yahoo.com.br
147,Francisco,Guerra,PF,41995245938,,2025-11-28,Martins dos Dourados,RR,71928054323,True,,136,*********23,f***@yahoo.com.br
2196,Mathias,Pinto,PF,71995191891,1982-11-10,2025-11-28,Pereira,RN,07382461904,True,43.0,136,*********04,m***@ig.com.br
232,Olivia,Moura,PF,+5521942132963,,2025-11-28,da Mata de Lopes,PE,87465190339,True,,136,*********39,o***@terra.com.br
250,Danilo,Sá,PF,11942292309,1964-09-01,2025-11-28,Albuquerque,PI,07238569400,True,61.0,136,*********00,d***@terra.com.br
2587,Antonella,da Conceição,PF,21978439223,1957-04-18,2025-11-28,Freitas da Praia,RO,75092416858,True,69.0,136,*********58,a***@hotmail.com
2754,Andrade Serviços e Comércio ME,,PJ,+5561934644914,,2025-11-28,Nunes,AL,48097513000199,True,,136,************99,a***@empresa.com.br
2802,Maria Clara,Sales,PF,(41) 95964-7436,1996-05-19,2025-11-28,Andrade,RJ,63072815968,True,29.0,136,*********68,m***@outlook.com
945,Clara,das Neves,PF,51965499478,2003-05-09,2025-11-28,Aparecida,SE,90724516867,True,22.0,136,*********67,c***@gmail.com
1637,Ana Luiza,da Paz,PF,(61) 97974-2644,1988-02-15,2025-11-29,Guerra do Norte,MT,72184503932,True,38.0,135,*********32,a***@ig.com.br
18,Maria Cecília,Melo,PF,(71) 98609-2420,1993-04-25,2025-11-29,Vieira Grande,AC,54203781914,True,32.0,135,*********14,m***@yahoo.com.br
1961,Consultoria Moraes S/S,,PJ,41968004624,,2025-11-29,Cavalcante,GO,76135089000165,True,,135,************65,c***@empresa.com.br
2170,Amanda,Ferreira,PF,(11) 91345-9870,,2025-11-29,Rocha de Minas,AP,14305728923,True,,135,*********23,a***@gmail.com
2221,Lívia,Moraes,PF,+5531990952536,1998-06-25,2025-11-29,Ramos,RJ,56784130901,True,27.0,135,*********01,l***@gmail.com
340,Ana Cecília,Fonseca,PF,+5511921474239,1997-11-24,2025-11-29,Pires de Farias,SE,04651893260,True,28.0,135,*********60,a***@outlook.com
468,Ana Júlia,Pereira,PF,51951162545,1976-07-08,2025-11-29,Novaes de Montenegro,RN,54173680244,True,49.0,135,*********44,a***@outlook.com
558,Matheus,Cunha,PF,(47) 91970-8336,1999-10-04,2025-11-29,Leão,MT,95430287610,True,26.0,135,*********10,m***@terra.com.br
570,João Felipe,Pastor,PF,+5541915452074,1986-04-30,2025-11-29,Pacheco,RO,65328940792,True,39.0,135,*********92,j***@terra.com.br
603,Igor,Rezende,PF,,1994-03-15,2025-11-29,Aragão do Sul,PI,24106839598,True,32.0,135,*********98,i***@bol.com.br
1400,Davi,Silveira,PF,+5531994028059,2003-06-26,2025-11-30,Freitas,AC,89543716048,True,22.0,134,*********48,d***@ig.com.br
206,Lívia,Marques,PF,(51) 94424-2020,1973-09-27,2025-11-30,Pimenta,CE,87235046171,True,52.0,134,*********71,l***@ig.com.br
3205,Théo,Gomes,PF,(61) 99606-3182,1968-10-19,2025-11-30,Oliveira de Santos,RJ,13850267407,True,57.0,134,*********07,t***@terra.com.br
462,Vitória,Jesus,PF,(11) 99455-7167,1967-01-03,2025-11-30,Ferreira Paulista,MT,65084912701,True,59.0,134,*********01,v***@ig.com.br
2151,Antonella,Sousa,PF,(41) 91937-6912,1984-11-22,2025-12-01,Vargas de Cavalcanti,RJ,51320769470,True,41.0,133,*********70,a***@ig.com.br
2395,Maria Luísa,Garcia,PF,21961801188,1990-04-14,2025-12-01,Cirino,RN,30268457956,True,36.0,133,*********56,m***@gmail.com
2418,Anthony Gabriel,Caldeira,PF,71928214238,2000-10-08,2025-12-01,Fernandes de Goiás,ES,98053274188,True,25.0,133,*********88,a***@bol.com.br
43,Guilherme,Casa Grande,PF,+5521936751184,,2025-12-01,Sampaio,MS,23486901524,True,,133,*********24,g***@gmail.com
978,Felipe,Barros,PF,71934679684,1982-07-01,2025-12-01,Abreu,MT,59387640175,True,43.0,133,*********75,f***@uol.com.br
1051,Marina,Montenegro,PF,,1962-03-16,2025-12-02,Casa Grande da Mata,PA,84963150298,True,64.0,132,*********98,m***@gmail.com
2929,Beatriz,Cavalcanti,PF,+5551995795553,,2025-12-02,Cardoso de Pereira,PA,82619753473,True,,132,*********73,b***@ig.com.br
3211,Caleb,Cirino,PF,(47) 97340-9336,1997-08-08,2025-12-02,Pinto,PI,16238790512,True,28.0,132,*********12,c***@yahoo.com.br
1690,Ana,Câmara,PF,61933958724,,2025-12-03,Cunha da Mata,AL,13029478696,True,,131,*********96,a***@yahoo.com.br
1698,Helena,Barros,PF,+5513963653982,1972-07-03,2025-12-03,Macedo de Goiás,PR,41320768571,True,53.0,131,*********71,h***@outlook.com
1762,Isaque,Freitas,PF,+5511981877777,1996-10-19,2025-12-03,da Rosa,PE,62780153903,True,29.0,131,*********03,i***@ig.com.br
191,Alexia,Moreira,PF,47944806129,1980-09-02,2025-12-03,Santos,DF,83075296465,True,45.0,131,*********65,a***@outlook.com
2023,Calebe,Nascimento,PF,61936317108,1988-09-24,2025-12-03,Gonçalves,AL,75391840279,True,37.0,131,*********79,c***@uol.com.br
253,Joaquim,Marques,PF,+5551984935834,,2025-12-03,Câmara,ES,87043629187,True,,131,*********87,j***@bol.com.br
2711,Daniel,Pinto,PF,51981134475,1984-01-15,2025-12-03,Gomes Verde,TO,10823497550,True,42.0,131,*********50,d***@hotmail.com
3145,Castro & Associados ME,,PJ,11988048433,1980-09-20,2025-12-03,Cassiano de Minas,RR,57026134000107,True,45.0,131,************07,c***@comercio.net.br
1959,Leonardo,Gonçalves,PF,(71) 95720-9675,1996-07-25,2025-12-04,da Rocha,CE,47683029556,True,29.0,130,*********56,l***@hotmail.com
2479,Oliveira & Associados S.A.,,PJ,(51) 95852-4824,1961-12-02,2025-12-04,Vasconcelos da Prata,CE,54936720000192,True,64.0,130,************92,o***@empresa.com.br
2552,Marcos Vinicius,Cardoso,PF,31987652650,2001-11-01,2025-12-04,Alves da Mata,AM,58427093179,True,24.0,130,*********79,m***@bol.com.br
38,Olivia,Pastor,PF,+5547929101265,1985-05-15,2025-12-04,Pimenta das Pedras,MA,35674091234,True,40.0,130,*********34,o***@terra.com.br
1147,Correia & Costa S/A,,PJ,+5513936268977,2001-07-17,2025-12-05,Caldeira de Ribeiro,PA,14360289000164,True,24.0,129,************64,c***@empresa.com.br
132,Vitor,Azevedo,PF,(71) 99238-7073,1976-05-05,2025-12-05,Rios,RN,16724938546,True,49.0,129,*********46,v***@yahoo.com.br
2661,Maria,Fernandes,PF,41960665296,1997-08-03,2025-12-05,Mendes Alegre,ES,46509218720,True,28.0,129,*********20,m***@gmail.com
2692,Maria Fernanda,Gomes,PF,31918476031,1994-12-23,2025-12-05,Macedo do Oeste,PB,18463597246,True,31.0,129,*********46,m***@terra.com.br
3287,Catarina,Cavalcanti,PF,31920165931,1991-10-10,2025-12-05,Costa,TO,59367801203,True,34.0,129,*********03,c***@gmail.com
3424,Bruno,Almeida,PF,,1993-10-05,2025-12-05,Dias,CE,38042697104,True,32.0,129,*********04,b***@gmail.com
1868,Heloisa,,PF,(11) 99054-4199,2004-01-16,2025-12-06,Garcia de Farias,AC,76042138553,True,22.0,128,*********53,h***@ig.com.br
3137,Tecnologia Miranda S/A,,PJ,(41) 92438-4011,1957-02-24,2025-12-06,Porto do Campo,PA,43259068000100,True,69.0,128,************00,t***@comercio.net.br
3433,Caleb,Pires,PF,31915365905,1979-04-20,2025-12-06,Pimenta de da Mata,MT,86473102507,True,47.0,128,*********07,c***@terra.com.br
97,Juan,da Cunha,PF,,1988-11-07,2025-12-06,da Mata,AC,62783915030,True,37.0,128,*********30,j***@ig.com.br
1087,Ramos Atacado e Importadora EIRELI,,PJ,+5521961439242,2006-11-08,2025-12-07,Porto,RJ,94657820000102,True,19.0,127,************02,r***@comercio.net.br
2172,Fernanda,Guerra,PF,41983857765,2003-03-19,2025-12-07,Cavalcanti,AP,20674315952,True,23.0,127,*********52,f***@ig.com.br
2580,Laura,Cavalcante,PF,+5541954419493,1978-03-25,2025-12-07,Rios,AM,01465923870,True,48.0,127,*********70,l***@yahoo.com.br
2532,Vitor Hugo,da Paz,PF,+5547943093548,1958-07-19,2025-12-08,Sales do Galho,SP,30754698238,True,67.0,126,*********38,v***@uol.com.br
355,Lívia,Souza,PF,13967192271,1987-01-01,2025-12-08,Cavalcante de Fogaça,PB,07192463507,True,39.0,126,*********07,l***@yahoo.com.br
47,Daniel,da Mata,PF,71910129937,1958-02-02,2025-12-08,Aparecida Paulista,AC,75038169457,True,68.0,126,*********57,d***@yahoo.com.br
1785,Elisa,,PF,13946079909,1959-08-13,2025-12-09,Rezende das Flores,ES,75439601252,True,66.0,125,*********52,e***@outlook.com
3383,Laura,Novais,PF,(41) 91964-6674,,2025-12-09,Araújo de Goiás,SC,75083964210,True,,125,*********10,l***@terra.com.br
431,Guerra & Associados Ltda.,,PJ,(51) 94471-2073,,2025-12-09,Abreu,AL,36098125000143,True,,125,************43,g***@comercio.net.br
59,Théo,Nascimento,PF,+5547957565441,1984-09-01,2025-12-09,Brito de Nunes,SP,56901243898,True,41.0,125,*********98,t***@hotmail.com
1053,Matteo,Peixoto,PF,+5551985221984,1963-10-26,2025-12-10,Vieira,MG,75018324635,True,62.0,124,*********35,m***@hotmail.com
2756,Thales,da Luz,PF,+5513918727301,1959-01-15,2025-12-10,Cassiano dos Dourados,DF,50671493299,True,67.0,124,*********99,t***@gmail.com
2782,Luan,da Cruz,PF,(21) 94698-8902,,2025-12-10,Azevedo do Amparo,MG,14390275879,True,,124,*********79,l***@uol.com.br
3146,Bruna,Ramos,PF,+5511924263952,2007-06-11,2025-12-10,Almeida do Oeste,RN,81523679409,True,18.0,124,*********09,b***@outlook.com
3220,Vasconcelos & Rocha EI,,PJ,(51) 92210-2610,1982-08-22,2025-12-10,Camargo de da Rosa,AP,05378492000177,True,43.0,124,************77,v***@comercio.net.br
357,Caleb,Ferreira,PF,+5547939224169,1965-09-02,2025-12-10,Silveira,ES,35409712897,True,60.0,124,*********97,c***@gmail.com
448,Liz,Almeida,PF,(71) 98236-9506,1970-02-05,2025-12-10,Moreira,SE,87153904620,True,56.0,124,*********20,l***@terra.com.br
1029,Letícia,Farias,PF,71925349634,1983-02-27,2025-12-11,Abreu da Serra,AP,95630142860,True,43.0,123,*********60,l***@ig.com.br
1738,Alexandre,Ferreira,PF,+5521965415687,1998-12-17,2025-12-11,Silveira de Minas,MA,76085194285,True,27.0,123,*********85,a***@gmail.com
2140,Gabrielly,Rodrigues,PF,41976066153,1964-08-23,2025-12-11,da Rosa,MG,48309761520,True,61.0,123,*********20,g***@yahoo.com.br
2179,Samuel,da Costa,PF,61968135521,1997-05-13,2025-12-11,Andrade dos Dourados,AP,12358906786,True,28.0,123,*********86,s***@gmail.com
302,Hadassa,Brito,PF,51954264210,1984-03-31,2025-12-11,Andrade,BA,84061572911,True,42.0,123,*********11,h***@uol.com.br
1212,Lima & Ramos EPP,,PJ,61990964606,2002-02-04,2025-12-12,Rocha da Mata,RO,95862074000143,True,24.0,122,************43,l***@empresa.com.br
227,Maria,Oliveira,PF,71913745626,1992-09-29,2025-12-12,Lima,SC,89453217050,True,33.0,122,*********50,m***@gmail.com
851,Clara,Pereira,PF,61919684291,2000-01-13,2025-12-12,Cavalcante de Camargo,SC,17308264580,True,26.0,122,*********80,c***@uol.com.br
91,Otto,da Cunha,PF,31969238442,1991-11-13,2025-12-12,Campos de Cunha,TO,97685031493,True,34.0,122,*********93,o***@uol.com.br
1263,Rocha Serviços e Serviços S/S,,PJ,71919776574,2005-07-26,2025-12-13,Andrade,GO,08169372000158,True,20.0,121,************58,r***@empresa.com.br
1913,Consultoria Camargo EI,,PJ,+5551960422537,1958-05-23,2025-12-13,Fonseca,SP,62937481000113,True,67.0,121,************13,c***@comercio.net.br
220,Clarice,Viana,PF,+5541961644781,1996-03-12,2025-12-13,Cirino Alegre,PR,12853746909,True,30.0,121,*********09,c***@bol.com.br
2586,Maria Luísa,da Luz,PF,(13) 92347-1656,2001-04-16,2025-12-13,Vasconcelos,AP,50827941676,True,25.0,121,*********76,f***@outlook.com
3483,Martins & Castro S/S,,PJ,41941789247,1962-11-22,2025-12-13,Vieira,RJ,93284570000131,True,63.0,121,************31,m***@comercio.net.br
474,Emanuelly,Souza,PF,(13) 92338-5931,,2025-12-13,Gomes de da Rocha,AL,02964315833,True,,121,*********33,e***@terra.com.br
856,Marcos Vinicius,Almeida,PF,+5561957234414,1968-05-16,2025-12-14,da Paz,TO,35718469237,True,57.0,120,*********37,m***@gmail.com
1456,Asafe,Araújo,PF,71952668869,2000-08-29,2025-12-15,Guerra,AP,68710453920,True,25.0,119,*********20,a***@yahoo.com.br
298,Olivia,Correia,PF,47922441776,1974-03-27,2025-12-15,da Mota de Alves,RS,82130547680,True,52.0,119,*********80,o***@uol.com.br
1297,Vargas & Associados S/A,,PJ,+5561942751287,1967-02-26,2025-12-16,da Cruz,MS,78129653000162,True,59.0,118,************62,v***@comercio.net.br
2610,Pedro Lucas,Mendes,PF,,1964-04-13,2025-12-16,Moura,RR,58416273928,True,62.0,118,*********28,p***@gmail.com
2943,Catarina,Melo,PF,(51) 97822-5352,1969-04-01,2025-12-16,Andrade,CE,20819543624,True,57.0,118,*********24,n***@outlook.com
3148,Kamilly,Ramos,PF,13915485101,,2025-12-16,Pastor,RO,62749085365,True,,118,*********65,k***@hotmail.com
609,Calebe,Fonseca,PF,(13) 91774-3680,1985-05-27,2025-12-16,Almeida das Flores,CE,61084237571,True,40.0,118,*********71,c***@gmail.com
96,Maria Alice,Siqueira,PF,(13) 94055-9754,1973-06-29,2025-12-16,Garcia de Farias,AC,79350168448,True,52.0,118,*********48,m***@yahoo.com.br
1555,Caroline,,PF,,1991-02-05,2025-12-17,Nascimento da Serra,AM,16852903451,True,35.0,117,*********51,c***@hotmail.com
2086,Noah,Montenegro,PF,11997464328,1992-10-13,2025-12-17,Novaes,SC,13729845691,True,33.0,117,*********91,n***@hotmail.com
215,Maria Helena,,PF,11964696586,1996-07-15,2025-12-17,Lopes da Mata,SE,16479358228,True,29.0,117,*********28,m***@bol.com.br
2682,Luísa,Siqueira,PF,(61) 95378-3971,1956-12-27,2025-12-17,Ferreira do Sul,RJ,96401783222,True,69.0,117,*********22,l***@uol.com.br
3165,Lívia,Fonseca,PF,+5511954629743,1975-12-19,2025-12-17,Porto do Galho,RJ,17645028335,True,50.0,117,*********35,l***@terra.com.br
2566,Maitê,da Mota,PF,(31) 97476-8092,1985-06-02,2025-12-18,Azevedo dos Dourados,SP,64270851902,True,40.0,116,*********02,m***@ig.com.br
1786,Tecnologia Teixeira EPP,,PJ,+5531917591897,2000-06-26,2025-12-19,Siqueira de Goiás,ES,30487962000188,True,25.0,115,************88,t***@comercio.net.br
1833,Maria,Sousa,PF,,,2025-12-19,Camargo dos Dourados,RO,57809264338,True,,115,*********38,m***@uol.com.br
3028,Fonseca & Associados S/A,,PJ,+5571919877720,1961-07-22,2025-12-19,Pereira,MA,04182973000140,True,64.0,115,************40,f***@empresa.com.br
602,João Lucas,Guerra,PF,,1979-03-08,2025-12-19,da Conceição,RO,02148963589,True,47.0,115,*********89,j***@terra.com.br
757,Davi Lucca,da Mota,PF,+5513965538874,2003-01-11,2025-12-19,Almeida do Galho,RS,49512768011,True,23.0,115,*********11,d***@ig.com.br
956,Pedro Miguel,Moreira,PF,+5513981121427,1972-11-12,2025-12-19,Araújo do Galho,PE,80743961501,True,53.0,115,*********01,p***@hotmail.com
1192,Fernando,Garcia,PF,+5511913065611,1985-08-04,2025-12-20,Dias Paulista,MG,19257486001,True,40.0,114,*********01,f***@bol.com.br
2009,Bella,Vargas,PF,,1999-02-06,2025-12-20,Borges,PA,49587310675,True,27.0,114,*********75,b***@bol.com.br
3257,Brayan,Santos,PF,(11) 97240-3326,1991-04-07,2025-12-20,Borges,MA,18057436271,True,35.0,114,*********71,b***@hotmail.com
823,Joana,Aparecida,PF,+5521919658362,1979-08-20,2025-12-20,Silva do Amparo,AL,17529680420,True,46.0,114,*********20,j***@gmail.com
906,Sophie,Cavalcante,PF,(71) 96220-8502,1995-05-06,2025-12-20,Pimenta de Goiás,RJ,13567982095,True,30.0,114,*********95,s***@bol.com.br
1145,Allana,Pires,PF,+5541949593594,,2025-12-21,Aragão,MS,48520391605,True,,113,*********05,a***@yahoo.com.br
1849,Ana Beatriz,Casa Grande,PF,31935847201,1957-01-31,2025-12-22,Novaes,AM,50837691400,True,69.0,112,*********00,a***@bol.com.br
472,Clarice,Fogaça,PF,,2001-08-17,2025-12-22,Brito,SP,09253614889,True,24.0,112,*********89,c***@hotmail.com
571,Gabrielly,da Rosa,PF,61992808894,1995-02-22,2025-12-22,Cassiano,ES,70361248571,True,31.0,112,*********71,g***@hotmail.com
645,Calebe,Fernandes,PF,+5547989308940,1979-12-09,2025-12-22,Casa Grande,GO,71950386457,True,46.0,112,*********57,c***@ig.com.br
1165,Marina,Duarte,PF,(47) 93459-2182,1969-12-31,2025-12-23,Martins,PI,27034659125,True,56.0,111,*********25,f***@outlook.com
1446,Farias & Pereira EIRELI,,PJ,,1981-12-03,2025-12-23,Sousa da Praia,AC,98420135000100,True,44.0,111,************00,f***@empresa.com.br
1525,Dias Consultoria e Comércio EIRELI,,PJ,51999624194,1959-01-17,2025-12-23,Nascimento,MG,54213697000108,True,67.0,111,************08,d***@comercio.net.br
2246,Sophie,Ramos,PF,,1977-10-19,2025-12-23,Camargo,AP,50179426370,True,48.0,111,*********70,s***@gmail.com
3458,Barbosa Comércio e Sistemas S/S,,PJ,31986104542,1989-08-29,2025-12-23,Camargo da Mata,SE,15638249000102,True,36.0,111,************02,b***@empresa.com.br
5,Josué,Cardoso,PF,21992291571,1957-09-02,2025-12-23,da Mata,ES,67304982500,True,68.0,111,*********00,j***@outlook.com
763,Comércio Soares EI,,PJ,+5561925642048,,2025-12-23,Garcia do Oeste,MG,08347291000109,True,,111,************09,c***@empresa.com.br
2896,Caleb,Moura,PF,(51) 98114-6348,2000-07-04,2025-12-24,Vieira,RR,48302516970,True,25.0,110,*********70,c***@outlook.com
3066,Luiz Fernando,Araújo,PF,+5513965409380,1997-10-22,2025-12-24,Nascimento do Galho,PB,70942861396,True,28.0,110,*********96,l***@ig.com.br
836,Mateus,Porto,PF,+5531935513129,1980-09-29,2025-12-24,Rocha,AC,72639185446,True,45.0,110,*********46,m***@terra.com.br
1476,José Pedro,Cassiano,PF,71923587176,1957-12-08,2025-12-25,Brito,RO,65183294089,True,68.0,109,*********89,j***@bol.com.br
1693,Davi,Cirino,PF,(61) 99728-3156,2003-12-14,2025-12-25,das Neves de Garcia,MT,37052894114,True,22.0,109,*********14,d***@ig.com.br
2753,Isaque,da Conceição,PF,(61) 94844-4698,1957-08-23,2025-12-25,Macedo,ES,71594638209,True,68.0,109,*********09,i***@ig.com.br
3499,Maria Laura,Sampaio,PF,31944786060,1976-01-18,2025-12-25,Campos de Minas,CE,86923740169,True,50.0,109,*********69,e***@gmail.com
812,Benicio,Viana,PF,+5541933296597,1956-09-12,2025-12-25,Abreu,RO,26154089333,True,69.0,109,*********33,b***@outlook.com
968,Silva Informática e Serviços Ltda.,,PJ,(41) 94817-4250,1969-06-15,2025-12-25,Sousa,MG,69580137000169,True,56.0,109,************69,s***@empresa.com.br
1189,Alice,da Paz,PF,21957645941,1957-04-15,2025-12-26,Santos do Galho,AL,08219473541,True,69.0,108,*********41,a***@hotmail.com
151,José,Cardoso,PF,(13) 95347-1492,,2025-12-26,Macedo da Mata,ES,29143758088,True,,108,*********88,j***@yahoo.com.br
378,João,Oliveira,PF,(47) 95811-8386,1957-06-23,2025-12-26,Nunes dos Dourados,MT,43086259124,True,68.0,108,*********24,j***@gmail.com
1004,Mariana,Moura,PF,+5547933175357,1997-07-11,2025-12-27,da Conceição,DF,92367045143,True,28.0,107,*********43,j***@terra.com.br
2436,Pietro,,PF,(61) 93896-2401,1973-06-08,2025-12-27,Barbosa,RR,04279318514,True,52.0,107,*********14,p***@ig.com.br
2596,Henrique,Carvalho,PF,+5521941308209,2007-02-14,2025-12-27,da Costa,AP,14675092802,True,19.0,107,*********02,h***@terra.com.br
2985,Maria Júlia,Rios,PF,,1995-05-04,2025-12-27,Fernandes da Prata,RO,30976481278,True,30.0,107,*********78,m***@terra.com.br
455,Giovanna,Aparecida,PF,(31) 97589-9870,1986-03-15,2025-12-27,da Rosa Grande,MS,97351806268,True,40.0,107,*********68,g***@ig.com.br
126,Raul,Peixoto,PF,13975684691,1982-08-22,2025-12-28,Pastor do Amparo,AC,92045378179,True,43.0,106,*********79,r***@uol.com.br
2253,Thomas,da Luz,PF,+5511915372540,1986-04-17,2025-12-28,da Rocha do Galho,MG,51290473897,True,40.0,106,*********97,t***@ig.com.br
2319,Benjamim,Sales,PF,+5511965207903,,2025-12-28,da Rosa de Monteiro,PE,58621709368,True,,106,*********68,b***@bol.com.br
2632,Maria Laura,Castro,PF,(71) 94131-8102,1991-04-18,2025-12-28,Andrade de Goiás,TO,38052961777,True,35.0,106,*********77,m***@ig.com.br
2951,Sophia,Oliveira,PF,51965385076,,2025-12-28,Ramos,RJ,76083594120,True,,106,*********20,s***@yahoo.com.br
3234,Ana Luiza,Cassiano,PF,21956181054,1981-10-28,2025-12-28,Vasconcelos do Campo,MA,97482351655,True,44.0,106,*********55,a***@outlook.com
669,Luiz Fernando,Peixoto,PF,,1985-03-05,2025-12-28,Aragão de Minas,AC,96458072120,True,41.0,106,*********20,l***@outlook.com
1133,Vieira & Associados EI,,PJ,31962103072,1965-07-06,2025-12-29,Fernandes de das Neves,ES,38940756000193,True,60.0,105,************93,v***@comercio.net.br
1731,Soares & Ribeiro S/S,,PJ,+5513939345881,1959-09-25,2025-12-29,Pinto do Sul,TO,76091385000101,True,66.0,105,************01,s***@empresa.com.br
2075,Arthur Miguel,Costa,PF,,1969-07-11,2025-12-29,das Neves Paulista,AM,57609241849,True,56.0,105,*********49,a***@hotmail.com
2559,Isabel,Pinto,PF,13963625027,1971-01-02,2025-12-29,Macedo da Prata,GO,71623985455,True,55.0,105,*********55,i***@outlook.com
2761,Esther,da Luz,PF,(71) 96429-2943,1965-04-13,2025-12-29,Souza de Costa,PR,67053219461,True,61.0,105,*********61,e***@ig.com.br
3301,Theodoro,Carvalho,PF,,2000-02-13,2025-12-29,Fogaça de Sales,RN,71904625380,True,26.0,105,*********80,t***@yahoo.com.br
2143,Ana Cecília,Correia,PF,,1971-06-28,2025-12-30,Viana,MT,25764801958,True,54.0,104,*********58,a***@ig.com.br
3299,Alice,Jesus,PF,+5511967855583,,2025-12-30,Fernandes,RR,37468150290,True,,104,*********90,a***@gmail.com
425,Gael Henrique,da Rosa,PF,47985522064,,2025-12-30,Fogaça Paulista,MA,50734826974,True,,104,*********74,g***@uol.con.br
456,Vicente,Gomes,PF,,1973-12-19,2025-12-30,Barbosa,SP,51367480957,True,52.0,104,*********57,v***@outlook.com
1107,Davi,Montenegro,PF,71967833464,2002-06-29,2025-12-31,Costa,GO,89026143796,True,23.0,103,*********96,d***@yahoo.com.br
1282,Pedro Miguel,Brito,PF,+5521926857286,1990-02-26,2025-12-31,Campos,AL,60485372983,True,36.0,103,*********83,p***@yahoo.com.br
2288,Luiz Gustavo,Pires,PF,+5547933576359,1981-03-24,2025-12-31,Castro,PE,38471925664,True,45.0,103,*********64,l***@outlook.com
251,Ágatha,Souza,PF,+5521920179079,1988-01-15,2025-12-31,Siqueira,RS,98731025404,True,38.0,103,*********04,g***@hotmail.com
3018,Bianca,Rodrigues,PF,41934572071,1993-12-22,2025-12-31,Rocha,RJ,70293154643,True,32.0,103,*********43,b***@yahoo.com.br
110,Nicolas,Aragão,PF,(31) 97730-1044,,2026-01-01,Freitas,RS,49107356234,True,,102,*********34,n***@yahoo.com.br
1918,Luan,Gonçalves,PF,(71) 93837-9479,1986-11-27,2026-01-01,Nascimento Grande,MS,39708164593,True,39.0,102,*********93,l***@yahoo.com.br
3099,Ágatha,da Mata,PF,(11) 92139-4987,2003-09-17,2026-01-01,da Cruz de Goiás,PI,79065128395,True,22.0,102,*********95,g***@gmail.com
1120,Esther,Gomes,PF,(47) 92078-8136,1990-07-30,2026-01-03,Albuquerque dos Dourados,RJ,98360457247,True,35.0,100,*********47,e***@yahoo.com.br
1368,Nicole,Cavalcanti,PF,51915355706,,2026-01-03,Costa,AP,03758621968,True,,100,*********68,n***@terra.com.br
2524,Isabel,Machado,PF,(21) 91468-7607,1981-05-28,2026-01-03,Rodrigues de Abreu,AL,35987416000,True,44.0,100,*********00,i***@yahoo.com.br
2779,Sabrina,Nunes,PF,41942577499,1999-11-25,2026-01-03,Santos,SP,74105896202,True,26.0,100,*********02,s***@bol.com.br
912,Cecília,Ferreira,PF,+5521992355243,1989-09-02,2026-01-03,Moraes do Norte,TO,53740218690,True,36.0,100,*********90,c***@uol.com.br
1067,Laís,Barros,PF,(71) 93564-3417,1976-02-29,2026-01-04,Correia das Flores,SP,74012958658,True,50.0,99,*********58,l***@hotmail.com
1068,Cauã,da Mata,PF,+5547994576925,,2026-01-04,Sousa,PR,19563428773,True,,99,*********73,c***@outlook.com
1582,Ferreira & Pinto S/S,,PJ,+5561942361148,1989-02-11,2026-01-04,Borges,RS,26538194000177,True,37.0,99,************77,f***@comercio.net.br
2092,Kevin,Macedo,PF,(31) 92479-2831,1975-08-12,2026-01-04,Correia do Amparo,MA,64807125958,True,50.0,99,*********58,k***@hotmail.com
2094,Alexandre,Costela,PF,21944324304,1993-10-24,2026-01-04,Aparecida,CE,06917534234,True,32.0,99,*********34,a***@uol.com.br
3300,Sofia,Gomes,PF,11949696922,1965-09-09,2026-01-04,Jesus do Oeste,PB,78463512909,True,60.0,99,*********09,s***@yahoo.com.br
3337,Ian,Vasconcelos,PF,,2007-01-27,2026-01-04,Montenegro dos Dourados,PR,82465179373,True,19.0,99,*********73,i***@yahoo.com.br
352,Ana Julia,,PF,47918908478,1989-06-23,2026-01-04,Carvalho do Campo,AM,67432510970,True,36.0,99,*********70,a***@hotmail.com
364,Cecília,Campos,PF,(61) 95542-3354,1973-07-12,2026-01-04,Cardoso,MG,73965018493,True,52.0,99,*********93,c***@bol.com.br
1322,Bruno,Moura,PF,61948463145,1974-07-15,2026-01-05,Teixeira de Viana,DF,64013758253,True,51.0,98,*********53,b***@uol.com.br
1710,Maria Luísa,Leão,PF,21952532717,2001-02-04,2026-01-05,Correia do Campo,SC,29086417396,True,25.0,98,*********96,m***@terra.com.br
3163,Maria,Vieira,PF,41973413995,1999-08-22,2026-01-05,Martins de Casa Grande,RO,12348067544,True,26.0,98,*********44,m***@uol.com.br
350,Melo Comércio e Soluções S/S,,PJ,13984206492,1978-06-29,2026-01-05,da Costa,AC,94502317000170,True,47.0,98,************70,m***@comercio.net.br
1523,Ágatha,da Cunha,PF,11926833032,,2026-01-06,Casa Grande,MT,07524186967,True,,97,*********67,g***@gmail.com
1575,Maria Isis,Pinto,PF,21925744716,1973-07-02,2026-01-06,Viana da Serra,AC,75810943675,True,52.0,97,*********75,m***@uol.com.br
1644,Kaique,da Cunha,PF,41923195986,1967-03-11,2026-01-06,da Cruz,MT,47138560966,True,59.0,97,*********66,k***@uol.com.br
209,Ana Lívia,Marques,PF,61967103076,,2026-01-06,Novais,GO,32086714580,True,,97,*********80,a***@uol.com.br
2278,Luiz Gustavo,Montenegro,PF,(71) 98277-2080,1968-06-16,2026-01-06,Lima da Prata,AL,56842791391,True,57.0,97,*********91,l***@uol.com.br
2860,Ana,Abreu,PF,(31) 93523-9887,1957-11-04,2026-01-06,Gomes,BA,50639718493,True,68.0,97,*********93,a***@uol.com.br
1156,Sarah,Pastor,PF,+5551958071085,2003-10-29,2026-01-07,Garcia,DF,95283617068,True,22.0,96,*********68,s***@ig.com.br
2907,Fernandes Comércio e Atacado EI,,PJ,51997976563,1987-06-09,2026-01-07,Pereira,RJ,84926350000173,True,38.0,96,************73,f***@comercio.net.br
299,Carlos Eduardo,Almeida,PF,(21) 95199-6447,1998-12-31,2026-01-07,Sampaio,ES,12649850370,True,27.0,96,*********70,c***@uol.con.br
485,Agatha,Porto,PF,(11) 93379-4368,1989-01-01,2026-01-07,Cavalcante da Praia,RR,79165032470,True,37.0,96,*********70,a***@gmail.com
1982,Arthur,Oliveira,PF,(21) 95173-9166,1987-10-26,2026-01-08,da Rosa,RN,26847159049,True,38.0,95,*********49,a***@hotmail.com
2022,Maria Alice,Aragão,PF,(71) 99473-3910,1974-06-08,2026-01-08,da Mota de Câmara,MT,56127908485,True,51.0,95,*********85,m***@ig.com.br
2348,Liam,Araújo,PF,47910642788,1999-09-05,2026-01-08,Leão do Norte,RN,47395286065,True,26.0,95,*********65,l***@outlook.com
2541,Maya,da Paz,PF,(31) 95965-5961,1988-08-29,2026-01-08,Vargas da Mata,RO,52470386144,True,37.0,95,*********44,m***@yahoo.com.br
1516,Liam,Fernandes,PF,13979404886,2003-02-08,2026-01-09,Souza Paulista,SE,67098243140,True,23.0,94,*********40,l***@yahoo.com.br
1985,Arthur Miguel,Barbosa,PF,61961004726,2005-12-01,2026-01-09,Freitas do Campo,AM,57348619010,True,20.0,94,*********10,a***@hotmail.com
2701,Castro Consultoria e Tecnologia EI,,PJ,(71) 97824-1349,1967-03-17,2026-01-09,Brito dos Dourados,MT,10764825000136,True,59.0,94,************36,c***@empresa.com.br
3338,Asafe,Nascimento,PF,71968103269,2002-11-27,2026-01-09,das Neves da Serra,RS,82617935400,True,23.0,94,*********00,a***@bol.com.br
678,Eloah,Farias,PF,13954089759,1988-05-21,2026-01-09,Melo de Leão,RR,94627031599,True,37.0,94,*********99,e***@uol.com.br
809,Emanuel,Silva,PF,(41) 99320-1746,1978-09-15,2026-01-09,da Cruz do Sul,SP,36592017406,True,47.0,94,*********06,e***@ig.com.br
882,Alexia,Alves,PF,(13) 98535-1843,1970-01-10,2026-01-09,Martins,RO,74863509120,True,56.0,94,*********20,a***@yahoo.com.br
888,Apollo,Pereira,PF,(31) 92477-9592,1962-08-08,2026-01-09,Farias do Campo,AC,53709241804,True,63.0,94,*********04,a***@yahoo.com.br
356,Sophie,Rocha,PF,+5571962471582,1977-05-21,2026-01-10,Duarte,TO,23068741904,True,48.0,93,*********04,s***@uol.com.br
946,Eduardo,Araújo,PF,+5521942769182,2005-06-23,2026-01-10,Teixeira da Serra,AL,08364129740,True,20.0,93,*********40,e***@yahoo.com.br
1311,Caroline,Cassiano,PF,(47) 95367-5750,1985-12-02,2026-01-11,Duarte,PA,65728041353,True,40.0,92,*********53,c***@yahoo.com.br
1860,Vitor,Nogueira,PF,+5571991511859,1987-07-11,2026-01-11,Moura,CE,47103692831,True,38.0,92,*********31,v***@terra.con.br
2409,João Miguel,Sales,PF,,1996-12-12,2026-01-11,Martins das Flores,MT,36487102571,True,29.0,92,*********71,a***@yahoo.com.br
3112,Antônio,Moura,PF,+5521935635321,2001-03-03,2026-01-11,Nascimento Verde,DF,82591704341,True,25.0,92,*********41,a***@gmail.com
689,Stella,Alves,PF,51976035772,1958-02-04,2026-01-11,Pimenta Grande,SC,39720815612,True,68.0,92,*********12,s***@hotmail.com
1357,Garcia & Carvalho S.A.,,PJ,21967586410,1964-06-24,2026-01-12,Sá,RN,65872391000180,True,61.0,91,************80,g***@empresa.com.br
2312,Manuela,Leão,PF,13962924445,1990-01-24,2026-01-12,da Mata de Minas,DF,14823695089,True,36.0,91,*********89,m***@bol.com.br
3238,Benicio,Albuquerque,PF,(21) 96961-7075,1972-01-28,2026-01-12,Cirino da Serra,SE,45702813979,True,54.0,91,*********79,b***@yahoo.com.br
1356,Laís,Abreu,PF,,1958-06-23,2026-01-13,Silveira da Praia,MS,03968751221,True,67.0,90,*********21,l***@gmail.com
1557,Fernando,Borges,PF,(47) 95476-5335,1979-01-13,2026-01-13,Mendes Paulista,SE,69850143215,True,47.0,90,*********15,f***@uol.com.br
221,Rhavi,Duarte,PF,61914623067,1972-11-23,2026-01-13,Porto,PB,80615792359,True,53.0,90,*********59,r***@terra.com.br
2937,Lucas,Santos,PF,(41) 95973-6169,1992-09-06,2026-01-13,Almeida Grande,PA,30694587265,True,33.0,90,*********65,l***@hotmail.com
704,Luísa,Garcia,PF,+5521996519558,1979-01-12,2026-01-13,Rodrigues Grande,CE,89263154791,True,47.0,90,*********91,l***@uol.com.br
734,Rocha & Associados EIRELI,,PJ,(13) 96568-8817,2006-01-23,2026-01-13,Martins de Novaes,AP,96523480000144,True,20.0,90,************44,r***@empresa.com.br
1339,Oliveira & Fernandes S/S,,PJ,(11) 94912-9855,2006-11-07,2026-01-14,Campos Alegre,RJ,06271598000130,True,19.0,89,************30,o***@comercio.net.br
2104,Vitor Gabriel,Caldeira,PF,,,2026-01-14,da Rocha,PA,74689312591,True,,89,*********91,v***@gmail.com
2186,Thomas,Ferreira,PF,21958525713,1961-02-27,2026-01-14,da Conceição de Goiás,SE,85724019620,True,65.0,89,*********20,t***@bol.com.br
2449,Milena,Albuquerque,PF,+5571990208368,,2026-01-14,Azevedo,PA,40625817362,True,,89,*********62,m***@bol.com.br
446,Lorena,Sampaio,PF,+5513974997962,1978-02-27,2026-01-14,da Rosa de Minas,PI,92786543100,True,48.0,89,*********00,l***@ig.com.br
1930,Cecília,Sales,PF,,1962-01-05,2026-01-15,Albuquerque,RS,17568290395,True,64.0,88,*********95,c***@bol.com.br
2314,Miguel,Cavalcante,PF,+5547949905362,1957-07-16,2026-01-15,Aragão,RO,79524631016,True,68.0,88,*********16,m***@yahoo.com.br
2815,Maria Flor,Nascimento,PF,47923616626,1976-11-29,2026-01-15,Albuquerque,AL,76504219370,True,49.0,88,*********70,m***@ig.com.br
3103,Moraes Consultoria e Atacado ME,,PJ,(11) 98749-7190,1975-02-03,2026-01-15,da Mota de Farias,MS,49370156000153,True,51.0,88,************53,m***@empresa.com.br
451,Clarice,Pires,PF,(31) 91858-3967,1972-11-27,2026-01-15,Cunha,MA,80712496530,True,53.0,88,*********30,c***@yahoo.com.br
1015,Laís,Teixeira,PF,+5541945736569,1975-06-20,2026-01-16,Abreu dos Dourados,BA,76125039480,True,50.0,87,*********80,l***@bol.com.br
1074,Marcela,Santos,PF,+5521930468102,1961-11-23,2026-01-16,Barros,AL,68291503451,True,64.0,87,*********51,m***@bol.com.br
2496,Isabelly,Rezende,PF,+5551996283421,1970-08-06,2026-01-16,Pastor,BA,40967812585,True,55.0,87,*********85,i***@bol.com.br
2516,Maria Liz,Aparecida,PF,,1963-07-04,2026-01-17,Nogueira da Serra,AC,76890315286,True,62.0,86,*********86,m***@uol.com.br
2923,Luiz Henrique,Rocha,PF,47944279168,1969-12-16,2026-01-17,Costela,RO,09562417352,True,56.0,86,*********52,l***@ig.com.br
1389,Maria Vitória,Monteiro,PF,71929553870,1982-05-05,2026-01-18,Pimenta de Minas,AM,31490762507,True,43.0,85,*********07,m***@terra.com.br
1893,José Pedro,Fogaça,PF,,1974-09-19,2026-01-18,Mendonça Paulista,RR,65718439273,True,51.0,85,*********73,j***@outlook.com
2161,Gabrielly,Rezende,PF,(13) 92169-3323,,2026-01-18,Cavalcanti de Novaes,MT,29607834178,True,,85,*********78,g***@bol.com.br
2330,João Guilherme,Machado,PF,,1969-01-16,2026-01-18,Santos,SE,45689072176,True,57.0,85,*********76,j***@hotmail.com
3451,Ravi,Caldeira,PF,47967987875,1974-06-06,2026-01-18,Casa Grande,MG,12835067426,True,51.0,85,*********26,r***@bol.com.br
950,Maria Flor,Rezende,PF,31983483479,1996-02-12,2026-01-18,Ramos,RO,28154097630,True,30.0,85,*********30,m***@yahoo.con.br
1859,Hadassa,Aparecida,PF,(13) 94032-5210,1961-02-21,2026-01-19,Viana da Praia,BA,96751328419,True,65.0,84,*********19,h***@hotmail.com
886,Bryan,Borges,PF,(21) 96049-4762,1996-11-26,2026-01-19,da Conceição do Amparo,PR,56873419273,True,29.0,84,*********73,b***@yahoo.com.br
1373,Pietro,Viana,PF,(11) 98236-1890,2003-02-26,2026-01-20,Silva da Serra,RJ,05729846347,True,23.0,83,*********47,p***@outlook.com
2249,Lucas Gabriel,Aragão,PF,(41) 98598-3500,1983-07-18,2026-01-20,Montenegro,RR,78560931457,True,42.0,83,*********57,l***@hotmail.com
2768,Daniel,Sá,PF,,1961-09-06,2026-01-20,Sousa do Galho,SE,51942876319,True,64.0,83,*********19,d***@ig.com.br
395,Benjamim,Leão,PF,71926903377,,2026-01-20,Souza de Azevedo,CE,19360827568,True,,83,*********68,b***@hotmail.com
9,Anthony Gabriel,Rezende,PF,47918564015,1961-04-09,2026-01-20,Nascimento,PA,43921087678,True,65.0,83,*********78,a***@hotmail.com
1668,Cauê,Nunes,PF,51972214500,2005-08-25,2026-01-21,Freitas,AM,04351672862,True,20.0,82,*********62,c***@ig.com.br
1945,Allana,Pimenta,PF,(13) 99964-3254,1975-11-29,2026-01-21,Vasconcelos de Goiás,SE,98126037512,True,50.0,82,*********12,a***@outlook.com
2033,Vargas & Associados S/S,,PJ,41982874596,1974-08-27,2026-01-21,Ferreira de Goiás,TO,12098576000112,True,51.0,82,************12,v***@empresa.con.br
205,Laís,Pimenta,PF,,1983-10-02,2026-01-21,da Mota do Campo,MG,97345628000,True,42.0,82,*********00,l***@terra.com.br
2546,João,da Mata,PF,+5561916178949,1990-08-28,2026-01-21,Melo do Sul,MT,73049186240,True,35.0,82,*********40,j***@yahoo.com.br
2605,Olivia,Nunes,PF,13989147705,,2026-01-21,Fernandes de da Cruz,CE,54278103905,True,,82,*********05,o***@gmail.com
3379,Bella,Gonçalves,PF,,1973-03-04,2026-01-21,Azevedo do Campo,RO,07421956867,True,53.0,82,*********67,b***@uol.com.br
344,Sofia,Azevedo,PF,61988622444,,2026-01-21,Cavalcanti da Serra,CE,20876154976,True,,82,*********76,s***@gmail.com
745,Comércio Nunes S.A.,,PJ,(41) 92454-3104,1969-10-10,2026-01-21,Pastor,MS,74302985000146,True,56.0,82,************46,c***@comercio.net.br
937,Luiz Felipe,Albuquerque,PF,47914658267,1961-11-18,2026-01-21,Moreira,GO,40925837610,True,64.0,82,*********10,l***@bol.com.br
1007,Vicente,Pimenta,PF,,1960-08-09,2026-01-22,Aparecida,PI,79043186287,True,65.0,81,*********87,v***@ig.com.br
1569,Melissa,Cavalcanti,PF,+5547931532991,2007-02-17,2026-01-22,Fogaça do Sul,AL,02439816515,True,19.0,81,*********15,m***@bol.com.br
463,Guilherme,Fogaça,PF,(11) 92264-8576,1969-08-31,2026-01-22,Costela do Campo,GO,27486159309,True,56.0,81,*********09,g***@terra.com.br
522,João Gabriel,Cardoso,PF,(71) 97473-6083,1958-11-30,2026-01-22,Souza,PI,41802639713,True,67.0,81,*********13,j***@yahoo.com.br
1605,Calebe,Almeida,PF,+5547928787414,1995-03-19,2026-01-23,Farias,TO,78361294546,True,31.0,80,*********46,c***@uol.com.br
2153,Benício,,PF,+5513912374558,1991-12-18,2026-01-23,Teixeira dos Dourados,PR,60123758912,True,34.0,80,*********12,b***@yahoo.com.br
2222,Augusto,Barbosa,PF,+5547943519286,1998-07-31,2026-01-23,Vasconcelos dos Dourados,GO,39651204842,True,27.0,80,*********42,a***@terra.com.br
773,Alana,Nunes,PF,(51) 92721-2635,1971-01-08,2026-01-23,Fernandes,ES,51387096230,True,55.0,80,*********30,a***@gmail.com
1995,Samuel,Jesus,PF,+5513971801462,2006-12-17,2026-01-24,Azevedo,CE,25104978397,True,19.0,79,*********97,s***@ig.com.br
3019,Alana,Câmara,PF,(13) 92674-5174,1958-03-20,2026-01-24,Ramos de Marques,CE,03962147543,True,68.0,79,*********43,a***@terra.com.br
3054,Gabrielly,Pastor,PF,21961464009,1984-05-19,2026-01-24,Alves do Oeste,AC,28391476022,True,41.0,79,*********22,g***@ig.com.br
3074,Bernardo,Camargo,PF,(41) 93432-5556,2003-06-25,2026-01-24,Oliveira do Oeste,SE,80723694150,True,22.0,79,*********50,b***@uol.com.br
1444,Eloah,Porto,PF,(21) 92365-3475,1960-02-23,2026-01-25,Siqueira de Goiás,BA,39504726143,True,66.0,78,*********43,e***@gmail.com
1607,Carlos Eduardo,Castro,PF,(13) 97244-5711,,2026-01-25,Santos,PI,15942307814,True,,78,*********14,c***@uol.com.br
1753,Anna Liz,Cavalcante,PF,(31) 98778-9709,1997-04-13,2026-01-25,Andrade,RS,61052498701,True,29.0,78,*********01,a***@ig.com.br
2930,Caleb,Jesus,PF,+5561940721394,1987-04-09,2026-01-25,Borges de Minas,RR,19087543204,True,39.0,78,*********04,c***@bol.com.br
3048,Ana Julia,Montenegro,PF,+5513915146060,1983-01-25,2026-01-25,Gonçalves das Pedras,MA,54963812070,True,43.0,78,*********70,a***@uol.com.br
3446,Fonseca & Fonseca S/A,,PJ,31990355669,2008-03-29,2026-01-25,Azevedo de Marques,AP,78245963000142,True,18.0,78,************42,f***@comercio.net.br
727,Vinícius,Teixeira,PF,31988434886,1966-05-24,2026-01-25,Vasconcelos,RS,51372908404,True,59.0,78,*********04,v***@gmail.com
11,Isaac,Aparecida,PF,21949268208,1973-02-20,2026-01-26,Andrade,AL,24796380574,True,53.0,77,*********74,i***@gmail.com
1174,Júlia,Fogaça,PF,(13) 98503-1104,1966-05-04,2026-01-26,Pinto Alegre,BA,39405672800,True,59.0,77,*********00,j***@bol.com.br
1501,Davi Miguel,Guerra,PF,+5521962224812,1969-05-02,2026-01-26,Costa de da Conceição,PE,36250491805,True,56.0,77,*********05,d***@yahoo.com.br
175,Pereira Comércio e Tecnologia S.A.,,PJ,,1986-05-27,2026-01-26,Pacheco,RS,96258743000135,True,39.0,77,************35,p***@comercio.net.br
224,Importadora Lima S/A,,PJ,+5561916062157,1979-04-08,2026-01-26,Marques Paulista,PB,38402971000130,True,47.0,77,************30,i***@comercio.net.br
2562,Davi Lucas,Martins,PF,(21) 91652-1835,1965-04-18,2026-01-26,Vargas,PR,13985706484,True,61.0,77,*********84,d***@terra.com.br
530,Ferreira Serviços e Atacado Ltda.,,PJ,(47) 93424-4595,1973-11-06,2026-01-26,Albuquerque do Oeste,PA,34698701000168,True,52.0,77,************68,f***@empresa.com.br
555,Maria Flor,Cavalcante,PF,+5547922099860,1956-07-22,2026-01-26,Martins,MG,21306547970,True,69.0,77,*********70,m***@bol.com.br
736,Catarina,da Costa,PF,+5531980936030,2005-12-16,2026-01-26,Montenegro,GO,24893510606,True,20.0,77,*********06,c***@yahoo.com.br
1655,Gabriela,Camargo,PF,31985628544,1986-05-24,2026-01-27,Pinto de Marques,MS,29176085368,True,39.0,76,*********68,g***@yahoo.com.br
26,Danilo,Lima,PF,+5561979324398,1988-06-18,2026-01-27,Cunha,RO,83974506101,True,37.0,76,*********01,d***@hotmail.com
3258,Luara,da Rocha,PF,+5531972654890,1963-05-19,2026-01-27,Porto,AM,18024357607,True,62.0,76,*********07,l***@yahoo.com.br
46,Lorenzo,Fogaça,PF,+5561936641428,2001-07-16,2026-01-27,Camargo de Rodrigues,AC,01689475366,True,24.0,76,*********66,l***@yahoo.com.br
574,Letícia,Freitas,PF,+5511926437638,1997-06-12,2026-01-27,Machado,ES,20847153932,True,28.0,76,*********32,l***@uol.com.br
1290,Leonardo,Silveira,PF,+5571964191444,1979-10-03,2026-01-28,Jesus dos Dourados,PR,46102983769,True,46.0,75,*********69,l***@yahoo.com.br
2298,Yan,Sousa,PF,(47) 98088-8658,1959-01-16,2026-01-28,Cardoso,GO,05314827905,True,67.0,75,*********05,y***@bol.com.br
2602,Yasmin,Camargo,PF,+5511961175985,1987-11-02,2026-01-28,Cardoso,RR,65742938047,True,38.0,75,*********47,y***@outlook.com
2823,Ísis,Nascimento,PF,61961397496,1971-02-13,2026-01-28,Rezende,GO,50836729447,True,55.0,75,*********47,s***@bol.com.br
2441,Ian,Sousa,PF,+5531916399537,1996-03-10,2026-01-29,Pastor,SP,19238567077,True,30.0,74,*********77,a***@hotmail.com
3060,Bella,das Neves,PF,47914161990,1969-11-12,2026-01-29,Camargo,AM,54896072111,True,56.0,74,*********11,b***@ig.com.br
1082,Isis,Mendonça,PF,(13) 91881-3328,1984-11-22,2026-01-30,Rocha de Sá,DF,17408596267,True,41.0,73,*********67,i***@outlook.com
1229,Alícia,da Rocha,PF,(41) 96828-3133,1961-06-14,2026-01-30,Rocha,RN,29810347588,True,64.0,73,*********88,a***@gmail.com
1744,Noah,Pereira,PF,+5561984969785,1958-07-28,2026-01-30,Sá,MS,07961382577,True,67.0,73,*********77,n***@ig.com.br
2886,Heloisa,,PF,+5547922586616,1958-05-17,2026-01-30,Gonçalves,RJ,97602348583,True,67.0,73,*********83,h***@bol.com.br
2432,Luiz Otávio,Alves,PF,+5511980265538,1999-02-24,2026-01-31,Aragão,MA,26051348735,True,27.0,72,*********35,l***@yahoo.com.br
2504,Leandro,Pires,PF,(47) 92389-9140,1992-05-16,2026-01-31,Almeida,PA,81039746250,True,33.0,72,*********50,l***@terra.com.br
810,Vasconcelos & Saraiva EPP,,PJ,(11) 96429-7324,1992-06-16,2026-01-31,Câmara,SC,68932754000113,True,33.0,72,************13,v***@comercio.net.br
2198,Davi Luiz,Andrade,PF,,1970-08-20,2026-02-01,Dias do Oeste,RS,70426931831,True,55.0,71,*********31,d***@gmail.com
2536,Castro Comércio e Comércio S/A,,PJ,47967026917,1960-02-26,2026-02-01,Vargas de Guerra,PA,63472851000157,True,66.0,71,************57,c***@empresa.com.br
273,Calebe,Guerra,PF,+5531968649994,1961-09-13,2026-02-01,Andrade,RN,76385092429,True,64.0,71,*********29,c***@ig.com.br
2877,Pedro Henrique,Costela,PF,(51) 92767-5468,,2026-02-01,Marques de Minas,RJ,68523049738,True,,71,*********38,p***@outlook.com
3253,Maria Helena,Nascimento,PF,61979073271,1970-04-30,2026-02-01,Martins,MT,69752438164,True,55.0,71,*********64,m***@uol.com.br
3289,Letícia,Cassiano,PF,+5513969096886,2007-02-12,2026-02-01,Nogueira Alegre,AM,30684592738,True,19.0,71,*********38,l***@uol.com.br
125,Hellena,Cirino,PF,(51) 91530-5950,,2026-02-02,Casa Grande,PA,91648537219,True,,70,*********19,h***@ig.com.br
176,Distribuidora Santos S/S,,PJ,+5551951593090,1989-10-27,2026-02-02,Alves,AL,86907453000111,True,36.0,70,************11,d***@empresa.com.br
2034,Lorena,Caldeira,PF,71923208453,1988-10-26,2026-02-03,Fogaça,SP,98560213759,True,37.0,69,*********59,l***@terra.com.br
2251,Maria Júlia,Souza,PF,,1986-09-25,2026-02-03,Cardoso de Santos,PI,82513907612,True,39.0,69,*********12,m***@ig.com.br
301,Léo,Cavalcanti,PF,(51) 91772-3055,,2026-02-03,Cunha dos Dourados,PA,90426357892,True,,69,*********92,l***@uol.com.br
404,Cecília,Casa Grande,PF,47921236120,1989-12-15,2026-02-03,Nunes,PE,65120497306,True,36.0,69,*********06,c***@hotmail.com
1201,Allana,Cirino,PF,+5511935282664,2007-07-22,2026-02-04,Fonseca,PR,07816295430,True,18.0,68,*********30,a***@terra.com.br
1467,Francisco,Pacheco,PF,,1957-10-28,2026-02-04,Sá,RO,87523610471,True,68.0,68,*********71,f***@uol.com.br
199,Gael Henrique,Pacheco,PF,(61) 96118-8508,1991-01-04,2026-02-04,Cavalcanti do Sul,RN,58672091302,True,35.0,68,*********02,g***@terra.com.br
2079,Eloah,Rocha,PF,41959798507,1989-09-06,2026-02-04,Barros das Pedras,SC,85024319788,True,36.0,68,*********88,e***@yahoo.com.br
2213,Lara,da Rocha,PF,47911031167,2001-07-07,2026-02-04,Moura,RJ,64238915755,True,24.0,68,*********55,l***@ig.com.br
2476,Luiz Fernando,Ferreira,PF,(11) 99695-1071,1992-08-24,2026-02-04,Marques,PE,38197426031,True,33.0,68,*********31,l***@gmail.com
2918,Lunna,Cavalcanti,PF,(31) 92319-8476,1957-06-15,2026-02-04,Alves,PB,86594271300,True,68.0,68,*********00,l***@gmail.com
3107,Isadora,Sousa,PF,11961332665,,2026-02-04,das Neves de Monteiro,AL,96320758112,True,,68,*********12,i***@gmail.com
606,Ravi,Moreira,PF,(31) 98435-2920,1988-05-12,2026-02-04,Porto das Flores,SE,35617829068,True,37.0,68,*********68,r***@hotmail.com
971,José Pedro,Pereira,PF,(31) 98745-7013,1982-08-25,2026-02-04,Carvalho,SE,89043127523,True,43.0,68,*********23,j***@ig.com.br
2217,Ryan,Vieira,PF,(11) 92722-3219,1958-01-03,2026-02-05,Moraes de Oliveira,RR,95814067276,True,68.0,67,*********76,r***@bol.com.br
2327,Levi,Melo,PF,+5551989097655,1980-07-17,2026-02-05,Pacheco dos Dourados,AL,92417305607,True,45.0,67,*********07,l***@bol.con.br
2798,Théo,Ribeiro,PF,+5547969334457,1960-01-09,2026-02-05,Monteiro do Sul,AP,35076189230,True,66.0,67,*********30,t***@gmail.com
103,Letícia,Novais,PF,61979905903,1957-07-11,2026-02-06,Costa da Serra,ES,12548690776,True,68.0,66,*********76,l***@hotmail.com
1841,Mathias,Souza,PF,+5531937807629,1978-10-07,2026-02-06,Andrade de Goiás,MT,94531027680,True,47.0,66,*********80,m***@bol.com.br
3078,Maitê,Araújo,PF,(41) 98971-9838,2004-08-25,2026-02-06,Castro Paulista,CE,75962813030,True,21.0,66,*********30,m***@outlook.com
3119,Matheus,,PF,(41) 95904-5506,1961-03-08,2026-02-06,Pires de Vasconcelos,MG,03526941815,True,65.0,66,*********15,m***@hotmail.com
361,Helena,Almeida,PF,(47) 93842-6148,1973-05-01,2026-02-06,Nascimento,RS,83246591709,True,52.0,66,*********09,h***@yahoo.com.br
188,Zoe,da Rosa,PF,13934737397,1961-10-29,2026-02-07,Casa Grande,SE,65137042862,True,64.0,65,*********62,z***@bol.com.br
1912,Marcela,Camargo,PF,+5571945757508,1976-02-01,2026-02-07,Souza,RJ,84769150393,True,50.0,65,*********93,m***@ig.con.br
1981,Raul,Rios,PF,(31) 97089-6188,1977-10-04,2026-02-07,Pires,AP,43870562900,True,48.0,65,*********00,r***@hotmail.com
226,Maria Isis,Montenegro,PF,71942412054,,2026-02-07,Carvalho,RJ,27431895682,True,,65,*********82,m***@terra.com.br
844,Importadora Pacheco EPP,,PJ,+5511928475117,1992-01-05,2026-02-07,Câmara de Ribeiro,RN,01876234000160,True,34.0,65,************60,i***@comercio.net.br
855,Valentina,Vargas,PF,47939057223,1969-09-26,2026-02-07,Novaes,RR,95137486264,True,56.0,65,*********64,v***@gmail.com
1521,Ana Cecília,Ramos,PF,61981408325,1998-02-26,2026-02-08,Freitas,PR,50724983600,True,28.0,64,*********00,a***@gmail.com
20,Ágatha,Sousa,PF,+5551910128762,1977-10-02,2026-02-08,Pastor de Sampaio,RS,68971325437,True,48.0,64,*********37,g***@yahoo.com.br
3269,Guilherme,Castro,PF,(21) 92128-5994,,2026-02-08,Barros,AL,29078154667,True,,64,*********67,g***@yahoo.com.br
3284,Gabrielly,Rocha,PF,+5571965218846,1962-01-09,2026-02-08,Gomes,PI,24873501997,True,64.0,64,*********97,g***@hotmail.com
1453,Davi Miguel,Lopes,PF,41938416518,1976-09-14,2026-02-09,Cavalcanti,PI,32479560856,True,49.0,63,*********56,d***@uol.com.br
152,Anna Liz,Mendes,PF,(31) 95674-9278,1960-02-09,2026-02-09,Costela,MS,67381024535,True,66.0,63,*********35,a***@hotmail.com
1885,Emanuella,Porto,PF,(11) 99122-5865,1993-07-07,2026-02-09,Pereira da Serra,MG,81509642749,True,32.0,63,*********49,e***@yahoo.com.br
2167,Lucas Gabriel,Moreira,PF,(13) 92106-6427,1962-04-27,2026-02-09,Dias,MA,08729541611,True,64.0,63,*********11,l***@bol.com.br
2328,Emanuella,Garcia,PF,61931798046,,2026-02-09,Pimenta da Prata,BA,18290463731,True,,63,*********31,e***@gmail.com
2362,Luiza,Gomes,PF,13918829057,2000-07-28,2026-02-09,Freitas,AC,53072498610,True,25.0,63,*********10,l***@outlook.com
3020,Paulo,Costela,PF,,1968-10-04,2026-02-09,Viana,MT,49651023805,True,57.0,63,*********05,d***@ig.com.br
3249,Ana Carolina,Pimenta,PF,(47) 98544-5063,1963-02-10,2026-02-09,Sampaio,CE,35194068700,True,63.0,63,*********00,a***@ig.com.br
2223,Agatha,Cassiano,PF,51910454107,1986-06-19,2026-02-10,Mendonça do Galho,RJ,12365874053,True,39.0,62,*********53,a***@gmail.com
3155,Enrico,Pereira,PF,+5511982377893,1979-10-10,2026-02-10,Cunha da Mata,SE,90438126769,True,46.0,62,*********69,e***@outlook.com
328,Enrico,Mendonça,PF,+5541942565100,2001-10-11,2026-02-10,Macedo,TO,26013975868,True,24.0,62,*********68,e***@bol.com.br
377,Oliver,Gomes,PF,+5551952045823,1972-02-16,2026-02-10,Moraes do Norte,MS,19206857312,True,54.0,62,*********12,o***@gmail.com
1551,Igor,Costela,PF,(13) 94604-9310,2002-02-19,2026-02-11,Cirino de Melo,PR,08236149722,True,24.0,61,*********22,c***@outlook.com
1658,Bárbara,Azevedo,PF,(47) 99164-2522,,2026-02-11,Casa Grande,RR,46871230904,True,,61,*********04,b***@ig.com.br
2772,Freitas & Associados EI,,PJ,(61) 93440-9823,2006-01-02,2026-02-11,Pinto de Sampaio,AC,83204976000103,True,20.0,61,************03,f***@comercio.net.br
2235,Ana Sophia,Siqueira,PF,(31) 99697-5110,,2026-02-12,Sampaio,ES,74961058300,True,,60,*********00,a***@hotmail.com
651,Isabela,Silveira,PF,41945522053,,2026-02-12,Vasconcelos,RN,97682035102,True,,60,*********02,i***@uol.com.br
995,Maysa,Rezende,PF,+5561985484798,1985-09-22,2026-02-12,da Cunha,RR,46297385173,True,40.0,60,*********73,m***@gmail.com
1562,Sabrina,Costela,PF,(13) 99995-9714,1991-01-19,2026-02-13,Silveira de Pinto,AL,09462817340,True,35.0,59,*********40,s***@ig.com.br
1660,Alana,Machado,PF,71912271479,1993-12-12,2026-02-13,Duarte de Ramos,MG,41253908788,True,32.0,59,*********88,a***@hotmail.com
202,Camargo Serviços e Serviços EI,,PJ,21976957670,1984-08-24,2026-02-13,da Luz de Martins,SC,80625143000128,True,41.0,59,************28,c***@empresa.com.br
1268,Julia,Correia,PF,31931768831,1996-05-06,2026-02-14,Garcia do Norte,SC,46302195870,True,29.0,58,*********70,j***@yahoo.com.br
2528,Vitória,Pinto,PF,31925607339,1987-08-09,2026-02-14,Cassiano,PI,79412506830,True,38.0,58,*********30,a***@yahoo.com.br
907,Rafaela,Silva,PF,(41) 93687-2286,1985-02-04,2026-02-14,da Mata de Souza,RN,23105867490,True,41.0,58,*********90,r***@terra.com.br
1678,Ravi,,PF,+5521940545726,1974-11-16,2026-02-15,Almeida,AM,42106738544,True,51.0,57,*********44,r***@hotmail.com
2182,Silveira & Associados EI,,PJ,31948692644,1987-01-02,2026-02-15,Garcia,MT,17658239000156,True,39.0,57,************56,s***@comercio.net.br
248,Hellena,Jesus,PF,41947349935,2006-08-04,2026-02-15,Moura das Pedras,PI,61029435898,True,19.0,57,*********98,h***@gmail.com
2481,Bento,Pimenta,PF,47937845190,,2026-02-15,da Rosa de Vieira,RO,96428035774,True,,57,*********74,b***@hotmail.com
3382,Clara,da Rosa,PF,11937074374,1980-05-21,2026-02-15,Lima,RO,02968437500,True,45.0,57,*********00,m***@hotmail.com
339,Rafaela,Caldeira,PF,51956713266,2004-06-05,2026-02-15,Moura,AP,09325168740,True,21.0,57,*********40,r***@hotmail.com
419,Davi Lucca,Peixoto,PF,(51) 96994-4351,1987-12-31,2026-02-15,Alves do Oeste,ES,13274605808,True,38.0,57,*********08,d***@gmail.com
1164,Anthony Gabriel,Rodrigues,PF,,,2026-02-16,Farias,MS,13679250886,True,,56,*********86,a***@bol.com.br
1253,Ana Carolina,,PF,+5547979752623,2007-02-16,2026-02-16,Machado,SP,30829461515,True,19.0,56,*********15,a***@hotmail.com
1568,Ana Clara,Cunha,PF,41957818925,1964-12-10,2026-02-16,Mendonça Verde,RJ,46385027171,True,61.0,56,*********71,a***@ig.com.br
1383,Atacado Lopes EPP,,PJ,+5521958354969,2002-08-20,2026-02-17,Ferreira,RS,03842659000183,True,23.0,55,************83,a***@comercio.net.br
1677,Leonardo,Fonseca,PF,71935005826,1997-07-08,2026-02-17,Fogaça Verde,MA,82745913646,True,28.0,55,*********46,l***@gmail.com
2924,Isis,Nunes,PF,+5531964889846,1970-10-23,2026-02-17,Rezende da Prata,CE,09583476110,True,55.0,55,*********10,i***@uol.com.br
1102,Anthony Gabriel,Peixoto,PF,+5511927663399,1981-10-17,2026-02-18,Cirino,AM,52603189786,True,44.0,54,*********86,a***@uol.com.br
1486,Benjamin,Almeida,PF,+5551940545067,1979-05-07,2026-02-18,Freitas da Prata,MA,39078651202,True,46.0,54,*********02,a***@terra.com.br
222,Maria Luísa,Castro,PF,(41) 96582-5590,1983-03-14,2026-02-18,Câmara,PR,35618290405,True,43.0,54,*********05,m***@outlook.com
2411,Farias & Associados S.A.,,PJ,(51) 96961-8001,1988-02-19,2026-02-18,Leão do Galho,AP,15789042000120,True,38.0,54,************20,f***@empresa.com.br
332,Isabelly,da Cunha,PF,+5513967586770,1962-02-22,2026-02-18,Fonseca,PB,75012968476,True,64.0,54,*********76,i***@ig.com.br
568,Moreira & Nascimento S/A,,PJ,21997902520,1970-02-24,2026-02-18,da Mata,MS,20357169000100,True,56.0,54,************00,m***@empresa.com.br
1006,Melina,Caldeira,PF,(51) 99938-7654,1962-03-03,2026-02-19,Martins,RS,68305197212,True,64.0,53,*********12,m***@yahoo.com.br
1149,Moraes & Vieira S.A.,,PJ,+5521923064301,1986-05-23,2026-02-19,Fernandes do Sul,MA,03926547000100,True,39.0,53,************00,m***@comercio.net.br
1730,Informática Souza EI,,PJ,21954747626,1977-12-27,2026-02-19,Brito do Norte,BA,68274591000129,True,48.0,53,************29,i***@empresa.com.br
2090,Rodrigues & Cunha S.A.,,PJ,(51) 91200-6665,1973-05-24,2026-02-19,da Paz,AC,90538417000103,True,52.0,53,************03,r***@empresa.com.br
470,Caio,Vieira,PF,61961326164,,2026-02-19,Montenegro,GO,59271068467,True,,53,*********67,c***@uol.com.br
495,Teixeira Serviços e Comércio Ltda.,,PJ,(31) 99331-2035,,2026-02-19,Rodrigues da Praia,ES,83174526000115,True,,53,************15,t***@comercio.net.br
753,Tecnologia Pacheco S/S,,PJ,+5551958743569,1994-04-01,2026-02-19,Cunha do Oeste,PB,75126308000187,True,32.0,53,************87,t***@comercio.net.br
1033,Ana Carolina,Castro,PF,+5571942505402,,2026-02-20,Ramos de Gomes,RR,65478210307,True,,52,*********07,a***@yahoo.con.br
2130,Sophie,Casa Grande,PF,(61) 96581-5111,1990-12-05,2026-02-20,Castro,PE,73214965034,True,35.0,52,*********34,s***@yahoo.com.br
3394,Maria Isis,Carvalho,PF,+5571987372462,2001-06-12,2026-02-20,Ribeiro Verde,AL,95481762382,True,24.0,52,*********82,m***@hotmail.com
1270,Vitor,Lopes,PF,47911273351,1989-02-14,2026-02-21,da Cruz,RR,43692508115,True,37.0,51,*********15,v***@hotmail.com
2295,Esther,Guerra,PF,,2002-07-01,2026-02-21,das Neves,AC,02416593706,True,23.0,51,*********06,e***@terra.com.br
421,Ana Beatriz,Caldeira,PF,,1974-03-15,2026-02-21,Machado dos Dourados,DF,18407963593,True,52.0,51,*********93,a***@bol.com.br
987,Miranda & Carvalho S/A,,PJ,(31) 98649-4239,1965-05-30,2026-02-21,Aparecida Verde,CE,71564092000180,True,60.0,51,************80,m***@comercio.net.br
3079,Caio,da Cruz,PF,+5531947351083,2005-05-05,2026-02-22,Ferreira Grande,CE,17432960534,True,20.0,50,*********34,c***@bol.com.br
3378,Maria Helena,Ribeiro,PF,(41) 98822-7361,1995-05-12,2026-02-22,Pinto,SP,27319650452,True,30.0,50,*********52,m***@ig.com.br
1610,Luan,Gomes,PF,,1983-12-03,2026-02-23,Jesus da Mata,GO,95137804657,True,42.0,49,*********57,l***@gmail.com
165,Lorena,da Paz,PF,(21) 95833-2628,1998-09-03,2026-02-23,Costa,CE,93741568228,True,27.0,49,*********28,l***@ig.com.br
2569,Maria Helena,Moraes,PF,+5561944392596,1964-10-06,2026-02-23,Nogueira da Prata,SP,13749825637,True,61.0,49,*********37,m***@hotmail.com
3349,Noah,Santos,PF,,1969-03-01,2026-02-23,Guerra,SP,20389614769,True,57.0,49,*********69,n***@bol.com.br
1049,Lavínia,Cunha,PF,+5513917457874,,2026-02-24,Costa,ES,13625894700,True,,48,*********00,l***@ig.com.br
2021,Valentim,Ribeiro,PF,,1969-01-15,2026-02-24,Albuquerque do Galho,RO,30926478150,True,57.0,48,*********50,v***@uol.com.br
2609,Yuri,Moreira,PF,+5531990871050,1989-02-17,2026-02-24,Monteiro do Sul,RO,75826390140,True,37.0,48,*********40,y***@hotmail.com
3366,Anna Liz,Aparecida,PF,47991062086,1971-04-25,2026-02-24,Novais da Serra,DF,56918243764,True,55.0,48,*********64,a***@yahoo.com.br
444,Distribuidora Gonçalves ME,,PJ,+5521929478343,2002-12-04,2026-02-24,Marques,PR,81652790000191,True,23.0,48,************91,d***@comercio.net.br
1046,Gonçalves Atacado e Importadora EI,,PJ,(47) 99323-5286,2001-08-30,2026-02-25,Nogueira,AL,98576240000133,True,24.0,47,************33,g***@comercio.net.br
1274,Fernando,Rezende,PF,+5531912153872,1980-02-03,2026-02-25,Nogueira Verde,RJ,65807412958,True,46.0,47,*********58,f***@ig.com.br
267,Yuri,,PF,+5513989128866,1985-09-30,2026-02-25,Gonçalves,SP,08436175948,True,40.0,47,*********48,y***@uol.com.br
3216,Pacheco Importadora e Tecnologia EI,,PJ,,1962-07-20,2026-02-25,Cunha,SP,06918324000190,True,63.0,47,************90,p***@comercio.net.br
970,Yuri,Cavalcante,PF,,1966-02-10,2026-02-25,Sales,PR,62493085710,True,60.0,47,*********10,y***@yahoo.com.br
1050,Luísa,da Luz,PF,+5551959281702,1970-03-27,2026-02-26,Campos,MT,57348210988,True,56.0,46,*********88,l***@outlook.com
2840,Kevin,da Luz,PF,(11) 98795-5442,1990-01-30,2026-02-26,Siqueira,AM,38692741582,True,36.0,46,*********82,k***@uol.com.br
696,Ravy,Sá,PF,+5511915367030,1969-12-04,2026-02-26,Mendonça,RO,74389016296,True,56.0,46,*********96,r***@uol.com.br
1511,Clara,Gomes,PF,(51) 97704-1673,1983-07-18,2026-02-27,da Mata das Flores,AM,35241908633,True,42.0,45,*********33,c***@hotmail.com
1498,Maitê,da Conceição,PF,+5547992958098,1969-12-27,2026-02-28,Pinto,AP,82173065408,True,56.0,44,*********08,m***@yahoo.com.br
2082,Bárbara,Cavalcanti,PF,13939792479,1977-09-03,2026-02-28,Dias do Campo,GO,61359780203,True,48.0,44,*********03,b***@bol.com.br
724,Melo & Associados EI,,PJ,(41) 94634-9849,,2026-02-28,Freitas do Sul,RN,03964871000113,True,,44,************13,m***@empresa.com.br
1113,Maria Cecília,Rodrigues,PF,(47) 92861-6883,2001-05-31,2026-03-01,Moura,RS,67103849501,True,24.0,43,*********01,m***@hotmail.com
1450,Kamilly,Dias,PF,41928565408,1956-05-05,2026-03-01,Albuquerque,GO,69758041339,True,69.0,43,*********39,k***@terra.com.br
1673,Ana Julia,Caldeira,PF,47948825281,1965-06-22,2026-03-01,Alves do Campo,AM,85341679237,True,60.0,43,*********37,a***@bol.com.br
3164,Maria,Castro,PF,+5551988835775,1970-09-15,2026-03-01,Pacheco,SC,13467298591,True,55.0,43,*********91,m***@uol.com.br
3438,Benício,Viana,PF,+5541993164731,1977-06-29,2026-03-01,Nunes de Nogueira,SP,02641598370,True,48.0,43,*********70,b***@gmail.com
37,Vargas & Santos EIRELI,,PJ,47978585507,1974-02-23,2026-03-01,Nogueira,SC,34519082000105,True,52.0,43,************05,v***@empresa.com.br
925,Alícia,Campos,PF,(51) 97102-8161,1980-08-12,2026-03-01,Pereira,AM,74361802580,True,45.0,43,*********80,a***@outlook.com
1420,Mirella,Rios,PF,+5531923659334,1996-06-06,2026-03-02,Pimenta do Galho,AM,46217359855,True,29.0,42,*********55,m***@outlook.com
1427,Nicolas,das Neves,PF,+5513931528841,,2026-03-02,Aparecida,SE,32697584056,True,,42,*********56,n***@uol.com.br
3181,Olívia,,PF,61968419186,1977-06-11,2026-03-02,Camargo de Cardoso,MT,53784210635,True,48.0,42,*********35,o***@outlook.com
438,Thomas,Novais,PF,+5551966873799,1956-06-26,2026-03-02,Aparecida,PB,19063874510,True,69.0,42,*********10,t***@yahoo.com.br
725,Caleb,Leão,PF,(41) 97150-2041,1985-07-09,2026-03-02,Câmara de Rezende,PE,78391250695,True,40.0,42,*********95,c***@bol.com.br
1124,Silveira Importadora e Distribuidora S/S,,PJ,(47) 97604-2086,1957-09-10,2026-03-03,Dias,RJ,97634521000132,True,68.0,41,************32,s***@empresa.com.br
2650,Saraiva & Associados S/S,,PJ,+5513991313780,1956-12-31,2026-03-03,Nunes,MS,23087691000108,True,69.0,41,************08,s***@empresa.con.br
2899,Yago,Moraes,PF,(13) 94304-2673,1985-12-31,2026-03-03,Ramos,AL,06318472940,True,40.0,41,*********40,y***@uol.com.br
3097,Enrico,Cunha,PF,(11) 94822-1419,1974-11-10,2026-03-03,Vasconcelos,RS,89346157291,True,51.0,41,*********91,e***@terra.com.br
508,Maria Sophia,Santos,PF,+5561926185416,1957-11-27,2026-03-03,Rocha Paulista,PA,29615347043,True,68.0,41,*********43,m***@bol.com.br
760,Ana Sophia,Moraes,PF,+5547922547913,2007-07-09,2026-03-03,da Cunha,AM,39120784678,True,18.0,41,*********78,a***@gmail.com
1141,Soluções Moreira S/S,,PJ,+5547996333014,1968-01-14,2026-03-04,Garcia de Vargas,RN,06182573000160,True,58.0,40,************60,s***@empresa.com.br
1447,Brayan,Câmara,PF,(13) 93613-3360,1962-12-19,2026-03-04,da Luz,PA,27346809122,True,63.0,40,*********22,b***@outlook.com
2135,Serviços Lopes ME,,PJ,+5521997881530,1960-02-15,2026-03-04,da Luz de Pastor,AP,71240386000157,True,66.0,40,************57,s***@comercio.net.br
2653,Daniela,Freitas,PF,+5531955336712,,2026-03-04,Ramos da Serra,SE,67324105980,True,,40,*********80,d***@ig.com.br
3413,Mendes Informática e Atacado EI,,PJ,(31) 97171-2892,1973-10-30,2026-03-04,Barros,SP,53691420000128,True,52.0,40,************28,m***@comercio.net.br
3488,Lavínia,da Conceição,PF,(13) 97023-3517,,2026-03-04,Aparecida de Lopes,TO,97623580159,True,,40,*********59,l***@hotmail.com
4,Beatriz,Guerra,PF,(51) 94336-9346,1962-01-12,2026-03-04,Pimenta do Amparo,PA,23078415988,True,64.0,40,*********88,b***@yahoo.com.br
676,Anna Liz,Machado,PF,13939409874,1974-11-01,2026-03-04,Macedo,TO,61480239704,True,51.0,40,*********04,a***@yahoo.com.br
1032,Informática Martins S.A.,,PJ,(21) 94566-2721,1985-03-13,2026-03-05,Fogaça,PA,17360452000187,True,41.0,39,************87,i***@empresa.com.br
1699,Olivia,Sousa,PF,21920919735,,2026-03-05,Melo de Vasconcelos,RO,40532978188,True,,39,*********88,o***@ig.con.br
2208,Aurora,Novais,PF,,2000-01-31,2026-03-05,das Neves do Sul,RS,82147053988,True,26.0,39,*********88,a***@terra.com.br
3427,Pietra,Martins,PF,+5521960332053,2000-03-04,2026-03-05,Pires,PR,43805162960,True,26.0,39,*********60,p***@ig.com.br
98,Henry Gabriel,Rios,PF,(13) 96407-8213,1965-05-02,2026-03-05,Andrade das Flores,PE,15243680915,True,60.0,39,*********15,h***@gmail.com
1205,Yan,Pereira,PF,47971226825,1985-08-04,2026-03-06,Marques do Sul,AC,48165902342,True,40.0,38,*********42,y***@terra.com.br
3401,Gomes & Associados S/S,,PJ,41981516610,1957-05-08,2026-03-06,Cardoso,AC,05218974000160,True,68.0,38,************60,g***@comercio.net.br
528,Sofia,Cirino,PF,71965319396,1995-12-15,2026-03-06,Santos do Amparo,DF,18093452788,True,30.0,38,*********88,s***@hotmail.com
1191,Fernandes & Associados S/A,,PJ,,1987-06-01,2026-03-07,Azevedo,RS,67241893000138,True,38.0,37,************38,f***@empresa.com.br
1402,Ayla,das Neves,PF,+5541980369162,1972-10-30,2026-03-07,Câmara de Goiás,RR,02984617304,True,53.0,37,*********04,a***@hotmail.com
1962,Amanda,Lopes,PF,31927529231,1976-03-18,2026-03-07,Moreira de Minas,MS,35961240851,True,50.0,37,*********51,a***@bol.com.br
30,Cauã,Correia,PF,(71) 99211-5580,1966-03-15,2026-03-07,Marques de Fernandes,SE,03624785974,True,60.0,37,*********74,r***@gmail.com
3041,Yago,Gonçalves,PF,(13) 94447-6555,1984-04-07,2026-03-07,Peixoto,PB,90765481375,True,42.0,37,*********75,y***@terra.com.br
459,Letícia,Mendes,PF,+5571924977744,1961-09-16,2026-03-07,Vargas,RR,17269530416,True,64.0,37,*********16,l***@bol.com.br
493,Anthony Gabriel,Mendes,PF,71939406163,1965-03-17,2026-03-07,Souza,PE,36271405835,True,61.0,37,*********35,r***@gmail.com
2177,Mariah,Costa,PF,(41) 95190-4844,1990-11-22,2026-03-08,Correia,RR,02845967365,True,35.0,36,*********65,m***@uol.com.br
2452,Lopes & Jesus S.A.,,PJ,(31) 99805-7506,2000-05-30,2026-03-08,Nascimento,RO,24783950000106,True,25.0,36,************06,l***@empresa.con.br
2838,Lima Serviços e Soluções S.A.,,PJ,47940441372,,2026-03-08,Borges,RJ,61325948000101,True,,36,************01,l***@empresa.com.br
308,Otávio,Rios,PF,61927457911,1973-03-30,2026-03-08,Gonçalves,DF,07138295405,True,53.0,36,*********05,o***@yahoo.com.br
104,Marcela,Azevedo,PF,+5551911311639,1960-01-18,2026-03-09,Cavalcante,PE,40791328678,True,66.0,35,*********78,m***@uol.com.br
1097,Isabela,Castro,PF,+5511985969699,1956-05-24,2026-03-09,Leão,MS,26913874537,True,69.0,35,*********37,i***@ig.com.br
1548,Araújo & Associados ME,,PJ,+5561917816576,2002-01-18,2026-03-09,Nogueira,SC,15730982000144,True,24.0,35,************44,a***@comercio.net.br
1606,Moreira Tecnologia e Comércio S.A.,,PJ,47999666499,,2026-03-09,Montenegro,PR,65321408000100,True,,35,************00,m***@comercio.net.br
1635,Juan,Ferreira,PF,(31) 92704-2921,1982-06-30,2026-03-09,Rodrigues da Prata,MS,64291385773,True,43.0,35,*********73,j***@yahoo.com.br
2111,Almeida & Silva Ltda.,,PJ,(31) 94690-2023,1971-09-02,2026-03-09,Sousa,RJ,47503192000112,True,54.0,35,************12,a***@comercio.net.br
2625,João Pedro,,PF,+5571913842209,1992-03-15,2026-03-09,Garcia,RO,87401536900,True,34.0,35,*********00,j***@ig.com.br
373,Ana Laura,Rezende,PF,,,2026-03-09,Barbosa,MA,90214638731,True,,35,*********31,a***@gmail.com
990,Diogo,Cassiano,PF,+5571925564023,1966-03-06,2026-03-09,Porto da Praia,AM,20167359886,True,60.0,35,*********86,d***@ig.com.br
1320,Matheus,da Cruz,PF,+5551916536455,1990-01-04,2026-03-10,Fonseca,ES,39865072483,True,36.0,34,*********83,m***@yahoo.com.br
259,Saraiva Comércio e Atacado EI,,PJ,+5547989144135,1974-03-12,2026-03-10,Guerra,AP,24538601000110,True,52.0,34,************10,s***@comercio.net.br
1341,Isaque,Gonçalves,PF,11934185190,1981-10-14,2026-03-11,Correia do Oeste,GO,20745986102,True,44.0,33,*********02,i***@bol.com.br
2770,Davi Luiz,Dias,PF,71999143679,1975-06-07,2026-03-11,Souza da Serra,RJ,41693582791,True,50.0,33,*********91,d***@bol.com.br
3353,Yan,Lopes,PF,(41) 95875-8837,1962-06-14,2026-03-11,Pereira de Vargas,PB,13927865419,True,63.0,33,*********19,y***@gmail.com
626,Elisa,Moraes,PF,+5521939575911,,2026-03-11,Oliveira,PE,29387604500,True,,33,*********00,e***@bol.com.br
1409,Julia,Marques,PF,+5513915899857,1980-07-19,2026-03-12,Gomes,MT,63725810435,True,45.0,32,*********35,j***@terra.com.br
1612,Joana,Rios,PF,61923783108,1999-05-26,2026-03-12,Barbosa do Oeste,MG,97512308612,True,26.0,32,*********12,j***@outlook.com
2030,Marcela,Duarte,PF,41940808481,1984-06-18,2026-03-12,da Conceição dos Dourados,PA,70965183475,True,41.0,32,*********75,m***@ig.com.br
2051,Dias & Camargo S.A.,,PJ,(41) 92241-3622,1963-10-26,2026-03-12,Mendonça do Galho,SE,71294036000173,True,62.0,32,************73,d***@empresa.com.br
2056,Stephany,Mendonça,PF,+5571912086042,1989-06-06,2026-03-12,Macedo Alegre,MG,43579812637,True,36.0,32,*********37,s***@outlook.com
2397,Araújo Consultoria e Serviços ME,,PJ,,1996-12-20,2026-03-12,Duarte de Vasconcelos,ES,81362409000150,True,29.0,32,************50,a***@empresa.com.br
3090,Beatriz,Costela,PF,13972142386,1993-04-11,2026-03-12,Ribeiro,TO,81405627930,True,33.0,32,*********30,m***@terra.com.br
920,Luigi,,PF,11952446137,1980-09-08,2026-03-12,da Cruz,PE,86719350277,True,45.0,32,*********77,l***@ig.com.br
1258,Kamilly,Câmara,PF,47973488767,2007-10-04,2026-03-13,Carvalho da Praia,AL,80673954200,True,18.0,31,*********00,k***@yahoo.com.br
1390,Josué,das Neves,PF,31991941455,1969-06-15,2026-03-13,Gomes de Andrade,MS,29387046150,True,56.0,31,*********50,h***@hotmail.com
1794,Maitê,da Rosa,PF,13916816179,2003-03-06,2026-03-13,Nunes da Prata,PB,83615204905,True,23.0,31,*********05,m***@outlook.com
2107,Pereira & Associados EPP,,PJ,(47) 92717-6234,1972-05-02,2026-03-13,Monteiro de Vargas,MS,61230489000182,True,53.0,31,************82,p***@comercio.net.br
2634,Pedro Henrique,Cardoso,PF,11935012019,1984-01-09,2026-03-13,Sousa,PI,02715894694,True,42.0,31,*********94,p***@ig.com.br
371,Ana Laura,da Luz,PF,+5551920795699,,2026-03-13,Dias de Pereira,PR,20175893659,True,,31,*********59,a***@ig.com.br
1986,Miranda & Associados ME,,PJ,+5571979612085,1986-03-08,2026-03-14,Carvalho de Peixoto,MS,57034921000192,True,40.0,30,************92,m***@comercio.net.br
2680,Camargo & Associados Ltda.,,PJ,(13) 97370-9364,1994-03-24,2026-03-14,Camargo,RJ,62473580000191,True,32.0,30,************91,c***@empresa.com.br
3053,Ana Clara,Cirino,PF,,1996-08-30,2026-03-14,Araújo,MS,68721549346,True,29.0,30,*********46,a***@yahoo.com.br
306,Brayan,Mendes,PF,71972916102,1986-03-28,2026-03-14,Lima,PB,10638425735,True,40.0,30,*********35,b***@uol.com.br
3359,Letícia,Dias,PF,(47) 94927-6959,2000-03-07,2026-03-14,Sousa de Novais,PA,46382501735,True,26.0,30,*********35,l***@ig.com.br
406,Isabella,Rios,PF,+5571979536542,1980-10-13,2026-03-14,da Mota,MT,43681257973,True,45.0,30,*********73,i***@outlook.com
492,Luana,Lopes,PF,+5551998136397,1966-04-20,2026-03-14,Lima,CE,19305746810,True,60.0,30,*********10,l***@outlook.com
517,Saraiva Sistemas e Informática ME,,PJ,47946008234,1985-09-26,2026-03-14,Barros de Moreira,PR,91684052000180,True,40.0,30,************80,s***@comercio.net.br
627,Elisa,Ferreira,PF,(31) 97482-3349,2006-02-14,2026-03-14,Rezende de Minas,ES,79382014560,True,20.0,30,*********60,e***@hotmail.com
1917,Borges Distribuidora e Importadora EI,,PJ,51947605568,1956-04-22,2026-03-15,Caldeira da Praia,AL,34079268000182,True,70.0,29,************82,b***@empresa.com.br
2373,Vargas & Castro S/S,,PJ,+5551936774315,1973-05-21,2026-03-15,Leão de Fonseca,MT,15276043000171,True,52.0,29,************71,v***@comercio.net.br
254,Ravi Lucca,Marques,PF,+5571949588103,1976-07-09,2026-03-15,Leão,RO,60249138778,True,49.0,29,*********78,r***@outlook.com
458,Camila,Souza,PF,+5551954471966,1977-11-21,2026-03-15,Fogaça,MG,16539820712,True,48.0,29,*********12,c***@ig.com.br
2629,Maria Júlia,Pereira,PF,+5521995239547,1993-05-26,2026-03-16,Guerra,PA,94821376555,True,32.0,28,*********55,m***@gmail.com
2679,Soluções Ferreira EPP,,PJ,+5571916148731,1985-10-03,2026-03-16,Barbosa de Goiás,AM,15082976000128,True,40.0,28,************28,s***@empresa.com.br
2740,Costa & Vargas S/S,,PJ,,1974-01-21,2026-03-16,Garcia,CE,27380461000193,True,52.0,28,************93,c***@comercio.net.br
322,Bruna,Mendonça,PF,+5547931081440,1995-10-23,2026-03-16,Santos do Oeste,AP,79564801320,True,30.0,28,*********20,b***@ig.com.br
365,Mateus,Sampaio,PF,31911975172,1959-11-05,2026-03-16,Guerra da Prata,MS,67984031231,True,66.0,28,*********31,m***@terra.com.br
1837,João,da Mota,PF,21935758739,,2026-03-17,da Rocha do Oeste,AL,95486731264,True,,27,*********64,j***@outlook.com
1018,Mendes Soluções e Comércio EPP,,PJ,(31) 92465-7687,1980-04-23,2026-03-18,Guerra de Costa,PB,53126498000108,True,46.0,26,************08,m***@empresa.com.br
1538,Liam,Lima,PF,61921952828,1964-11-14,2026-03-18,Carvalho,AL,19078345241,True,61.0,26,*********41,l***@outlook.com
1808,Pedro Lucas,Gomes,PF,71916874462,1973-02-02,2026-03-18,Campos Alegre,GO,60382945115,True,53.0,26,*********15,p***@outlook.com
2105,Vitor Gabriel,da Cruz,PF,(61) 92359-7395,1966-10-09,2026-03-18,Araújo do Sul,RJ,74629135006,True,59.0,26,*********06,v***@terra.com.br
228,Augusto,Aragão,PF,41939954555,1959-03-06,2026-03-18,Porto Grande,AM,58637412955,True,67.0,26,*********55,a***@gmail.com
2284,Lorena,Andrade,PF,+5541950872964,1959-05-08,2026-03-18,da Mota,RJ,50816429324,True,66.0,26,*********24,a***@gmail.com
2806,Catarina,Garcia,PF,(21) 95066-1483,1956-04-28,2026-03-18,Monteiro das Pedras,ES,76802541335,True,70.0,26,*********35,c***@ig.com.br
2819,José,Porto,PF,+5547990799171,,2026-03-18,Rodrigues,RJ,27580649365,True,,26,*********65,j***@uol.com.br
1499,Helena,Fernandes,PF,(21) 92734-4812,1975-01-03,2026-03-20,Cunha da Mata,RN,30527196452,True,51.0,24,*********52,h***@gmail.com
1819,Lima & Associados S/A,,PJ,47974306831,,2026-03-20,Fogaça dos Dourados,DF,34719826000127,True,,24,************27,l***@comercio.net.br
2786,Carlos Eduardo,Mendes,PF,47936348292,2005-03-01,2026-03-20,Cavalcante Grande,PR,73265810453,True,21.0,24,*********53,c***@ig.com.br
3,Maria Cecília,da Rosa,PF,61946072165,2008-02-20,2026-03-20,Gomes Verde,PB,47235681900,True,18.0,24,*********00,m***@terra.com.br
3294,Nascimento Tecnologia e Soluções EI,,PJ,47971097174,1956-06-09,2026-03-20,Garcia da Serra,PI,59831427000184,True,69.0,24,************84,n***@comercio.net.br
349,Henrique,Borges,PF,41988216373,1975-09-02,2026-03-20,Castro,RS,81970645202,True,50.0,24,*********02,h***@outlook.com
898,Sophie,Souza,PF,+5551976895861,1987-05-12,2026-03-20,Pimenta de da Mata,RN,67905384101,True,38.0,24,*********01,s***@terra.com.br
1716,Marina,Nogueira,PF,,1968-02-28,2026-03-21,Aragão Paulista,AL,94723680500,True,58.0,23,*********00,m***@terra.com.br
1772,Stella,Ferreira,PF,,,2026-03-21,Ribeiro,GO,64185293089,True,,23,*********89,s***@hotmail.com
1903,Gabrielly,Rios,PF,(21) 95130-7779,1975-08-08,2026-03-21,Abreu,PI,93185640233,True,50.0,23,*********33,g***@yahoo.com.br
2350,Olívia,Vargas,PF,31977982674,1974-04-20,2026-03-21,Marques de Guerra,MA,96137542025,True,52.0,23,*********25,o***@bol.com.br
2953,Bernardo,Cunha,PF,+5511931211245,2003-07-15,2026-03-21,Ramos da Serra,AC,56480921305,True,22.0,23,*********05,b***@terra.com.br
2994,Enrico,Novaes,PF,61964959851,1996-03-30,2026-03-21,Campos,AP,02314986750,True,30.0,23,*********50,j***@outlook.com
321,Arthur,Nogueira,PF,(21) 91737-9947,1973-01-17,2026-03-21,Rios de Silveira,RR,26184703544,True,53.0,23,*********44,a***@hotmail.com
712,Rael,Cardoso,PF,(31) 98687-9718,1973-01-16,2026-03-21,da Cunha,MG,59871264364,True,53.0,23,*********64,r***@uol.con.br
1235,Murilo,Silveira,PF,+5531912051277,1986-09-16,2026-03-22,Almeida do Campo,SC,26074851930,True,39.0,22,*********30,i***@yahoo.com.br
1586,Antonella,Nogueira,PF,+5541984598208,1984-04-19,2026-03-22,Carvalho do Sul,AL,89342670547,True,42.0,22,*********47,a***@outlook.com
1647,Vicente,Gomes,PF,51939788571,1997-06-17,2026-03-22,Pacheco Paulista,MA,32605879186,True,28.0,22,*********86,v***@terra.com.br
1910,Davi Luiz,Farias,PF,+5511951355968,1986-07-25,2026-03-22,Montenegro Paulista,PA,94580216776,True,39.0,22,*********76,d***@terra.com.br
2696,Maria Julia,da Mota,PF,+5571994428629,1996-03-23,2026-03-22,Leão do Sul,PA,49602138769,True,30.0,22,*********69,m***@yahoo.com.br
3486,Olívia,Albuquerque,PF,21987375436,2004-06-05,2026-03-22,Machado,AP,37160429516,True,21.0,22,*********16,o***@hotmail.com
994,Cardoso Distribuidora e Atacado S/S,,PJ,(11) 93537-8652,1999-09-15,2026-03-22,da Rocha,AP,40238917000143,True,26.0,22,************43,c***@empresa.com.br
1175,Ester,Martins,PF,(31) 92154-6231,1964-10-22,2026-03-23,Vieira,BA,02613784571,True,61.0,21,*********71,e***@ig.com.br
1528,Cauê,Garcia,PF,,1971-08-25,2026-03-23,Castro de Pimenta,RS,76415328026,True,54.0,21,*********26,c***@outlook.com
1745,Bruno,Gonçalves,PF,+5513927552069,1962-02-23,2026-03-23,Pinto do Campo,PA,12847053662,True,64.0,21,*********62,b***@gmail.com
1798,Raul,Vargas,PF,(21) 94359-3251,2000-09-30,2026-03-23,Azevedo da Praia,AM,59781306203,True,25.0,21,*********03,r***@terra.con.br
1996,Noah,Nascimento,PF,+5531923423612,1990-09-13,2026-03-23,Silva Verde,MT,56437129034,True,35.0,21,*********34,n***@outlook.com
2522,Alícia,Câmara,PF,51964372086,1961-06-06,2026-03-23,Silva,CE,70153948639,True,64.0,21,*********39,a***@hotmail.com
1069,Dias & Lima ME,,PJ,+5561984269540,1982-11-24,2026-03-24,Duarte,AP,29768504000138,True,43.0,20,************38,d***@empresa.com.br
1552,Monteiro & Monteiro ME,,PJ,(71) 94020-9751,1986-02-05,2026-03-24,da Rosa de Martins,PI,97420615000109,True,40.0,20,************09,m***@empresa.com.br
1972,Andrade & Associados EIRELI,,PJ,,1966-08-09,2026-03-24,da Cruz de Machado,BA,61825074000151,True,59.0,20,************51,a***@comercio.net.br
2438,Heloísa,da Costa,PF,13967462817,2008-03-14,2026-03-24,Campos,PB,19543062706,True,18.0,20,*********06,h***@uol.com.br
498,Rael,Pinto,PF,13974883734,1971-03-27,2026-03-24,Farias,GO,49708153214,True,55.0,20,*********14,r***@hotmail.com
881,José Pedro,Sá,PF,13946018430,1970-02-06,2026-03-24,Aparecida Grande,MT,58107436253,True,56.0,20,*********53,j***@gmail.com
1061,Luiza,Pimenta,PF,+5551955567619,1995-10-14,2026-03-25,Santos,GO,01437982514,True,30.0,19,*********14,l***@terra.com.br
1081,Igor,Martins,PF,13913598957,1995-05-25,2026-03-25,da Mata de Sales,SE,25396178400,True,30.0,19,*********00,i***@yahoo.com.br
1459,Noah,Cardoso,PF,,2004-05-19,2026-03-25,da Rosa de da Costa,RR,90741638584,True,21.0,19,*********84,n***@ig.com.br
1636,Thiago,Camargo,PF,(11) 91776-5079,,2026-03-25,Montenegro,MG,73184092631,True,,19,*********31,t***@outlook.com
234,Marcelo,Nascimento,PF,(61) 98084-6506,2003-04-16,2026-03-25,Casa Grande de Goiás,SC,21473589673,True,23.0,19,*********73,m***@hotmail.com
3476,Sabrina,Mendonça,PF,+5521952936232,1962-01-25,2026-03-25,Sampaio de Costela,PA,78935264164,True,64.0,19,*********64,s***@outlook.com
848,Léo,Lima,PF,(41) 97754-9724,1986-11-24,2026-03-25,Porto,PA,04891567384,True,39.0,19,*********84,l***@hotmail.com
102,Luana,Carvalho,PF,+5521934451630,1981-12-19,2026-03-26,Santos,PR,72564093892,True,44.0,18,*********92,l***@hotmail.com
1095,Daniela,Martins,PF,+5513968276008,1992-05-10,2026-03-26,Garcia Grande,PI,29756018321,True,33.0,18,*********21,b***@ig.com.br
1138,Maria Fernanda,Abreu,PF,,1983-12-09,2026-03-26,Brito,SC,01746523808,True,42.0,18,*********08,m***@outlook.com
2700,Maria Sophia,Moreira,PF,+5541930225287,1966-11-05,2026-03-26,Aparecida de Silva,SP,09372165425,True,59.0,18,*********25,m***@yahoo.com.br
3175,Ana Sophia,Pastor,PF,(31) 93560-5124,2001-12-16,2026-03-26,Machado,MT,80615937268,True,24.0,18,*********68,a***@terra.com.br
624,Igor,Gomes,PF,47953795006,1999-07-09,2026-03-26,Pereira da Mata,MG,06348791203,True,26.0,18,*********03,i***@ig.com.br
864,Vinícius,Silveira,PF,(13) 96404-2454,1979-06-26,2026-03-26,Sousa,RS,12480675920,True,46.0,18,*********20,v***@terra.com.br
1554,Ana Júlia,da Mota,PF,47971441725,2003-07-06,2026-03-27,Sousa,TO,27468359083,True,22.0,17,*********83,a***@hotmail.com
1852,Rhavi,Borges,PF,51979954285,2001-02-10,2026-03-27,Leão de Borges,RO,78123594682,True,25.0,17,*********82,r***@uol.com.br
2302,Ana Lívia,Carvalho,PF,(71) 98381-9824,1960-06-17,2026-03-27,Pires da Serra,MG,24571860307,True,65.0,17,*********07,a***@hotmail.com
2329,Nascimento & Associados EI,,PJ,(51) 94124-7823,,2026-03-27,Peixoto das Pedras,CE,45098617000120,True,,17,************20,n***@comercio.net.br
2367,Eduardo,Guerra,PF,+5571926118846,1984-08-16,2026-03-28,Costa da Prata,MT,30794612822,True,41.0,16,*********22,e***@terra.com.br
633,Camargo Tecnologia e Importadora Ltda.,,PJ,71959231406,1970-12-06,2026-03-28,Peixoto,SE,30846192000112,True,55.0,16,************12,c***@empresa.com.br
1983,Soares & Sales S/S,,PJ,+5531980764332,1983-04-30,2026-03-29,Campos de Moura,SC,29837610000126,True,42.0,15,************26,s***@empresa.com.br
2228,Bárbara,Cassiano,PF,61963592669,1998-07-03,2026-03-29,Camargo,SP,25839764191,True,27.0,15,*********91,b***@outlook.com
2827,Rael,Câmara,PF,31940823741,1975-01-29,2026-03-29,Ramos das Flores,BA,96357104299,True,51.0,15,*********99,r***@hotmail.com
2948,Amanda,Pires,PF,11956496554,1975-06-14,2026-03-29,Andrade de Rios,BA,60457318244,True,50.0,15,*********44,a***@hotmail.com
557,Rael,da Mota,PF,61970523723,1986-03-15,2026-03-29,Guerra de Nogueira,PE,50987241630,True,40.0,15,*********30,r***@bol.com.br
1756,Vitória,Nascimento,PF,51915069326,1998-06-03,2026-03-30,Siqueira,PE,92684507392,True,27.0,14,*********92,v***@uol.com.br
1876,Apollo,Costa,PF,(21) 92843-8743,1982-09-17,2026-03-30,Freitas das Pedras,RJ,43570918297,True,43.0,14,*********97,a***@bol.com.br
1877,Informática Ferreira S/A,,PJ,31946843251,2005-09-04,2026-03-30,Fogaça da Praia,AP,42731609000180,True,20.0,14,************80,i***@comercio.net.br
3224,Rael,da Paz,PF,47918071113,1993-09-14,2026-03-30,Correia,AP,82370645180,True,32.0,14,*********80,r***@bol.com.br
1001,Maria Isis,Novaes,PF,+5547995359803,1984-04-06,2026-03-31,Cavalcanti,SC,72635894191,True,42.0,13,*********91,m***@uol.com.br
2736,Consultoria Cardoso EI,,PJ,,1996-12-16,2026-03-31,Rodrigues,DF,89712345000181,True,29.0,13,************81,c***@comercio.net.br
3001,Sofia,Rios,PF,41991529646,1973-03-08,2026-03-31,Cardoso,RS,72645380956,True,53.0,13,*********56,s***@uol.com.br
3323,Matteo,Abreu,PF,(47) 93582-5184,1980-07-04,2026-03-31,Duarte,TO,28756943083,True,45.0,13,*********83,m***@yahoo.com.br
542,Gael Henrique,da Paz,PF,(47) 93184-9608,1996-10-22,2026-03-31,Peixoto,RN,24571308914,True,29.0,13,*********14,g***@ig.com.br
2318,Matteo,Nunes,PF,(61) 97353-3792,,2026-04-01,Peixoto,SP,28309475179,True,,12,*********79,m***@hotmail.com
235,Amanda,Campos,PF,71997991088,2005-05-04,2026-04-01,Guerra,GO,10263975452,True,20.0,12,*********52,r***@gmail.com
2730,Vitor,da Rosa,PF,21955902757,1972-12-16,2026-04-01,Barbosa Verde,MG,17359420814,True,53.0,12,*********14,v***@gmail.com
3077,João Miguel,Aparecida,PF,13960821681,1972-11-25,2026-04-01,da Mata de Minas,CE,43205976800,True,53.0,12,*********00,j***@bol.com.br
2413,Ágatha,Novaes,PF,+5561973292489,1990-02-14,2026-04-02,Freitas Grande,ES,43796825010,True,36.0,11,*********10,g***@uol.com.br
3450,Ana Sophia,Cunha,PF,+5571959925112,2003-06-14,2026-04-02,Novaes do Amparo,MT,58719364075,True,22.0,11,*********75,a***@yahoo.com.br
688,Marcela,Silveira,PF,(47) 95472-1155,1994-02-10,2026-04-02,Sá do Sul,MA,24360917813,True,32.0,11,*********13,m***@outlook.com
769,Ana Vitória,Araújo,PF,+5551965916050,,2026-04-02,Moura,RO,82479531619,True,,11,*********19,a***@hotmail.com
2206,Eduardo,Andrade,PF,+5513940364577,1973-03-17,2026-04-03,Ribeiro,AP,08563192442,True,53.0,10,*********42,e***@gmail.com
2401,Vicente,da Rocha,PF,(31) 93041-9023,1964-07-19,2026-04-03,Teixeira,TO,64107835235,True,61.0,10,*********35,v***@ig.com.br
2691,Davi,das Neves,PF,21994458288,2001-03-16,2026-04-03,Cardoso,RO,90523846142,True,25.0,10,*********42,d***@gmail.com
310,Mariane,da Paz,PF,(41) 98163-4591,2003-05-12,2026-04-03,da Conceição das Flores,SC,23867491003,True,22.0,10,*********03,m***@terra.com.br
926,Teixeira & Silva ME,,PJ,(21) 98593-7026,2000-07-17,2026-04-03,Rios do Galho,AL,72965183000190,True,25.0,10,************90,t***@comercio.net.br
186,Francisco,Vasconcelos,PF,(13) 98753-1537,1996-07-24,2026-04-04,Duarte,AP,17362859473,True,29.0,9,*********73,f***@terra.com.br
2184,Natália,Nascimento,PF,31964468824,1977-09-16,2026-04-04,da Cunha do Oeste,RO,87510324904,True,48.0,9,*********04,n***@ig.com.br
3045,Jade,da Mota,PF,47951166861,,2026-04-04,Ribeiro,RR,24079631561,True,,9,*********61,j***@gmail.com
709,João,Sales,PF,(41) 96611-2121,1958-10-18,2026-04-04,da Cruz,DF,74038219631,True,67.0,9,*********31,j***@hotmail.com
2040,Maria Flor,das Neves,PF,(51) 94492-6566,1982-01-20,2026-04-05,Rios Grande,MS,86127549337,True,44.0,8,*********37,m***@hotmail.com
2194,Garcia & Teixeira ME,,PJ,47981116936,2003-05-07,2026-04-05,Nogueira,RN,50819374000101,True,22.0,8,************01,g***@comercio.net.br
1116,Gabriel,Aragão,PF,+5541966067506,1997-07-04,2026-04-06,Rios de Cunha,RO,83142670904,True,28.0,7,*********04,g***@hotmail.com
1931,Thales,Melo,PF,(61) 92332-8411,1968-08-01,2026-04-06,Monteiro da Prata,SP,08619735268,True,57.0,7,*********68,t***@ig.com.br
257,Vinícius,Novaes,PF,+5531981504958,,2026-04-06,Silveira,RN,13469750270,True,,7,*********70,v***@ig.com.br
2619,Maria Sophia,Pinto,PF,61916571946,1960-02-04,2026-04-06,Martins,PR,95410723643,True,66.0,7,*********43,m***@yahoo.com.br
2862,Léo,Pimenta,PF,71944458565,,2026-04-06,Barbosa do Sul,SE,43278659155,True,,7,*********55,l***@bol.com.br
3454,Juan,Monteiro,PF,(61) 96568-2690,1979-12-15,2026-04-06,da Costa de Goiás,CE,28403715617,True,46.0,7,*********17,r***@gmail.com
705,Ágatha,Rezende,PF,(51) 96819-1628,2003-08-23,2026-04-06,Pacheco,RR,83267409187,True,22.0,7,*********87,g***@uol.com.br
804,Juliana,Brito,PF,61974665707,1987-05-17,2026-04-06,da Luz da Praia,PA,02318675490,True,38.0,7,*********90,j***@gmail.com
1789,Maria Alice,Melo,PF,31973937713,2007-08-11,2026-04-07,Farias Verde,SC,72053981423,True,18.0,6,*********23,m***@ig.com.br
1905,Maria Luiza,Fernandes,PF,+5571928217518,1992-07-22,2026-04-07,Pires,PR,56793814001,True,33.0,6,*********01,m***@uol.com.br
2801,Santos Tecnologia e Comércio ME,,PJ,+5571934635488,1982-05-21,2026-04-07,Santos,BA,56184239000113,True,43.0,6,************13,s***@empresa.com.br
3222,Luiz Henrique,Cunha,PF,61965251029,1981-05-09,2026-04-07,Cavalcante de Minas,RS,26405187985,True,44.0,6,*********85,l***@ig.com.br
3328,Emanuella,Câmara,PF,+5571982183738,1977-04-23,2026-04-07,da Paz de Garcia,RO,82954701323,True,49.0,6,*********23,e***@outlook.com
2433,Daniel,da Rosa,PF,,1979-12-27,2026-04-08,Vasconcelos,MA,43821795646,True,46.0,5,*********46,d***@bol.com.br
2584,Lucca,da Mota,PF,+5551948478712,1980-01-03,2026-04-08,Correia de da Luz,SE,27150938450,True,46.0,5,*********50,l***@uol.com.br
2669,Calebe,Silva,PF,51964216981,1997-09-24,2026-04-08,Abreu Verde,RO,34158970288,True,28.0,5,*********88,c***@outlook.com
2724,Heloisa,da Rocha,PF,13950806825,1995-12-26,2026-04-08,Pimenta,PE,13948270678,True,30.0,5,*********78,h***@outlook.com
2904,Ferreira & Barbosa EPP,,PJ,+5513924434752,1995-09-06,2026-04-08,Duarte Alegre,PI,21835960000141,True,30.0,5,************41,f***@empresa.com.br
1680,Luiza,Pereira,PF,+5541942577758,1965-12-05,2026-04-09,Nascimento da Prata,TO,97612058359,True,60.0,4,*********59,l***@ig.com.br
2045,Henry,Viana,PF,+5547960914330,1968-10-26,2026-04-09,Leão do Norte,MS,58903421698,True,57.0,4,*********98,h***@gmail.com
2961,Ana Clara,Marques,PF,+5551960646139,1960-11-01,2026-04-09,Santos,AM,53467980210,True,65.0,4,*********10,a***@ig.com.br
973,Vinícius,da Rosa,PF,13963013280,1993-05-17,2026-04-09,Fonseca,SP,20856479101,True,32.0,4,*********01,v***@ig.com.br
123,Eloá,da Rocha,PF,(71) 99389-3882,1968-12-14,2026-04-10,Martins,CE,03271659877,True,57.0,3,*********77,e***@ig.com.br
1381,Bianca,,PF,31977821099,1987-02-04,2026-04-10,das Neves do Norte,MS,43180597666,True,39.0,3,*********66,c***@ig.com.br
1975,Luara,Almeida,PF,(31) 96096-1115,1994-10-15,2026-04-10,Souza Paulista,RS,09374856166,True,31.0,3,*********66,l***@bol.com.br
2103,Luan,Marques,PF,13980502644,1966-02-03,2026-04-10,Machado,AM,57092361877,True,60.0,3,*********77,l***@yahoo.com.br
33,Vitor Gabriel,Moraes,PF,+5571963021618,1979-09-28,2026-04-10,da Rocha de Camargo,PA,68217340978,True,46.0,3,*********78,v***@gmail.com
772,Fernanda,da Cunha,PF,13988257129,1986-11-22,2026-04-10,Nascimento do Amparo,AC,95847362137,True,39.0,3,*********37,f***@ig.com.br
2234,Igor,da Mata,PF,(31) 96460-7175,1969-05-01,2026-04-11,Pinto,BA,93671058439,True,56.0,2,*********39,i***@terra.com.br
2502,Santos & Associados EI,,PJ,(41) 93199-7184,,2026-04-11,Oliveira Grande,MG,95478012000132,True,,2,************32,s***@empresa.com.br
2998,Emilly,Freitas,PF,11938665594,1959-10-26,2026-04-11,Abreu do Amparo,MT,71863209450,True,66.0,2,*********50,e***@outlook.com
631,Nicolas,Novaes,PF,+5571930114382,1993-11-06,2026-04-11,Vieira,RR,57460893110,True,32.0,2,*********10,n***@outlook.com
659,Nathan,Leão,PF,+5551920914514,1976-09-07,2026-04-11,Melo,PR,50126438951,True,49.0,2,*********51,n***@bol.com.br
1847,Carolina,Rios,PF,+5531928422975,,2026-04-12,Oliveira,MA,43819652728,True,,1,*********28,c***@ig.com.br
2933,Ana Beatriz,Barros,PF,+5541916929189,1988-01-08,2026-04-12,Albuquerque,AM,68724031950,True,38.0,1,*********50,a***@bol.com.br
3441,Miranda & Associados S.A.,,PJ,51962651699,1961-11-22,2026-04-12,Cavalcante,AL,45971362000168,True,64.0,1,************68,m***@comercio.net.br
