id_produto,sku,nome,descricao,preco_custo,preco_venda,ativo,id_categoria,categoria_nome,categoria_pai,id_fornecedor,fornecedor_nome,fornecedor_cnpj,fornecedor_cidade,fornecedor_estado,id_loja,loja_nome,loja_tipo,estoque_qtd,ultima_atualizacao,margem_bruta,margem_pct,faixa_preco,estoque_total_rede
126,73006,Cartão Micro SD 128GB Samsung EVO Plus 100MB/s,"Cartão Micro SD 128GB Samsung EVO Plus 100MB/s. Interface USB 2.0, leitura ate 80MB/s. design compacto. Para uso em cameras e drones.",55.34,89.99,1,4,Armazenamento Portátil,Armazenamento Portátil,40,3Nstar Automação Comercial Brasil,57329146000100,São Paulo,SP,1,CD Osasco,Online,118,2026-04-13,34.65,38.5,MID,447
126,73006,Cartão Micro SD 128GB Samsung EVO Plus 100MB/s,"Cartão Micro SD 128GB Samsung EVO Plus 100MB/s. Interface USB 2.0, leitura ate 80MB/s. design compacto. Para uso em cameras e drones.",55.34,89.99,1,4,Armazenamento Portátil,Armazenamento Portátil,40,3Nstar Automação Comercial Brasil,57329146000100,São Paulo,SP,6,Escritório Central,Online,93,2026-04-13,34.65,38.5,MID,447
126,73006,Cartão Micro SD 128GB Samsung EVO Plus 100MB/s,"Cartão Micro SD 128GB Samsung EVO Plus 100MB/s. Interface USB 2.0, leitura ate 80MB/s. design compacto. Para uso em cameras e drones.",55.34,89.99,1,4,Armazenamento Portátil,Armazenamento Portátil,40,3Nstar Automação Comercial Brasil,57329146000100,São Paulo,SP,5,Loja BH Centro,Física,34,2026-04-13,34.65,38.5,MID,447
126,73006,Cartão Micro SD 128GB Samsung EVO Plus 100MB/s,"Cartão Micro SD 128GB Samsung EVO Plus 100MB/s. Interface USB 2.0, leitura ate 80MB/s. design compacto. Para uso em cameras e drones.",55.34,89.99,1,4,Armazenamento Portátil,Armazenamento Portátil,40,3Nstar Automação Comercial Brasil,57329146000100,São Paulo,SP,4,Loja Campinas,Física,96,2026-04-13,34.65,38.5,MID,447
126,73006,Cartão Micro SD 128GB Samsung EVO Plus 100MB/s,"Cartão Micro SD 128GB Samsung EVO Plus 100MB/s. Interface USB 2.0, leitura ate 80MB/s. design compacto. Para uso em cameras e drones.",55.34,89.99,1,4,Armazenamento Portátil,Armazenamento Portátil,40,3Nstar Automação Comercial Brasil,57329146000100,São Paulo,SP,2,Loja Paulista,Física,66,2026-04-13,34.65,38.5,MID,447
126,73006,Cartão Micro SD 128GB Samsung EVO Plus 100MB/s,"Cartão Micro SD 128GB Samsung EVO Plus 100MB/s. Interface USB 2.0, leitura ate 80MB/s. design compacto. Para uso em cameras e drones.",55.34,89.99,1,4,Armazenamento Portátil,Armazenamento Portátil,40,3Nstar Automação Comercial Brasil,57329146000100,São Paulo,SP,3,Loja Santo André,Física,40,2026-04-13,34.65,38.5,MID,447
124,73004,Cartão Micro SD 32GB Sandisk Class 10 Ultra 80MB/s,"Cartão Micro SD 32GB Sandisk Class 10 Ultra 80MB/s. Interface USB-C 3.1, leitura ate 130MB/s. protecao contra dados em loop. Para armazenamento e transporte de dados.",22.21,39.99,1,4,Armazenamento Portátil,Armazenamento Portátil,23,APC by Schneider Electric Brasil,84952076000107,São Paulo,SP,1,CD Osasco,Online,72,2026-04-13,17.78,44.46,LOW,896
124,73004,Cartão Micro SD 32GB Sandisk Class 10 Ultra 80MB/s,"Cartão Micro SD 32GB Sandisk Class 10 Ultra 80MB/s. Interface USB-C 3.1, leitura ate 130MB/s. protecao contra dados em loop. Para armazenamento e transporte de dados.",22.21,39.99,1,4,Armazenamento Portátil,Armazenamento Portátil,23,APC by Schneider Electric Brasil,84952076000107,São Paulo,SP,6,Escritório Central,Online,168,2026-04-13,17.78,44.46,LOW,896
124,73004,Cartão Micro SD 32GB Sandisk Class 10 Ultra 80MB/s,"Cartão Micro SD 32GB Sandisk Class 10 Ultra 80MB/s. Interface USB-C 3.1, leitura ate 130MB/s. protecao contra dados em loop. Para armazenamento e transporte de dados.",22.21,39.99,1,4,Armazenamento Portátil,Armazenamento Portátil,23,APC by Schneider Electric Brasil,84952076000107,São Paulo,SP,5,Loja BH Centro,Física,171,2026-04-13,17.78,44.46,LOW,896
124,73004,Cartão Micro SD 32GB Sandisk Class 10 Ultra 80MB/s,"Cartão Micro SD 32GB Sandisk Class 10 Ultra 80MB/s. Interface USB-C 3.1, leitura ate 130MB/s. protecao contra dados em loop. Para armazenamento e transporte de dados.",22.21,39.99,1,4,Armazenamento Portátil,Armazenamento Portátil,23,APC by Schneider Electric Brasil,84952076000107,São Paulo,SP,4,Loja Campinas,Física,175,2026-04-13,17.78,44.46,LOW,896
124,73004,Cartão Micro SD 32GB Sandisk Class 10 Ultra 80MB/s,"Cartão Micro SD 32GB Sandisk Class 10 Ultra 80MB/s. Interface USB-C 3.1, leitura ate 130MB/s. protecao contra dados em loop. Para armazenamento e transporte de dados.",22.21,39.99,1,4,Armazenamento Portátil,Armazenamento Portátil,23,APC by Schneider Electric Brasil,84952076000107,São Paulo,SP,2,Loja Paulista,Física,135,2026-04-13,17.78,44.46,LOW,896
124,73004,Cartão Micro SD 32GB Sandisk Class 10 Ultra 80MB/s,"Cartão Micro SD 32GB Sandisk Class 10 Ultra 80MB/s. Interface USB-C 3.1, leitura ate 130MB/s. protecao contra dados em loop. Para armazenamento e transporte de dados.",22.21,39.99,1,4,Armazenamento Portátil,Armazenamento Portátil,23,APC by Schneider Electric Brasil,84952076000107,São Paulo,SP,3,Loja Santo André,Física,175,2026-04-13,17.78,44.46,LOW,896
125,73005,Cartão Micro SD 64GB Kingston Neo 95MB/s C10,"Cartão Micro SD 64GB Kingston Neo 95MB/s C10. Interface USB 2.0, leitura ate 80MB/s. design compacto. Para transferencia de arquivos e backup.",39.33,59.99,1,4,Armazenamento Portátil,Armazenamento Portátil,34,Satellite / FTX Distribuidora,24768503000170,São Paulo,SP,1,CD Osasco,Online,33,2026-04-13,20.66,34.44,MID,446
125,73005,Cartão Micro SD 64GB Kingston Neo 95MB/s C10,"Cartão Micro SD 64GB Kingston Neo 95MB/s C10. Interface USB 2.0, leitura ate 80MB/s. design compacto. Para transferencia de arquivos e backup.",39.33,59.99,1,4,Armazenamento Portátil,Armazenamento Portátil,34,Satellite / FTX Distribuidora,24768503000170,São Paulo,SP,6,Escritório Central,Online,123,2026-04-13,20.66,34.44,MID,446
125,73005,Cartão Micro SD 64GB Kingston Neo 95MB/s C10,"Cartão Micro SD 64GB Kingston Neo 95MB/s C10. Interface USB 2.0, leitura ate 80MB/s. design compacto. Para transferencia de arquivos e backup.",39.33,59.99,1,4,Armazenamento Portátil,Armazenamento Portátil,34,Satellite / FTX Distribuidora,24768503000170,São Paulo,SP,5,Loja BH Centro,Física,102,2026-04-13,20.66,34.44,MID,446
125,73005,Cartão Micro SD 64GB Kingston Neo 95MB/s C10,"Cartão Micro SD 64GB Kingston Neo 95MB/s C10. Interface USB 2.0, leitura ate 80MB/s. design compacto. Para transferencia de arquivos e backup.",39.33,59.99,1,4,Armazenamento Portátil,Armazenamento Portátil,34,Satellite / FTX Distribuidora,24768503000170,São Paulo,SP,4,Loja Campinas,Física,117,2026-04-13,20.66,34.44,MID,446
125,73005,Cartão Micro SD 64GB Kingston Neo 95MB/s C10,"Cartão Micro SD 64GB Kingston Neo 95MB/s C10. Interface USB 2.0, leitura ate 80MB/s. design compacto. Para transferencia de arquivos e backup.",39.33,59.99,1,4,Armazenamento Portátil,Armazenamento Portátil,34,Satellite / FTX Distribuidora,24768503000170,São Paulo,SP,2,Loja Paulista,Física,43,2026-04-13,20.66,34.44,MID,446
125,73005,Cartão Micro SD 64GB Kingston Neo 95MB/s C10,"Cartão Micro SD 64GB Kingston Neo 95MB/s C10. Interface USB 2.0, leitura ate 80MB/s. design compacto. Para transferencia de arquivos e backup.",39.33,59.99,1,4,Armazenamento Portátil,Armazenamento Portátil,34,Satellite / FTX Distribuidora,24768503000170,São Paulo,SP,3,Loja Santo André,Física,28,2026-04-13,20.66,34.44,MID,446
123,73003,Pen Drive 128GB Kingston DataTraveler USB 3.2,"Pen Drive 128GB Kingston DataTraveler USB 3.2. Interface USB-C 3.1, leitura ate 80MB/s. com tampa protetora. Para armazenamento e transporte de dados.",59.59,89.99,1,4,Armazenamento Portátil,Armazenamento Portátil,6,Positivo Tecnologia S.A.,69.702.435/0001-84,Curitiba,PR,1,CD Osasco,Online,96,2026-04-13,30.4,33.78,MID,526
123,73003,Pen Drive 128GB Kingston DataTraveler USB 3.2,"Pen Drive 128GB Kingston DataTraveler USB 3.2. Interface USB-C 3.1, leitura ate 80MB/s. com tampa protetora. Para armazenamento e transporte de dados.",59.59,89.99,1,4,Armazenamento Portátil,Armazenamento Portátil,6,Positivo Tecnologia S.A.,69.702.435/0001-84,Curitiba,PR,6,Escritório Central,Online,76,2026-04-13,30.4,33.78,MID,526
123,73003,Pen Drive 128GB Kingston DataTraveler USB 3.2,"Pen Drive 128GB Kingston DataTraveler USB 3.2. Interface USB-C 3.1, leitura ate 80MB/s. com tampa protetora. Para armazenamento e transporte de dados.",59.59,89.99,1,4,Armazenamento Portátil,Armazenamento Portátil,6,Positivo Tecnologia S.A.,69.702.435/0001-84,Curitiba,PR,5,Loja BH Centro,Física,121,2026-04-13,30.4,33.78,MID,526
123,73003,Pen Drive 128GB Kingston DataTraveler USB 3.2,"Pen Drive 128GB Kingston DataTraveler USB 3.2. Interface USB-C 3.1, leitura ate 80MB/s. com tampa protetora. Para armazenamento e transporte de dados.",59.59,89.99,1,4,Armazenamento Portátil,Armazenamento Portátil,6,Positivo Tecnologia S.A.,69.702.435/0001-84,Curitiba,PR,4,Loja Campinas,Física,84,2026-04-13,30.4,33.78,MID,526
123,73003,Pen Drive 128GB Kingston DataTraveler USB 3.2,"Pen Drive 128GB Kingston DataTraveler USB 3.2. Interface USB-C 3.1, leitura ate 80MB/s. com tampa protetora. Para armazenamento e transporte de dados.",59.59,89.99,1,4,Armazenamento Portátil,Armazenamento Portátil,6,Positivo Tecnologia S.A.,69.702.435/0001-84,Curitiba,PR,2,Loja Paulista,Física,55,2026-04-13,30.4,33.78,MID,526
123,73003,Pen Drive 128GB Kingston DataTraveler USB 3.2,"Pen Drive 128GB Kingston DataTraveler USB 3.2. Interface USB-C 3.1, leitura ate 80MB/s. com tampa protetora. Para armazenamento e transporte de dados.",59.59,89.99,1,4,Armazenamento Portátil,Armazenamento Portátil,6,Positivo Tecnologia S.A.,69.702.435/0001-84,Curitiba,PR,3,Loja Santo André,Física,94,2026-04-13,30.4,33.78,MID,526
121,73001,Pen Drive 32GB Sandisk Cruzer Blade USB 2.0,"Pen Drive 32GB Sandisk Cruzer Blade USB 2.0. Interface USB-C 3.1, leitura ate 130MB/s. design compacto. Para transferencia de arquivos e backup.",15.71,27.99,1,4,Armazenamento Portátil,Armazenamento Portátil,40,3Nstar Automação Comercial Brasil,57329146000100,São Paulo,SP,1,CD Osasco,Online,226,2026-04-13,12.28,43.87,LOW,1077
121,73001,Pen Drive 32GB Sandisk Cruzer Blade USB 2.0,"Pen Drive 32GB Sandisk Cruzer Blade USB 2.0. Interface USB-C 3.1, leitura ate 130MB/s. design compacto. Para transferencia de arquivos e backup.",15.71,27.99,1,4,Armazenamento Portátil,Armazenamento Portátil,40,3Nstar Automação Comercial Brasil,57329146000100,São Paulo,SP,6,Escritório Central,Online,78,2026-04-13,12.28,43.87,LOW,1077
121,73001,Pen Drive 32GB Sandisk Cruzer Blade USB 2.0,"Pen Drive 32GB Sandisk Cruzer Blade USB 2.0. Interface USB-C 3.1, leitura ate 130MB/s. design compacto. Para transferencia de arquivos e backup.",15.71,27.99,1,4,Armazenamento Portátil,Armazenamento Portátil,40,3Nstar Automação Comercial Brasil,57329146000100,São Paulo,SP,5,Loja BH Centro,Física,183,2026-04-13,12.28,43.87,LOW,1077
121,73001,Pen Drive 32GB Sandisk Cruzer Blade USB 2.0,"Pen Drive 32GB Sandisk Cruzer Blade USB 2.0. Interface USB-C 3.1, leitura ate 130MB/s. design compacto. Para transferencia de arquivos e backup.",15.71,27.99,1,4,Armazenamento Portátil,Armazenamento Portátil,40,3Nstar Automação Comercial Brasil,57329146000100,São Paulo,SP,4,Loja Campinas,Física,144,2026-04-13,12.28,43.87,LOW,1077
121,73001,Pen Drive 32GB Sandisk Cruzer Blade USB 2.0,"Pen Drive 32GB Sandisk Cruzer Blade USB 2.0. Interface USB-C 3.1, leitura ate 130MB/s. design compacto. Para transferencia de arquivos e backup.",15.71,27.99,1,4,Armazenamento Portátil,Armazenamento Portátil,40,3Nstar Automação Comercial Brasil,57329146000100,São Paulo,SP,2,Loja Paulista,Física,196,2026-04-13,12.28,43.87,LOW,1077
121,73001,Pen Drive 32GB Sandisk Cruzer Blade USB 2.0,"Pen Drive 32GB Sandisk Cruzer Blade USB 2.0. Interface USB-C 3.1, leitura ate 130MB/s. design compacto. Para transferencia de arquivos e backup.",15.71,27.99,1,4,Armazenamento Portátil,Armazenamento Portátil,40,3Nstar Automação Comercial Brasil,57329146000100,São Paulo,SP,3,Loja Santo André,Física,250,2026-04-13,12.28,43.87,LOW,1077
122,73002,Pen Drive 64GB Sandisk Ultra Shift USB 3.0,"Pen Drive 64GB Sandisk Ultra Shift USB 3.0. Interface USB 2.0, leitura ate 400MB/s. com tampa protetora. Para transferencia de arquivos e backup.",32.03,49.99,1,4,Armazenamento Portátil,Armazenamento Portátil,23,APC by Schneider Electric Brasil,84952076000107,São Paulo,SP,1,CD Osasco,Online,244,2026-04-13,17.96,35.93,LOW,1156
122,73002,Pen Drive 64GB Sandisk Ultra Shift USB 3.0,"Pen Drive 64GB Sandisk Ultra Shift USB 3.0. Interface USB 2.0, leitura ate 400MB/s. com tampa protetora. Para transferencia de arquivos e backup.",32.03,49.99,1,4,Armazenamento Portátil,Armazenamento Portátil,23,APC by Schneider Electric Brasil,84952076000107,São Paulo,SP,6,Escritório Central,Online,66,2026-04-13,17.96,35.93,LOW,1156
122,73002,Pen Drive 64GB Sandisk Ultra Shift USB 3.0,"Pen Drive 64GB Sandisk Ultra Shift USB 3.0. Interface USB 2.0, leitura ate 400MB/s. com tampa protetora. Para transferencia de arquivos e backup.",32.03,49.99,1,4,Armazenamento Portátil,Armazenamento Portátil,23,APC by Schneider Electric Brasil,84952076000107,São Paulo,SP,5,Loja BH Centro,Física,199,2026-04-13,17.96,35.93,LOW,1156
122,73002,Pen Drive 64GB Sandisk Ultra Shift USB 3.0,"Pen Drive 64GB Sandisk Ultra Shift USB 3.0. Interface USB 2.0, leitura ate 400MB/s. com tampa protetora. Para transferencia de arquivos e backup.",32.03,49.99,1,4,Armazenamento Portátil,Armazenamento Portátil,23,APC by Schneider Electric Brasil,84952076000107,São Paulo,SP,4,Loja Campinas,Física,223,2026-04-13,17.96,35.93,LOW,1156
122,73002,Pen Drive 64GB Sandisk Ultra Shift USB 3.0,"Pen Drive 64GB Sandisk Ultra Shift USB 3.0. Interface USB 2.0, leitura ate 400MB/s. com tampa protetora. Para transferencia de arquivos e backup.",32.03,49.99,1,4,Armazenamento Portátil,Armazenamento Portátil,23,APC by Schneider Electric Brasil,84952076000107,São Paulo,SP,2,Loja Paulista,Física,172,2026-04-13,17.96,35.93,LOW,1156
122,73002,Pen Drive 64GB Sandisk Ultra Shift USB 3.0,"Pen Drive 64GB Sandisk Ultra Shift USB 3.0. Interface USB 2.0, leitura ate 400MB/s. com tampa protetora. Para transferencia de arquivos e backup.",32.03,49.99,1,4,Armazenamento Portátil,Armazenamento Portátil,23,APC by Schneider Electric Brasil,84952076000107,São Paulo,SP,3,Loja Santo André,Física,252,2026-04-13,17.96,35.93,LOW,1156
134,75003,Gaveta de Dinheiro FTX LAS-335 Aço RJ11,"Gaveta de Dinheiro FTX LAS-335 Aço RJ11. Interface USB, compativel com Android. Para controle de estoque.",168.22,299.99,1,5,Automação Comercial,Automação Comercial,1,Ingram Micro Brasil Ltda.,19.305.678/0001-00,Barueri,SP,1,CD Osasco,Online,87,2026-04-13,131.77,43.92,MID,537
134,75003,Gaveta de Dinheiro FTX LAS-335 Aço RJ11,"Gaveta de Dinheiro FTX LAS-335 Aço RJ11. Interface USB, compativel com Android. Para controle de estoque.",168.22,299.99,1,5,Automação Comercial,Automação Comercial,1,Ingram Micro Brasil Ltda.,19.305.678/0001-00,Barueri,SP,6,Escritório Central,Online,69,2026-04-13,131.77,43.92,MID,537
134,75003,Gaveta de Dinheiro FTX LAS-335 Aço RJ11,"Gaveta de Dinheiro FTX LAS-335 Aço RJ11. Interface USB, compativel com Android. Para controle de estoque.",168.22,299.99,1,5,Automação Comercial,Automação Comercial,1,Ingram Micro Brasil Ltda.,19.305.678/0001-00,Barueri,SP,5,Loja BH Centro,Física,72,2026-04-13,131.77,43.92,MID,537
134,75003,Gaveta de Dinheiro FTX LAS-335 Aço RJ11,"Gaveta de Dinheiro FTX LAS-335 Aço RJ11. Interface USB, compativel com Android. Para controle de estoque.",168.22,299.99,1,5,Automação Comercial,Automação Comercial,1,Ingram Micro Brasil Ltda.,19.305.678/0001-00,Barueri,SP,4,Loja Campinas,Física,106,2026-04-13,131.77,43.92,MID,537
134,75003,Gaveta de Dinheiro FTX LAS-335 Aço RJ11,"Gaveta de Dinheiro FTX LAS-335 Aço RJ11. Interface USB, compativel com Android. Para controle de estoque.",168.22,299.99,1,5,Automação Comercial,Automação Comercial,1,Ingram Micro Brasil Ltda.,19.305.678/0001-00,Barueri,SP,2,Loja Paulista,Física,85,2026-04-13,131.77,43.92,MID,537
134,75003,Gaveta de Dinheiro FTX LAS-335 Aço RJ11,"Gaveta de Dinheiro FTX LAS-335 Aço RJ11. Interface USB, compativel com Android. Para controle de estoque.",168.22,299.99,1,5,Automação Comercial,Automação Comercial,1,Ingram Micro Brasil Ltda.,19.305.678/0001-00,Barueri,SP,3,Loja Santo André,Física,118,2026-04-13,131.77,43.92,MID,537
132,75001,Leitor Código de Barras Bematech BR800BT USB Preto,"Leitor Código de Barras Bematech BR800BT USB Preto. Interface USB, compativel com Windows 10/11. Para automacao industrial.",269.45,399.99,1,5,Automação Comercial,Automação Comercial,40,3Nstar Automação Comercial Brasil,57329146000100,São Paulo,SP,1,CD Osasco,Online,18,2026-04-13,130.54,32.64,HIGH,145
132,75001,Leitor Código de Barras Bematech BR800BT USB Preto,"Leitor Código de Barras Bematech BR800BT USB Preto. Interface USB, compativel com Windows 10/11. Para automacao industrial.",269.45,399.99,1,5,Automação Comercial,Automação Comercial,40,3Nstar Automação Comercial Brasil,57329146000100,São Paulo,SP,6,Escritório Central,Online,40,2026-04-13,130.54,32.64,HIGH,145
132,75001,Leitor Código de Barras Bematech BR800BT USB Preto,"Leitor Código de Barras Bematech BR800BT USB Preto. Interface USB, compativel com Windows 10/11. Para automacao industrial.",269.45,399.99,1,5,Automação Comercial,Automação Comercial,40,3Nstar Automação Comercial Brasil,57329146000100,São Paulo,SP,5,Loja BH Centro,Física,15,2026-04-13,130.54,32.64,HIGH,145
132,75001,Leitor Código de Barras Bematech BR800BT USB Preto,"Leitor Código de Barras Bematech BR800BT USB Preto. Interface USB, compativel com Windows 10/11. Para automacao industrial.",269.45,399.99,1,5,Automação Comercial,Automação Comercial,40,3Nstar Automação Comercial Brasil,57329146000100,São Paulo,SP,4,Loja Campinas,Física,16,2026-04-13,130.54,32.64,HIGH,145
132,75001,Leitor Código de Barras Bematech BR800BT USB Preto,"Leitor Código de Barras Bematech BR800BT USB Preto. Interface USB, compativel com Windows 10/11. Para automacao industrial.",269.45,399.99,1,5,Automação Comercial,Automação Comercial,40,3Nstar Automação Comercial Brasil,57329146000100,São Paulo,SP,2,Loja Paulista,Física,16,2026-04-13,130.54,32.64,HIGH,145
132,75001,Leitor Código de Barras Bematech BR800BT USB Preto,"Leitor Código de Barras Bematech BR800BT USB Preto. Interface USB, compativel com Windows 10/11. Para automacao industrial.",269.45,399.99,1,5,Automação Comercial,Automação Comercial,40,3Nstar Automação Comercial Brasil,57329146000100,São Paulo,SP,3,Loja Santo André,Física,40,2026-04-13,130.54,32.64,HIGH,145
133,75002,Leitor Código de Barras CCD Honeywell 3800R USB Óptico,"Leitor Código de Barras CCD Honeywell 3800R USB Óptico. Interface USB e Ethernet, compativel com Android. Para automacao industrial.",306.88,489.99,1,5,Automação Comercial,Automação Comercial,9,Corsair Memory Brasil Distrib.,34.570.691/0001-80,São Paulo,SP,1,CD Osasco,Online,37,2026-04-13,183.11,37.37,HIGH,163
133,75002,Leitor Código de Barras CCD Honeywell 3800R USB Óptico,"Leitor Código de Barras CCD Honeywell 3800R USB Óptico. Interface USB e Ethernet, compativel com Android. Para automacao industrial.",306.88,489.99,1,5,Automação Comercial,Automação Comercial,9,Corsair Memory Brasil Distrib.,34.570.691/0001-80,São Paulo,SP,6,Escritório Central,Online,37,2026-04-13,183.11,37.37,HIGH,163
133,75002,Leitor Código de Barras CCD Honeywell 3800R USB Óptico,"Leitor Código de Barras CCD Honeywell 3800R USB Óptico. Interface USB e Ethernet, compativel com Android. Para automacao industrial.",306.88,489.99,1,5,Automação Comercial,Automação Comercial,9,Corsair Memory Brasil Distrib.,34.570.691/0001-80,São Paulo,SP,5,Loja BH Centro,Física,9,2026-04-13,183.11,37.37,HIGH,163
133,75002,Leitor Código de Barras CCD Honeywell 3800R USB Óptico,"Leitor Código de Barras CCD Honeywell 3800R USB Óptico. Interface USB e Ethernet, compativel com Android. Para automacao industrial.",306.88,489.99,1,5,Automação Comercial,Automação Comercial,9,Corsair Memory Brasil Distrib.,34.570.691/0001-80,São Paulo,SP,4,Loja Campinas,Física,43,2026-04-13,183.11,37.37,HIGH,163
133,75002,Leitor Código de Barras CCD Honeywell 3800R USB Óptico,"Leitor Código de Barras CCD Honeywell 3800R USB Óptico. Interface USB e Ethernet, compativel com Android. Para automacao industrial.",306.88,489.99,1,5,Automação Comercial,Automação Comercial,9,Corsair Memory Brasil Distrib.,34.570.691/0001-80,São Paulo,SP,2,Loja Paulista,Física,9,2026-04-13,183.11,37.37,HIGH,163
133,75002,Leitor Código de Barras CCD Honeywell 3800R USB Óptico,"Leitor Código de Barras CCD Honeywell 3800R USB Óptico. Interface USB e Ethernet, compativel com Android. Para automacao industrial.",306.88,489.99,1,5,Automação Comercial,Automação Comercial,9,Corsair Memory Brasil Distrib.,34.570.691/0001-80,São Paulo,SP,3,Loja Santo André,Física,28,2026-04-13,183.11,37.37,HIGH,163
135,75004,"Terminal POS 10"" ICP802 com Impressora Térmica 58mm","Terminal POS 10"" ICP802 com Impressora Térmica 58mm. Interface USB, compativel com Windows e Linux. Para automacao industrial.",1499.5,2813.99,1,5,Automação Comercial,Automação Comercial,38,Sandisk / Western Digital Brasil,80_793_561_0001_24,São Paulo,SP,1,CD Osasco,Online,4,2026-04-13,1314.49,46.71,ULTRA,20
135,75004,"Terminal POS 10"" ICP802 com Impressora Térmica 58mm","Terminal POS 10"" ICP802 com Impressora Térmica 58mm. Interface USB, compativel com Windows e Linux. Para automacao industrial.",1499.5,2813.99,1,5,Automação Comercial,Automação Comercial,38,Sandisk / Western Digital Brasil,80_793_561_0001_24,São Paulo,SP,6,Escritório Central,Online,3,2026-04-13,1314.49,46.71,ULTRA,20
135,75004,"Terminal POS 10"" ICP802 com Impressora Térmica 58mm","Terminal POS 10"" ICP802 com Impressora Térmica 58mm. Interface USB, compativel com Windows e Linux. Para automacao industrial.",1499.5,2813.99,1,5,Automação Comercial,Automação Comercial,38,Sandisk / Western Digital Brasil,80_793_561_0001_24,São Paulo,SP,5,Loja BH Centro,Física,5,2026-04-13,1314.49,46.71,ULTRA,20
135,75004,"Terminal POS 10"" ICP802 com Impressora Térmica 58mm","Terminal POS 10"" ICP802 com Impressora Térmica 58mm. Interface USB, compativel com Windows e Linux. Para automacao industrial.",1499.5,2813.99,1,5,Automação Comercial,Automação Comercial,38,Sandisk / Western Digital Brasil,80_793_561_0001_24,São Paulo,SP,4,Loja Campinas,Física,1,2026-04-13,1314.49,46.71,ULTRA,20
135,75004,"Terminal POS 10"" ICP802 com Impressora Térmica 58mm","Terminal POS 10"" ICP802 com Impressora Térmica 58mm. Interface USB, compativel com Windows e Linux. Para automacao industrial.",1499.5,2813.99,1,5,Automação Comercial,Automação Comercial,38,Sandisk / Western Digital Brasil,80_793_561_0001_24,São Paulo,SP,2,Loja Paulista,Física,5,2026-04-13,1314.49,46.71,ULTRA,20
135,75004,"Terminal POS 10"" ICP802 com Impressora Térmica 58mm","Terminal POS 10"" ICP802 com Impressora Térmica 58mm. Interface USB, compativel com Windows e Linux. Para automacao industrial.",1499.5,2813.99,1,5,Automação Comercial,Automação Comercial,38,Sandisk / Western Digital Brasil,80_793_561_0001_24,São Paulo,SP,3,Loja Santo André,Física,2,2026-04-13,1314.49,46.71,ULTRA,20
117,72004,Adaptador Conversor DisplayPort para VGA Fêmea,"Adaptador Conversor DisplayPort para VGA Fêmea. adaptador de video, 1080p a 60Hz. conectores banhados a ouro. Plug-and-play.",33.16,59.99,1,7,Cabos e Adaptadores,Cabos e Adaptadores,26,NZXT Brasil Representações,37598216000100,São Paulo,SP,1,CD Osasco,Online,100,2026-04-13,26.83,44.72,MID,543
117,72004,Adaptador Conversor DisplayPort para VGA Fêmea,"Adaptador Conversor DisplayPort para VGA Fêmea. adaptador de video, 1080p a 60Hz. conectores banhados a ouro. Plug-and-play.",33.16,59.99,1,7,Cabos e Adaptadores,Cabos e Adaptadores,26,NZXT Brasil Representações,37598216000100,São Paulo,SP,6,Escritório Central,Online,108,2026-04-13,26.83,44.72,MID,543
117,72004,Adaptador Conversor DisplayPort para VGA Fêmea,"Adaptador Conversor DisplayPort para VGA Fêmea. adaptador de video, 1080p a 60Hz. conectores banhados a ouro. Plug-and-play.",33.16,59.99,1,7,Cabos e Adaptadores,Cabos e Adaptadores,26,NZXT Brasil Representações,37598216000100,São Paulo,SP,5,Loja BH Centro,Física,97,2026-04-13,26.83,44.72,MID,543
117,72004,Adaptador Conversor DisplayPort para VGA Fêmea,"Adaptador Conversor DisplayPort para VGA Fêmea. adaptador de video, 1080p a 60Hz. conectores banhados a ouro. Plug-and-play.",33.16,59.99,1,7,Cabos e Adaptadores,Cabos e Adaptadores,26,NZXT Brasil Representações,37598216000100,São Paulo,SP,4,Loja Campinas,Física,60,2026-04-13,26.83,44.72,MID,543
117,72004,Adaptador Conversor DisplayPort para VGA Fêmea,"Adaptador Conversor DisplayPort para VGA Fêmea. adaptador de video, 1080p a 60Hz. conectores banhados a ouro. Plug-and-play.",33.16,59.99,1,7,Cabos e Adaptadores,Cabos e Adaptadores,26,NZXT Brasil Representações,37598216000100,São Paulo,SP,2,Loja Paulista,Física,58,2026-04-13,26.83,44.72,MID,543
117,72004,Adaptador Conversor DisplayPort para VGA Fêmea,"Adaptador Conversor DisplayPort para VGA Fêmea. adaptador de video, 1080p a 60Hz. conectores banhados a ouro. Plug-and-play.",33.16,59.99,1,7,Cabos e Adaptadores,Cabos e Adaptadores,26,NZXT Brasil Representações,37598216000100,São Paulo,SP,3,Loja Santo André,Física,120,2026-04-13,26.83,44.72,MID,543
116,72003,Adaptador Conversor HDMI para VGA,"Adaptador Conversor HDMI para VGA. adaptador de video, USB 2.0 ate 480Mbps. blindagem dupla. Plug-and-play.",22.21,34.99,1,7,Cabos e Adaptadores,Cabos e Adaptadores,37,Ubiquiti Networks Brasil,21.805.693/0001-60,São Paulo,SP,1,CD Osasco,Online,73,2026-04-13,12.78,36.52,LOW,905
116,72003,Adaptador Conversor HDMI para VGA,"Adaptador Conversor HDMI para VGA. adaptador de video, USB 2.0 ate 480Mbps. blindagem dupla. Plug-and-play.",22.21,34.99,1,7,Cabos e Adaptadores,Cabos e Adaptadores,37,Ubiquiti Networks Brasil,21.805.693/0001-60,São Paulo,SP,6,Escritório Central,Online,57,2026-04-13,12.78,36.52,LOW,905
116,72003,Adaptador Conversor HDMI para VGA,"Adaptador Conversor HDMI para VGA. adaptador de video, USB 2.0 ate 480Mbps. blindagem dupla. Plug-and-play.",22.21,34.99,1,7,Cabos e Adaptadores,Cabos e Adaptadores,37,Ubiquiti Networks Brasil,21.805.693/0001-60,São Paulo,SP,5,Loja BH Centro,Física,226,2026-04-13,12.78,36.52,LOW,905
116,72003,Adaptador Conversor HDMI para VGA,"Adaptador Conversor HDMI para VGA. adaptador de video, USB 2.0 ate 480Mbps. blindagem dupla. Plug-and-play.",22.21,34.99,1,7,Cabos e Adaptadores,Cabos e Adaptadores,37,Ubiquiti Networks Brasil,21.805.693/0001-60,São Paulo,SP,4,Loja Campinas,Física,237,2026-04-13,12.78,36.52,LOW,905
116,72003,Adaptador Conversor HDMI para VGA,"Adaptador Conversor HDMI para VGA. adaptador de video, USB 2.0 ate 480Mbps. blindagem dupla. Plug-and-play.",22.21,34.99,1,7,Cabos e Adaptadores,Cabos e Adaptadores,37,Ubiquiti Networks Brasil,21.805.693/0001-60,São Paulo,SP,2,Loja Paulista,Física,138,2026-04-13,12.78,36.52,LOW,905
116,72003,Adaptador Conversor HDMI para VGA,"Adaptador Conversor HDMI para VGA. adaptador de video, USB 2.0 ate 480Mbps. blindagem dupla. Plug-and-play.",22.21,34.99,1,7,Cabos e Adaptadores,Cabos e Adaptadores,37,Ubiquiti Networks Brasil,21.805.693/0001-60,São Paulo,SP,3,Loja Santo André,Física,174,2026-04-13,12.78,36.52,LOW,905
118,72005,Adaptador USB-C para RJ-45 TP-Link UE300C USB 3.0,"Adaptador USB-C para RJ-45 TP-Link UE300C USB 3.0. cabo de dados e carga, USB 2.0 ate 480Mbps. conector reforcado. Plug-and-play.",80.5,119.99,1,7,Cabos e Adaptadores,Cabos e Adaptadores,7,Logitech do Brasil Ltda.,21.865.937/0001-08,São Paulo,SP,1,CD Osasco,Online,71,2026-04-13,39.49,32.91,MID,363
118,72005,Adaptador USB-C para RJ-45 TP-Link UE300C USB 3.0,"Adaptador USB-C para RJ-45 TP-Link UE300C USB 3.0. cabo de dados e carga, USB 2.0 ate 480Mbps. conector reforcado. Plug-and-play.",80.5,119.99,1,7,Cabos e Adaptadores,Cabos e Adaptadores,7,Logitech do Brasil Ltda.,21.865.937/0001-08,São Paulo,SP,6,Escritório Central,Online,51,2026-04-13,39.49,32.91,MID,363
118,72005,Adaptador USB-C para RJ-45 TP-Link UE300C USB 3.0,"Adaptador USB-C para RJ-45 TP-Link UE300C USB 3.0. cabo de dados e carga, USB 2.0 ate 480Mbps. conector reforcado. Plug-and-play.",80.5,119.99,1,7,Cabos e Adaptadores,Cabos e Adaptadores,7,Logitech do Brasil Ltda.,21.865.937/0001-08,São Paulo,SP,5,Loja BH Centro,Física,28,2026-04-13,39.49,32.91,MID,363
118,72005,Adaptador USB-C para RJ-45 TP-Link UE300C USB 3.0,"Adaptador USB-C para RJ-45 TP-Link UE300C USB 3.0. cabo de dados e carga, USB 2.0 ate 480Mbps. conector reforcado. Plug-and-play.",80.5,119.99,1,7,Cabos e Adaptadores,Cabos e Adaptadores,7,Logitech do Brasil Ltda.,21.865.937/0001-08,São Paulo,SP,4,Loja Campinas,Física,83,2026-04-13,39.49,32.91,MID,363
118,72005,Adaptador USB-C para RJ-45 TP-Link UE300C USB 3.0,"Adaptador USB-C para RJ-45 TP-Link UE300C USB 3.0. cabo de dados e carga, USB 2.0 ate 480Mbps. conector reforcado. Plug-and-play.",80.5,119.99,1,7,Cabos e Adaptadores,Cabos e Adaptadores,7,Logitech do Brasil Ltda.,21.865.937/0001-08,São Paulo,SP,2,Loja Paulista,Física,76,2026-04-13,39.49,32.91,MID,363
118,72005,Adaptador USB-C para RJ-45 TP-Link UE300C USB 3.0,"Adaptador USB-C para RJ-45 TP-Link UE300C USB 3.0. cabo de dados e carga, USB 2.0 ate 480Mbps. conector reforcado. Plug-and-play.",80.5,119.99,1,7,Cabos e Adaptadores,Cabos e Adaptadores,7,Logitech do Brasil Ltda.,21.865.937/0001-08,São Paulo,SP,3,Loja Santo André,Física,54,2026-04-13,39.49,32.91,MID,363
114,72001,Cabo HDMI 2.0 4K 1.8m Goldplated,"Cabo HDMI 2.0 4K 1.8m Goldplated. extensor de sinal, 1080p a 60Hz. blindagem dupla. Plug-and-play.",14.35,24.99,1,7,Cabos e Adaptadores,Cabos e Adaptadores,33,XFX Brasil Comércio,63.981.452/0001-11,São Paulo,SP,1,CD Osasco,Online,141,2026-04-13,10.64,42.58,LOW,745
114,72001,Cabo HDMI 2.0 4K 1.8m Goldplated,"Cabo HDMI 2.0 4K 1.8m Goldplated. extensor de sinal, 1080p a 60Hz. blindagem dupla. Plug-and-play.",14.35,24.99,1,7,Cabos e Adaptadores,Cabos e Adaptadores,33,XFX Brasil Comércio,63.981.452/0001-11,São Paulo,SP,6,Escritório Central,Online,114,2026-04-13,10.64,42.58,LOW,745
114,72001,Cabo HDMI 2.0 4K 1.8m Goldplated,"Cabo HDMI 2.0 4K 1.8m Goldplated. extensor de sinal, 1080p a 60Hz. blindagem dupla. Plug-and-play.",14.35,24.99,1,7,Cabos e Adaptadores,Cabos e Adaptadores,33,XFX Brasil Comércio,63.981.452/0001-11,São Paulo,SP,5,Loja BH Centro,Física,85,2026-04-13,10.64,42.58,LOW,745
114,72001,Cabo HDMI 2.0 4K 1.8m Goldplated,"Cabo HDMI 2.0 4K 1.8m Goldplated. extensor de sinal, 1080p a 60Hz. blindagem dupla. Plug-and-play.",14.35,24.99,1,7,Cabos e Adaptadores,Cabos e Adaptadores,33,XFX Brasil Comércio,63.981.452/0001-11,São Paulo,SP,4,Loja Campinas,Física,148,2026-04-13,10.64,42.58,LOW,745
114,72001,Cabo HDMI 2.0 4K 1.8m Goldplated,"Cabo HDMI 2.0 4K 1.8m Goldplated. extensor de sinal, 1080p a 60Hz. blindagem dupla. Plug-and-play.",14.35,24.99,1,7,Cabos e Adaptadores,Cabos e Adaptadores,33,XFX Brasil Comércio,63.981.452/0001-11,São Paulo,SP,2,Loja Paulista,Física,175,2026-04-13,10.64,42.58,LOW,745
114,72001,Cabo HDMI 2.0 4K 1.8m Goldplated,"Cabo HDMI 2.0 4K 1.8m Goldplated. extensor de sinal, 1080p a 60Hz. blindagem dupla. Plug-and-play.",14.35,24.99,1,7,Cabos e Adaptadores,Cabos e Adaptadores,33,XFX Brasil Comércio,63.981.452/0001-11,São Paulo,SP,3,Loja Santo André,Física,82,2026-04-13,10.64,42.58,LOW,745
115,72002,Cabo HDMI 2.0 4K 3m Goldplated,"Cabo HDMI 2.0 4K 3m Goldplated. cabo de dados e carga, USB 3.0 ate 5Gbps. conector reforcado. Plug-and-play.",25.49,39.99,1,7,Cabos e Adaptadores,Cabos e Adaptadores,13,Western Digital do Brasil,76.381.250/0001-80,São Paulo,SP,1,CD Osasco,Online,141,2026-04-13,14.5,36.26,LOW,862
115,72002,Cabo HDMI 2.0 4K 3m Goldplated,"Cabo HDMI 2.0 4K 3m Goldplated. cabo de dados e carga, USB 3.0 ate 5Gbps. conector reforcado. Plug-and-play.",25.49,39.99,1,7,Cabos e Adaptadores,Cabos e Adaptadores,13,Western Digital do Brasil,76.381.250/0001-80,São Paulo,SP,6,Escritório Central,Online,223,2026-04-13,14.5,36.26,LOW,862
115,72002,Cabo HDMI 2.0 4K 3m Goldplated,"Cabo HDMI 2.0 4K 3m Goldplated. cabo de dados e carga, USB 3.0 ate 5Gbps. conector reforcado. Plug-and-play.",25.49,39.99,1,7,Cabos e Adaptadores,Cabos e Adaptadores,13,Western Digital do Brasil,76.381.250/0001-80,São Paulo,SP,5,Loja BH Centro,Física,58,2026-04-13,14.5,36.26,LOW,862
115,72002,Cabo HDMI 2.0 4K 3m Goldplated,"Cabo HDMI 2.0 4K 3m Goldplated. cabo de dados e carga, USB 3.0 ate 5Gbps. conector reforcado. Plug-and-play.",25.49,39.99,1,7,Cabos e Adaptadores,Cabos e Adaptadores,13,Western Digital do Brasil,76.381.250/0001-80,São Paulo,SP,4,Loja Campinas,Física,217,2026-04-13,14.5,36.26,LOW,862
115,72002,Cabo HDMI 2.0 4K 3m Goldplated,"Cabo HDMI 2.0 4K 3m Goldplated. cabo de dados e carga, USB 3.0 ate 5Gbps. conector reforcado. Plug-and-play.",25.49,39.99,1,7,Cabos e Adaptadores,Cabos e Adaptadores,13,Western Digital do Brasil,76.381.250/0001-80,São Paulo,SP,2,Loja Paulista,Física,126,2026-04-13,14.5,36.26,LOW,862
115,72002,Cabo HDMI 2.0 4K 3m Goldplated,"Cabo HDMI 2.0 4K 3m Goldplated. cabo de dados e carga, USB 3.0 ate 5Gbps. conector reforcado. Plug-and-play.",25.49,39.99,1,7,Cabos e Adaptadores,Cabos e Adaptadores,13,Western Digital do Brasil,76.381.250/0001-80,São Paulo,SP,3,Loja Santo André,Física,97,2026-04-13,14.5,36.26,LOW,862
120,72007,Cabo USB-A para USB-C 1m Goldplated,"Cabo USB-A para USB-C 1m Goldplated. adaptador de video, USB 2.0 ate 480Mbps. conector reforcado. Plug-and-play.",11.25,19.99,1,7,Cabos e Adaptadores,Cabos e Adaptadores,36,Keepdata Comércio de Informática,58409627000180,São Paulo,SP,1,CD Osasco,Online,244,2026-04-13,8.74,43.72,LOW,1046
120,72007,Cabo USB-A para USB-C 1m Goldplated,"Cabo USB-A para USB-C 1m Goldplated. adaptador de video, USB 2.0 ate 480Mbps. conector reforcado. Plug-and-play.",11.25,19.99,1,7,Cabos e Adaptadores,Cabos e Adaptadores,36,Keepdata Comércio de Informática,58409627000180,São Paulo,SP,6,Escritório Central,Online,175,2026-04-13,8.74,43.72,LOW,1046
120,72007,Cabo USB-A para USB-C 1m Goldplated,"Cabo USB-A para USB-C 1m Goldplated. adaptador de video, USB 2.0 ate 480Mbps. conector reforcado. Plug-and-play.",11.25,19.99,1,7,Cabos e Adaptadores,Cabos e Adaptadores,36,Keepdata Comércio de Informática,58409627000180,São Paulo,SP,5,Loja BH Centro,Física,246,2026-04-13,8.74,43.72,LOW,1046
120,72007,Cabo USB-A para USB-C 1m Goldplated,"Cabo USB-A para USB-C 1m Goldplated. adaptador de video, USB 2.0 ate 480Mbps. conector reforcado. Plug-and-play.",11.25,19.99,1,7,Cabos e Adaptadores,Cabos e Adaptadores,36,Keepdata Comércio de Informática,58409627000180,São Paulo,SP,4,Loja Campinas,Física,72,2026-04-13,8.74,43.72,LOW,1046
120,72007,Cabo USB-A para USB-C 1m Goldplated,"Cabo USB-A para USB-C 1m Goldplated. adaptador de video, USB 2.0 ate 480Mbps. conector reforcado. Plug-and-play.",11.25,19.99,1,7,Cabos e Adaptadores,Cabos e Adaptadores,36,Keepdata Comércio de Informática,58409627000180,São Paulo,SP,2,Loja Paulista,Física,204,2026-04-13,8.74,43.72,LOW,1046
120,72007,Cabo USB-A para USB-C 1m Goldplated,"Cabo USB-A para USB-C 1m Goldplated. adaptador de video, USB 2.0 ate 480Mbps. conector reforcado. Plug-and-play.",11.25,19.99,1,7,Cabos e Adaptadores,Cabos e Adaptadores,36,Keepdata Comércio de Informática,58409627000180,São Paulo,SP,3,Loja Santo André,Física,105,2026-04-13,8.74,43.72,LOW,1046
119,72006,Hub USB 3.0 7 Portas Multilaser GA181,"Hub USB 3.0 7 Portas Multilaser GA181. adaptador de interface, 1080p a 60Hz. conector reforcado. Plug-and-play.",47.65,89.99,1,7,Cabos e Adaptadores,Cabos e Adaptadores,16,Epson do Brasil Ltda.,76481293000138,São Paulo,SP,1,CD Osasco,Online,108,2026-04-13,42.34,47.05,MID,495
119,72006,Hub USB 3.0 7 Portas Multilaser GA181,"Hub USB 3.0 7 Portas Multilaser GA181. adaptador de interface, 1080p a 60Hz. conector reforcado. Plug-and-play.",47.65,89.99,1,7,Cabos e Adaptadores,Cabos e Adaptadores,16,Epson do Brasil Ltda.,76481293000138,São Paulo,SP,6,Escritório Central,Online,78,2026-04-13,42.34,47.05,MID,495
119,72006,Hub USB 3.0 7 Portas Multilaser GA181,"Hub USB 3.0 7 Portas Multilaser GA181. adaptador de interface, 1080p a 60Hz. conector reforcado. Plug-and-play.",47.65,89.99,1,7,Cabos e Adaptadores,Cabos e Adaptadores,16,Epson do Brasil Ltda.,76481293000138,São Paulo,SP,5,Loja BH Centro,Física,91,2026-04-13,42.34,47.05,MID,495
119,72006,Hub USB 3.0 7 Portas Multilaser GA181,"Hub USB 3.0 7 Portas Multilaser GA181. adaptador de interface, 1080p a 60Hz. conector reforcado. Plug-and-play.",47.65,89.99,1,7,Cabos e Adaptadores,Cabos e Adaptadores,16,Epson do Brasil Ltda.,76481293000138,São Paulo,SP,4,Loja Campinas,Física,34,2026-04-13,42.34,47.05,MID,495
119,72006,Hub USB 3.0 7 Portas Multilaser GA181,"Hub USB 3.0 7 Portas Multilaser GA181. adaptador de interface, 1080p a 60Hz. conector reforcado. Plug-and-play.",47.65,89.99,1,7,Cabos e Adaptadores,Cabos e Adaptadores,16,Epson do Brasil Ltda.,76481293000138,São Paulo,SP,2,Loja Paulista,Física,76,2026-04-13,42.34,47.05,MID,495
119,72006,Hub USB 3.0 7 Portas Multilaser GA181,"Hub USB 3.0 7 Portas Multilaser GA181. adaptador de interface, 1080p a 60Hz. conector reforcado. Plug-and-play.",47.65,89.99,1,7,Cabos e Adaptadores,Cabos e Adaptadores,16,Epson do Brasil Ltda.,76481293000138,São Paulo,SP,3,Loja Santo André,Física,108,2026-04-13,42.34,47.05,MID,495
137,76002,Câmera de Segurança Balun Vídeo HD Passivo 5MP,"Câmera de Segurança Balun Vídeo HD Passivo 5MP. 5MP, visao noturna 20m. Conexao Wi-Fi 2,4GHz. classificacao IP66 (externa).",22.79,39.99,1,8,Câmeras e Segurança,Câmeras e Segurança,19,Dell Computadores do Brasil Ltda.,37219054000152,Eldorado do Sul,RS,1,CD Osasco,Online,127,2026-04-13,17.2,43.01,LOW,852
137,76002,Câmera de Segurança Balun Vídeo HD Passivo 5MP,"Câmera de Segurança Balun Vídeo HD Passivo 5MP. 5MP, visao noturna 20m. Conexao Wi-Fi 2,4GHz. classificacao IP66 (externa).",22.79,39.99,1,8,Câmeras e Segurança,Câmeras e Segurança,19,Dell Computadores do Brasil Ltda.,37219054000152,Eldorado do Sul,RS,6,Escritório Central,Online,111,2026-04-13,17.2,43.01,LOW,852
137,76002,Câmera de Segurança Balun Vídeo HD Passivo 5MP,"Câmera de Segurança Balun Vídeo HD Passivo 5MP. 5MP, visao noturna 20m. Conexao Wi-Fi 2,4GHz. classificacao IP66 (externa).",22.79,39.99,1,8,Câmeras e Segurança,Câmeras e Segurança,19,Dell Computadores do Brasil Ltda.,37219054000152,Eldorado do Sul,RS,5,Loja BH Centro,Física,78,2026-04-13,17.2,43.01,LOW,852
137,76002,Câmera de Segurança Balun Vídeo HD Passivo 5MP,"Câmera de Segurança Balun Vídeo HD Passivo 5MP. 5MP, visao noturna 20m. Conexao Wi-Fi 2,4GHz. classificacao IP66 (externa).",22.79,39.99,1,8,Câmeras e Segurança,Câmeras e Segurança,19,Dell Computadores do Brasil Ltda.,37219054000152,Eldorado do Sul,RS,4,Loja Campinas,Física,250,2026-04-13,17.2,43.01,LOW,852
137,76002,Câmera de Segurança Balun Vídeo HD Passivo 5MP,"Câmera de Segurança Balun Vídeo HD Passivo 5MP. 5MP, visao noturna 20m. Conexao Wi-Fi 2,4GHz. classificacao IP66 (externa).",22.79,39.99,1,8,Câmeras e Segurança,Câmeras e Segurança,19,Dell Computadores do Brasil Ltda.,37219054000152,Eldorado do Sul,RS,2,Loja Paulista,Física,238,2026-04-13,17.2,43.01,LOW,852
137,76002,Câmera de Segurança Balun Vídeo HD Passivo 5MP,"Câmera de Segurança Balun Vídeo HD Passivo 5MP. 5MP, visao noturna 20m. Conexao Wi-Fi 2,4GHz. classificacao IP66 (externa).",22.79,39.99,1,8,Câmeras e Segurança,Câmeras e Segurança,19,Dell Computadores do Brasil Ltda.,37219054000152,Eldorado do Sul,RS,3,Loja Santo André,Física,48,2026-04-13,17.2,43.01,LOW,852
138,76003,Câmera IP Intelbras VIP 1230 B G3 Full HD PoE,"Câmera IP Intelbras VIP 1230 B G3 Full HD PoE. 4MP, visao noturna infravermelha 30m. Conexao IP Wi-Fi e com fio. para uso interno.",479.15,849.99,1,8,Câmeras e Segurança,Câmeras e Segurança,40,3Nstar Automação Comercial Brasil,57329146000100,São Paulo,SP,1,CD Osasco,Online,16,2026-04-13,370.84,43.63,HIGH,135
138,76003,Câmera IP Intelbras VIP 1230 B G3 Full HD PoE,"Câmera IP Intelbras VIP 1230 B G3 Full HD PoE. 4MP, visao noturna infravermelha 30m. Conexao IP Wi-Fi e com fio. para uso interno.",479.15,849.99,1,8,Câmeras e Segurança,Câmeras e Segurança,40,3Nstar Automação Comercial Brasil,57329146000100,São Paulo,SP,6,Escritório Central,Online,24,2026-04-13,370.84,43.63,HIGH,135
138,76003,Câmera IP Intelbras VIP 1230 B G3 Full HD PoE,"Câmera IP Intelbras VIP 1230 B G3 Full HD PoE. 4MP, visao noturna infravermelha 30m. Conexao IP Wi-Fi e com fio. para uso interno.",479.15,849.99,1,8,Câmeras e Segurança,Câmeras e Segurança,40,3Nstar Automação Comercial Brasil,57329146000100,São Paulo,SP,5,Loja BH Centro,Física,31,2026-04-13,370.84,43.63,HIGH,135
138,76003,Câmera IP Intelbras VIP 1230 B G3 Full HD PoE,"Câmera IP Intelbras VIP 1230 B G3 Full HD PoE. 4MP, visao noturna infravermelha 30m. Conexao IP Wi-Fi e com fio. para uso interno.",479.15,849.99,1,8,Câmeras e Segurança,Câmeras e Segurança,40,3Nstar Automação Comercial Brasil,57329146000100,São Paulo,SP,4,Loja Campinas,Física,7,2026-04-13,370.84,43.63,HIGH,135
138,76003,Câmera IP Intelbras VIP 1230 B G3 Full HD PoE,"Câmera IP Intelbras VIP 1230 B G3 Full HD PoE. 4MP, visao noturna infravermelha 30m. Conexao IP Wi-Fi e com fio. para uso interno.",479.15,849.99,1,8,Câmeras e Segurança,Câmeras e Segurança,40,3Nstar Automação Comercial Brasil,57329146000100,São Paulo,SP,2,Loja Paulista,Física,25,2026-04-13,370.84,43.63,HIGH,135
138,76003,Câmera IP Intelbras VIP 1230 B G3 Full HD PoE,"Câmera IP Intelbras VIP 1230 B G3 Full HD PoE. 4MP, visao noturna infravermelha 30m. Conexao IP Wi-Fi e com fio. para uso interno.",479.15,849.99,1,8,Câmeras e Segurança,Câmeras e Segurança,40,3Nstar Automação Comercial Brasil,57329146000100,São Paulo,SP,3,Loja Santo André,Física,32,2026-04-13,370.84,43.63,HIGH,135
136,76001,Câmera IP Satellite A-CAM8101 Full HD Wi-Fi Branca,"Câmera IP Satellite A-CAM8101 Full HD Wi-Fi Branca. HD 720p, visao noturna colorida 40m. Conexao IP PoE. para uso interno.",188.84,349.99,1,8,Câmeras e Segurança,Câmeras e Segurança,14,TP-Link do Brasil Comércio Eletrônico,41.679.328/0001-63,São Paulo,SP,1,CD Osasco,Online,16,2026-04-13,161.15,46.04,HIGH,192
136,76001,Câmera IP Satellite A-CAM8101 Full HD Wi-Fi Branca,"Câmera IP Satellite A-CAM8101 Full HD Wi-Fi Branca. HD 720p, visao noturna colorida 40m. Conexao IP PoE. para uso interno.",188.84,349.99,1,8,Câmeras e Segurança,Câmeras e Segurança,14,TP-Link do Brasil Comércio Eletrônico,41.679.328/0001-63,São Paulo,SP,6,Escritório Central,Online,34,2026-04-13,161.15,46.04,HIGH,192
136,76001,Câmera IP Satellite A-CAM8101 Full HD Wi-Fi Branca,"Câmera IP Satellite A-CAM8101 Full HD Wi-Fi Branca. HD 720p, visao noturna colorida 40m. Conexao IP PoE. para uso interno.",188.84,349.99,1,8,Câmeras e Segurança,Câmeras e Segurança,14,TP-Link do Brasil Comércio Eletrônico,41.679.328/0001-63,São Paulo,SP,5,Loja BH Centro,Física,36,2026-04-13,161.15,46.04,HIGH,192
136,76001,Câmera IP Satellite A-CAM8101 Full HD Wi-Fi Branca,"Câmera IP Satellite A-CAM8101 Full HD Wi-Fi Branca. HD 720p, visao noturna colorida 40m. Conexao IP PoE. para uso interno.",188.84,349.99,1,8,Câmeras e Segurança,Câmeras e Segurança,14,TP-Link do Brasil Comércio Eletrônico,41.679.328/0001-63,São Paulo,SP,4,Loja Campinas,Física,25,2026-04-13,161.15,46.04,HIGH,192
136,76001,Câmera IP Satellite A-CAM8101 Full HD Wi-Fi Branca,"Câmera IP Satellite A-CAM8101 Full HD Wi-Fi Branca. HD 720p, visao noturna colorida 40m. Conexao IP PoE. para uso interno.",188.84,349.99,1,8,Câmeras e Segurança,Câmeras e Segurança,14,TP-Link do Brasil Comércio Eletrônico,41.679.328/0001-63,São Paulo,SP,2,Loja Paulista,Física,39,2026-04-13,161.15,46.04,HIGH,192
136,76001,Câmera IP Satellite A-CAM8101 Full HD Wi-Fi Branca,"Câmera IP Satellite A-CAM8101 Full HD Wi-Fi Branca. HD 720p, visao noturna colorida 40m. Conexao IP PoE. para uso interno.",188.84,349.99,1,8,Câmeras e Segurança,Câmeras e Segurança,14,TP-Link do Brasil Comércio Eletrônico,41.679.328/0001-63,São Paulo,SP,3,Loja Santo André,Física,42,2026-04-13,161.15,46.04,HIGH,192
151,80001,Ar Condicionado 12000 BTU Black+Decker Inverter 220V,"Ar Condicionado 12000 BTU Black+Decker Inverter 220V. classe A de eficiencia energetica, bivolt 110V/220V. controle remoto incluso. Para uso comercial.",1215.08,2089.99,1,9,Eletrodomésticos,Eletrodomésticos,39,Biostar Technology Brasil,29.643.051/0001-13,São Paulo,SP,1,CD Osasco,Online,6,2026-04-13,874.91,41.86,ULTRA,30
151,80001,Ar Condicionado 12000 BTU Black+Decker Inverter 220V,"Ar Condicionado 12000 BTU Black+Decker Inverter 220V. classe A de eficiencia energetica, bivolt 110V/220V. controle remoto incluso. Para uso comercial.",1215.08,2089.99,1,9,Eletrodomésticos,Eletrodomésticos,39,Biostar Technology Brasil,29.643.051/0001-13,São Paulo,SP,6,Escritório Central,Online,5,2026-04-13,874.91,41.86,ULTRA,30
151,80001,Ar Condicionado 12000 BTU Black+Decker Inverter 220V,"Ar Condicionado 12000 BTU Black+Decker Inverter 220V. classe A de eficiencia energetica, bivolt 110V/220V. controle remoto incluso. Para uso comercial.",1215.08,2089.99,1,9,Eletrodomésticos,Eletrodomésticos,39,Biostar Technology Brasil,29.643.051/0001-13,São Paulo,SP,5,Loja BH Centro,Física,5,2026-04-13,874.91,41.86,ULTRA,30
151,80001,Ar Condicionado 12000 BTU Black+Decker Inverter 220V,"Ar Condicionado 12000 BTU Black+Decker Inverter 220V. classe A de eficiencia energetica, bivolt 110V/220V. controle remoto incluso. Para uso comercial.",1215.08,2089.99,1,9,Eletrodomésticos,Eletrodomésticos,39,Biostar Technology Brasil,29.643.051/0001-13,São Paulo,SP,4,Loja Campinas,Física,4,2026-04-13,874.91,41.86,ULTRA,30
151,80001,Ar Condicionado 12000 BTU Black+Decker Inverter 220V,"Ar Condicionado 12000 BTU Black+Decker Inverter 220V. classe A de eficiencia energetica, bivolt 110V/220V. controle remoto incluso. Para uso comercial.",1215.08,2089.99,1,9,Eletrodomésticos,Eletrodomésticos,39,Biostar Technology Brasil,29.643.051/0001-13,São Paulo,SP,2,Loja Paulista,Física,5,2026-04-13,874.91,41.86,ULTRA,30
151,80001,Ar Condicionado 12000 BTU Black+Decker Inverter 220V,"Ar Condicionado 12000 BTU Black+Decker Inverter 220V. classe A de eficiencia energetica, bivolt 110V/220V. controle remoto incluso. Para uso comercial.",1215.08,2089.99,1,9,Eletrodomésticos,Eletrodomésticos,39,Biostar Technology Brasil,29.643.051/0001-13,São Paulo,SP,3,Loja Santo André,Física,5,2026-04-13,874.91,41.86,ULTRA,30
152,80002,Ar Condicionado 18000 BTU Black+Decker Inverter 220V,"Ar Condicionado 18000 BTU Black+Decker Inverter 220V. classe A de eficiencia energetica, bivolt 110V/220V. compressor inverter. Para pequenos espacos.",1655.39,3015.99,1,9,Eletrodomésticos,Eletrodomésticos,17,HP do Brasil Sistemas de Computação,06493127000176,Barueri,SP,1,CD Osasco,Online,5,2026-04-13,1360.6,45.11,ULTRA,26
152,80002,Ar Condicionado 18000 BTU Black+Decker Inverter 220V,"Ar Condicionado 18000 BTU Black+Decker Inverter 220V. classe A de eficiencia energetica, bivolt 110V/220V. compressor inverter. Para pequenos espacos.",1655.39,3015.99,1,9,Eletrodomésticos,Eletrodomésticos,17,HP do Brasil Sistemas de Computação,06493127000176,Barueri,SP,6,Escritório Central,Online,4,2026-04-13,1360.6,45.11,ULTRA,26
152,80002,Ar Condicionado 18000 BTU Black+Decker Inverter 220V,"Ar Condicionado 18000 BTU Black+Decker Inverter 220V. classe A de eficiencia energetica, bivolt 110V/220V. compressor inverter. Para pequenos espacos.",1655.39,3015.99,1,9,Eletrodomésticos,Eletrodomésticos,17,HP do Brasil Sistemas de Computação,06493127000176,Barueri,SP,5,Loja BH Centro,Física,6,2026-04-13,1360.6,45.11,ULTRA,26
152,80002,Ar Condicionado 18000 BTU Black+Decker Inverter 220V,"Ar Condicionado 18000 BTU Black+Decker Inverter 220V. classe A de eficiencia energetica, bivolt 110V/220V. compressor inverter. Para pequenos espacos.",1655.39,3015.99,1,9,Eletrodomésticos,Eletrodomésticos,17,HP do Brasil Sistemas de Computação,06493127000176,Barueri,SP,4,Loja Campinas,Física,6,2026-04-13,1360.6,45.11,ULTRA,26
152,80002,Ar Condicionado 18000 BTU Black+Decker Inverter 220V,"Ar Condicionado 18000 BTU Black+Decker Inverter 220V. classe A de eficiencia energetica, bivolt 110V/220V. compressor inverter. Para pequenos espacos.",1655.39,3015.99,1,9,Eletrodomésticos,Eletrodomésticos,17,HP do Brasil Sistemas de Computação,06493127000176,Barueri,SP,2,Loja Paulista,Física,1,2026-04-13,1360.6,45.11,ULTRA,26
152,80002,Ar Condicionado 18000 BTU Black+Decker Inverter 220V,"Ar Condicionado 18000 BTU Black+Decker Inverter 220V. classe A de eficiencia energetica, bivolt 110V/220V. compressor inverter. Para pequenos espacos.",1655.39,3015.99,1,9,Eletrodomésticos,Eletrodomésticos,17,HP do Brasil Sistemas de Computação,06493127000176,Barueri,SP,3,Loja Santo André,Física,4,2026-04-13,1360.6,45.11,ULTRA,26
153,80003,Ventilador FTX Brisa 3 Vel FS-40MF de Pé 60W 220V,"Ventilador FTX Brisa 3 Vel FS-40MF de Pé 60W 220V. classificacao A++, bivolt 110V/220V. modo sleep e timer. Para uso comercial.",132.87,252.99,1,9,Eletrodomésticos,Eletrodomésticos,20,Asus do Brasil Computadores Ltda.,47021359000109,São Paulo,SP,1,CD Osasco,Online,31,2026-04-13,120.12,47.48,MID,571
153,80003,Ventilador FTX Brisa 3 Vel FS-40MF de Pé 60W 220V,"Ventilador FTX Brisa 3 Vel FS-40MF de Pé 60W 220V. classificacao A++, bivolt 110V/220V. modo sleep e timer. Para uso comercial.",132.87,252.99,1,9,Eletrodomésticos,Eletrodomésticos,20,Asus do Brasil Computadores Ltda.,47021359000109,São Paulo,SP,6,Escritório Central,Online,100,2026-04-13,120.12,47.48,MID,571
153,80003,Ventilador FTX Brisa 3 Vel FS-40MF de Pé 60W 220V,"Ventilador FTX Brisa 3 Vel FS-40MF de Pé 60W 220V. classificacao A++, bivolt 110V/220V. modo sleep e timer. Para uso comercial.",132.87,252.99,1,9,Eletrodomésticos,Eletrodomésticos,20,Asus do Brasil Computadores Ltda.,47021359000109,São Paulo,SP,5,Loja BH Centro,Física,111,2026-04-13,120.12,47.48,MID,571
153,80003,Ventilador FTX Brisa 3 Vel FS-40MF de Pé 60W 220V,"Ventilador FTX Brisa 3 Vel FS-40MF de Pé 60W 220V. classificacao A++, bivolt 110V/220V. modo sleep e timer. Para uso comercial.",132.87,252.99,1,9,Eletrodomésticos,Eletrodomésticos,20,Asus do Brasil Computadores Ltda.,47021359000109,São Paulo,SP,4,Loja Campinas,Física,118,2026-04-13,120.12,47.48,MID,571
153,80003,Ventilador FTX Brisa 3 Vel FS-40MF de Pé 60W 220V,"Ventilador FTX Brisa 3 Vel FS-40MF de Pé 60W 220V. classificacao A++, bivolt 110V/220V. modo sleep e timer. Para uso comercial.",132.87,252.99,1,9,Eletrodomésticos,Eletrodomésticos,20,Asus do Brasil Computadores Ltda.,47021359000109,São Paulo,SP,2,Loja Paulista,Física,111,2026-04-13,120.12,47.48,MID,571
153,80003,Ventilador FTX Brisa 3 Vel FS-40MF de Pé 60W 220V,"Ventilador FTX Brisa 3 Vel FS-40MF de Pé 60W 220V. classificacao A++, bivolt 110V/220V. modo sleep e timer. Para uso comercial.",132.87,252.99,1,9,Eletrodomésticos,Eletrodomésticos,20,Asus do Brasil Computadores Ltda.,47021359000109,São Paulo,SP,3,Loja Santo André,Física,100,2026-04-13,120.12,47.48,MID,571
129,74003,Nobreak 1200VA APC BVG1200I-MSX Easy 230V,"Nobreak 1200VA APC BVG1200I-MSX Easy 230V. Topologia online dupla conversao. protecao contra surtos, sobretensao e subtensao. autonomia aprox. 15min em carga total.",407.27,665.99,1,17,Nobreaks e UPS,Energia,14,TP-Link do Brasil Comércio Eletrônico,41.679.328/0001-63,São Paulo,SP,1,CD Osasco,Online,19,2026-04-13,258.72,38.85,HIGH,103
129,74003,Nobreak 1200VA APC BVG1200I-MSX Easy 230V,"Nobreak 1200VA APC BVG1200I-MSX Easy 230V. Topologia online dupla conversao. protecao contra surtos, sobretensao e subtensao. autonomia aprox. 15min em carga total.",407.27,665.99,1,17,Nobreaks e UPS,Energia,14,TP-Link do Brasil Comércio Eletrônico,41.679.328/0001-63,São Paulo,SP,6,Escritório Central,Online,12,2026-04-13,258.72,38.85,HIGH,103
129,74003,Nobreak 1200VA APC BVG1200I-MSX Easy 230V,"Nobreak 1200VA APC BVG1200I-MSX Easy 230V. Topologia online dupla conversao. protecao contra surtos, sobretensao e subtensao. autonomia aprox. 15min em carga total.",407.27,665.99,1,17,Nobreaks e UPS,Energia,14,TP-Link do Brasil Comércio Eletrônico,41.679.328/0001-63,São Paulo,SP,5,Loja BH Centro,Física,30,2026-04-13,258.72,38.85,HIGH,103
129,74003,Nobreak 1200VA APC BVG1200I-MSX Easy 230V,"Nobreak 1200VA APC BVG1200I-MSX Easy 230V. Topologia online dupla conversao. protecao contra surtos, sobretensao e subtensao. autonomia aprox. 15min em carga total.",407.27,665.99,1,17,Nobreaks e UPS,Energia,14,TP-Link do Brasil Comércio Eletrônico,41.679.328/0001-63,São Paulo,SP,4,Loja Campinas,Física,20,2026-04-13,258.72,38.85,HIGH,103
129,74003,Nobreak 1200VA APC BVG1200I-MSX Easy 230V,"Nobreak 1200VA APC BVG1200I-MSX Easy 230V. Topologia online dupla conversao. protecao contra surtos, sobretensao e subtensao. autonomia aprox. 15min em carga total.",407.27,665.99,1,17,Nobreaks e UPS,Energia,14,TP-Link do Brasil Comércio Eletrônico,41.679.328/0001-63,São Paulo,SP,2,Loja Paulista,Física,16,2026-04-13,258.72,38.85,HIGH,103
129,74003,Nobreak 1200VA APC BVG1200I-MSX Easy 230V,"Nobreak 1200VA APC BVG1200I-MSX Easy 230V. Topologia online dupla conversao. protecao contra surtos, sobretensao e subtensao. autonomia aprox. 15min em carga total.",407.27,665.99,1,17,Nobreaks e UPS,Energia,14,TP-Link do Brasil Comércio Eletrônico,41.679.328/0001-63,São Paulo,SP,3,Loja Santo André,Física,6,2026-04-13,258.72,38.85,HIGH,103
130,74004,Nobreak 2200VA APC Back BX2200MI-MS AVR 230V,"Nobreak 2200VA APC Back BX2200MI-MS AVR 230V. Topologia online dupla conversao. protecao contra surtos, sobretensao e subtensao. autonomia aprox. 10min em carga total.",1191.78,1887.99,1,17,Nobreaks e UPS,Energia,30,Zotac Technology Brasil,52_479_081_0001_58,São Paulo,SP,1,CD Osasco,Online,5,2026-04-13,696.21,36.88,ULTRA,19
130,74004,Nobreak 2200VA APC Back BX2200MI-MS AVR 230V,"Nobreak 2200VA APC Back BX2200MI-MS AVR 230V. Topologia online dupla conversao. protecao contra surtos, sobretensao e subtensao. autonomia aprox. 10min em carga total.",1191.78,1887.99,1,17,Nobreaks e UPS,Energia,30,Zotac Technology Brasil,52_479_081_0001_58,São Paulo,SP,6,Escritório Central,Online,2,2026-04-13,696.21,36.88,ULTRA,19
130,74004,Nobreak 2200VA APC Back BX2200MI-MS AVR 230V,"Nobreak 2200VA APC Back BX2200MI-MS AVR 230V. Topologia online dupla conversao. protecao contra surtos, sobretensao e subtensao. autonomia aprox. 10min em carga total.",1191.78,1887.99,1,17,Nobreaks e UPS,Energia,30,Zotac Technology Brasil,52_479_081_0001_58,São Paulo,SP,5,Loja BH Centro,Física,2,2026-04-13,696.21,36.88,ULTRA,19
130,74004,Nobreak 2200VA APC Back BX2200MI-MS AVR 230V,"Nobreak 2200VA APC Back BX2200MI-MS AVR 230V. Topologia online dupla conversao. protecao contra surtos, sobretensao e subtensao. autonomia aprox. 10min em carga total.",1191.78,1887.99,1,17,Nobreaks e UPS,Energia,30,Zotac Technology Brasil,52_479_081_0001_58,São Paulo,SP,4,Loja Campinas,Física,6,2026-04-13,696.21,36.88,ULTRA,19
130,74004,Nobreak 2200VA APC Back BX2200MI-MS AVR 230V,"Nobreak 2200VA APC Back BX2200MI-MS AVR 230V. Topologia online dupla conversao. protecao contra surtos, sobretensao e subtensao. autonomia aprox. 10min em carga total.",1191.78,1887.99,1,17,Nobreaks e UPS,Energia,30,Zotac Technology Brasil,52_479_081_0001_58,São Paulo,SP,2,Loja Paulista,Física,1,2026-04-13,696.21,36.88,ULTRA,19
130,74004,Nobreak 2200VA APC Back BX2200MI-MS AVR 230V,"Nobreak 2200VA APC Back BX2200MI-MS AVR 230V. Topologia online dupla conversao. protecao contra surtos, sobretensao e subtensao. autonomia aprox. 10min em carga total.",1191.78,1887.99,1,17,Nobreaks e UPS,Energia,30,Zotac Technology Brasil,52_479_081_0001_58,São Paulo,SP,3,Loja Santo André,Física,3,2026-04-13,696.21,36.88,ULTRA,19
131,74005,Nobreak 3000VA Smart MR-UF3000A 1800W 110V,Nobreak 3000VA Smart MR-UF3000A 1800W 110V. Topologia off-line/standby. protecao completa OVP/UVP/OCP. autonomia aprox. 30min em meia carga.,529.62,965.99,1,17,Nobreaks e UPS,Energia,33,XFX Brasil Comércio,63.981.452/0001-11,São Paulo,SP,1,CD Osasco,Online,3,2026-04-13,436.37,45.17,ULTRA,27
131,74005,Nobreak 3000VA Smart MR-UF3000A 1800W 110V,Nobreak 3000VA Smart MR-UF3000A 1800W 110V. Topologia off-line/standby. protecao completa OVP/UVP/OCP. autonomia aprox. 30min em meia carga.,529.62,965.99,1,17,Nobreaks e UPS,Energia,33,XFX Brasil Comércio,63.981.452/0001-11,São Paulo,SP,6,Escritório Central,Online,3,2026-04-13,436.37,45.17,ULTRA,27
131,74005,Nobreak 3000VA Smart MR-UF3000A 1800W 110V,Nobreak 3000VA Smart MR-UF3000A 1800W 110V. Topologia off-line/standby. protecao completa OVP/UVP/OCP. autonomia aprox. 30min em meia carga.,529.62,965.99,1,17,Nobreaks e UPS,Energia,33,XFX Brasil Comércio,63.981.452/0001-11,São Paulo,SP,5,Loja BH Centro,Física,9,2026-04-13,436.37,45.17,ULTRA,27
131,74005,Nobreak 3000VA Smart MR-UF3000A 1800W 110V,Nobreak 3000VA Smart MR-UF3000A 1800W 110V. Topologia off-line/standby. protecao completa OVP/UVP/OCP. autonomia aprox. 30min em meia carga.,529.62,965.99,1,17,Nobreaks e UPS,Energia,33,XFX Brasil Comércio,63.981.452/0001-11,São Paulo,SP,4,Loja Campinas,Física,7,2026-04-13,436.37,45.17,ULTRA,27
131,74005,Nobreak 3000VA Smart MR-UF3000A 1800W 110V,Nobreak 3000VA Smart MR-UF3000A 1800W 110V. Topologia off-line/standby. protecao completa OVP/UVP/OCP. autonomia aprox. 30min em meia carga.,529.62,965.99,1,17,Nobreaks e UPS,Energia,33,XFX Brasil Comércio,63.981.452/0001-11,São Paulo,SP,2,Loja Paulista,Física,4,2026-04-13,436.37,45.17,ULTRA,27
131,74005,Nobreak 3000VA Smart MR-UF3000A 1800W 110V,Nobreak 3000VA Smart MR-UF3000A 1800W 110V. Topologia off-line/standby. protecao completa OVP/UVP/OCP. autonomia aprox. 30min em meia carga.,529.62,965.99,1,17,Nobreaks e UPS,Energia,33,XFX Brasil Comércio,63.981.452/0001-11,São Paulo,SP,3,Loja Santo André,Física,1,2026-04-13,436.37,45.17,ULTRA,27
127,74001,Nobreak 600VA FTX 360W Nema Universal 220V,"Nobreak 600VA FTX 360W Nema Universal 220V. Topologia linha interativa. protecao contra surtos, sobretensao e subtensao. autonomia aprox. 15min em carga total.",157.64,241.99,1,17,Nobreaks e UPS,Energia,35,Mtek Informática Distrib. Ltda.,71.802.934/0001-95,São Paulo,SP,1,CD Osasco,Online,30,2026-04-13,84.35,34.86,MID,279
127,74001,Nobreak 600VA FTX 360W Nema Universal 220V,"Nobreak 600VA FTX 360W Nema Universal 220V. Topologia linha interativa. protecao contra surtos, sobretensao e subtensao. autonomia aprox. 15min em carga total.",157.64,241.99,1,17,Nobreaks e UPS,Energia,35,Mtek Informática Distrib. Ltda.,71.802.934/0001-95,São Paulo,SP,6,Escritório Central,Online,62,2026-04-13,84.35,34.86,MID,279
127,74001,Nobreak 600VA FTX 360W Nema Universal 220V,"Nobreak 600VA FTX 360W Nema Universal 220V. Topologia linha interativa. protecao contra surtos, sobretensao e subtensao. autonomia aprox. 15min em carga total.",157.64,241.99,1,17,Nobreaks e UPS,Energia,35,Mtek Informática Distrib. Ltda.,71.802.934/0001-95,São Paulo,SP,5,Loja BH Centro,Física,66,2026-04-13,84.35,34.86,MID,279
127,74001,Nobreak 600VA FTX 360W Nema Universal 220V,"Nobreak 600VA FTX 360W Nema Universal 220V. Topologia linha interativa. protecao contra surtos, sobretensao e subtensao. autonomia aprox. 15min em carga total.",157.64,241.99,1,17,Nobreaks e UPS,Energia,35,Mtek Informática Distrib. Ltda.,71.802.934/0001-95,São Paulo,SP,4,Loja Campinas,Física,20,2026-04-13,84.35,34.86,MID,279
127,74001,Nobreak 600VA FTX 360W Nema Universal 220V,"Nobreak 600VA FTX 360W Nema Universal 220V. Topologia linha interativa. protecao contra surtos, sobretensao e subtensao. autonomia aprox. 15min em carga total.",157.64,241.99,1,17,Nobreaks e UPS,Energia,35,Mtek Informática Distrib. Ltda.,71.802.934/0001-95,São Paulo,SP,2,Loja Paulista,Física,38,2026-04-13,84.35,34.86,MID,279
127,74001,Nobreak 600VA FTX 360W Nema Universal 220V,"Nobreak 600VA FTX 360W Nema Universal 220V. Topologia linha interativa. protecao contra surtos, sobretensao e subtensao. autonomia aprox. 15min em carga total.",157.64,241.99,1,17,Nobreaks e UPS,Energia,35,Mtek Informática Distrib. Ltda.,71.802.934/0001-95,São Paulo,SP,3,Loja Santo André,Física,63,2026-04-13,84.35,34.86,MID,279
128,74002,Nobreak 700VA APC BVG700I-MSX Easy 230V,"Nobreak 700VA APC BVG700I-MSX Easy 230V. Topologia off-line/standby. protecao contra surtos, sobretensao e subtensao. autonomia aprox. 30min em meia carga.",252.39,413.99,1,17,Nobreaks e UPS,Energia,38,Sandisk / Western Digital Brasil,80_793_561_0001_24,São Paulo,SP,1,CD Osasco,Online,13,2026-04-13,161.6,39.03,HIGH,153
128,74002,Nobreak 700VA APC BVG700I-MSX Easy 230V,"Nobreak 700VA APC BVG700I-MSX Easy 230V. Topologia off-line/standby. protecao contra surtos, sobretensao e subtensao. autonomia aprox. 30min em meia carga.",252.39,413.99,1,17,Nobreaks e UPS,Energia,38,Sandisk / Western Digital Brasil,80_793_561_0001_24,São Paulo,SP,6,Escritório Central,Online,25,2026-04-13,161.6,39.03,HIGH,153
128,74002,Nobreak 700VA APC BVG700I-MSX Easy 230V,"Nobreak 700VA APC BVG700I-MSX Easy 230V. Topologia off-line/standby. protecao contra surtos, sobretensao e subtensao. autonomia aprox. 30min em meia carga.",252.39,413.99,1,17,Nobreaks e UPS,Energia,38,Sandisk / Western Digital Brasil,80_793_561_0001_24,São Paulo,SP,5,Loja BH Centro,Física,21,2026-04-13,161.6,39.03,HIGH,153
128,74002,Nobreak 700VA APC BVG700I-MSX Easy 230V,"Nobreak 700VA APC BVG700I-MSX Easy 230V. Topologia off-line/standby. protecao contra surtos, sobretensao e subtensao. autonomia aprox. 30min em meia carga.",252.39,413.99,1,17,Nobreaks e UPS,Energia,38,Sandisk / Western Digital Brasil,80_793_561_0001_24,São Paulo,SP,4,Loja Campinas,Física,42,2026-04-13,161.6,39.03,HIGH,153
128,74002,Nobreak 700VA APC BVG700I-MSX Easy 230V,"Nobreak 700VA APC BVG700I-MSX Easy 230V. Topologia off-line/standby. protecao contra surtos, sobretensao e subtensao. autonomia aprox. 30min em meia carga.",252.39,413.99,1,17,Nobreaks e UPS,Energia,38,Sandisk / Western Digital Brasil,80_793_561_0001_24,São Paulo,SP,2,Loja Paulista,Física,40,2026-04-13,161.6,39.03,HIGH,153
128,74002,Nobreak 700VA APC BVG700I-MSX Easy 230V,"Nobreak 700VA APC BVG700I-MSX Easy 230V. Topologia off-line/standby. protecao contra surtos, sobretensao e subtensao. autonomia aprox. 30min em meia carga.",252.39,413.99,1,17,Nobreaks e UPS,Energia,38,Sandisk / Western Digital Brasil,80_793_561_0001_24,São Paulo,SP,3,Loja Santo André,Física,12,2026-04-13,161.6,39.03,HIGH,153
46,52007,HD 1TB Seagate Barracuda 7200RPM SATA III ST1000DM010,"HD 1TB Seagate Barracuda 7200RPM SATA III ST1000DM010. Interface NVMe PCIe 4.0, leitura ate 550 MB/s, gravacao ate 520 MB/s. fator 2,5"".",174.89,289.99,1,3,Armazenamento,Hardware,17,HP do Brasil Sistemas de Computação,06493127000176,Barueri,SP,1,CD Osasco,Online,43,2026-04-13,115.1,39.69,MID,445
46,52007,HD 1TB Seagate Barracuda 7200RPM SATA III ST1000DM010,"HD 1TB Seagate Barracuda 7200RPM SATA III ST1000DM010. Interface NVMe PCIe 4.0, leitura ate 550 MB/s, gravacao ate 520 MB/s. fator 2,5"".",174.89,289.99,1,3,Armazenamento,Hardware,17,HP do Brasil Sistemas de Computação,06493127000176,Barueri,SP,6,Escritório Central,Online,73,2026-04-13,115.1,39.69,MID,445
46,52007,HD 1TB Seagate Barracuda 7200RPM SATA III ST1000DM010,"HD 1TB Seagate Barracuda 7200RPM SATA III ST1000DM010. Interface NVMe PCIe 4.0, leitura ate 550 MB/s, gravacao ate 520 MB/s. fator 2,5"".",174.89,289.99,1,3,Armazenamento,Hardware,17,HP do Brasil Sistemas de Computação,06493127000176,Barueri,SP,5,Loja BH Centro,Física,66,2026-04-13,115.1,39.69,MID,445
46,52007,HD 1TB Seagate Barracuda 7200RPM SATA III ST1000DM010,"HD 1TB Seagate Barracuda 7200RPM SATA III ST1000DM010. Interface NVMe PCIe 4.0, leitura ate 550 MB/s, gravacao ate 520 MB/s. fator 2,5"".",174.89,289.99,1,3,Armazenamento,Hardware,17,HP do Brasil Sistemas de Computação,06493127000176,Barueri,SP,4,Loja Campinas,Física,57,2026-04-13,115.1,39.69,MID,445
46,52007,HD 1TB Seagate Barracuda 7200RPM SATA III ST1000DM010,"HD 1TB Seagate Barracuda 7200RPM SATA III ST1000DM010. Interface NVMe PCIe 4.0, leitura ate 550 MB/s, gravacao ate 520 MB/s. fator 2,5"".",174.89,289.99,1,3,Armazenamento,Hardware,17,HP do Brasil Sistemas de Computação,06493127000176,Barueri,SP,2,Loja Paulista,Física,103,2026-04-13,115.1,39.69,MID,445
46,52007,HD 1TB Seagate Barracuda 7200RPM SATA III ST1000DM010,"HD 1TB Seagate Barracuda 7200RPM SATA III ST1000DM010. Interface NVMe PCIe 4.0, leitura ate 550 MB/s, gravacao ate 520 MB/s. fator 2,5"".",174.89,289.99,1,3,Armazenamento,Hardware,17,HP do Brasil Sistemas de Computação,06493127000176,Barueri,SP,3,Loja Santo André,Física,103,2026-04-13,115.1,39.69,MID,445
47,52008,HD 2TB Western Digital Blue 5400RPM WD20EZAZ,"HD 2TB Western Digital Blue 5400RPM WD20EZAZ. Interface NVMe PCIe 3.0, leitura ate 5.000 MB/s, gravacao ate 4.500 MB/s. fator M.2 2242.",221.93,399.99,1,3,Armazenamento,Hardware,27,Razer do Brasil Ltda.,28.670.395/0001-59,São Paulo,SP,1,CD Osasco,Online,30,2026-04-13,178.06,44.52,HIGH,133
47,52008,HD 2TB Western Digital Blue 5400RPM WD20EZAZ,"HD 2TB Western Digital Blue 5400RPM WD20EZAZ. Interface NVMe PCIe 3.0, leitura ate 5.000 MB/s, gravacao ate 4.500 MB/s. fator M.2 2242.",221.93,399.99,1,3,Armazenamento,Hardware,27,Razer do Brasil Ltda.,28.670.395/0001-59,São Paulo,SP,6,Escritório Central,Online,29,2026-04-13,178.06,44.52,HIGH,133
47,52008,HD 2TB Western Digital Blue 5400RPM WD20EZAZ,"HD 2TB Western Digital Blue 5400RPM WD20EZAZ. Interface NVMe PCIe 3.0, leitura ate 5.000 MB/s, gravacao ate 4.500 MB/s. fator M.2 2242.",221.93,399.99,1,3,Armazenamento,Hardware,27,Razer do Brasil Ltda.,28.670.395/0001-59,São Paulo,SP,5,Loja BH Centro,Física,30,2026-04-13,178.06,44.52,HIGH,133
47,52008,HD 2TB Western Digital Blue 5400RPM WD20EZAZ,"HD 2TB Western Digital Blue 5400RPM WD20EZAZ. Interface NVMe PCIe 3.0, leitura ate 5.000 MB/s, gravacao ate 4.500 MB/s. fator M.2 2242.",221.93,399.99,1,3,Armazenamento,Hardware,27,Razer do Brasil Ltda.,28.670.395/0001-59,São Paulo,SP,4,Loja Campinas,Física,17,2026-04-13,178.06,44.52,HIGH,133
47,52008,HD 2TB Western Digital Blue 5400RPM WD20EZAZ,"HD 2TB Western Digital Blue 5400RPM WD20EZAZ. Interface NVMe PCIe 3.0, leitura ate 5.000 MB/s, gravacao ate 4.500 MB/s. fator M.2 2242.",221.93,399.99,1,3,Armazenamento,Hardware,27,Razer do Brasil Ltda.,28.670.395/0001-59,São Paulo,SP,2,Loja Paulista,Física,9,2026-04-13,178.06,44.52,HIGH,133
47,52008,HD 2TB Western Digital Blue 5400RPM WD20EZAZ,"HD 2TB Western Digital Blue 5400RPM WD20EZAZ. Interface NVMe PCIe 3.0, leitura ate 5.000 MB/s, gravacao ate 4.500 MB/s. fator M.2 2242.",221.93,399.99,1,3,Armazenamento,Hardware,27,Razer do Brasil Ltda.,28.670.395/0001-59,São Paulo,SP,3,Loja Santo André,Física,18,2026-04-13,178.06,44.52,HIGH,133
48,52009,HD 4TB Seagate IronWolf NAS 5900RPM ST4000VN008,"HD 4TB Seagate IronWolf NAS 5900RPM ST4000VN008. Interface NVMe PCIe 4.0, leitura ate 550 MB/s, gravacao ate 6.900 MB/s. fator 2,5"".",427.54,749.99,1,3,Armazenamento,Hardware,12,Seagate Technology Brasil Ltda.,96078413000168,São Paulo,SP,1,CD Osasco,Online,19,2026-04-13,322.45,42.99,HIGH,141
48,52009,HD 4TB Seagate IronWolf NAS 5900RPM ST4000VN008,"HD 4TB Seagate IronWolf NAS 5900RPM ST4000VN008. Interface NVMe PCIe 4.0, leitura ate 550 MB/s, gravacao ate 6.900 MB/s. fator 2,5"".",427.54,749.99,1,3,Armazenamento,Hardware,12,Seagate Technology Brasil Ltda.,96078413000168,São Paulo,SP,6,Escritório Central,Online,40,2026-04-13,322.45,42.99,HIGH,141
48,52009,HD 4TB Seagate IronWolf NAS 5900RPM ST4000VN008,"HD 4TB Seagate IronWolf NAS 5900RPM ST4000VN008. Interface NVMe PCIe 4.0, leitura ate 550 MB/s, gravacao ate 6.900 MB/s. fator 2,5"".",427.54,749.99,1,3,Armazenamento,Hardware,12,Seagate Technology Brasil Ltda.,96078413000168,São Paulo,SP,5,Loja BH Centro,Física,12,2026-04-13,322.45,42.99,HIGH,141
48,52009,HD 4TB Seagate IronWolf NAS 5900RPM ST4000VN008,"HD 4TB Seagate IronWolf NAS 5900RPM ST4000VN008. Interface NVMe PCIe 4.0, leitura ate 550 MB/s, gravacao ate 6.900 MB/s. fator 2,5"".",427.54,749.99,1,3,Armazenamento,Hardware,12,Seagate Technology Brasil Ltda.,96078413000168,São Paulo,SP,4,Loja Campinas,Física,27,2026-04-13,322.45,42.99,HIGH,141
48,52009,HD 4TB Seagate IronWolf NAS 5900RPM ST4000VN008,"HD 4TB Seagate IronWolf NAS 5900RPM ST4000VN008. Interface NVMe PCIe 4.0, leitura ate 550 MB/s, gravacao ate 6.900 MB/s. fator 2,5"".",427.54,749.99,1,3,Armazenamento,Hardware,12,Seagate Technology Brasil Ltda.,96078413000168,São Paulo,SP,2,Loja Paulista,Física,19,2026-04-13,322.45,42.99,HIGH,141
48,52009,HD 4TB Seagate IronWolf NAS 5900RPM ST4000VN008,"HD 4TB Seagate IronWolf NAS 5900RPM ST4000VN008. Interface NVMe PCIe 4.0, leitura ate 550 MB/s, gravacao ate 6.900 MB/s. fator 2,5"".",427.54,749.99,1,3,Armazenamento,Hardware,12,Seagate Technology Brasil Ltda.,96078413000168,São Paulo,SP,3,Loja Santo André,Física,24,2026-04-13,322.45,42.99,HIGH,141
42,52003,SSD 1TB Kingston NV3 M.2 NVMe PCIe SNV3S/1000G,"SSD 1TB Kingston NV3 M.2 NVMe PCIe SNV3S/1000G. Interface NVMe PCIe 4.0, leitura ate 5.000 MB/s, gravacao ate 4.500 MB/s. fator M.2 2242.",232.0,399.99,1,3,Armazenamento,Hardware,25,Cooler Master Brasil Distrib.,72593480000152,São Paulo,SP,1,CD Osasco,Online,11,2026-04-13,167.99,42.0,HIGH,90
42,52003,SSD 1TB Kingston NV3 M.2 NVMe PCIe SNV3S/1000G,"SSD 1TB Kingston NV3 M.2 NVMe PCIe SNV3S/1000G. Interface NVMe PCIe 4.0, leitura ate 5.000 MB/s, gravacao ate 4.500 MB/s. fator M.2 2242.",232.0,399.99,1,3,Armazenamento,Hardware,25,Cooler Master Brasil Distrib.,72593480000152,São Paulo,SP,6,Escritório Central,Online,11,2026-04-13,167.99,42.0,HIGH,90
42,52003,SSD 1TB Kingston NV3 M.2 NVMe PCIe SNV3S/1000G,"SSD 1TB Kingston NV3 M.2 NVMe PCIe SNV3S/1000G. Interface NVMe PCIe 4.0, leitura ate 5.000 MB/s, gravacao ate 4.500 MB/s. fator M.2 2242.",232.0,399.99,1,3,Armazenamento,Hardware,25,Cooler Master Brasil Distrib.,72593480000152,São Paulo,SP,5,Loja BH Centro,Física,12,2026-04-13,167.99,42.0,HIGH,90
42,52003,SSD 1TB Kingston NV3 M.2 NVMe PCIe SNV3S/1000G,"SSD 1TB Kingston NV3 M.2 NVMe PCIe SNV3S/1000G. Interface NVMe PCIe 4.0, leitura ate 5.000 MB/s, gravacao ate 4.500 MB/s. fator M.2 2242.",232.0,399.99,1,3,Armazenamento,Hardware,25,Cooler Master Brasil Distrib.,72593480000152,São Paulo,SP,4,Loja Campinas,Física,20,2026-04-13,167.99,42.0,HIGH,90
42,52003,SSD 1TB Kingston NV3 M.2 NVMe PCIe SNV3S/1000G,"SSD 1TB Kingston NV3 M.2 NVMe PCIe SNV3S/1000G. Interface NVMe PCIe 4.0, leitura ate 5.000 MB/s, gravacao ate 4.500 MB/s. fator M.2 2242.",232.0,399.99,1,3,Armazenamento,Hardware,25,Cooler Master Brasil Distrib.,72593480000152,São Paulo,SP,2,Loja Paulista,Física,24,2026-04-13,167.99,42.0,HIGH,90
42,52003,SSD 1TB Kingston NV3 M.2 NVMe PCIe SNV3S/1000G,"SSD 1TB Kingston NV3 M.2 NVMe PCIe SNV3S/1000G. Interface NVMe PCIe 4.0, leitura ate 5.000 MB/s, gravacao ate 4.500 MB/s. fator M.2 2242.",232.0,399.99,1,3,Armazenamento,Hardware,25,Cooler Master Brasil Distrib.,72593480000152,São Paulo,SP,3,Loja Santo André,Física,12,2026-04-13,167.99,42.0,HIGH,90
45,52006,SSD 1TB WD Blue SN580 M.2 NVMe PCIe WDS100T3B0E,"SSD 1TB WD Blue SN580 M.2 NVMe PCIe WDS100T3B0E. Interface SATA III 6Gb/s, leitura ate 5.000 MB/s, gravacao ate 3.000 MB/s. fator 2,5"".",330.94,489.99,1,3,Armazenamento,Hardware,3,Intcomex do Brasil Ltda.,06_429_718_0001_84,São Paulo,SP,1,CD Osasco,Online,30,2026-04-13,159.05,32.46,HIGH,145
45,52006,SSD 1TB WD Blue SN580 M.2 NVMe PCIe WDS100T3B0E,"SSD 1TB WD Blue SN580 M.2 NVMe PCIe WDS100T3B0E. Interface SATA III 6Gb/s, leitura ate 5.000 MB/s, gravacao ate 3.000 MB/s. fator 2,5"".",330.94,489.99,1,3,Armazenamento,Hardware,3,Intcomex do Brasil Ltda.,06_429_718_0001_84,São Paulo,SP,6,Escritório Central,Online,33,2026-04-13,159.05,32.46,HIGH,145
45,52006,SSD 1TB WD Blue SN580 M.2 NVMe PCIe WDS100T3B0E,"SSD 1TB WD Blue SN580 M.2 NVMe PCIe WDS100T3B0E. Interface SATA III 6Gb/s, leitura ate 5.000 MB/s, gravacao ate 3.000 MB/s. fator 2,5"".",330.94,489.99,1,3,Armazenamento,Hardware,3,Intcomex do Brasil Ltda.,06_429_718_0001_84,São Paulo,SP,5,Loja BH Centro,Física,9,2026-04-13,159.05,32.46,HIGH,145
45,52006,SSD 1TB WD Blue SN580 M.2 NVMe PCIe WDS100T3B0E,"SSD 1TB WD Blue SN580 M.2 NVMe PCIe WDS100T3B0E. Interface SATA III 6Gb/s, leitura ate 5.000 MB/s, gravacao ate 3.000 MB/s. fator 2,5"".",330.94,489.99,1,3,Armazenamento,Hardware,3,Intcomex do Brasil Ltda.,06_429_718_0001_84,São Paulo,SP,4,Loja Campinas,Física,9,2026-04-13,159.05,32.46,HIGH,145
45,52006,SSD 1TB WD Blue SN580 M.2 NVMe PCIe WDS100T3B0E,"SSD 1TB WD Blue SN580 M.2 NVMe PCIe WDS100T3B0E. Interface SATA III 6Gb/s, leitura ate 5.000 MB/s, gravacao ate 3.000 MB/s. fator 2,5"".",330.94,489.99,1,3,Armazenamento,Hardware,3,Intcomex do Brasil Ltda.,06_429_718_0001_84,São Paulo,SP,2,Loja Paulista,Física,15,2026-04-13,159.05,32.46,HIGH,145
45,52006,SSD 1TB WD Blue SN580 M.2 NVMe PCIe WDS100T3B0E,"SSD 1TB WD Blue SN580 M.2 NVMe PCIe WDS100T3B0E. Interface SATA III 6Gb/s, leitura ate 5.000 MB/s, gravacao ate 3.000 MB/s. fator 2,5"".",330.94,489.99,1,3,Armazenamento,Hardware,3,Intcomex do Brasil Ltda.,06_429_718_0001_84,São Paulo,SP,3,Loja Santo André,Física,49,2026-04-13,159.05,32.46,HIGH,145
40,52001,SSD 240GB Kingston A400 SATA III SA400S37/240G,"SSD 240GB Kingston A400 SATA III SA400S37/240G. Interface NVMe PCIe 3.0, leitura ate 550 MB/s, gravacao ate 4.500 MB/s. fator M.2 2242.",129.01,189.99,1,3,Armazenamento,Hardware,19,Dell Computadores do Brasil Ltda.,37219054000152,Eldorado do Sul,RS,1,CD Osasco,Online,28,2026-04-13,60.98,32.1,MID,229
40,52001,SSD 240GB Kingston A400 SATA III SA400S37/240G,"SSD 240GB Kingston A400 SATA III SA400S37/240G. Interface NVMe PCIe 3.0, leitura ate 550 MB/s, gravacao ate 4.500 MB/s. fator M.2 2242.",129.01,189.99,1,3,Armazenamento,Hardware,19,Dell Computadores do Brasil Ltda.,37219054000152,Eldorado do Sul,RS,6,Escritório Central,Online,82,2026-04-13,60.98,32.1,MID,229
40,52001,SSD 240GB Kingston A400 SATA III SA400S37/240G,"SSD 240GB Kingston A400 SATA III SA400S37/240G. Interface NVMe PCIe 3.0, leitura ate 550 MB/s, gravacao ate 4.500 MB/s. fator M.2 2242.",129.01,189.99,1,3,Armazenamento,Hardware,19,Dell Computadores do Brasil Ltda.,37219054000152,Eldorado do Sul,RS,5,Loja BH Centro,Física,52,2026-04-13,60.98,32.1,MID,229
40,52001,SSD 240GB Kingston A400 SATA III SA400S37/240G,"SSD 240GB Kingston A400 SATA III SA400S37/240G. Interface NVMe PCIe 3.0, leitura ate 550 MB/s, gravacao ate 4.500 MB/s. fator M.2 2242.",129.01,189.99,1,3,Armazenamento,Hardware,19,Dell Computadores do Brasil Ltda.,37219054000152,Eldorado do Sul,RS,4,Loja Campinas,Física,23,2026-04-13,60.98,32.1,MID,229
40,52001,SSD 240GB Kingston A400 SATA III SA400S37/240G,"SSD 240GB Kingston A400 SATA III SA400S37/240G. Interface NVMe PCIe 3.0, leitura ate 550 MB/s, gravacao ate 4.500 MB/s. fator M.2 2242.",129.01,189.99,1,3,Armazenamento,Hardware,19,Dell Computadores do Brasil Ltda.,37219054000152,Eldorado do Sul,RS,2,Loja Paulista,Física,16,2026-04-13,60.98,32.1,MID,229
40,52001,SSD 240GB Kingston A400 SATA III SA400S37/240G,"SSD 240GB Kingston A400 SATA III SA400S37/240G. Interface NVMe PCIe 3.0, leitura ate 550 MB/s, gravacao ate 4.500 MB/s. fator M.2 2242.",129.01,189.99,1,3,Armazenamento,Hardware,19,Dell Computadores do Brasil Ltda.,37219054000152,Eldorado do Sul,RS,3,Loja Santo André,Física,28,2026-04-13,60.98,32.1,MID,229
43,52004,SSD 2TB Kingston NV3 M.2 NVMe PCIe SNV3S/2000G,"SSD 2TB Kingston NV3 M.2 NVMe PCIe SNV3S/2000G. Interface NVMe PCIe 4.0, leitura ate 550 MB/s, gravacao ate 520 MB/s. fator 2,5"".",393.6,699.99,1,3,Armazenamento,Hardware,6,Positivo Tecnologia S.A.,69.702.435/0001-84,Curitiba,PR,1,CD Osasco,Online,27,2026-04-13,306.39,43.77,HIGH,152
43,52004,SSD 2TB Kingston NV3 M.2 NVMe PCIe SNV3S/2000G,"SSD 2TB Kingston NV3 M.2 NVMe PCIe SNV3S/2000G. Interface NVMe PCIe 4.0, leitura ate 550 MB/s, gravacao ate 520 MB/s. fator 2,5"".",393.6,699.99,1,3,Armazenamento,Hardware,6,Positivo Tecnologia S.A.,69.702.435/0001-84,Curitiba,PR,6,Escritório Central,Online,25,2026-04-13,306.39,43.77,HIGH,152
43,52004,SSD 2TB Kingston NV3 M.2 NVMe PCIe SNV3S/2000G,"SSD 2TB Kingston NV3 M.2 NVMe PCIe SNV3S/2000G. Interface NVMe PCIe 4.0, leitura ate 550 MB/s, gravacao ate 520 MB/s. fator 2,5"".",393.6,699.99,1,3,Armazenamento,Hardware,6,Positivo Tecnologia S.A.,69.702.435/0001-84,Curitiba,PR,5,Loja BH Centro,Física,28,2026-04-13,306.39,43.77,HIGH,152
43,52004,SSD 2TB Kingston NV3 M.2 NVMe PCIe SNV3S/2000G,"SSD 2TB Kingston NV3 M.2 NVMe PCIe SNV3S/2000G. Interface NVMe PCIe 4.0, leitura ate 550 MB/s, gravacao ate 520 MB/s. fator 2,5"".",393.6,699.99,1,3,Armazenamento,Hardware,6,Positivo Tecnologia S.A.,69.702.435/0001-84,Curitiba,PR,4,Loja Campinas,Física,14,2026-04-13,306.39,43.77,HIGH,152
43,52004,SSD 2TB Kingston NV3 M.2 NVMe PCIe SNV3S/2000G,"SSD 2TB Kingston NV3 M.2 NVMe PCIe SNV3S/2000G. Interface NVMe PCIe 4.0, leitura ate 550 MB/s, gravacao ate 520 MB/s. fator 2,5"".",393.6,699.99,1,3,Armazenamento,Hardware,6,Positivo Tecnologia S.A.,69.702.435/0001-84,Curitiba,PR,2,Loja Paulista,Física,31,2026-04-13,306.39,43.77,HIGH,152
43,52004,SSD 2TB Kingston NV3 M.2 NVMe PCIe SNV3S/2000G,"SSD 2TB Kingston NV3 M.2 NVMe PCIe SNV3S/2000G. Interface NVMe PCIe 4.0, leitura ate 550 MB/s, gravacao ate 520 MB/s. fator 2,5"".",393.6,699.99,1,3,Armazenamento,Hardware,6,Positivo Tecnologia S.A.,69.702.435/0001-84,Curitiba,PR,3,Loja Santo André,Física,27,2026-04-13,306.39,43.77,HIGH,152
41,52002,SSD 480GB Kingston A400 SATA III SA400S37/480G,"SSD 480GB Kingston A400 SATA III SA400S37/480G. Interface NVMe PCIe 4.0, leitura ate 3.500 MB/s, gravacao ate 6.900 MB/s. fator M.2 2242.",161.0,289.99,1,3,Armazenamento,Hardware,21,MSI Computer do Brasil,34765208000113,São Paulo,SP,1,CD Osasco,Online,79,2026-04-13,128.99,44.48,MID,301
41,52002,SSD 480GB Kingston A400 SATA III SA400S37/480G,"SSD 480GB Kingston A400 SATA III SA400S37/480G. Interface NVMe PCIe 4.0, leitura ate 3.500 MB/s, gravacao ate 6.900 MB/s. fator M.2 2242.",161.0,289.99,1,3,Armazenamento,Hardware,21,MSI Computer do Brasil,34765208000113,São Paulo,SP,6,Escritório Central,Online,55,2026-04-13,128.99,44.48,MID,301
41,52002,SSD 480GB Kingston A400 SATA III SA400S37/480G,"SSD 480GB Kingston A400 SATA III SA400S37/480G. Interface NVMe PCIe 4.0, leitura ate 3.500 MB/s, gravacao ate 6.900 MB/s. fator M.2 2242.",161.0,289.99,1,3,Armazenamento,Hardware,21,MSI Computer do Brasil,34765208000113,São Paulo,SP,5,Loja BH Centro,Física,23,2026-04-13,128.99,44.48,MID,301
41,52002,SSD 480GB Kingston A400 SATA III SA400S37/480G,"SSD 480GB Kingston A400 SATA III SA400S37/480G. Interface NVMe PCIe 4.0, leitura ate 3.500 MB/s, gravacao ate 6.900 MB/s. fator M.2 2242.",161.0,289.99,1,3,Armazenamento,Hardware,21,MSI Computer do Brasil,34765208000113,São Paulo,SP,4,Loja Campinas,Física,36,2026-04-13,128.99,44.48,MID,301
41,52002,SSD 480GB Kingston A400 SATA III SA400S37/480G,"SSD 480GB Kingston A400 SATA III SA400S37/480G. Interface NVMe PCIe 4.0, leitura ate 3.500 MB/s, gravacao ate 6.900 MB/s. fator M.2 2242.",161.0,289.99,1,3,Armazenamento,Hardware,21,MSI Computer do Brasil,34765208000113,São Paulo,SP,2,Loja Paulista,Física,30,2026-04-13,128.99,44.48,MID,301
41,52002,SSD 480GB Kingston A400 SATA III SA400S37/480G,"SSD 480GB Kingston A400 SATA III SA400S37/480G. Interface NVMe PCIe 4.0, leitura ate 3.500 MB/s, gravacao ate 6.900 MB/s. fator M.2 2242.",161.0,289.99,1,3,Armazenamento,Hardware,21,MSI Computer do Brasil,34765208000113,São Paulo,SP,3,Loja Santo André,Física,78,2026-04-13,128.99,44.48,MID,301
44,52005,SSD 500GB Samsung 870 EVO SATA III MZ-77E500B/AM,"SSD 500GB Samsung 870 EVO SATA III MZ-77E500B/AM. Interface NVMe PCIe 3.0, leitura ate 3.500 MB/s, gravacao ate 6.900 MB/s. fator 2,5"".",249.6,399.99,1,3,Armazenamento,Hardware,15,Intelbras S.A.,46832950000183,São José,SC,1,CD Osasco,Online,20,2026-04-13,150.39,37.6,HIGH,110
44,52005,SSD 500GB Samsung 870 EVO SATA III MZ-77E500B/AM,"SSD 500GB Samsung 870 EVO SATA III MZ-77E500B/AM. Interface NVMe PCIe 3.0, leitura ate 3.500 MB/s, gravacao ate 6.900 MB/s. fator 2,5"".",249.6,399.99,1,3,Armazenamento,Hardware,15,Intelbras S.A.,46832950000183,São José,SC,6,Escritório Central,Online,24,2026-04-13,150.39,37.6,HIGH,110
44,52005,SSD 500GB Samsung 870 EVO SATA III MZ-77E500B/AM,"SSD 500GB Samsung 870 EVO SATA III MZ-77E500B/AM. Interface NVMe PCIe 3.0, leitura ate 3.500 MB/s, gravacao ate 6.900 MB/s. fator 2,5"".",249.6,399.99,1,3,Armazenamento,Hardware,15,Intelbras S.A.,46832950000183,São José,SC,5,Loja BH Centro,Física,11,2026-04-13,150.39,37.6,HIGH,110
44,52005,SSD 500GB Samsung 870 EVO SATA III MZ-77E500B/AM,"SSD 500GB Samsung 870 EVO SATA III MZ-77E500B/AM. Interface NVMe PCIe 3.0, leitura ate 3.500 MB/s, gravacao ate 6.900 MB/s. fator 2,5"".",249.6,399.99,1,3,Armazenamento,Hardware,15,Intelbras S.A.,46832950000183,São José,SC,4,Loja Campinas,Física,29,2026-04-13,150.39,37.6,HIGH,110
44,52005,SSD 500GB Samsung 870 EVO SATA III MZ-77E500B/AM,"SSD 500GB Samsung 870 EVO SATA III MZ-77E500B/AM. Interface NVMe PCIe 3.0, leitura ate 3.500 MB/s, gravacao ate 6.900 MB/s. fator 2,5"".",249.6,399.99,1,3,Armazenamento,Hardware,15,Intelbras S.A.,46832950000183,São José,SC,2,Loja Paulista,Física,16,2026-04-13,150.39,37.6,HIGH,110
44,52005,SSD 500GB Samsung 870 EVO SATA III MZ-77E500B/AM,"SSD 500GB Samsung 870 EVO SATA III MZ-77E500B/AM. Interface NVMe PCIe 3.0, leitura ate 3.500 MB/s, gravacao ate 6.900 MB/s. fator 2,5"".",249.6,399.99,1,3,Armazenamento,Hardware,15,Intelbras S.A.,46832950000183,São José,SC,3,Loja Santo André,Física,10,2026-04-13,150.39,37.6,HIGH,110
54,53006,Fonte de Alimentação 200W Mtek MK200GX ITX,"Fonte de Alimentação 200W Mtek MK200GX ITX. Certificacao 80 Plus Gold, cabo semi-modular. com protecao completa.",80.43,119.99,1,10,Fontes de Alimentação,Hardware,25,Cooler Master Brasil Distrib.,72593480000152,São Paulo,SP,1,CD Osasco,Online,74,2026-04-13,39.56,32.97,MID,306
54,53006,Fonte de Alimentação 200W Mtek MK200GX ITX,"Fonte de Alimentação 200W Mtek MK200GX ITX. Certificacao 80 Plus Gold, cabo semi-modular. com protecao completa.",80.43,119.99,1,10,Fontes de Alimentação,Hardware,25,Cooler Master Brasil Distrib.,72593480000152,São Paulo,SP,6,Escritório Central,Online,27,2026-04-13,39.56,32.97,MID,306
54,53006,Fonte de Alimentação 200W Mtek MK200GX ITX,"Fonte de Alimentação 200W Mtek MK200GX ITX. Certificacao 80 Plus Gold, cabo semi-modular. com protecao completa.",80.43,119.99,1,10,Fontes de Alimentação,Hardware,25,Cooler Master Brasil Distrib.,72593480000152,São Paulo,SP,5,Loja BH Centro,Física,38,2026-04-13,39.56,32.97,MID,306
54,53006,Fonte de Alimentação 200W Mtek MK200GX ITX,"Fonte de Alimentação 200W Mtek MK200GX ITX. Certificacao 80 Plus Gold, cabo semi-modular. com protecao completa.",80.43,119.99,1,10,Fontes de Alimentação,Hardware,25,Cooler Master Brasil Distrib.,72593480000152,São Paulo,SP,4,Loja Campinas,Física,80,2026-04-13,39.56,32.97,MID,306
54,53006,Fonte de Alimentação 200W Mtek MK200GX ITX,"Fonte de Alimentação 200W Mtek MK200GX ITX. Certificacao 80 Plus Gold, cabo semi-modular. com protecao completa.",80.43,119.99,1,10,Fontes de Alimentação,Hardware,25,Cooler Master Brasil Distrib.,72593480000152,São Paulo,SP,2,Loja Paulista,Física,35,2026-04-13,39.56,32.97,MID,306
54,53006,Fonte de Alimentação 200W Mtek MK200GX ITX,"Fonte de Alimentação 200W Mtek MK200GX ITX. Certificacao 80 Plus Gold, cabo semi-modular. com protecao completa.",80.43,119.99,1,10,Fontes de Alimentação,Hardware,25,Cooler Master Brasil Distrib.,72593480000152,São Paulo,SP,3,Loja Santo André,Física,52,2026-04-13,39.56,32.97,MID,306
55,53007,Fonte de Alimentação 230W Satellite LC-8360SFX Micro ITX,"Fonte de Alimentação 230W Satellite LC-8360SFX Micro ITX. Certificacao 80 Plus White, cabo totalmente modular. com protecao OVP/UVP/OCP/SCP.",95.36,149.99,1,10,Fontes de Alimentação,Hardware,22,Gigabyte Technology Brasil,71563890000198,São Paulo,SP,1,CD Osasco,Online,31,2026-04-13,54.63,36.42,MID,274
55,53007,Fonte de Alimentação 230W Satellite LC-8360SFX Micro ITX,"Fonte de Alimentação 230W Satellite LC-8360SFX Micro ITX. Certificacao 80 Plus White, cabo totalmente modular. com protecao OVP/UVP/OCP/SCP.",95.36,149.99,1,10,Fontes de Alimentação,Hardware,22,Gigabyte Technology Brasil,71563890000198,São Paulo,SP,6,Escritório Central,Online,79,2026-04-13,54.63,36.42,MID,274
55,53007,Fonte de Alimentação 230W Satellite LC-8360SFX Micro ITX,"Fonte de Alimentação 230W Satellite LC-8360SFX Micro ITX. Certificacao 80 Plus White, cabo totalmente modular. com protecao OVP/UVP/OCP/SCP.",95.36,149.99,1,10,Fontes de Alimentação,Hardware,22,Gigabyte Technology Brasil,71563890000198,São Paulo,SP,5,Loja BH Centro,Física,47,2026-04-13,54.63,36.42,MID,274
55,53007,Fonte de Alimentação 230W Satellite LC-8360SFX Micro ITX,"Fonte de Alimentação 230W Satellite LC-8360SFX Micro ITX. Certificacao 80 Plus White, cabo totalmente modular. com protecao OVP/UVP/OCP/SCP.",95.36,149.99,1,10,Fontes de Alimentação,Hardware,22,Gigabyte Technology Brasil,71563890000198,São Paulo,SP,4,Loja Campinas,Física,23,2026-04-13,54.63,36.42,MID,274
55,53007,Fonte de Alimentação 230W Satellite LC-8360SFX Micro ITX,"Fonte de Alimentação 230W Satellite LC-8360SFX Micro ITX. Certificacao 80 Plus White, cabo totalmente modular. com protecao OVP/UVP/OCP/SCP.",95.36,149.99,1,10,Fontes de Alimentação,Hardware,22,Gigabyte Technology Brasil,71563890000198,São Paulo,SP,2,Loja Paulista,Física,17,2026-04-13,54.63,36.42,MID,274
55,53007,Fonte de Alimentação 230W Satellite LC-8360SFX Micro ITX,"Fonte de Alimentação 230W Satellite LC-8360SFX Micro ITX. Certificacao 80 Plus White, cabo totalmente modular. com protecao OVP/UVP/OCP/SCP.",95.36,149.99,1,10,Fontes de Alimentação,Hardware,22,Gigabyte Technology Brasil,71563890000198,São Paulo,SP,3,Loja Santo André,Física,77,2026-04-13,54.63,36.42,MID,274
49,53001,Fonte de Alimentação 450W Corsair CV450 80 Plus Bronze,"Fonte de Alimentação 450W Corsair CV450 80 Plus Bronze. Certificacao 80 Plus White, cabo semi-modular. com protecao OVP/UVP/OCP/SCP.",230.48,379.99,1,10,Fontes de Alimentação,Hardware,1,Ingram Micro Brasil Ltda.,19.305.678/0001-00,Barueri,SP,1,CD Osasco,Online,7,2026-04-13,149.51,39.35,HIGH,137
49,53001,Fonte de Alimentação 450W Corsair CV450 80 Plus Bronze,"Fonte de Alimentação 450W Corsair CV450 80 Plus Bronze. Certificacao 80 Plus White, cabo semi-modular. com protecao OVP/UVP/OCP/SCP.",230.48,379.99,1,10,Fontes de Alimentação,Hardware,1,Ingram Micro Brasil Ltda.,19.305.678/0001-00,Barueri,SP,6,Escritório Central,Online,32,2026-04-13,149.51,39.35,HIGH,137
49,53001,Fonte de Alimentação 450W Corsair CV450 80 Plus Bronze,"Fonte de Alimentação 450W Corsair CV450 80 Plus Bronze. Certificacao 80 Plus White, cabo semi-modular. com protecao OVP/UVP/OCP/SCP.",230.48,379.99,1,10,Fontes de Alimentação,Hardware,1,Ingram Micro Brasil Ltda.,19.305.678/0001-00,Barueri,SP,5,Loja BH Centro,Física,12,2026-04-13,149.51,39.35,HIGH,137
49,53001,Fonte de Alimentação 450W Corsair CV450 80 Plus Bronze,"Fonte de Alimentação 450W Corsair CV450 80 Plus Bronze. Certificacao 80 Plus White, cabo semi-modular. com protecao OVP/UVP/OCP/SCP.",230.48,379.99,1,10,Fontes de Alimentação,Hardware,1,Ingram Micro Brasil Ltda.,19.305.678/0001-00,Barueri,SP,4,Loja Campinas,Física,24,2026-04-13,149.51,39.35,HIGH,137
49,53001,Fonte de Alimentação 450W Corsair CV450 80 Plus Bronze,"Fonte de Alimentação 450W Corsair CV450 80 Plus Bronze. Certificacao 80 Plus White, cabo semi-modular. com protecao OVP/UVP/OCP/SCP.",230.48,379.99,1,10,Fontes de Alimentação,Hardware,1,Ingram Micro Brasil Ltda.,19.305.678/0001-00,Barueri,SP,2,Loja Paulista,Física,29,2026-04-13,149.51,39.35,HIGH,137
49,53001,Fonte de Alimentação 450W Corsair CV450 80 Plus Bronze,"Fonte de Alimentação 450W Corsair CV450 80 Plus Bronze. Certificacao 80 Plus White, cabo semi-modular. com protecao OVP/UVP/OCP/SCP.",230.48,379.99,1,10,Fontes de Alimentação,Hardware,1,Ingram Micro Brasil Ltda.,19.305.678/0001-00,Barueri,SP,3,Loja Santo André,Física,33,2026-04-13,149.51,39.35,HIGH,137
50,53002,Fonte de Alimentação 550W Corsair CV550 80 Plus Bronze,"Fonte de Alimentação 550W Corsair CV550 80 Plus Bronze. Certificacao 80 Plus Platinum, cabo semi-modular. com protecao OVP/UVP/OCP/SCP.",302.37,449.99,1,10,Fontes de Alimentação,Hardware,2,TD SYNNEX Brasil Comércio e Distrib.,67539024000194,São Paulo,SP,1,CD Osasco,Online,24,2026-04-13,147.62,32.81,HIGH,192
50,53002,Fonte de Alimentação 550W Corsair CV550 80 Plus Bronze,"Fonte de Alimentação 550W Corsair CV550 80 Plus Bronze. Certificacao 80 Plus Platinum, cabo semi-modular. com protecao OVP/UVP/OCP/SCP.",302.37,449.99,1,10,Fontes de Alimentação,Hardware,2,TD SYNNEX Brasil Comércio e Distrib.,67539024000194,São Paulo,SP,6,Escritório Central,Online,48,2026-04-13,147.62,32.81,HIGH,192
50,53002,Fonte de Alimentação 550W Corsair CV550 80 Plus Bronze,"Fonte de Alimentação 550W Corsair CV550 80 Plus Bronze. Certificacao 80 Plus Platinum, cabo semi-modular. com protecao OVP/UVP/OCP/SCP.",302.37,449.99,1,10,Fontes de Alimentação,Hardware,2,TD SYNNEX Brasil Comércio e Distrib.,67539024000194,São Paulo,SP,5,Loja BH Centro,Física,24,2026-04-13,147.62,32.81,HIGH,192
50,53002,Fonte de Alimentação 550W Corsair CV550 80 Plus Bronze,"Fonte de Alimentação 550W Corsair CV550 80 Plus Bronze. Certificacao 80 Plus Platinum, cabo semi-modular. com protecao OVP/UVP/OCP/SCP.",302.37,449.99,1,10,Fontes de Alimentação,Hardware,2,TD SYNNEX Brasil Comércio e Distrib.,67539024000194,São Paulo,SP,4,Loja Campinas,Física,34,2026-04-13,147.62,32.81,HIGH,192
50,53002,Fonte de Alimentação 550W Corsair CV550 80 Plus Bronze,"Fonte de Alimentação 550W Corsair CV550 80 Plus Bronze. Certificacao 80 Plus Platinum, cabo semi-modular. com protecao OVP/UVP/OCP/SCP.",302.37,449.99,1,10,Fontes de Alimentação,Hardware,2,TD SYNNEX Brasil Comércio e Distrib.,67539024000194,São Paulo,SP,2,Loja Paulista,Física,28,2026-04-13,147.62,32.81,HIGH,192
50,53002,Fonte de Alimentação 550W Corsair CV550 80 Plus Bronze,"Fonte de Alimentação 550W Corsair CV550 80 Plus Bronze. Certificacao 80 Plus Platinum, cabo semi-modular. com protecao OVP/UVP/OCP/SCP.",302.37,449.99,1,10,Fontes de Alimentação,Hardware,2,TD SYNNEX Brasil Comércio e Distrib.,67539024000194,São Paulo,SP,3,Loja Santo André,Física,34,2026-04-13,147.62,32.81,HIGH,192
51,53003,Fonte de Alimentação 650W Corsair CV650 80 Plus Bronze,"Fonte de Alimentação 650W Corsair CV650 80 Plus Bronze. Certificacao 80 Plus Gold, cabo nao-modular. com protecao OVP/OCP.",325.84,539.99,1,10,Fontes de Alimentação,Hardware,36,Keepdata Comércio de Informática,58409627000180,São Paulo,SP,1,CD Osasco,Online,6,2026-04-13,214.15,39.66,HIGH,106
51,53003,Fonte de Alimentação 650W Corsair CV650 80 Plus Bronze,"Fonte de Alimentação 650W Corsair CV650 80 Plus Bronze. Certificacao 80 Plus Gold, cabo nao-modular. com protecao OVP/OCP.",325.84,539.99,1,10,Fontes de Alimentação,Hardware,36,Keepdata Comércio de Informática,58409627000180,São Paulo,SP,6,Escritório Central,Online,31,2026-04-13,214.15,39.66,HIGH,106
51,53003,Fonte de Alimentação 650W Corsair CV650 80 Plus Bronze,"Fonte de Alimentação 650W Corsair CV650 80 Plus Bronze. Certificacao 80 Plus Gold, cabo nao-modular. com protecao OVP/OCP.",325.84,539.99,1,10,Fontes de Alimentação,Hardware,36,Keepdata Comércio de Informática,58409627000180,São Paulo,SP,5,Loja BH Centro,Física,23,2026-04-13,214.15,39.66,HIGH,106
51,53003,Fonte de Alimentação 650W Corsair CV650 80 Plus Bronze,"Fonte de Alimentação 650W Corsair CV650 80 Plus Bronze. Certificacao 80 Plus Gold, cabo nao-modular. com protecao OVP/OCP.",325.84,539.99,1,10,Fontes de Alimentação,Hardware,36,Keepdata Comércio de Informática,58409627000180,São Paulo,SP,4,Loja Campinas,Física,20,2026-04-13,214.15,39.66,HIGH,106
51,53003,Fonte de Alimentação 650W Corsair CV650 80 Plus Bronze,"Fonte de Alimentação 650W Corsair CV650 80 Plus Bronze. Certificacao 80 Plus Gold, cabo nao-modular. com protecao OVP/OCP.",325.84,539.99,1,10,Fontes de Alimentação,Hardware,36,Keepdata Comércio de Informática,58409627000180,São Paulo,SP,2,Loja Paulista,Física,14,2026-04-13,214.15,39.66,HIGH,106
51,53003,Fonte de Alimentação 650W Corsair CV650 80 Plus Bronze,"Fonte de Alimentação 650W Corsair CV650 80 Plus Bronze. Certificacao 80 Plus Gold, cabo nao-modular. com protecao OVP/OCP.",325.84,539.99,1,10,Fontes de Alimentação,Hardware,36,Keepdata Comércio de Informática,58409627000180,São Paulo,SP,3,Loja Santo André,Física,12,2026-04-13,214.15,39.66,HIGH,106
52,53004,Fonte de Alimentação 750W Corsair RM750x 80 Plus Gold,"Fonte de Alimentação 750W Corsair RM750x 80 Plus Gold. Certificacao 80 Plus Bronze, cabo semi-modular. com protecao OVP/UVP/OCP/SCP.",467.58,749.99,1,10,Fontes de Alimentação,Hardware,36,Keepdata Comércio de Informática,58409627000180,São Paulo,SP,1,CD Osasco,Online,40,2026-04-13,282.41,37.66,HIGH,157
52,53004,Fonte de Alimentação 750W Corsair RM750x 80 Plus Gold,"Fonte de Alimentação 750W Corsair RM750x 80 Plus Gold. Certificacao 80 Plus Bronze, cabo semi-modular. com protecao OVP/UVP/OCP/SCP.",467.58,749.99,1,10,Fontes de Alimentação,Hardware,36,Keepdata Comércio de Informática,58409627000180,São Paulo,SP,6,Escritório Central,Online,22,2026-04-13,282.41,37.66,HIGH,157
52,53004,Fonte de Alimentação 750W Corsair RM750x 80 Plus Gold,"Fonte de Alimentação 750W Corsair RM750x 80 Plus Gold. Certificacao 80 Plus Bronze, cabo semi-modular. com protecao OVP/UVP/OCP/SCP.",467.58,749.99,1,10,Fontes de Alimentação,Hardware,36,Keepdata Comércio de Informática,58409627000180,São Paulo,SP,5,Loja BH Centro,Física,25,2026-04-13,282.41,37.66,HIGH,157
52,53004,Fonte de Alimentação 750W Corsair RM750x 80 Plus Gold,"Fonte de Alimentação 750W Corsair RM750x 80 Plus Gold. Certificacao 80 Plus Bronze, cabo semi-modular. com protecao OVP/UVP/OCP/SCP.",467.58,749.99,1,10,Fontes de Alimentação,Hardware,36,Keepdata Comércio de Informática,58409627000180,São Paulo,SP,4,Loja Campinas,Física,33,2026-04-13,282.41,37.66,HIGH,157
52,53004,Fonte de Alimentação 750W Corsair RM750x 80 Plus Gold,"Fonte de Alimentação 750W Corsair RM750x 80 Plus Gold. Certificacao 80 Plus Bronze, cabo semi-modular. com protecao OVP/UVP/OCP/SCP.",467.58,749.99,1,10,Fontes de Alimentação,Hardware,36,Keepdata Comércio de Informática,58409627000180,São Paulo,SP,2,Loja Paulista,Física,27,2026-04-13,282.41,37.66,HIGH,157
52,53004,Fonte de Alimentação 750W Corsair RM750x 80 Plus Gold,"Fonte de Alimentação 750W Corsair RM750x 80 Plus Gold. Certificacao 80 Plus Bronze, cabo semi-modular. com protecao OVP/UVP/OCP/SCP.",467.58,749.99,1,10,Fontes de Alimentação,Hardware,36,Keepdata Comércio de Informática,58409627000180,São Paulo,SP,3,Loja Santo André,Física,10,2026-04-13,282.41,37.66,HIGH,157
53,53005,Fonte de Alimentação 850W EVGA SuperNOVA 850 G6 Gold,"Fonte de Alimentação 850W EVGA SuperNOVA 850 G6 Gold. Certificacao 80 Plus Gold, cabo semi-modular. com protecao completa.",634.25,939.99,1,10,Fontes de Alimentação,Hardware,19,Dell Computadores do Brasil Ltda.,37219054000152,Eldorado do Sul,RS,1,CD Osasco,Online,3,2026-04-13,305.74,32.53,ULTRA,20
53,53005,Fonte de Alimentação 850W EVGA SuperNOVA 850 G6 Gold,"Fonte de Alimentação 850W EVGA SuperNOVA 850 G6 Gold. Certificacao 80 Plus Gold, cabo semi-modular. com protecao completa.",634.25,939.99,1,10,Fontes de Alimentação,Hardware,19,Dell Computadores do Brasil Ltda.,37219054000152,Eldorado do Sul,RS,6,Escritório Central,Online,2,2026-04-13,305.74,32.53,ULTRA,20
53,53005,Fonte de Alimentação 850W EVGA SuperNOVA 850 G6 Gold,"Fonte de Alimentação 850W EVGA SuperNOVA 850 G6 Gold. Certificacao 80 Plus Gold, cabo semi-modular. com protecao completa.",634.25,939.99,1,10,Fontes de Alimentação,Hardware,19,Dell Computadores do Brasil Ltda.,37219054000152,Eldorado do Sul,RS,5,Loja BH Centro,Física,6,2026-04-13,305.74,32.53,ULTRA,20
53,53005,Fonte de Alimentação 850W EVGA SuperNOVA 850 G6 Gold,"Fonte de Alimentação 850W EVGA SuperNOVA 850 G6 Gold. Certificacao 80 Plus Gold, cabo semi-modular. com protecao completa.",634.25,939.99,1,10,Fontes de Alimentação,Hardware,19,Dell Computadores do Brasil Ltda.,37219054000152,Eldorado do Sul,RS,4,Loja Campinas,Física,4,2026-04-13,305.74,32.53,ULTRA,20
53,53005,Fonte de Alimentação 850W EVGA SuperNOVA 850 G6 Gold,"Fonte de Alimentação 850W EVGA SuperNOVA 850 G6 Gold. Certificacao 80 Plus Gold, cabo semi-modular. com protecao completa.",634.25,939.99,1,10,Fontes de Alimentação,Hardware,19,Dell Computadores do Brasil Ltda.,37219054000152,Eldorado do Sul,RS,2,Loja Paulista,Física,3,2026-04-13,305.74,32.53,ULTRA,20
53,53005,Fonte de Alimentação 850W EVGA SuperNOVA 850 G6 Gold,"Fonte de Alimentação 850W EVGA SuperNOVA 850 G6 Gold. Certificacao 80 Plus Gold, cabo semi-modular. com protecao completa.",634.25,939.99,1,10,Fontes de Alimentação,Hardware,19,Dell Computadores do Brasil Ltda.,37219054000152,Eldorado do Sul,RS,3,Loja Santo André,Física,2,2026-04-13,305.74,32.53,ULTRA,20
64,55003,Gabinete Gamer Corsair 4000D Airflow Mid-Tower ATX,"Gabinete Gamer Corsair 4000D Airflow Mid-Tower ATX. Formato Mini-Tower mATX, aco e acrilico. com suporte a 2 fans de 140mm. frente mesh para melhor airflow.",415.42,699.99,1,11,Gabinetes,Hardware,2,TD SYNNEX Brasil Comércio e Distrib.,67539024000194,São Paulo,SP,1,CD Osasco,Online,12,2026-04-13,284.57,40.65,HIGH,112
64,55003,Gabinete Gamer Corsair 4000D Airflow Mid-Tower ATX,"Gabinete Gamer Corsair 4000D Airflow Mid-Tower ATX. Formato Mini-Tower mATX, aco e acrilico. com suporte a 2 fans de 140mm. frente mesh para melhor airflow.",415.42,699.99,1,11,Gabinetes,Hardware,2,TD SYNNEX Brasil Comércio e Distrib.,67539024000194,São Paulo,SP,6,Escritório Central,Online,22,2026-04-13,284.57,40.65,HIGH,112
64,55003,Gabinete Gamer Corsair 4000D Airflow Mid-Tower ATX,"Gabinete Gamer Corsair 4000D Airflow Mid-Tower ATX. Formato Mini-Tower mATX, aco e acrilico. com suporte a 2 fans de 140mm. frente mesh para melhor airflow.",415.42,699.99,1,11,Gabinetes,Hardware,2,TD SYNNEX Brasil Comércio e Distrib.,67539024000194,São Paulo,SP,5,Loja BH Centro,Física,18,2026-04-13,284.57,40.65,HIGH,112
64,55003,Gabinete Gamer Corsair 4000D Airflow Mid-Tower ATX,"Gabinete Gamer Corsair 4000D Airflow Mid-Tower ATX. Formato Mini-Tower mATX, aco e acrilico. com suporte a 2 fans de 140mm. frente mesh para melhor airflow.",415.42,699.99,1,11,Gabinetes,Hardware,2,TD SYNNEX Brasil Comércio e Distrib.,67539024000194,São Paulo,SP,4,Loja Campinas,Física,9,2026-04-13,284.57,40.65,HIGH,112
64,55003,Gabinete Gamer Corsair 4000D Airflow Mid-Tower ATX,"Gabinete Gamer Corsair 4000D Airflow Mid-Tower ATX. Formato Mini-Tower mATX, aco e acrilico. com suporte a 2 fans de 140mm. frente mesh para melhor airflow.",415.42,699.99,1,11,Gabinetes,Hardware,2,TD SYNNEX Brasil Comércio e Distrib.,67539024000194,São Paulo,SP,2,Loja Paulista,Física,19,2026-04-13,284.57,40.65,HIGH,112
64,55003,Gabinete Gamer Corsair 4000D Airflow Mid-Tower ATX,"Gabinete Gamer Corsair 4000D Airflow Mid-Tower ATX. Formato Mini-Tower mATX, aco e acrilico. com suporte a 2 fans de 140mm. frente mesh para melhor airflow.",415.42,699.99,1,11,Gabinetes,Hardware,2,TD SYNNEX Brasil Comércio e Distrib.,67539024000194,São Paulo,SP,3,Loja Santo André,Física,32,2026-04-13,284.57,40.65,HIGH,112
62,55001,Gabinete Gamer DeepCool CC560 Mid-Tower ATX Vidro Temperado,"Gabinete Gamer DeepCool CC560 Mid-Tower ATX Vidro Temperado. Formato Mini-ITX, aco e vidro temperado. com 3 fans inclusos. frente mesh para melhor airflow.",271.88,399.99,1,11,Gabinetes,Hardware,11,LG Electronics do Brasil Ltda.,73_425_608_0001_31,São Paulo,SP,1,CD Osasco,Online,25,2026-04-13,128.11,32.03,HIGH,213
62,55001,Gabinete Gamer DeepCool CC560 Mid-Tower ATX Vidro Temperado,"Gabinete Gamer DeepCool CC560 Mid-Tower ATX Vidro Temperado. Formato Mini-ITX, aco e vidro temperado. com 3 fans inclusos. frente mesh para melhor airflow.",271.88,399.99,1,11,Gabinetes,Hardware,11,LG Electronics do Brasil Ltda.,73_425_608_0001_31,São Paulo,SP,6,Escritório Central,Online,37,2026-04-13,128.11,32.03,HIGH,213
62,55001,Gabinete Gamer DeepCool CC560 Mid-Tower ATX Vidro Temperado,"Gabinete Gamer DeepCool CC560 Mid-Tower ATX Vidro Temperado. Formato Mini-ITX, aco e vidro temperado. com 3 fans inclusos. frente mesh para melhor airflow.",271.88,399.99,1,11,Gabinetes,Hardware,11,LG Electronics do Brasil Ltda.,73_425_608_0001_31,São Paulo,SP,5,Loja BH Centro,Física,13,2026-04-13,128.11,32.03,HIGH,213
62,55001,Gabinete Gamer DeepCool CC560 Mid-Tower ATX Vidro Temperado,"Gabinete Gamer DeepCool CC560 Mid-Tower ATX Vidro Temperado. Formato Mini-ITX, aco e vidro temperado. com 3 fans inclusos. frente mesh para melhor airflow.",271.88,399.99,1,11,Gabinetes,Hardware,11,LG Electronics do Brasil Ltda.,73_425_608_0001_31,São Paulo,SP,4,Loja Campinas,Física,48,2026-04-13,128.11,32.03,HIGH,213
62,55001,Gabinete Gamer DeepCool CC560 Mid-Tower ATX Vidro Temperado,"Gabinete Gamer DeepCool CC560 Mid-Tower ATX Vidro Temperado. Formato Mini-ITX, aco e vidro temperado. com 3 fans inclusos. frente mesh para melhor airflow.",271.88,399.99,1,11,Gabinetes,Hardware,11,LG Electronics do Brasil Ltda.,73_425_608_0001_31,São Paulo,SP,2,Loja Paulista,Física,45,2026-04-13,128.11,32.03,HIGH,213
62,55001,Gabinete Gamer DeepCool CC560 Mid-Tower ATX Vidro Temperado,"Gabinete Gamer DeepCool CC560 Mid-Tower ATX Vidro Temperado. Formato Mini-ITX, aco e vidro temperado. com 3 fans inclusos. frente mesh para melhor airflow.",271.88,399.99,1,11,Gabinetes,Hardware,11,LG Electronics do Brasil Ltda.,73_425_608_0001_31,São Paulo,SP,3,Loja Santo André,Física,45,2026-04-13,128.11,32.03,HIGH,213
63,55002,Gabinete Gamer NZXT H510 Mid-Tower ATX Branco,"Gabinete Gamer NZXT H510 Mid-Tower ATX Branco. Formato Mini-ITX, aco e acrilico. com 3 fans inclusos. painel lateral transparente.",395.7,649.99,1,11,Gabinetes,Hardware,40,3Nstar Automação Comercial Brasil,57329146000100,São Paulo,SP,1,CD Osasco,Online,7,2026-04-13,254.29,39.12,HIGH,87
63,55002,Gabinete Gamer NZXT H510 Mid-Tower ATX Branco,"Gabinete Gamer NZXT H510 Mid-Tower ATX Branco. Formato Mini-ITX, aco e acrilico. com 3 fans inclusos. painel lateral transparente.",395.7,649.99,1,11,Gabinetes,Hardware,40,3Nstar Automação Comercial Brasil,57329146000100,São Paulo,SP,6,Escritório Central,Online,11,2026-04-13,254.29,39.12,HIGH,87
63,55002,Gabinete Gamer NZXT H510 Mid-Tower ATX Branco,"Gabinete Gamer NZXT H510 Mid-Tower ATX Branco. Formato Mini-ITX, aco e acrilico. com 3 fans inclusos. painel lateral transparente.",395.7,649.99,1,11,Gabinetes,Hardware,40,3Nstar Automação Comercial Brasil,57329146000100,São Paulo,SP,5,Loja BH Centro,Física,10,2026-04-13,254.29,39.12,HIGH,87
63,55002,Gabinete Gamer NZXT H510 Mid-Tower ATX Branco,"Gabinete Gamer NZXT H510 Mid-Tower ATX Branco. Formato Mini-ITX, aco e acrilico. com 3 fans inclusos. painel lateral transparente.",395.7,649.99,1,11,Gabinetes,Hardware,40,3Nstar Automação Comercial Brasil,57329146000100,São Paulo,SP,4,Loja Campinas,Física,15,2026-04-13,254.29,39.12,HIGH,87
63,55002,Gabinete Gamer NZXT H510 Mid-Tower ATX Branco,"Gabinete Gamer NZXT H510 Mid-Tower ATX Branco. Formato Mini-ITX, aco e acrilico. com 3 fans inclusos. painel lateral transparente.",395.7,649.99,1,11,Gabinetes,Hardware,40,3Nstar Automação Comercial Brasil,57329146000100,São Paulo,SP,2,Loja Paulista,Física,28,2026-04-13,254.29,39.12,HIGH,87
63,55002,Gabinete Gamer NZXT H510 Mid-Tower ATX Branco,"Gabinete Gamer NZXT H510 Mid-Tower ATX Branco. Formato Mini-ITX, aco e acrilico. com 3 fans inclusos. painel lateral transparente.",395.7,649.99,1,11,Gabinetes,Hardware,40,3Nstar Automação Comercial Brasil,57329146000100,São Paulo,SP,3,Loja Santo André,Física,16,2026-04-13,254.29,39.12,HIGH,87
66,55005,Gabinete Mid-Tower FTX FTX255 500W Kit Teclado Mouse,"Gabinete Mid-Tower FTX FTX255 500W Kit Teclado Mouse. Formato Mini-Tower mATX, aluminio e vidro temperado. com suporte a 3 fans de 120mm. frente mesh para melhor airflow.",136.61,229.99,1,11,Gabinetes,Hardware,35,Mtek Informática Distrib. Ltda.,71.802.934/0001-95,São Paulo,SP,1,CD Osasco,Online,80,2026-04-13,93.38,40.6,MID,327
66,55005,Gabinete Mid-Tower FTX FTX255 500W Kit Teclado Mouse,"Gabinete Mid-Tower FTX FTX255 500W Kit Teclado Mouse. Formato Mini-Tower mATX, aluminio e vidro temperado. com suporte a 3 fans de 120mm. frente mesh para melhor airflow.",136.61,229.99,1,11,Gabinetes,Hardware,35,Mtek Informática Distrib. Ltda.,71.802.934/0001-95,São Paulo,SP,6,Escritório Central,Online,82,2026-04-13,93.38,40.6,MID,327
66,55005,Gabinete Mid-Tower FTX FTX255 500W Kit Teclado Mouse,"Gabinete Mid-Tower FTX FTX255 500W Kit Teclado Mouse. Formato Mini-Tower mATX, aluminio e vidro temperado. com suporte a 3 fans de 120mm. frente mesh para melhor airflow.",136.61,229.99,1,11,Gabinetes,Hardware,35,Mtek Informática Distrib. Ltda.,71.802.934/0001-95,São Paulo,SP,5,Loja BH Centro,Física,41,2026-04-13,93.38,40.6,MID,327
66,55005,Gabinete Mid-Tower FTX FTX255 500W Kit Teclado Mouse,"Gabinete Mid-Tower FTX FTX255 500W Kit Teclado Mouse. Formato Mini-Tower mATX, aluminio e vidro temperado. com suporte a 3 fans de 120mm. frente mesh para melhor airflow.",136.61,229.99,1,11,Gabinetes,Hardware,35,Mtek Informática Distrib. Ltda.,71.802.934/0001-95,São Paulo,SP,4,Loja Campinas,Física,82,2026-04-13,93.38,40.6,MID,327
66,55005,Gabinete Mid-Tower FTX FTX255 500W Kit Teclado Mouse,"Gabinete Mid-Tower FTX FTX255 500W Kit Teclado Mouse. Formato Mini-Tower mATX, aluminio e vidro temperado. com suporte a 3 fans de 120mm. frente mesh para melhor airflow.",136.61,229.99,1,11,Gabinetes,Hardware,35,Mtek Informática Distrib. Ltda.,71.802.934/0001-95,São Paulo,SP,2,Loja Paulista,Física,26,2026-04-13,93.38,40.6,MID,327
66,55005,Gabinete Mid-Tower FTX FTX255 500W Kit Teclado Mouse,"Gabinete Mid-Tower FTX FTX255 500W Kit Teclado Mouse. Formato Mini-Tower mATX, aluminio e vidro temperado. com suporte a 3 fans de 120mm. frente mesh para melhor airflow.",136.61,229.99,1,11,Gabinetes,Hardware,35,Mtek Informática Distrib. Ltda.,71.802.934/0001-95,São Paulo,SP,3,Loja Santo André,Física,16,2026-04-13,93.38,40.6,MID,327
65,55004,Gabinete Mini-ITX Cooler Master NR200P SFF,"Gabinete Mini-ITX Cooler Master NR200P SFF. Formato Mini-Tower mATX, aco e vidro temperado. com suporte a 3 fans de 120mm. design compacto.",307.04,499.99,1,11,Gabinetes,Hardware,13,Western Digital do Brasil,76.381.250/0001-80,São Paulo,SP,1,CD Osasco,Online,18,2026-04-13,192.95,38.59,HIGH,191
65,55004,Gabinete Mini-ITX Cooler Master NR200P SFF,"Gabinete Mini-ITX Cooler Master NR200P SFF. Formato Mini-Tower mATX, aco e vidro temperado. com suporte a 3 fans de 120mm. design compacto.",307.04,499.99,1,11,Gabinetes,Hardware,13,Western Digital do Brasil,76.381.250/0001-80,São Paulo,SP,6,Escritório Central,Online,39,2026-04-13,192.95,38.59,HIGH,191
65,55004,Gabinete Mini-ITX Cooler Master NR200P SFF,"Gabinete Mini-ITX Cooler Master NR200P SFF. Formato Mini-Tower mATX, aco e vidro temperado. com suporte a 3 fans de 120mm. design compacto.",307.04,499.99,1,11,Gabinetes,Hardware,13,Western Digital do Brasil,76.381.250/0001-80,São Paulo,SP,5,Loja BH Centro,Física,31,2026-04-13,192.95,38.59,HIGH,191
65,55004,Gabinete Mini-ITX Cooler Master NR200P SFF,"Gabinete Mini-ITX Cooler Master NR200P SFF. Formato Mini-Tower mATX, aco e vidro temperado. com suporte a 3 fans de 120mm. design compacto.",307.04,499.99,1,11,Gabinetes,Hardware,13,Western Digital do Brasil,76.381.250/0001-80,São Paulo,SP,4,Loja Campinas,Física,28,2026-04-13,192.95,38.59,HIGH,191
65,55004,Gabinete Mini-ITX Cooler Master NR200P SFF,"Gabinete Mini-ITX Cooler Master NR200P SFF. Formato Mini-Tower mATX, aco e vidro temperado. com suporte a 3 fans de 120mm. design compacto.",307.04,499.99,1,11,Gabinetes,Hardware,13,Western Digital do Brasil,76.381.250/0001-80,São Paulo,SP,2,Loja Paulista,Física,45,2026-04-13,192.95,38.59,HIGH,191
65,55004,Gabinete Mini-ITX Cooler Master NR200P SFF,"Gabinete Mini-ITX Cooler Master NR200P SFF. Formato Mini-Tower mATX, aco e vidro temperado. com suporte a 3 fans de 120mm. design compacto.",307.04,499.99,1,11,Gabinetes,Hardware,13,Western Digital do Brasil,76.381.250/0001-80,São Paulo,SP,3,Loja Santo André,Física,30,2026-04-13,192.95,38.59,HIGH,191
35,51002,Memória DDR4 16GB Kingston 3200MHz KVR32N22D8/16,"Memória DDR4 16GB Kingston 3200MHz KVR32N22D8/16. DDR4 2400MHz CL16, SO-DIMM para notebook. Compativel com XMP/EXPO.",219.85,389.99,1,14,Memória RAM,Hardware,20,Asus do Brasil Computadores Ltda.,47021359000109,São Paulo,SP,1,CD Osasco,Online,10,2026-04-13,170.14,43.63,HIGH,126
35,51002,Memória DDR4 16GB Kingston 3200MHz KVR32N22D8/16,"Memória DDR4 16GB Kingston 3200MHz KVR32N22D8/16. DDR4 2400MHz CL16, SO-DIMM para notebook. Compativel com XMP/EXPO.",219.85,389.99,1,14,Memória RAM,Hardware,20,Asus do Brasil Computadores Ltda.,47021359000109,São Paulo,SP,6,Escritório Central,Online,28,2026-04-13,170.14,43.63,HIGH,126
35,51002,Memória DDR4 16GB Kingston 3200MHz KVR32N22D8/16,"Memória DDR4 16GB Kingston 3200MHz KVR32N22D8/16. DDR4 2400MHz CL16, SO-DIMM para notebook. Compativel com XMP/EXPO.",219.85,389.99,1,14,Memória RAM,Hardware,20,Asus do Brasil Computadores Ltda.,47021359000109,São Paulo,SP,5,Loja BH Centro,Física,25,2026-04-13,170.14,43.63,HIGH,126
35,51002,Memória DDR4 16GB Kingston 3200MHz KVR32N22D8/16,"Memória DDR4 16GB Kingston 3200MHz KVR32N22D8/16. DDR4 2400MHz CL16, SO-DIMM para notebook. Compativel com XMP/EXPO.",219.85,389.99,1,14,Memória RAM,Hardware,20,Asus do Brasil Computadores Ltda.,47021359000109,São Paulo,SP,4,Loja Campinas,Física,25,2026-04-13,170.14,43.63,HIGH,126
35,51002,Memória DDR4 16GB Kingston 3200MHz KVR32N22D8/16,"Memória DDR4 16GB Kingston 3200MHz KVR32N22D8/16. DDR4 2400MHz CL16, SO-DIMM para notebook. Compativel com XMP/EXPO.",219.85,389.99,1,14,Memória RAM,Hardware,20,Asus do Brasil Computadores Ltda.,47021359000109,São Paulo,SP,2,Loja Paulista,Física,18,2026-04-13,170.14,43.63,HIGH,126
35,51002,Memória DDR4 16GB Kingston 3200MHz KVR32N22D8/16,"Memória DDR4 16GB Kingston 3200MHz KVR32N22D8/16. DDR4 2400MHz CL16, SO-DIMM para notebook. Compativel com XMP/EXPO.",219.85,389.99,1,14,Memória RAM,Hardware,20,Asus do Brasil Computadores Ltda.,47021359000109,São Paulo,SP,3,Loja Santo André,Física,20,2026-04-13,170.14,43.63,HIGH,126
36,51003,Memória DDR4 32GB Corsair Vengeance 3600MHz CMK32GX4M2D,"Memória DDR4 32GB Corsair Vengeance 3600MHz CMK32GX4M2D. DDR4 2666MHz CL16, SO-DIMM para notebook. Compativel com XMP/EXPO.",407.55,749.99,1,14,Memória RAM,Hardware,17,HP do Brasil Sistemas de Computação,06493127000176,Barueri,SP,1,CD Osasco,Online,10,2026-04-13,342.44,45.66,HIGH,152
36,51003,Memória DDR4 32GB Corsair Vengeance 3600MHz CMK32GX4M2D,"Memória DDR4 32GB Corsair Vengeance 3600MHz CMK32GX4M2D. DDR4 2666MHz CL16, SO-DIMM para notebook. Compativel com XMP/EXPO.",407.55,749.99,1,14,Memória RAM,Hardware,17,HP do Brasil Sistemas de Computação,06493127000176,Barueri,SP,6,Escritório Central,Online,9,2026-04-13,342.44,45.66,HIGH,152
36,51003,Memória DDR4 32GB Corsair Vengeance 3600MHz CMK32GX4M2D,"Memória DDR4 32GB Corsair Vengeance 3600MHz CMK32GX4M2D. DDR4 2666MHz CL16, SO-DIMM para notebook. Compativel com XMP/EXPO.",407.55,749.99,1,14,Memória RAM,Hardware,17,HP do Brasil Sistemas de Computação,06493127000176,Barueri,SP,5,Loja BH Centro,Física,39,2026-04-13,342.44,45.66,HIGH,152
36,51003,Memória DDR4 32GB Corsair Vengeance 3600MHz CMK32GX4M2D,"Memória DDR4 32GB Corsair Vengeance 3600MHz CMK32GX4M2D. DDR4 2666MHz CL16, SO-DIMM para notebook. Compativel com XMP/EXPO.",407.55,749.99,1,14,Memória RAM,Hardware,17,HP do Brasil Sistemas de Computação,06493127000176,Barueri,SP,4,Loja Campinas,Física,13,2026-04-13,342.44,45.66,HIGH,152
36,51003,Memória DDR4 32GB Corsair Vengeance 3600MHz CMK32GX4M2D,"Memória DDR4 32GB Corsair Vengeance 3600MHz CMK32GX4M2D. DDR4 2666MHz CL16, SO-DIMM para notebook. Compativel com XMP/EXPO.",407.55,749.99,1,14,Memória RAM,Hardware,17,HP do Brasil Sistemas de Computação,06493127000176,Barueri,SP,2,Loja Paulista,Física,42,2026-04-13,342.44,45.66,HIGH,152
36,51003,Memória DDR4 32GB Corsair Vengeance 3600MHz CMK32GX4M2D,"Memória DDR4 32GB Corsair Vengeance 3600MHz CMK32GX4M2D. DDR4 2666MHz CL16, SO-DIMM para notebook. Compativel com XMP/EXPO.",407.55,749.99,1,14,Memória RAM,Hardware,17,HP do Brasil Sistemas de Computação,06493127000176,Barueri,SP,3,Loja Santo André,Física,39,2026-04-13,342.44,45.66,HIGH,152
34,51001,Memória DDR4 8GB Kingston 2666MHz KVR26N19S6/8,"Memória DDR4 8GB Kingston 2666MHz KVR26N19S6/8. DDR4 4800MHz CL36, DIMM para desktop. Compativel com XMP/EXPO.",120.47,219.99,1,14,Memória RAM,Hardware,5,Multilaser Industrial S.A.,75_021_839_0001_05,Extrema,MG,1,CD Osasco,Online,31,2026-04-13,99.52,45.24,MID,241
34,51001,Memória DDR4 8GB Kingston 2666MHz KVR26N19S6/8,"Memória DDR4 8GB Kingston 2666MHz KVR26N19S6/8. DDR4 4800MHz CL36, DIMM para desktop. Compativel com XMP/EXPO.",120.47,219.99,1,14,Memória RAM,Hardware,5,Multilaser Industrial S.A.,75_021_839_0001_05,Extrema,MG,6,Escritório Central,Online,28,2026-04-13,99.52,45.24,MID,241
34,51001,Memória DDR4 8GB Kingston 2666MHz KVR26N19S6/8,"Memória DDR4 8GB Kingston 2666MHz KVR26N19S6/8. DDR4 4800MHz CL36, DIMM para desktop. Compativel com XMP/EXPO.",120.47,219.99,1,14,Memória RAM,Hardware,5,Multilaser Industrial S.A.,75_021_839_0001_05,Extrema,MG,5,Loja BH Centro,Física,24,2026-04-13,99.52,45.24,MID,241
34,51001,Memória DDR4 8GB Kingston 2666MHz KVR26N19S6/8,"Memória DDR4 8GB Kingston 2666MHz KVR26N19S6/8. DDR4 4800MHz CL36, DIMM para desktop. Compativel com XMP/EXPO.",120.47,219.99,1,14,Memória RAM,Hardware,5,Multilaser Industrial S.A.,75_021_839_0001_05,Extrema,MG,4,Loja Campinas,Física,50,2026-04-13,99.52,45.24,MID,241
34,51001,Memória DDR4 8GB Kingston 2666MHz KVR26N19S6/8,"Memória DDR4 8GB Kingston 2666MHz KVR26N19S6/8. DDR4 4800MHz CL36, DIMM para desktop. Compativel com XMP/EXPO.",120.47,219.99,1,14,Memória RAM,Hardware,5,Multilaser Industrial S.A.,75_021_839_0001_05,Extrema,MG,2,Loja Paulista,Física,79,2026-04-13,99.52,45.24,MID,241
34,51001,Memória DDR4 8GB Kingston 2666MHz KVR26N19S6/8,"Memória DDR4 8GB Kingston 2666MHz KVR26N19S6/8. DDR4 4800MHz CL36, DIMM para desktop. Compativel com XMP/EXPO.",120.47,219.99,1,14,Memória RAM,Hardware,5,Multilaser Industrial S.A.,75_021_839_0001_05,Extrema,MG,3,Loja Santo André,Física,29,2026-04-13,99.52,45.24,MID,241
37,51004,Memória DDR5 16GB Kingston Fury Beast 5200MHz KF552C40BB,"Memória DDR5 16GB Kingston Fury Beast 5200MHz KF552C40BB. DDR4 2666MHz CL22, DIMM para desktop. Compativel com XMP/EXPO.",306.43,459.99,1,14,Memória RAM,Hardware,21,MSI Computer do Brasil,34765208000113,São Paulo,SP,1,CD Osasco,Online,31,2026-04-13,153.56,33.38,HIGH,169
37,51004,Memória DDR5 16GB Kingston Fury Beast 5200MHz KF552C40BB,"Memória DDR5 16GB Kingston Fury Beast 5200MHz KF552C40BB. DDR4 2666MHz CL22, DIMM para desktop. Compativel com XMP/EXPO.",306.43,459.99,1,14,Memória RAM,Hardware,21,MSI Computer do Brasil,34765208000113,São Paulo,SP,6,Escritório Central,Online,12,2026-04-13,153.56,33.38,HIGH,169
37,51004,Memória DDR5 16GB Kingston Fury Beast 5200MHz KF552C40BB,"Memória DDR5 16GB Kingston Fury Beast 5200MHz KF552C40BB. DDR4 2666MHz CL22, DIMM para desktop. Compativel com XMP/EXPO.",306.43,459.99,1,14,Memória RAM,Hardware,21,MSI Computer do Brasil,34765208000113,São Paulo,SP,5,Loja BH Centro,Física,30,2026-04-13,153.56,33.38,HIGH,169
37,51004,Memória DDR5 16GB Kingston Fury Beast 5200MHz KF552C40BB,"Memória DDR5 16GB Kingston Fury Beast 5200MHz KF552C40BB. DDR4 2666MHz CL22, DIMM para desktop. Compativel com XMP/EXPO.",306.43,459.99,1,14,Memória RAM,Hardware,21,MSI Computer do Brasil,34765208000113,São Paulo,SP,4,Loja Campinas,Física,27,2026-04-13,153.56,33.38,HIGH,169
37,51004,Memória DDR5 16GB Kingston Fury Beast 5200MHz KF552C40BB,"Memória DDR5 16GB Kingston Fury Beast 5200MHz KF552C40BB. DDR4 2666MHz CL22, DIMM para desktop. Compativel com XMP/EXPO.",306.43,459.99,1,14,Memória RAM,Hardware,21,MSI Computer do Brasil,34765208000113,São Paulo,SP,2,Loja Paulista,Física,36,2026-04-13,153.56,33.38,HIGH,169
37,51004,Memória DDR5 16GB Kingston Fury Beast 5200MHz KF552C40BB,"Memória DDR5 16GB Kingston Fury Beast 5200MHz KF552C40BB. DDR4 2666MHz CL22, DIMM para desktop. Compativel com XMP/EXPO.",306.43,459.99,1,14,Memória RAM,Hardware,21,MSI Computer do Brasil,34765208000113,São Paulo,SP,3,Loja Santo André,Física,33,2026-04-13,153.56,33.38,HIGH,169
38,51005,Memória DDR5 32GB Kingston Fury Beast 5600MHz KF556C40BBK2,"Memória DDR5 32GB Kingston Fury Beast 5600MHz KF556C40BBK2. DDR3 2400MHz CL16, DIMM para desktop. Compativel com XMP/EXPO.",468.97,899.99,1,14,Memória RAM,Hardware,16,Epson do Brasil Ltda.,76481293000138,São Paulo,SP,1,CD Osasco,Online,21,2026-04-13,431.02,47.89,HIGH,102
38,51005,Memória DDR5 32GB Kingston Fury Beast 5600MHz KF556C40BBK2,"Memória DDR5 32GB Kingston Fury Beast 5600MHz KF556C40BBK2. DDR3 2400MHz CL16, DIMM para desktop. Compativel com XMP/EXPO.",468.97,899.99,1,14,Memória RAM,Hardware,16,Epson do Brasil Ltda.,76481293000138,São Paulo,SP,6,Escritório Central,Online,19,2026-04-13,431.02,47.89,HIGH,102
38,51005,Memória DDR5 32GB Kingston Fury Beast 5600MHz KF556C40BBK2,"Memória DDR5 32GB Kingston Fury Beast 5600MHz KF556C40BBK2. DDR3 2400MHz CL16, DIMM para desktop. Compativel com XMP/EXPO.",468.97,899.99,1,14,Memória RAM,Hardware,16,Epson do Brasil Ltda.,76481293000138,São Paulo,SP,5,Loja BH Centro,Física,7,2026-04-13,431.02,47.89,HIGH,102
38,51005,Memória DDR5 32GB Kingston Fury Beast 5600MHz KF556C40BBK2,"Memória DDR5 32GB Kingston Fury Beast 5600MHz KF556C40BBK2. DDR3 2400MHz CL16, DIMM para desktop. Compativel com XMP/EXPO.",468.97,899.99,1,14,Memória RAM,Hardware,16,Epson do Brasil Ltda.,76481293000138,São Paulo,SP,4,Loja Campinas,Física,22,2026-04-13,431.02,47.89,HIGH,102
38,51005,Memória DDR5 32GB Kingston Fury Beast 5600MHz KF556C40BBK2,"Memória DDR5 32GB Kingston Fury Beast 5600MHz KF556C40BBK2. DDR3 2400MHz CL16, DIMM para desktop. Compativel com XMP/EXPO.",468.97,899.99,1,14,Memória RAM,Hardware,16,Epson do Brasil Ltda.,76481293000138,São Paulo,SP,2,Loja Paulista,Física,10,2026-04-13,431.02,47.89,HIGH,102
38,51005,Memória DDR5 32GB Kingston Fury Beast 5600MHz KF556C40BBK2,"Memória DDR5 32GB Kingston Fury Beast 5600MHz KF556C40BBK2. DDR3 2400MHz CL16, DIMM para desktop. Compativel com XMP/EXPO.",468.97,899.99,1,14,Memória RAM,Hardware,16,Epson do Brasil Ltda.,76481293000138,São Paulo,SP,3,Loja Santo André,Física,23,2026-04-13,431.02,47.89,HIGH,102
39,51007,Memória SO-DIMM DDR4 16GB Crucial 3200MHz CT16G4SFRA32A,"Memória SO-DIMM DDR4 16GB Crucial 3200MHz CT16G4SFRA32A. DDR3 3600MHz CL22, SO-DIMM para notebook. Compativel com XMP/EXPO.",225.25,419.99,1,14,Memória RAM,Hardware,13,Western Digital do Brasil,76.381.250/0001-80,São Paulo,SP,1,CD Osasco,Online,13,2026-04-13,194.74,46.37,HIGH,144
39,51007,Memória SO-DIMM DDR4 16GB Crucial 3200MHz CT16G4SFRA32A,"Memória SO-DIMM DDR4 16GB Crucial 3200MHz CT16G4SFRA32A. DDR3 3600MHz CL22, SO-DIMM para notebook. Compativel com XMP/EXPO.",225.25,419.99,1,14,Memória RAM,Hardware,13,Western Digital do Brasil,76.381.250/0001-80,São Paulo,SP,6,Escritório Central,Online,27,2026-04-13,194.74,46.37,HIGH,144
39,51007,Memória SO-DIMM DDR4 16GB Crucial 3200MHz CT16G4SFRA32A,"Memória SO-DIMM DDR4 16GB Crucial 3200MHz CT16G4SFRA32A. DDR3 3600MHz CL22, SO-DIMM para notebook. Compativel com XMP/EXPO.",225.25,419.99,1,14,Memória RAM,Hardware,13,Western Digital do Brasil,76.381.250/0001-80,São Paulo,SP,5,Loja BH Centro,Física,15,2026-04-13,194.74,46.37,HIGH,144
39,51007,Memória SO-DIMM DDR4 16GB Crucial 3200MHz CT16G4SFRA32A,"Memória SO-DIMM DDR4 16GB Crucial 3200MHz CT16G4SFRA32A. DDR3 3600MHz CL22, SO-DIMM para notebook. Compativel com XMP/EXPO.",225.25,419.99,1,14,Memória RAM,Hardware,13,Western Digital do Brasil,76.381.250/0001-80,São Paulo,SP,4,Loja Campinas,Física,34,2026-04-13,194.74,46.37,HIGH,144
39,51007,Memória SO-DIMM DDR4 16GB Crucial 3200MHz CT16G4SFRA32A,"Memória SO-DIMM DDR4 16GB Crucial 3200MHz CT16G4SFRA32A. DDR3 3600MHz CL22, SO-DIMM para notebook. Compativel com XMP/EXPO.",225.25,419.99,1,14,Memória RAM,Hardware,13,Western Digital do Brasil,76.381.250/0001-80,São Paulo,SP,2,Loja Paulista,Física,13,2026-04-13,194.74,46.37,HIGH,144
39,51007,Memória SO-DIMM DDR4 16GB Crucial 3200MHz CT16G4SFRA32A,"Memória SO-DIMM DDR4 16GB Crucial 3200MHz CT16G4SFRA32A. DDR3 3600MHz CL22, SO-DIMM para notebook. Compativel com XMP/EXPO.",225.25,419.99,1,14,Memória RAM,Hardware,13,Western Digital do Brasil,76.381.250/0001-80,São Paulo,SP,3,Loja Santo André,Física,42,2026-04-13,194.74,46.37,HIGH,144
25,55873,Placa de Vídeo 16GB RTX5070Ti MSI Ventus 3X OC,"Placa de Vídeo 16GB RTX5070Ti MSI Ventus 3X OC. Interface PCIe 4.0 x16, memoria GDDR5X. Saidas: 2x HDMI, DisplayPort. Ideal para renderizacao e IA.",4145.02,6955.99,1,20,Placas de Vídeo,Hardware,39,Biostar Technology Brasil,29.643.051/0001-13,São Paulo,SP,1,CD Osasco,Online,5,2026-04-13,2810.97,40.41,ULTRA,27
25,55873,Placa de Vídeo 16GB RTX5070Ti MSI Ventus 3X OC,"Placa de Vídeo 16GB RTX5070Ti MSI Ventus 3X OC. Interface PCIe 4.0 x16, memoria GDDR5X. Saidas: 2x HDMI, DisplayPort. Ideal para renderizacao e IA.",4145.02,6955.99,1,20,Placas de Vídeo,Hardware,39,Biostar Technology Brasil,29.643.051/0001-13,São Paulo,SP,6,Escritório Central,Online,5,2026-04-13,2810.97,40.41,ULTRA,27
25,55873,Placa de Vídeo 16GB RTX5070Ti MSI Ventus 3X OC,"Placa de Vídeo 16GB RTX5070Ti MSI Ventus 3X OC. Interface PCIe 4.0 x16, memoria GDDR5X. Saidas: 2x HDMI, DisplayPort. Ideal para renderizacao e IA.",4145.02,6955.99,1,20,Placas de Vídeo,Hardware,39,Biostar Technology Brasil,29.643.051/0001-13,São Paulo,SP,5,Loja BH Centro,Física,1,2026-04-13,2810.97,40.41,ULTRA,27
25,55873,Placa de Vídeo 16GB RTX5070Ti MSI Ventus 3X OC,"Placa de Vídeo 16GB RTX5070Ti MSI Ventus 3X OC. Interface PCIe 4.0 x16, memoria GDDR5X. Saidas: 2x HDMI, DisplayPort. Ideal para renderizacao e IA.",4145.02,6955.99,1,20,Placas de Vídeo,Hardware,39,Biostar Technology Brasil,29.643.051/0001-13,São Paulo,SP,4,Loja Campinas,Física,5,2026-04-13,2810.97,40.41,ULTRA,27
25,55873,Placa de Vídeo 16GB RTX5070Ti MSI Ventus 3X OC,"Placa de Vídeo 16GB RTX5070Ti MSI Ventus 3X OC. Interface PCIe 4.0 x16, memoria GDDR5X. Saidas: 2x HDMI, DisplayPort. Ideal para renderizacao e IA.",4145.02,6955.99,1,20,Placas de Vídeo,Hardware,39,Biostar Technology Brasil,29.643.051/0001-13,São Paulo,SP,2,Loja Paulista,Física,6,2026-04-13,2810.97,40.41,ULTRA,27
25,55873,Placa de Vídeo 16GB RTX5070Ti MSI Ventus 3X OC,"Placa de Vídeo 16GB RTX5070Ti MSI Ventus 3X OC. Interface PCIe 4.0 x16, memoria GDDR5X. Saidas: 2x HDMI, DisplayPort. Ideal para renderizacao e IA.",4145.02,6955.99,1,20,Placas de Vídeo,Hardware,39,Biostar Technology Brasil,29.643.051/0001-13,São Paulo,SP,3,Loja Santo André,Física,5,2026-04-13,2810.97,40.41,ULTRA,27
26,46974,Placa de Vídeo 16GB RTX5080 MSI Inspire 3X OC,"Placa de Vídeo 16GB RTX5080 MSI Inspire 3X OC. Interface PCIe 4.0 x8, memoria GDDR6X. Saidas: 2x HDMI, DisplayPort. Ideal para renderizacao e IA.",6869.06,10828.99,1,20,Placas de Vídeo,Hardware,23,APC by Schneider Electric Brasil,84952076000107,São Paulo,SP,1,CD Osasco,Online,2,2026-04-13,3959.93,36.57,ULTRA,19
26,46974,Placa de Vídeo 16GB RTX5080 MSI Inspire 3X OC,"Placa de Vídeo 16GB RTX5080 MSI Inspire 3X OC. Interface PCIe 4.0 x8, memoria GDDR6X. Saidas: 2x HDMI, DisplayPort. Ideal para renderizacao e IA.",6869.06,10828.99,1,20,Placas de Vídeo,Hardware,23,APC by Schneider Electric Brasil,84952076000107,São Paulo,SP,6,Escritório Central,Online,1,2026-04-13,3959.93,36.57,ULTRA,19
26,46974,Placa de Vídeo 16GB RTX5080 MSI Inspire 3X OC,"Placa de Vídeo 16GB RTX5080 MSI Inspire 3X OC. Interface PCIe 4.0 x8, memoria GDDR6X. Saidas: 2x HDMI, DisplayPort. Ideal para renderizacao e IA.",6869.06,10828.99,1,20,Placas de Vídeo,Hardware,23,APC by Schneider Electric Brasil,84952076000107,São Paulo,SP,5,Loja BH Centro,Física,2,2026-04-13,3959.93,36.57,ULTRA,19
26,46974,Placa de Vídeo 16GB RTX5080 MSI Inspire 3X OC,"Placa de Vídeo 16GB RTX5080 MSI Inspire 3X OC. Interface PCIe 4.0 x8, memoria GDDR6X. Saidas: 2x HDMI, DisplayPort. Ideal para renderizacao e IA.",6869.06,10828.99,1,20,Placas de Vídeo,Hardware,23,APC by Schneider Electric Brasil,84952076000107,São Paulo,SP,4,Loja Campinas,Física,4,2026-04-13,3959.93,36.57,ULTRA,19
26,46974,Placa de Vídeo 16GB RTX5080 MSI Inspire 3X OC,"Placa de Vídeo 16GB RTX5080 MSI Inspire 3X OC. Interface PCIe 4.0 x8, memoria GDDR6X. Saidas: 2x HDMI, DisplayPort. Ideal para renderizacao e IA.",6869.06,10828.99,1,20,Placas de Vídeo,Hardware,23,APC by Schneider Electric Brasil,84952076000107,São Paulo,SP,2,Loja Paulista,Física,5,2026-04-13,3959.93,36.57,ULTRA,19
26,46974,Placa de Vídeo 16GB RTX5080 MSI Inspire 3X OC,"Placa de Vídeo 16GB RTX5080 MSI Inspire 3X OC. Interface PCIe 4.0 x8, memoria GDDR6X. Saidas: 2x HDMI, DisplayPort. Ideal para renderizacao e IA.",6869.06,10828.99,1,20,Placas de Vídeo,Hardware,23,APC by Schneider Electric Brasil,84952076000107,São Paulo,SP,3,Loja Santo André,Física,5,2026-04-13,3959.93,36.57,ULTRA,19
2,256659,Placa de Vídeo 2GB GT610 Keepdata DDR3 64Bits HDMI/DVI/VGA,"Placa de Vídeo 2GB GT610 Keepdata DDR3 64Bits HDMI/DVI/VGA. Interface PCIe 4.0 x8, memoria GDDR5X. Saidas: HDMI 2.1, 2x DisplayPort. Ideal para renderizacao e IA.",130.53,196.99,1,20,Placas de Vídeo,Hardware,31,Palit Microsystems Brasil,46.327.089/0001-04,São Paulo,SP,1,CD Osasco,Online,65,2026-04-13,66.46,33.74,MID,251
2,256659,Placa de Vídeo 2GB GT610 Keepdata DDR3 64Bits HDMI/DVI/VGA,"Placa de Vídeo 2GB GT610 Keepdata DDR3 64Bits HDMI/DVI/VGA. Interface PCIe 4.0 x8, memoria GDDR5X. Saidas: HDMI 2.1, 2x DisplayPort. Ideal para renderizacao e IA.",130.53,196.99,1,20,Placas de Vídeo,Hardware,31,Palit Microsystems Brasil,46.327.089/0001-04,São Paulo,SP,6,Escritório Central,Online,37,2026-04-13,66.46,33.74,MID,251
2,256659,Placa de Vídeo 2GB GT610 Keepdata DDR3 64Bits HDMI/DVI/VGA,"Placa de Vídeo 2GB GT610 Keepdata DDR3 64Bits HDMI/DVI/VGA. Interface PCIe 4.0 x8, memoria GDDR5X. Saidas: HDMI 2.1, 2x DisplayPort. Ideal para renderizacao e IA.",130.53,196.99,1,20,Placas de Vídeo,Hardware,31,Palit Microsystems Brasil,46.327.089/0001-04,São Paulo,SP,5,Loja BH Centro,Física,49,2026-04-13,66.46,33.74,MID,251
2,256659,Placa de Vídeo 2GB GT610 Keepdata DDR3 64Bits HDMI/DVI/VGA,"Placa de Vídeo 2GB GT610 Keepdata DDR3 64Bits HDMI/DVI/VGA. Interface PCIe 4.0 x8, memoria GDDR5X. Saidas: HDMI 2.1, 2x DisplayPort. Ideal para renderizacao e IA.",130.53,196.99,1,20,Placas de Vídeo,Hardware,31,Palit Microsystems Brasil,46.327.089/0001-04,São Paulo,SP,4,Loja Campinas,Física,16,2026-04-13,66.46,33.74,MID,251
2,256659,Placa de Vídeo 2GB GT610 Keepdata DDR3 64Bits HDMI/DVI/VGA,"Placa de Vídeo 2GB GT610 Keepdata DDR3 64Bits HDMI/DVI/VGA. Interface PCIe 4.0 x8, memoria GDDR5X. Saidas: HDMI 2.1, 2x DisplayPort. Ideal para renderizacao e IA.",130.53,196.99,1,20,Placas de Vídeo,Hardware,31,Palit Microsystems Brasil,46.327.089/0001-04,São Paulo,SP,2,Loja Paulista,Física,40,2026-04-13,66.46,33.74,MID,251
2,256659,Placa de Vídeo 2GB GT610 Keepdata DDR3 64Bits HDMI/DVI/VGA,"Placa de Vídeo 2GB GT610 Keepdata DDR3 64Bits HDMI/DVI/VGA. Interface PCIe 4.0 x8, memoria GDDR5X. Saidas: HDMI 2.1, 2x DisplayPort. Ideal para renderizacao e IA.",130.53,196.99,1,20,Placas de Vídeo,Hardware,31,Palit Microsystems Brasil,46.327.089/0001-04,São Paulo,SP,3,Loja Santo André,Física,44,2026-04-13,66.46,33.74,MID,251
3,256660,Placa de Vídeo 2GB GT730 Keepdata DDR3 128Bits HDMI/DVI/VGA,"Placa de Vídeo 2GB GT730 Keepdata DDR3 128Bits HDMI/DVI/VGA. Interface PCIe 4.0 x16, memoria GDDR6X. Saidas: 2x HDMI, DisplayPort. Ideal para workstations e games.",165.34,283.99,1,20,Placas de Vídeo,Hardware,1,Ingram Micro Brasil Ltda.,19.305.678/0001-00,Barueri,SP,1,CD Osasco,Online,72,2026-04-13,118.65,41.78,MID,242
3,256660,Placa de Vídeo 2GB GT730 Keepdata DDR3 128Bits HDMI/DVI/VGA,"Placa de Vídeo 2GB GT730 Keepdata DDR3 128Bits HDMI/DVI/VGA. Interface PCIe 4.0 x16, memoria GDDR6X. Saidas: 2x HDMI, DisplayPort. Ideal para workstations e games.",165.34,283.99,1,20,Placas de Vídeo,Hardware,1,Ingram Micro Brasil Ltda.,19.305.678/0001-00,Barueri,SP,6,Escritório Central,Online,16,2026-04-13,118.65,41.78,MID,242
3,256660,Placa de Vídeo 2GB GT730 Keepdata DDR3 128Bits HDMI/DVI/VGA,"Placa de Vídeo 2GB GT730 Keepdata DDR3 128Bits HDMI/DVI/VGA. Interface PCIe 4.0 x16, memoria GDDR6X. Saidas: 2x HDMI, DisplayPort. Ideal para workstations e games.",165.34,283.99,1,20,Placas de Vídeo,Hardware,1,Ingram Micro Brasil Ltda.,19.305.678/0001-00,Barueri,SP,5,Loja BH Centro,Física,15,2026-04-13,118.65,41.78,MID,242
3,256660,Placa de Vídeo 2GB GT730 Keepdata DDR3 128Bits HDMI/DVI/VGA,"Placa de Vídeo 2GB GT730 Keepdata DDR3 128Bits HDMI/DVI/VGA. Interface PCIe 4.0 x16, memoria GDDR6X. Saidas: 2x HDMI, DisplayPort. Ideal para workstations e games.",165.34,283.99,1,20,Placas de Vídeo,Hardware,1,Ingram Micro Brasil Ltda.,19.305.678/0001-00,Barueri,SP,4,Loja Campinas,Física,62,2026-04-13,118.65,41.78,MID,242
3,256660,Placa de Vídeo 2GB GT730 Keepdata DDR3 128Bits HDMI/DVI/VGA,"Placa de Vídeo 2GB GT730 Keepdata DDR3 128Bits HDMI/DVI/VGA. Interface PCIe 4.0 x16, memoria GDDR6X. Saidas: 2x HDMI, DisplayPort. Ideal para workstations e games.",165.34,283.99,1,20,Placas de Vídeo,Hardware,1,Ingram Micro Brasil Ltda.,19.305.678/0001-00,Barueri,SP,2,Loja Paulista,Física,19,2026-04-13,118.65,41.78,MID,242
3,256660,Placa de Vídeo 2GB GT730 Keepdata DDR3 128Bits HDMI/DVI/VGA,"Placa de Vídeo 2GB GT730 Keepdata DDR3 128Bits HDMI/DVI/VGA. Interface PCIe 4.0 x16, memoria GDDR6X. Saidas: 2x HDMI, DisplayPort. Ideal para workstations e games.",165.34,283.99,1,20,Placas de Vídeo,Hardware,1,Ingram Micro Brasil Ltda.,19.305.678/0001-00,Barueri,SP,3,Loja Santo André,Física,58,2026-04-13,118.65,41.78,MID,242
4,254599,Placa de Vídeo 2GB GT740 DDR5 128Bits HDMI/VGA/DVI,"Placa de Vídeo 2GB GT740 DDR5 128Bits HDMI/VGA/DVI. Interface PCIe 4.0 x8, memoria GDDR5. Saidas: HDMI 2.1, 3x DisplayPort. Ideal para games e criacao de conteudo.",173.8,330.99,1,20,Placas de Vídeo,Hardware,7,Logitech do Brasil Ltda.,21.865.937/0001-08,São Paulo,SP,1,CD Osasco,Online,13,2026-04-13,157.19,47.49,HIGH,125
4,254599,Placa de Vídeo 2GB GT740 DDR5 128Bits HDMI/VGA/DVI,"Placa de Vídeo 2GB GT740 DDR5 128Bits HDMI/VGA/DVI. Interface PCIe 4.0 x8, memoria GDDR5. Saidas: HDMI 2.1, 3x DisplayPort. Ideal para games e criacao de conteudo.",173.8,330.99,1,20,Placas de Vídeo,Hardware,7,Logitech do Brasil Ltda.,21.865.937/0001-08,São Paulo,SP,6,Escritório Central,Online,32,2026-04-13,157.19,47.49,HIGH,125
4,254599,Placa de Vídeo 2GB GT740 DDR5 128Bits HDMI/VGA/DVI,"Placa de Vídeo 2GB GT740 DDR5 128Bits HDMI/VGA/DVI. Interface PCIe 4.0 x8, memoria GDDR5. Saidas: HDMI 2.1, 3x DisplayPort. Ideal para games e criacao de conteudo.",173.8,330.99,1,20,Placas de Vídeo,Hardware,7,Logitech do Brasil Ltda.,21.865.937/0001-08,São Paulo,SP,5,Loja BH Centro,Física,27,2026-04-13,157.19,47.49,HIGH,125
4,254599,Placa de Vídeo 2GB GT740 DDR5 128Bits HDMI/VGA/DVI,"Placa de Vídeo 2GB GT740 DDR5 128Bits HDMI/VGA/DVI. Interface PCIe 4.0 x8, memoria GDDR5. Saidas: HDMI 2.1, 3x DisplayPort. Ideal para games e criacao de conteudo.",173.8,330.99,1,20,Placas de Vídeo,Hardware,7,Logitech do Brasil Ltda.,21.865.937/0001-08,São Paulo,SP,4,Loja Campinas,Física,27,2026-04-13,157.19,47.49,HIGH,125
4,254599,Placa de Vídeo 2GB GT740 DDR5 128Bits HDMI/VGA/DVI,"Placa de Vídeo 2GB GT740 DDR5 128Bits HDMI/VGA/DVI. Interface PCIe 4.0 x8, memoria GDDR5. Saidas: HDMI 2.1, 3x DisplayPort. Ideal para games e criacao de conteudo.",173.8,330.99,1,20,Placas de Vídeo,Hardware,7,Logitech do Brasil Ltda.,21.865.937/0001-08,São Paulo,SP,2,Loja Paulista,Física,12,2026-04-13,157.19,47.49,HIGH,125
4,254599,Placa de Vídeo 2GB GT740 DDR5 128Bits HDMI/VGA/DVI,"Placa de Vídeo 2GB GT740 DDR5 128Bits HDMI/VGA/DVI. Interface PCIe 4.0 x8, memoria GDDR5. Saidas: HDMI 2.1, 3x DisplayPort. Ideal para games e criacao de conteudo.",173.8,330.99,1,20,Placas de Vídeo,Hardware,7,Logitech do Brasil Ltda.,21.865.937/0001-08,São Paulo,SP,3,Loja Santo André,Física,14,2026-04-13,157.19,47.49,HIGH,125
5,256662,Placa de Vídeo 2GB GT740 Keepdata DDR5 128Bits,"Placa de Vídeo 2GB GT740 Keepdata DDR5 128Bits. Interface PCIe 3.0 x16, memoria GDDR6. Saidas: 2x HDMI, DisplayPort. Ideal para renderizacao e IA.",215.79,318.99,1,20,Placas de Vídeo,Hardware,1,Ingram Micro Brasil Ltda.,19.305.678/0001-00,Barueri,SP,1,CD Osasco,Online,24,2026-04-13,103.2,32.35,HIGH,131
5,256662,Placa de Vídeo 2GB GT740 Keepdata DDR5 128Bits,"Placa de Vídeo 2GB GT740 Keepdata DDR5 128Bits. Interface PCIe 3.0 x16, memoria GDDR6. Saidas: 2x HDMI, DisplayPort. Ideal para renderizacao e IA.",215.79,318.99,1,20,Placas de Vídeo,Hardware,1,Ingram Micro Brasil Ltda.,19.305.678/0001-00,Barueri,SP,6,Escritório Central,Online,10,2026-04-13,103.2,32.35,HIGH,131
5,256662,Placa de Vídeo 2GB GT740 Keepdata DDR5 128Bits,"Placa de Vídeo 2GB GT740 Keepdata DDR5 128Bits. Interface PCIe 3.0 x16, memoria GDDR6. Saidas: 2x HDMI, DisplayPort. Ideal para renderizacao e IA.",215.79,318.99,1,20,Placas de Vídeo,Hardware,1,Ingram Micro Brasil Ltda.,19.305.678/0001-00,Barueri,SP,5,Loja BH Centro,Física,32,2026-04-13,103.2,32.35,HIGH,131
5,256662,Placa de Vídeo 2GB GT740 Keepdata DDR5 128Bits,"Placa de Vídeo 2GB GT740 Keepdata DDR5 128Bits. Interface PCIe 3.0 x16, memoria GDDR6. Saidas: 2x HDMI, DisplayPort. Ideal para renderizacao e IA.",215.79,318.99,1,20,Placas de Vídeo,Hardware,1,Ingram Micro Brasil Ltda.,19.305.678/0001-00,Barueri,SP,4,Loja Campinas,Física,30,2026-04-13,103.2,32.35,HIGH,131
5,256662,Placa de Vídeo 2GB GT740 Keepdata DDR5 128Bits,"Placa de Vídeo 2GB GT740 Keepdata DDR5 128Bits. Interface PCIe 3.0 x16, memoria GDDR6. Saidas: 2x HDMI, DisplayPort. Ideal para renderizacao e IA.",215.79,318.99,1,20,Placas de Vídeo,Hardware,1,Ingram Micro Brasil Ltda.,19.305.678/0001-00,Barueri,SP,2,Loja Paulista,Física,7,2026-04-13,103.2,32.35,HIGH,131
5,256662,Placa de Vídeo 2GB GT740 Keepdata DDR5 128Bits,"Placa de Vídeo 2GB GT740 Keepdata DDR5 128Bits. Interface PCIe 3.0 x16, memoria GDDR6. Saidas: 2x HDMI, DisplayPort. Ideal para renderizacao e IA.",215.79,318.99,1,20,Placas de Vídeo,Hardware,1,Ingram Micro Brasil Ltda.,19.305.678/0001-00,Barueri,SP,3,Loja Santo André,Física,28,2026-04-13,103.2,32.35,HIGH,131
27,48001,Placa de Vídeo 32GB RTX5090 Zotac Gaming Solid,"Placa de Vídeo 32GB RTX5090 Zotac Gaming Solid. Interface PCIe 4.0 x8, memoria GDDR6. Saidas: 2x HDMI, DisplayPort. Ideal para workstations e games.",11745.84,21904.99,1,20,Placas de Vídeo,Hardware,11,LG Electronics do Brasil Ltda.,73_425_608_0001_31,São Paulo,SP,1,CD Osasco,Online,4,2026-04-13,10159.15,46.38,ULTRA,24
27,48001,Placa de Vídeo 32GB RTX5090 Zotac Gaming Solid,"Placa de Vídeo 32GB RTX5090 Zotac Gaming Solid. Interface PCIe 4.0 x8, memoria GDDR6. Saidas: 2x HDMI, DisplayPort. Ideal para workstations e games.",11745.84,21904.99,1,20,Placas de Vídeo,Hardware,11,LG Electronics do Brasil Ltda.,73_425_608_0001_31,São Paulo,SP,6,Escritório Central,Online,6,2026-04-13,10159.15,46.38,ULTRA,24
27,48001,Placa de Vídeo 32GB RTX5090 Zotac Gaming Solid,"Placa de Vídeo 32GB RTX5090 Zotac Gaming Solid. Interface PCIe 4.0 x8, memoria GDDR6. Saidas: 2x HDMI, DisplayPort. Ideal para workstations e games.",11745.84,21904.99,1,20,Placas de Vídeo,Hardware,11,LG Electronics do Brasil Ltda.,73_425_608_0001_31,São Paulo,SP,5,Loja BH Centro,Física,6,2026-04-13,10159.15,46.38,ULTRA,24
27,48001,Placa de Vídeo 32GB RTX5090 Zotac Gaming Solid,"Placa de Vídeo 32GB RTX5090 Zotac Gaming Solid. Interface PCIe 4.0 x8, memoria GDDR6. Saidas: 2x HDMI, DisplayPort. Ideal para workstations e games.",11745.84,21904.99,1,20,Placas de Vídeo,Hardware,11,LG Electronics do Brasil Ltda.,73_425_608_0001_31,São Paulo,SP,4,Loja Campinas,Física,1,2026-04-13,10159.15,46.38,ULTRA,24
27,48001,Placa de Vídeo 32GB RTX5090 Zotac Gaming Solid,"Placa de Vídeo 32GB RTX5090 Zotac Gaming Solid. Interface PCIe 4.0 x8, memoria GDDR6. Saidas: 2x HDMI, DisplayPort. Ideal para workstations e games.",11745.84,21904.99,1,20,Placas de Vídeo,Hardware,11,LG Electronics do Brasil Ltda.,73_425_608_0001_31,São Paulo,SP,2,Loja Paulista,Física,1,2026-04-13,10159.15,46.38,ULTRA,24
27,48001,Placa de Vídeo 32GB RTX5090 Zotac Gaming Solid,"Placa de Vídeo 32GB RTX5090 Zotac Gaming Solid. Interface PCIe 4.0 x8, memoria GDDR6. Saidas: 2x HDMI, DisplayPort. Ideal para workstations e games.",11745.84,21904.99,1,20,Placas de Vídeo,Hardware,11,LG Electronics do Brasil Ltda.,73_425_608_0001_31,São Paulo,SP,3,Loja Santo André,Física,6,2026-04-13,10159.15,46.38,ULTRA,24
6,256663,Placa de Vídeo 4GB GTX750 Keepdata DDR5 128Bits,"Placa de Vídeo 4GB GTX750 Keepdata DDR5 128Bits. Interface PCIe 4.0 x8, memoria GDDR5. Saidas: HDMI 2.1, 3x DisplayPort. Ideal para renderizacao e IA.",267.27,399.99,1,20,Placas de Vídeo,Hardware,12,Seagate Technology Brasil Ltda.,96078413000168,São Paulo,SP,1,CD Osasco,Online,7,2026-04-13,132.72,33.18,HIGH,101
6,256663,Placa de Vídeo 4GB GTX750 Keepdata DDR5 128Bits,"Placa de Vídeo 4GB GTX750 Keepdata DDR5 128Bits. Interface PCIe 4.0 x8, memoria GDDR5. Saidas: HDMI 2.1, 3x DisplayPort. Ideal para renderizacao e IA.",267.27,399.99,1,20,Placas de Vídeo,Hardware,12,Seagate Technology Brasil Ltda.,96078413000168,São Paulo,SP,6,Escritório Central,Online,12,2026-04-13,132.72,33.18,HIGH,101
6,256663,Placa de Vídeo 4GB GTX750 Keepdata DDR5 128Bits,"Placa de Vídeo 4GB GTX750 Keepdata DDR5 128Bits. Interface PCIe 4.0 x8, memoria GDDR5. Saidas: HDMI 2.1, 3x DisplayPort. Ideal para renderizacao e IA.",267.27,399.99,1,20,Placas de Vídeo,Hardware,12,Seagate Technology Brasil Ltda.,96078413000168,São Paulo,SP,5,Loja BH Centro,Física,13,2026-04-13,132.72,33.18,HIGH,101
6,256663,Placa de Vídeo 4GB GTX750 Keepdata DDR5 128Bits,"Placa de Vídeo 4GB GTX750 Keepdata DDR5 128Bits. Interface PCIe 4.0 x8, memoria GDDR5. Saidas: HDMI 2.1, 3x DisplayPort. Ideal para renderizacao e IA.",267.27,399.99,1,20,Placas de Vídeo,Hardware,12,Seagate Technology Brasil Ltda.,96078413000168,São Paulo,SP,4,Loja Campinas,Física,16,2026-04-13,132.72,33.18,HIGH,101
6,256663,Placa de Vídeo 4GB GTX750 Keepdata DDR5 128Bits,"Placa de Vídeo 4GB GTX750 Keepdata DDR5 128Bits. Interface PCIe 4.0 x8, memoria GDDR5. Saidas: HDMI 2.1, 3x DisplayPort. Ideal para renderizacao e IA.",267.27,399.99,1,20,Placas de Vídeo,Hardware,12,Seagate Technology Brasil Ltda.,96078413000168,São Paulo,SP,2,Loja Paulista,Física,29,2026-04-13,132.72,33.18,HIGH,101
6,256663,Placa de Vídeo 4GB GTX750 Keepdata DDR5 128Bits,"Placa de Vídeo 4GB GTX750 Keepdata DDR5 128Bits. Interface PCIe 4.0 x8, memoria GDDR5. Saidas: HDMI 2.1, 3x DisplayPort. Ideal para renderizacao e IA.",267.27,399.99,1,20,Placas de Vídeo,Hardware,12,Seagate Technology Brasil Ltda.,96078413000168,São Paulo,SP,3,Loja Santo André,Física,24,2026-04-13,132.72,33.18,HIGH,101
7,258771,Placa de Vídeo 4GB GTX750 Star DDR5 128Bits,"Placa de Vídeo 4GB GTX750 Star DDR5 128Bits. Interface PCIe 3.0 x16, memoria GDDR5. Saidas: 2x HDMI, DisplayPort. Ideal para games e criacao de conteudo.",244.38,378.99,1,20,Placas de Vídeo,Hardware,27,Razer do Brasil Ltda.,28.670.395/0001-59,São Paulo,SP,1,CD Osasco,Online,28,2026-04-13,134.61,35.52,HIGH,124
7,258771,Placa de Vídeo 4GB GTX750 Star DDR5 128Bits,"Placa de Vídeo 4GB GTX750 Star DDR5 128Bits. Interface PCIe 3.0 x16, memoria GDDR5. Saidas: 2x HDMI, DisplayPort. Ideal para games e criacao de conteudo.",244.38,378.99,1,20,Placas de Vídeo,Hardware,27,Razer do Brasil Ltda.,28.670.395/0001-59,São Paulo,SP,6,Escritório Central,Online,20,2026-04-13,134.61,35.52,HIGH,124
7,258771,Placa de Vídeo 4GB GTX750 Star DDR5 128Bits,"Placa de Vídeo 4GB GTX750 Star DDR5 128Bits. Interface PCIe 3.0 x16, memoria GDDR5. Saidas: 2x HDMI, DisplayPort. Ideal para games e criacao de conteudo.",244.38,378.99,1,20,Placas de Vídeo,Hardware,27,Razer do Brasil Ltda.,28.670.395/0001-59,São Paulo,SP,5,Loja BH Centro,Física,26,2026-04-13,134.61,35.52,HIGH,124
7,258771,Placa de Vídeo 4GB GTX750 Star DDR5 128Bits,"Placa de Vídeo 4GB GTX750 Star DDR5 128Bits. Interface PCIe 3.0 x16, memoria GDDR5. Saidas: 2x HDMI, DisplayPort. Ideal para games e criacao de conteudo.",244.38,378.99,1,20,Placas de Vídeo,Hardware,27,Razer do Brasil Ltda.,28.670.395/0001-59,São Paulo,SP,4,Loja Campinas,Física,15,2026-04-13,134.61,35.52,HIGH,124
7,258771,Placa de Vídeo 4GB GTX750 Star DDR5 128Bits,"Placa de Vídeo 4GB GTX750 Star DDR5 128Bits. Interface PCIe 3.0 x16, memoria GDDR5. Saidas: 2x HDMI, DisplayPort. Ideal para games e criacao de conteudo.",244.38,378.99,1,20,Placas de Vídeo,Hardware,27,Razer do Brasil Ltda.,28.670.395/0001-59,São Paulo,SP,2,Loja Paulista,Física,25,2026-04-13,134.61,35.52,HIGH,124
7,258771,Placa de Vídeo 4GB GTX750 Star DDR5 128Bits,"Placa de Vídeo 4GB GTX750 Star DDR5 128Bits. Interface PCIe 3.0 x16, memoria GDDR5. Saidas: 2x HDMI, DisplayPort. Ideal para games e criacao de conteudo.",244.38,378.99,1,20,Placas de Vídeo,Hardware,27,Razer do Brasil Ltda.,28.670.395/0001-59,São Paulo,SP,3,Loja Santo André,Física,10,2026-04-13,134.61,35.52,HIGH,124
8,256664,Placa de Vídeo 4GB GTX750Ti Keepdata DDR5 128Bits,"Placa de Vídeo 4GB GTX750Ti Keepdata DDR5 128Bits. Interface PCIe 3.0 x16, memoria GDDR5. Saidas: 2x HDMI, DisplayPort. Ideal para workstations e games.",277.03,457.99,1,20,Placas de Vídeo,Hardware,39,Biostar Technology Brasil,29.643.051/0001-13,São Paulo,SP,1,CD Osasco,Online,42,2026-04-13,180.96,39.51,HIGH,170
8,256664,Placa de Vídeo 4GB GTX750Ti Keepdata DDR5 128Bits,"Placa de Vídeo 4GB GTX750Ti Keepdata DDR5 128Bits. Interface PCIe 3.0 x16, memoria GDDR5. Saidas: 2x HDMI, DisplayPort. Ideal para workstations e games.",277.03,457.99,1,20,Placas de Vídeo,Hardware,39,Biostar Technology Brasil,29.643.051/0001-13,São Paulo,SP,6,Escritório Central,Online,28,2026-04-13,180.96,39.51,HIGH,170
8,256664,Placa de Vídeo 4GB GTX750Ti Keepdata DDR5 128Bits,"Placa de Vídeo 4GB GTX750Ti Keepdata DDR5 128Bits. Interface PCIe 3.0 x16, memoria GDDR5. Saidas: 2x HDMI, DisplayPort. Ideal para workstations e games.",277.03,457.99,1,20,Placas de Vídeo,Hardware,39,Biostar Technology Brasil,29.643.051/0001-13,São Paulo,SP,5,Loja BH Centro,Física,12,2026-04-13,180.96,39.51,HIGH,170
8,256664,Placa de Vídeo 4GB GTX750Ti Keepdata DDR5 128Bits,"Placa de Vídeo 4GB GTX750Ti Keepdata DDR5 128Bits. Interface PCIe 3.0 x16, memoria GDDR5. Saidas: 2x HDMI, DisplayPort. Ideal para workstations e games.",277.03,457.99,1,20,Placas de Vídeo,Hardware,39,Biostar Technology Brasil,29.643.051/0001-13,São Paulo,SP,4,Loja Campinas,Física,21,2026-04-13,180.96,39.51,HIGH,170
8,256664,Placa de Vídeo 4GB GTX750Ti Keepdata DDR5 128Bits,"Placa de Vídeo 4GB GTX750Ti Keepdata DDR5 128Bits. Interface PCIe 3.0 x16, memoria GDDR5. Saidas: 2x HDMI, DisplayPort. Ideal para workstations e games.",277.03,457.99,1,20,Placas de Vídeo,Hardware,39,Biostar Technology Brasil,29.643.051/0001-13,São Paulo,SP,2,Loja Paulista,Física,19,2026-04-13,180.96,39.51,HIGH,170
8,256664,Placa de Vídeo 4GB GTX750Ti Keepdata DDR5 128Bits,"Placa de Vídeo 4GB GTX750Ti Keepdata DDR5 128Bits. Interface PCIe 3.0 x16, memoria GDDR5. Saidas: 2x HDMI, DisplayPort. Ideal para workstations e games.",277.03,457.99,1,20,Placas de Vídeo,Hardware,39,Biostar Technology Brasil,29.643.051/0001-13,São Paulo,SP,3,Loja Santo André,Física,48,2026-04-13,180.96,39.51,HIGH,170
9,256665,Placa de Vídeo 4GB GTX960 Keepdata DDR5 128Bits,"Placa de Vídeo 4GB GTX960 Keepdata DDR5 128Bits. Interface PCIe 3.0 x16, memoria GDDR5. Saidas: 2x HDMI, DisplayPort. Ideal para workstations e games.",321.87,573.99,1,20,Placas de Vídeo,Hardware,15,Intelbras S.A.,46832950000183,São José,SC,1,CD Osasco,Online,19,2026-04-13,252.12,43.92,HIGH,152
9,256665,Placa de Vídeo 4GB GTX960 Keepdata DDR5 128Bits,"Placa de Vídeo 4GB GTX960 Keepdata DDR5 128Bits. Interface PCIe 3.0 x16, memoria GDDR5. Saidas: 2x HDMI, DisplayPort. Ideal para workstations e games.",321.87,573.99,1,20,Placas de Vídeo,Hardware,15,Intelbras S.A.,46832950000183,São José,SC,6,Escritório Central,Online,37,2026-04-13,252.12,43.92,HIGH,152
9,256665,Placa de Vídeo 4GB GTX960 Keepdata DDR5 128Bits,"Placa de Vídeo 4GB GTX960 Keepdata DDR5 128Bits. Interface PCIe 3.0 x16, memoria GDDR5. Saidas: 2x HDMI, DisplayPort. Ideal para workstations e games.",321.87,573.99,1,20,Placas de Vídeo,Hardware,15,Intelbras S.A.,46832950000183,São José,SC,5,Loja BH Centro,Física,19,2026-04-13,252.12,43.92,HIGH,152
9,256665,Placa de Vídeo 4GB GTX960 Keepdata DDR5 128Bits,"Placa de Vídeo 4GB GTX960 Keepdata DDR5 128Bits. Interface PCIe 3.0 x16, memoria GDDR5. Saidas: 2x HDMI, DisplayPort. Ideal para workstations e games.",321.87,573.99,1,20,Placas de Vídeo,Hardware,15,Intelbras S.A.,46832950000183,São José,SC,4,Loja Campinas,Física,15,2026-04-13,252.12,43.92,HIGH,152
9,256665,Placa de Vídeo 4GB GTX960 Keepdata DDR5 128Bits,"Placa de Vídeo 4GB GTX960 Keepdata DDR5 128Bits. Interface PCIe 3.0 x16, memoria GDDR5. Saidas: 2x HDMI, DisplayPort. Ideal para workstations e games.",321.87,573.99,1,20,Placas de Vídeo,Hardware,15,Intelbras S.A.,46832950000183,São José,SC,2,Loja Paulista,Física,46,2026-04-13,252.12,43.92,HIGH,152
9,256665,Placa de Vídeo 4GB GTX960 Keepdata DDR5 128Bits,"Placa de Vídeo 4GB GTX960 Keepdata DDR5 128Bits. Interface PCIe 3.0 x16, memoria GDDR5. Saidas: 2x HDMI, DisplayPort. Ideal para workstations e games.",321.87,573.99,1,20,Placas de Vídeo,Hardware,15,Intelbras S.A.,46832950000183,São José,SC,3,Loja Santo André,Física,16,2026-04-13,252.12,43.92,HIGH,152
1,258109,Placa de Vídeo 4GB RX550 Star DDR5 AMD,"Placa de Vídeo 4GB RX550 Star DDR5 AMD. Interface PCIe 3.0 x16, memoria GDDR6X. Saidas: HDMI 2.1, 3x DisplayPort. Ideal para renderizacao e IA.",49.55,84.99,1,20,Placas de Vídeo,Hardware,3,Intcomex do Brasil Ltda.,06_429_718_0001_84,São Paulo,SP,1,CD Osasco,Online,70,2026-04-13,35.44,41.7,MID,405
1,258109,Placa de Vídeo 4GB RX550 Star DDR5 AMD,"Placa de Vídeo 4GB RX550 Star DDR5 AMD. Interface PCIe 3.0 x16, memoria GDDR6X. Saidas: HDMI 2.1, 3x DisplayPort. Ideal para renderizacao e IA.",49.55,84.99,1,20,Placas de Vídeo,Hardware,3,Intcomex do Brasil Ltda.,06_429_718_0001_84,São Paulo,SP,6,Escritório Central,Online,60,2026-04-13,35.44,41.7,MID,405
1,258109,Placa de Vídeo 4GB RX550 Star DDR5 AMD,"Placa de Vídeo 4GB RX550 Star DDR5 AMD. Interface PCIe 3.0 x16, memoria GDDR6X. Saidas: HDMI 2.1, 3x DisplayPort. Ideal para renderizacao e IA.",49.55,84.99,1,20,Placas de Vídeo,Hardware,3,Intcomex do Brasil Ltda.,06_429_718_0001_84,São Paulo,SP,5,Loja BH Centro,Física,64,2026-04-13,35.44,41.7,MID,405
1,258109,Placa de Vídeo 4GB RX550 Star DDR5 AMD,"Placa de Vídeo 4GB RX550 Star DDR5 AMD. Interface PCIe 3.0 x16, memoria GDDR6X. Saidas: HDMI 2.1, 3x DisplayPort. Ideal para renderizacao e IA.",49.55,84.99,1,20,Placas de Vídeo,Hardware,3,Intcomex do Brasil Ltda.,06_429_718_0001_84,São Paulo,SP,4,Loja Campinas,Física,75,2026-04-13,35.44,41.7,MID,405
1,258109,Placa de Vídeo 4GB RX550 Star DDR5 AMD,"Placa de Vídeo 4GB RX550 Star DDR5 AMD. Interface PCIe 3.0 x16, memoria GDDR6X. Saidas: HDMI 2.1, 3x DisplayPort. Ideal para renderizacao e IA.",49.55,84.99,1,20,Placas de Vídeo,Hardware,3,Intcomex do Brasil Ltda.,06_429_718_0001_84,São Paulo,SP,2,Loja Paulista,Física,76,2026-04-13,35.44,41.7,MID,405
1,258109,Placa de Vídeo 4GB RX550 Star DDR5 AMD,"Placa de Vídeo 4GB RX550 Star DDR5 AMD. Interface PCIe 3.0 x16, memoria GDDR6X. Saidas: HDMI 2.1, 3x DisplayPort. Ideal para renderizacao e IA.",49.55,84.99,1,20,Placas de Vídeo,Hardware,3,Intcomex do Brasil Ltda.,06_429_718_0001_84,São Paulo,SP,3,Loja Santo André,Física,60,2026-04-13,35.44,41.7,MID,405
15,57370,Placa de Vídeo 6GB RTX3050 Asus Dual OC,"Placa de Vídeo 6GB RTX3050 Asus Dual OC. Interface PCIe 4.0 x16, memoria GDDR5. Saidas: HDMI 2.1, 3x DisplayPort. Ideal para workstations e games.",777.62,1368.99,1,20,Placas de Vídeo,Hardware,29,Crucial / Micron Brasil,87_265_419_0001_53,São Paulo,SP,1,CD Osasco,Online,3,2026-04-13,591.37,43.2,ULTRA,11
15,57370,Placa de Vídeo 6GB RTX3050 Asus Dual OC,"Placa de Vídeo 6GB RTX3050 Asus Dual OC. Interface PCIe 4.0 x16, memoria GDDR5. Saidas: HDMI 2.1, 3x DisplayPort. Ideal para workstations e games.",777.62,1368.99,1,20,Placas de Vídeo,Hardware,29,Crucial / Micron Brasil,87_265_419_0001_53,São Paulo,SP,6,Escritório Central,Online,2,2026-04-13,591.37,43.2,ULTRA,11
15,57370,Placa de Vídeo 6GB RTX3050 Asus Dual OC,"Placa de Vídeo 6GB RTX3050 Asus Dual OC. Interface PCIe 4.0 x16, memoria GDDR5. Saidas: HDMI 2.1, 3x DisplayPort. Ideal para workstations e games.",777.62,1368.99,1,20,Placas de Vídeo,Hardware,29,Crucial / Micron Brasil,87_265_419_0001_53,São Paulo,SP,5,Loja BH Centro,Física,1,2026-04-13,591.37,43.2,ULTRA,11
15,57370,Placa de Vídeo 6GB RTX3050 Asus Dual OC,"Placa de Vídeo 6GB RTX3050 Asus Dual OC. Interface PCIe 4.0 x16, memoria GDDR5. Saidas: HDMI 2.1, 3x DisplayPort. Ideal para workstations e games.",777.62,1368.99,1,20,Placas de Vídeo,Hardware,29,Crucial / Micron Brasil,87_265_419_0001_53,São Paulo,SP,4,Loja Campinas,Física,1,2026-04-13,591.37,43.2,ULTRA,11
15,57370,Placa de Vídeo 6GB RTX3050 Asus Dual OC,"Placa de Vídeo 6GB RTX3050 Asus Dual OC. Interface PCIe 4.0 x16, memoria GDDR5. Saidas: HDMI 2.1, 3x DisplayPort. Ideal para workstations e games.",777.62,1368.99,1,20,Placas de Vídeo,Hardware,29,Crucial / Micron Brasil,87_265_419_0001_53,São Paulo,SP,2,Loja Paulista,Física,1,2026-04-13,591.37,43.2,ULTRA,11
15,57370,Placa de Vídeo 6GB RTX3050 Asus Dual OC,"Placa de Vídeo 6GB RTX3050 Asus Dual OC. Interface PCIe 4.0 x16, memoria GDDR5. Saidas: HDMI 2.1, 3x DisplayPort. Ideal para workstations e games.",777.62,1368.99,1,20,Placas de Vídeo,Hardware,29,Crucial / Micron Brasil,87_265_419_0001_53,São Paulo,SP,3,Loja Santo André,Física,3,2026-04-13,591.37,43.2,ULTRA,11
16,86697,Placa de Vídeo 8GB RTX2060 Biostar Super Extreme Gaming,"Placa de Vídeo 8GB RTX2060 Biostar Super Extreme Gaming. Interface PCIe 4.0 x8, memoria GDDR5. Saidas: HDMI 2.1, 3x DisplayPort. Ideal para workstations e games.",1047.7,1611.99,1,20,Placas de Vídeo,Hardware,33,XFX Brasil Comércio,63.981.452/0001-11,São Paulo,SP,1,CD Osasco,Online,6,2026-04-13,564.29,35.01,ULTRA,26
16,86697,Placa de Vídeo 8GB RTX2060 Biostar Super Extreme Gaming,"Placa de Vídeo 8GB RTX2060 Biostar Super Extreme Gaming. Interface PCIe 4.0 x8, memoria GDDR5. Saidas: HDMI 2.1, 3x DisplayPort. Ideal para workstations e games.",1047.7,1611.99,1,20,Placas de Vídeo,Hardware,33,XFX Brasil Comércio,63.981.452/0001-11,São Paulo,SP,6,Escritório Central,Online,5,2026-04-13,564.29,35.01,ULTRA,26
16,86697,Placa de Vídeo 8GB RTX2060 Biostar Super Extreme Gaming,"Placa de Vídeo 8GB RTX2060 Biostar Super Extreme Gaming. Interface PCIe 4.0 x8, memoria GDDR5. Saidas: HDMI 2.1, 3x DisplayPort. Ideal para workstations e games.",1047.7,1611.99,1,20,Placas de Vídeo,Hardware,33,XFX Brasil Comércio,63.981.452/0001-11,São Paulo,SP,5,Loja BH Centro,Física,6,2026-04-13,564.29,35.01,ULTRA,26
16,86697,Placa de Vídeo 8GB RTX2060 Biostar Super Extreme Gaming,"Placa de Vídeo 8GB RTX2060 Biostar Super Extreme Gaming. Interface PCIe 4.0 x8, memoria GDDR5. Saidas: HDMI 2.1, 3x DisplayPort. Ideal para workstations e games.",1047.7,1611.99,1,20,Placas de Vídeo,Hardware,33,XFX Brasil Comércio,63.981.452/0001-11,São Paulo,SP,4,Loja Campinas,Física,3,2026-04-13,564.29,35.01,ULTRA,26
16,86697,Placa de Vídeo 8GB RTX2060 Biostar Super Extreme Gaming,"Placa de Vídeo 8GB RTX2060 Biostar Super Extreme Gaming. Interface PCIe 4.0 x8, memoria GDDR5. Saidas: HDMI 2.1, 3x DisplayPort. Ideal para workstations e games.",1047.7,1611.99,1,20,Placas de Vídeo,Hardware,33,XFX Brasil Comércio,63.981.452/0001-11,São Paulo,SP,2,Loja Paulista,Física,2,2026-04-13,564.29,35.01,ULTRA,26
16,86697,Placa de Vídeo 8GB RTX2060 Biostar Super Extreme Gaming,"Placa de Vídeo 8GB RTX2060 Biostar Super Extreme Gaming. Interface PCIe 4.0 x8, memoria GDDR5. Saidas: HDMI 2.1, 3x DisplayPort. Ideal para workstations e games.",1047.7,1611.99,1,20,Placas de Vídeo,Hardware,33,XFX Brasil Comércio,63.981.452/0001-11,São Paulo,SP,3,Loja Santo André,Física,4,2026-04-13,564.29,35.01,ULTRA,26
17,84090,Placa de Vídeo 8GB RTX3060Ti Biostar Extreme Gaming,"Placa de Vídeo 8GB RTX3060Ti Biostar Extreme Gaming. Interface PCIe 4.0 x8, memoria GDDR5X. Saidas: HDMI 2.1, 2x DisplayPort. Ideal para workstations e games.",1324.27,2153.99,1,20,Placas de Vídeo,Hardware,18,Lenovo Tecnologia (Brasil) Ltda.,09826541000148,Indaiatuba,SP,1,CD Osasco,Online,5,2026-04-13,829.72,38.52,ULTRA,23
17,84090,Placa de Vídeo 8GB RTX3060Ti Biostar Extreme Gaming,"Placa de Vídeo 8GB RTX3060Ti Biostar Extreme Gaming. Interface PCIe 4.0 x8, memoria GDDR5X. Saidas: HDMI 2.1, 2x DisplayPort. Ideal para workstations e games.",1324.27,2153.99,1,20,Placas de Vídeo,Hardware,18,Lenovo Tecnologia (Brasil) Ltda.,09826541000148,Indaiatuba,SP,6,Escritório Central,Online,2,2026-04-13,829.72,38.52,ULTRA,23
17,84090,Placa de Vídeo 8GB RTX3060Ti Biostar Extreme Gaming,"Placa de Vídeo 8GB RTX3060Ti Biostar Extreme Gaming. Interface PCIe 4.0 x8, memoria GDDR5X. Saidas: HDMI 2.1, 2x DisplayPort. Ideal para workstations e games.",1324.27,2153.99,1,20,Placas de Vídeo,Hardware,18,Lenovo Tecnologia (Brasil) Ltda.,09826541000148,Indaiatuba,SP,5,Loja BH Centro,Física,3,2026-04-13,829.72,38.52,ULTRA,23
17,84090,Placa de Vídeo 8GB RTX3060Ti Biostar Extreme Gaming,"Placa de Vídeo 8GB RTX3060Ti Biostar Extreme Gaming. Interface PCIe 4.0 x8, memoria GDDR5X. Saidas: HDMI 2.1, 2x DisplayPort. Ideal para workstations e games.",1324.27,2153.99,1,20,Placas de Vídeo,Hardware,18,Lenovo Tecnologia (Brasil) Ltda.,09826541000148,Indaiatuba,SP,4,Loja Campinas,Física,4,2026-04-13,829.72,38.52,ULTRA,23
17,84090,Placa de Vídeo 8GB RTX3060Ti Biostar Extreme Gaming,"Placa de Vídeo 8GB RTX3060Ti Biostar Extreme Gaming. Interface PCIe 4.0 x8, memoria GDDR5X. Saidas: HDMI 2.1, 2x DisplayPort. Ideal para workstations e games.",1324.27,2153.99,1,20,Placas de Vídeo,Hardware,18,Lenovo Tecnologia (Brasil) Ltda.,09826541000148,Indaiatuba,SP,2,Loja Paulista,Física,5,2026-04-13,829.72,38.52,ULTRA,23
17,84090,Placa de Vídeo 8GB RTX3060Ti Biostar Extreme Gaming,"Placa de Vídeo 8GB RTX3060Ti Biostar Extreme Gaming. Interface PCIe 4.0 x8, memoria GDDR5X. Saidas: HDMI 2.1, 2x DisplayPort. Ideal para workstations e games.",1324.27,2153.99,1,20,Placas de Vídeo,Hardware,18,Lenovo Tecnologia (Brasil) Ltda.,09826541000148,Indaiatuba,SP,3,Loja Santo André,Física,4,2026-04-13,829.72,38.52,ULTRA,23
18,67382,Placa de Vídeo 8GB RTX5050 Galax 1-Click OC Black,"Placa de Vídeo 8GB RTX5050 Galax 1-Click OC Black. Interface PCIe 4.0 x8, memoria GDDR5X. Saidas: HDMI 2.1, 3x DisplayPort. Ideal para workstations e games.",998.5,1729.99,1,20,Placas de Vídeo,Hardware,31,Palit Microsystems Brasil,46.327.089/0001-04,São Paulo,SP,1,CD Osasco,Online,1,2026-04-13,731.49,42.28,ULTRA,36
18,67382,Placa de Vídeo 8GB RTX5050 Galax 1-Click OC Black,"Placa de Vídeo 8GB RTX5050 Galax 1-Click OC Black. Interface PCIe 4.0 x8, memoria GDDR5X. Saidas: HDMI 2.1, 3x DisplayPort. Ideal para workstations e games.",998.5,1729.99,1,20,Placas de Vídeo,Hardware,31,Palit Microsystems Brasil,46.327.089/0001-04,São Paulo,SP,6,Escritório Central,Online,9,2026-04-13,731.49,42.28,ULTRA,36
18,67382,Placa de Vídeo 8GB RTX5050 Galax 1-Click OC Black,"Placa de Vídeo 8GB RTX5050 Galax 1-Click OC Black. Interface PCIe 4.0 x8, memoria GDDR5X. Saidas: HDMI 2.1, 3x DisplayPort. Ideal para workstations e games.",998.5,1729.99,1,20,Placas de Vídeo,Hardware,31,Palit Microsystems Brasil,46.327.089/0001-04,São Paulo,SP,5,Loja BH Centro,Física,7,2026-04-13,731.49,42.28,ULTRA,36
18,67382,Placa de Vídeo 8GB RTX5050 Galax 1-Click OC Black,"Placa de Vídeo 8GB RTX5050 Galax 1-Click OC Black. Interface PCIe 4.0 x8, memoria GDDR5X. Saidas: HDMI 2.1, 3x DisplayPort. Ideal para workstations e games.",998.5,1729.99,1,20,Placas de Vídeo,Hardware,31,Palit Microsystems Brasil,46.327.089/0001-04,São Paulo,SP,4,Loja Campinas,Física,6,2026-04-13,731.49,42.28,ULTRA,36
18,67382,Placa de Vídeo 8GB RTX5050 Galax 1-Click OC Black,"Placa de Vídeo 8GB RTX5050 Galax 1-Click OC Black. Interface PCIe 4.0 x8, memoria GDDR5X. Saidas: HDMI 2.1, 3x DisplayPort. Ideal para workstations e games.",998.5,1729.99,1,20,Placas de Vídeo,Hardware,31,Palit Microsystems Brasil,46.327.089/0001-04,São Paulo,SP,2,Loja Paulista,Física,6,2026-04-13,731.49,42.28,ULTRA,36
18,67382,Placa de Vídeo 8GB RTX5050 Galax 1-Click OC Black,"Placa de Vídeo 8GB RTX5050 Galax 1-Click OC Black. Interface PCIe 4.0 x8, memoria GDDR5X. Saidas: HDMI 2.1, 3x DisplayPort. Ideal para workstations e games.",998.5,1729.99,1,20,Placas de Vídeo,Hardware,31,Palit Microsystems Brasil,46.327.089/0001-04,São Paulo,SP,3,Loja Santo André,Física,7,2026-04-13,731.49,42.28,ULTRA,36
19,82794,Placa de Vídeo 8GB RTX5050 MSI Shadow 2X OC,"Placa de Vídeo 8GB RTX5050 MSI Shadow 2X OC. Interface PCIe 4.0 x16, memoria GDDR5X. Saidas: HDMI 2.1, 2x DisplayPort. Ideal para workstations e games.",1134.41,1734.99,1,20,Placas de Vídeo,Hardware,30,Zotac Technology Brasil,52_479_081_0001_58,São Paulo,SP,1,CD Osasco,Online,4,2026-04-13,600.58,34.62,ULTRA,31
19,82794,Placa de Vídeo 8GB RTX5050 MSI Shadow 2X OC,"Placa de Vídeo 8GB RTX5050 MSI Shadow 2X OC. Interface PCIe 4.0 x16, memoria GDDR5X. Saidas: HDMI 2.1, 2x DisplayPort. Ideal para workstations e games.",1134.41,1734.99,1,20,Placas de Vídeo,Hardware,30,Zotac Technology Brasil,52_479_081_0001_58,São Paulo,SP,6,Escritório Central,Online,4,2026-04-13,600.58,34.62,ULTRA,31
19,82794,Placa de Vídeo 8GB RTX5050 MSI Shadow 2X OC,"Placa de Vídeo 8GB RTX5050 MSI Shadow 2X OC. Interface PCIe 4.0 x16, memoria GDDR5X. Saidas: HDMI 2.1, 2x DisplayPort. Ideal para workstations e games.",1134.41,1734.99,1,20,Placas de Vídeo,Hardware,30,Zotac Technology Brasil,52_479_081_0001_58,São Paulo,SP,5,Loja BH Centro,Física,3,2026-04-13,600.58,34.62,ULTRA,31
19,82794,Placa de Vídeo 8GB RTX5050 MSI Shadow 2X OC,"Placa de Vídeo 8GB RTX5050 MSI Shadow 2X OC. Interface PCIe 4.0 x16, memoria GDDR5X. Saidas: HDMI 2.1, 2x DisplayPort. Ideal para workstations e games.",1134.41,1734.99,1,20,Placas de Vídeo,Hardware,30,Zotac Technology Brasil,52_479_081_0001_58,São Paulo,SP,4,Loja Campinas,Física,7,2026-04-13,600.58,34.62,ULTRA,31
19,82794,Placa de Vídeo 8GB RTX5050 MSI Shadow 2X OC,"Placa de Vídeo 8GB RTX5050 MSI Shadow 2X OC. Interface PCIe 4.0 x16, memoria GDDR5X. Saidas: HDMI 2.1, 2x DisplayPort. Ideal para workstations e games.",1134.41,1734.99,1,20,Placas de Vídeo,Hardware,30,Zotac Technology Brasil,52_479_081_0001_58,São Paulo,SP,2,Loja Paulista,Física,9,2026-04-13,600.58,34.62,ULTRA,31
19,82794,Placa de Vídeo 8GB RTX5050 MSI Shadow 2X OC,"Placa de Vídeo 8GB RTX5050 MSI Shadow 2X OC. Interface PCIe 4.0 x16, memoria GDDR5X. Saidas: HDMI 2.1, 2x DisplayPort. Ideal para workstations e games.",1134.41,1734.99,1,20,Placas de Vídeo,Hardware,30,Zotac Technology Brasil,52_479_081_0001_58,São Paulo,SP,3,Loja Santo André,Física,4,2026-04-13,600.58,34.62,ULTRA,31
20,67417,Placa de Vídeo 8GB RTX5060 MSI Cyclone OC,"Placa de Vídeo 8GB RTX5060 MSI Cyclone OC. Interface PCIe 3.0 x16, memoria GDDR5. Saidas: 2x HDMI, DisplayPort. Ideal para renderizacao e IA.",1357.43,2358.99,1,20,Placas de Vídeo,Hardware,23,APC by Schneider Electric Brasil,84952076000107,São Paulo,SP,1,CD Osasco,Online,6,2026-04-13,1001.56,42.46,ULTRA,23
20,67417,Placa de Vídeo 8GB RTX5060 MSI Cyclone OC,"Placa de Vídeo 8GB RTX5060 MSI Cyclone OC. Interface PCIe 3.0 x16, memoria GDDR5. Saidas: 2x HDMI, DisplayPort. Ideal para renderizacao e IA.",1357.43,2358.99,1,20,Placas de Vídeo,Hardware,23,APC by Schneider Electric Brasil,84952076000107,São Paulo,SP,6,Escritório Central,Online,4,2026-04-13,1001.56,42.46,ULTRA,23
20,67417,Placa de Vídeo 8GB RTX5060 MSI Cyclone OC,"Placa de Vídeo 8GB RTX5060 MSI Cyclone OC. Interface PCIe 3.0 x16, memoria GDDR5. Saidas: 2x HDMI, DisplayPort. Ideal para renderizacao e IA.",1357.43,2358.99,1,20,Placas de Vídeo,Hardware,23,APC by Schneider Electric Brasil,84952076000107,São Paulo,SP,5,Loja BH Centro,Física,1,2026-04-13,1001.56,42.46,ULTRA,23
20,67417,Placa de Vídeo 8GB RTX5060 MSI Cyclone OC,"Placa de Vídeo 8GB RTX5060 MSI Cyclone OC. Interface PCIe 3.0 x16, memoria GDDR5. Saidas: 2x HDMI, DisplayPort. Ideal para renderizacao e IA.",1357.43,2358.99,1,20,Placas de Vídeo,Hardware,23,APC by Schneider Electric Brasil,84952076000107,São Paulo,SP,4,Loja Campinas,Física,5,2026-04-13,1001.56,42.46,ULTRA,23
20,67417,Placa de Vídeo 8GB RTX5060 MSI Cyclone OC,"Placa de Vídeo 8GB RTX5060 MSI Cyclone OC. Interface PCIe 3.0 x16, memoria GDDR5. Saidas: 2x HDMI, DisplayPort. Ideal para renderizacao e IA.",1357.43,2358.99,1,20,Placas de Vídeo,Hardware,23,APC by Schneider Electric Brasil,84952076000107,São Paulo,SP,2,Loja Paulista,Física,5,2026-04-13,1001.56,42.46,ULTRA,23
20,67417,Placa de Vídeo 8GB RTX5060 MSI Cyclone OC,"Placa de Vídeo 8GB RTX5060 MSI Cyclone OC. Interface PCIe 3.0 x16, memoria GDDR5. Saidas: 2x HDMI, DisplayPort. Ideal para renderizacao e IA.",1357.43,2358.99,1,20,Placas de Vídeo,Hardware,23,APC by Schneider Electric Brasil,84952076000107,São Paulo,SP,3,Loja Santo André,Física,2,2026-04-13,1001.56,42.46,ULTRA,23
21,81940,Placa de Vídeo 8GB RTX5060 Palit Dual OC,"Placa de Vídeo 8GB RTX5060 Palit Dual OC. Interface PCIe 3.0 x16, memoria GDDR6. Saidas: HDMI 2.1, 2x DisplayPort. Ideal para renderizacao e IA.",1303.33,2316.99,1,20,Placas de Vídeo,Hardware,10,Samsung Eletrônica da Amazônia Ltda.,45_398_617_0001_45,Manaus,AM,1,CD Osasco,Online,9,2026-04-13,1013.66,43.75,ULTRA,35
21,81940,Placa de Vídeo 8GB RTX5060 Palit Dual OC,"Placa de Vídeo 8GB RTX5060 Palit Dual OC. Interface PCIe 3.0 x16, memoria GDDR6. Saidas: HDMI 2.1, 2x DisplayPort. Ideal para renderizacao e IA.",1303.33,2316.99,1,20,Placas de Vídeo,Hardware,10,Samsung Eletrônica da Amazônia Ltda.,45_398_617_0001_45,Manaus,AM,6,Escritório Central,Online,6,2026-04-13,1013.66,43.75,ULTRA,35
21,81940,Placa de Vídeo 8GB RTX5060 Palit Dual OC,"Placa de Vídeo 8GB RTX5060 Palit Dual OC. Interface PCIe 3.0 x16, memoria GDDR6. Saidas: HDMI 2.1, 2x DisplayPort. Ideal para renderizacao e IA.",1303.33,2316.99,1,20,Placas de Vídeo,Hardware,10,Samsung Eletrônica da Amazônia Ltda.,45_398_617_0001_45,Manaus,AM,5,Loja BH Centro,Física,6,2026-04-13,1013.66,43.75,ULTRA,35
21,81940,Placa de Vídeo 8GB RTX5060 Palit Dual OC,"Placa de Vídeo 8GB RTX5060 Palit Dual OC. Interface PCIe 3.0 x16, memoria GDDR6. Saidas: HDMI 2.1, 2x DisplayPort. Ideal para renderizacao e IA.",1303.33,2316.99,1,20,Placas de Vídeo,Hardware,10,Samsung Eletrônica da Amazônia Ltda.,45_398_617_0001_45,Manaus,AM,4,Loja Campinas,Física,3,2026-04-13,1013.66,43.75,ULTRA,35
21,81940,Placa de Vídeo 8GB RTX5060 Palit Dual OC,"Placa de Vídeo 8GB RTX5060 Palit Dual OC. Interface PCIe 3.0 x16, memoria GDDR6. Saidas: HDMI 2.1, 2x DisplayPort. Ideal para renderizacao e IA.",1303.33,2316.99,1,20,Placas de Vídeo,Hardware,10,Samsung Eletrônica da Amazônia Ltda.,45_398_617_0001_45,Manaus,AM,2,Loja Paulista,Física,7,2026-04-13,1013.66,43.75,ULTRA,35
21,81940,Placa de Vídeo 8GB RTX5060 Palit Dual OC,"Placa de Vídeo 8GB RTX5060 Palit Dual OC. Interface PCIe 3.0 x16, memoria GDDR6. Saidas: HDMI 2.1, 2x DisplayPort. Ideal para renderizacao e IA.",1303.33,2316.99,1,20,Placas de Vídeo,Hardware,10,Samsung Eletrônica da Amazônia Ltda.,45_398_617_0001_45,Manaus,AM,3,Loja Santo André,Física,4,2026-04-13,1013.66,43.75,ULTRA,35
23,67461,Placa de Vídeo 8GB RTX5060Ti Galax 1-Click OC Classic,"Placa de Vídeo 8GB RTX5060Ti Galax 1-Click OC Classic. Interface PCIe 4.0 x8, memoria GDDR5X. Saidas: HDMI 2.1, 3x DisplayPort. Ideal para workstations e games.",1830.33,2779.99,1,20,Placas de Vídeo,Hardware,26,NZXT Brasil Representações,37598216000100,São Paulo,SP,1,CD Osasco,Online,3,2026-04-13,949.66,34.16,ULTRA,26
23,67461,Placa de Vídeo 8GB RTX5060Ti Galax 1-Click OC Classic,"Placa de Vídeo 8GB RTX5060Ti Galax 1-Click OC Classic. Interface PCIe 4.0 x8, memoria GDDR5X. Saidas: HDMI 2.1, 3x DisplayPort. Ideal para workstations e games.",1830.33,2779.99,1,20,Placas de Vídeo,Hardware,26,NZXT Brasil Representações,37598216000100,São Paulo,SP,6,Escritório Central,Online,3,2026-04-13,949.66,34.16,ULTRA,26
23,67461,Placa de Vídeo 8GB RTX5060Ti Galax 1-Click OC Classic,"Placa de Vídeo 8GB RTX5060Ti Galax 1-Click OC Classic. Interface PCIe 4.0 x8, memoria GDDR5X. Saidas: HDMI 2.1, 3x DisplayPort. Ideal para workstations e games.",1830.33,2779.99,1,20,Placas de Vídeo,Hardware,26,NZXT Brasil Representações,37598216000100,São Paulo,SP,5,Loja BH Centro,Física,3,2026-04-13,949.66,34.16,ULTRA,26
23,67461,Placa de Vídeo 8GB RTX5060Ti Galax 1-Click OC Classic,"Placa de Vídeo 8GB RTX5060Ti Galax 1-Click OC Classic. Interface PCIe 4.0 x8, memoria GDDR5X. Saidas: HDMI 2.1, 3x DisplayPort. Ideal para workstations e games.",1830.33,2779.99,1,20,Placas de Vídeo,Hardware,26,NZXT Brasil Representações,37598216000100,São Paulo,SP,4,Loja Campinas,Física,7,2026-04-13,949.66,34.16,ULTRA,26
23,67461,Placa de Vídeo 8GB RTX5060Ti Galax 1-Click OC Classic,"Placa de Vídeo 8GB RTX5060Ti Galax 1-Click OC Classic. Interface PCIe 4.0 x8, memoria GDDR5X. Saidas: HDMI 2.1, 3x DisplayPort. Ideal para workstations e games.",1830.33,2779.99,1,20,Placas de Vídeo,Hardware,26,NZXT Brasil Representações,37598216000100,São Paulo,SP,2,Loja Paulista,Física,3,2026-04-13,949.66,34.16,ULTRA,26
23,67461,Placa de Vídeo 8GB RTX5060Ti Galax 1-Click OC Classic,"Placa de Vídeo 8GB RTX5060Ti Galax 1-Click OC Classic. Interface PCIe 4.0 x8, memoria GDDR5X. Saidas: HDMI 2.1, 3x DisplayPort. Ideal para workstations e games.",1830.33,2779.99,1,20,Placas de Vídeo,Hardware,26,NZXT Brasil Representações,37598216000100,São Paulo,SP,3,Loja Santo André,Física,7,2026-04-13,949.66,34.16,ULTRA,26
22,58338,Placa de Vídeo 8GB RTX5060Ti Palit Dual OC,"Placa de Vídeo 8GB RTX5060Ti Palit Dual OC. Interface PCIe 4.0 x16, memoria GDDR5X. Saidas: 2x HDMI, DisplayPort. Ideal para renderizacao e IA.",1591.54,2531.99,1,20,Placas de Vídeo,Hardware,38,Sandisk / Western Digital Brasil,80_793_561_0001_24,São Paulo,SP,1,CD Osasco,Online,2,2026-04-13,940.45,37.14,ULTRA,17
22,58338,Placa de Vídeo 8GB RTX5060Ti Palit Dual OC,"Placa de Vídeo 8GB RTX5060Ti Palit Dual OC. Interface PCIe 4.0 x16, memoria GDDR5X. Saidas: 2x HDMI, DisplayPort. Ideal para renderizacao e IA.",1591.54,2531.99,1,20,Placas de Vídeo,Hardware,38,Sandisk / Western Digital Brasil,80_793_561_0001_24,São Paulo,SP,6,Escritório Central,Online,1,2026-04-13,940.45,37.14,ULTRA,17
22,58338,Placa de Vídeo 8GB RTX5060Ti Palit Dual OC,"Placa de Vídeo 8GB RTX5060Ti Palit Dual OC. Interface PCIe 4.0 x16, memoria GDDR5X. Saidas: 2x HDMI, DisplayPort. Ideal para renderizacao e IA.",1591.54,2531.99,1,20,Placas de Vídeo,Hardware,38,Sandisk / Western Digital Brasil,80_793_561_0001_24,São Paulo,SP,5,Loja BH Centro,Física,5,2026-04-13,940.45,37.14,ULTRA,17
22,58338,Placa de Vídeo 8GB RTX5060Ti Palit Dual OC,"Placa de Vídeo 8GB RTX5060Ti Palit Dual OC. Interface PCIe 4.0 x16, memoria GDDR5X. Saidas: 2x HDMI, DisplayPort. Ideal para renderizacao e IA.",1591.54,2531.99,1,20,Placas de Vídeo,Hardware,38,Sandisk / Western Digital Brasil,80_793_561_0001_24,São Paulo,SP,4,Loja Campinas,Física,5,2026-04-13,940.45,37.14,ULTRA,17
22,58338,Placa de Vídeo 8GB RTX5060Ti Palit Dual OC,"Placa de Vídeo 8GB RTX5060Ti Palit Dual OC. Interface PCIe 4.0 x16, memoria GDDR5X. Saidas: 2x HDMI, DisplayPort. Ideal para renderizacao e IA.",1591.54,2531.99,1,20,Placas de Vídeo,Hardware,38,Sandisk / Western Digital Brasil,80_793_561_0001_24,São Paulo,SP,2,Loja Paulista,Física,1,2026-04-13,940.45,37.14,ULTRA,17
22,58338,Placa de Vídeo 8GB RTX5060Ti Palit Dual OC,"Placa de Vídeo 8GB RTX5060Ti Palit Dual OC. Interface PCIe 4.0 x16, memoria GDDR5X. Saidas: 2x HDMI, DisplayPort. Ideal para renderizacao e IA.",1591.54,2531.99,1,20,Placas de Vídeo,Hardware,38,Sandisk / Western Digital Brasil,80_793_561_0001_24,São Paulo,SP,3,Loja Santo André,Física,3,2026-04-13,940.45,37.14,ULTRA,17
24,83246,Placa de Vídeo 8GB RTX5060Ti Zotac Twin Edge,"Placa de Vídeo 8GB RTX5060Ti Zotac Twin Edge. Interface PCIe 4.0 x16, memoria GDDR5. Saidas: 2x HDMI, DisplayPort. Ideal para games e criacao de conteudo.",1579.13,2697.99,1,20,Placas de Vídeo,Hardware,2,TD SYNNEX Brasil Comércio e Distrib.,67539024000194,São Paulo,SP,1,CD Osasco,Online,7,2026-04-13,1118.86,41.47,ULTRA,31
24,83246,Placa de Vídeo 8GB RTX5060Ti Zotac Twin Edge,"Placa de Vídeo 8GB RTX5060Ti Zotac Twin Edge. Interface PCIe 4.0 x16, memoria GDDR5. Saidas: 2x HDMI, DisplayPort. Ideal para games e criacao de conteudo.",1579.13,2697.99,1,20,Placas de Vídeo,Hardware,2,TD SYNNEX Brasil Comércio e Distrib.,67539024000194,São Paulo,SP,6,Escritório Central,Online,4,2026-04-13,1118.86,41.47,ULTRA,31
24,83246,Placa de Vídeo 8GB RTX5060Ti Zotac Twin Edge,"Placa de Vídeo 8GB RTX5060Ti Zotac Twin Edge. Interface PCIe 4.0 x16, memoria GDDR5. Saidas: 2x HDMI, DisplayPort. Ideal para games e criacao de conteudo.",1579.13,2697.99,1,20,Placas de Vídeo,Hardware,2,TD SYNNEX Brasil Comércio e Distrib.,67539024000194,São Paulo,SP,5,Loja BH Centro,Física,3,2026-04-13,1118.86,41.47,ULTRA,31
24,83246,Placa de Vídeo 8GB RTX5060Ti Zotac Twin Edge,"Placa de Vídeo 8GB RTX5060Ti Zotac Twin Edge. Interface PCIe 4.0 x16, memoria GDDR5. Saidas: 2x HDMI, DisplayPort. Ideal para games e criacao de conteudo.",1579.13,2697.99,1,20,Placas de Vídeo,Hardware,2,TD SYNNEX Brasil Comércio e Distrib.,67539024000194,São Paulo,SP,4,Loja Campinas,Física,3,2026-04-13,1118.86,41.47,ULTRA,31
24,83246,Placa de Vídeo 8GB RTX5060Ti Zotac Twin Edge,"Placa de Vídeo 8GB RTX5060Ti Zotac Twin Edge. Interface PCIe 4.0 x16, memoria GDDR5. Saidas: 2x HDMI, DisplayPort. Ideal para games e criacao de conteudo.",1579.13,2697.99,1,20,Placas de Vídeo,Hardware,2,TD SYNNEX Brasil Comércio e Distrib.,67539024000194,São Paulo,SP,2,Loja Paulista,Física,7,2026-04-13,1118.86,41.47,ULTRA,31
24,83246,Placa de Vídeo 8GB RTX5060Ti Zotac Twin Edge,"Placa de Vídeo 8GB RTX5060Ti Zotac Twin Edge. Interface PCIe 4.0 x16, memoria GDDR5. Saidas: 2x HDMI, DisplayPort. Ideal para games e criacao de conteudo.",1579.13,2697.99,1,20,Placas de Vídeo,Hardware,2,TD SYNNEX Brasil Comércio e Distrib.,67539024000194,São Paulo,SP,3,Loja Santo André,Física,7,2026-04-13,1118.86,41.47,ULTRA,31
10,52242,Placa de Vídeo 8GB RX580 Biostar Radeon Gaming DDR5,"Placa de Vídeo 8GB RX580 Biostar Radeon Gaming DDR5. Interface PCIe 3.0 x16, memoria GDDR5X. Saidas: 2x HDMI, DisplayPort. Ideal para games e criacao de conteudo.",394.94,710.99,1,20,Placas de Vídeo,Hardware,1,Ingram Micro Brasil Ltda.,19.305.678/0001-00,Barueri,SP,1,CD Osasco,Online,48,2026-04-13,316.05,44.45,HIGH,197
10,52242,Placa de Vídeo 8GB RX580 Biostar Radeon Gaming DDR5,"Placa de Vídeo 8GB RX580 Biostar Radeon Gaming DDR5. Interface PCIe 3.0 x16, memoria GDDR5X. Saidas: 2x HDMI, DisplayPort. Ideal para games e criacao de conteudo.",394.94,710.99,1,20,Placas de Vídeo,Hardware,1,Ingram Micro Brasil Ltda.,19.305.678/0001-00,Barueri,SP,6,Escritório Central,Online,31,2026-04-13,316.05,44.45,HIGH,197
10,52242,Placa de Vídeo 8GB RX580 Biostar Radeon Gaming DDR5,"Placa de Vídeo 8GB RX580 Biostar Radeon Gaming DDR5. Interface PCIe 3.0 x16, memoria GDDR5X. Saidas: 2x HDMI, DisplayPort. Ideal para games e criacao de conteudo.",394.94,710.99,1,20,Placas de Vídeo,Hardware,1,Ingram Micro Brasil Ltda.,19.305.678/0001-00,Barueri,SP,5,Loja BH Centro,Física,43,2026-04-13,316.05,44.45,HIGH,197
10,52242,Placa de Vídeo 8GB RX580 Biostar Radeon Gaming DDR5,"Placa de Vídeo 8GB RX580 Biostar Radeon Gaming DDR5. Interface PCIe 3.0 x16, memoria GDDR5X. Saidas: 2x HDMI, DisplayPort. Ideal para games e criacao de conteudo.",394.94,710.99,1,20,Placas de Vídeo,Hardware,1,Ingram Micro Brasil Ltda.,19.305.678/0001-00,Barueri,SP,4,Loja Campinas,Física,24,2026-04-13,316.05,44.45,HIGH,197
10,52242,Placa de Vídeo 8GB RX580 Biostar Radeon Gaming DDR5,"Placa de Vídeo 8GB RX580 Biostar Radeon Gaming DDR5. Interface PCIe 3.0 x16, memoria GDDR5X. Saidas: 2x HDMI, DisplayPort. Ideal para games e criacao de conteudo.",394.94,710.99,1,20,Placas de Vídeo,Hardware,1,Ingram Micro Brasil Ltda.,19.305.678/0001-00,Barueri,SP,2,Loja Paulista,Física,33,2026-04-13,316.05,44.45,HIGH,197
10,52242,Placa de Vídeo 8GB RX580 Biostar Radeon Gaming DDR5,"Placa de Vídeo 8GB RX580 Biostar Radeon Gaming DDR5. Interface PCIe 3.0 x16, memoria GDDR5X. Saidas: 2x HDMI, DisplayPort. Ideal para games e criacao de conteudo.",394.94,710.99,1,20,Placas de Vídeo,Hardware,1,Ingram Micro Brasil Ltda.,19.305.678/0001-00,Barueri,SP,3,Loja Santo André,Física,18,2026-04-13,316.05,44.45,HIGH,197
11,51006,Placa de Vídeo 8GB RX580 Keepdata DDR5 Dragonfly Gaming,"Placa de Vídeo 8GB RX580 Keepdata DDR5 Dragonfly Gaming. Interface PCIe 4.0 x16, memoria GDDR5X. Saidas: 2x HDMI, DisplayPort. Ideal para renderizacao e IA.",533.01,830.99,1,20,Placas de Vídeo,Hardware,12,Seagate Technology Brasil Ltda.,96078413000168,São Paulo,SP,1,CD Osasco,Online,31,2026-04-13,297.98,35.86,HIGH,164
11,51006,Placa de Vídeo 8GB RX580 Keepdata DDR5 Dragonfly Gaming,"Placa de Vídeo 8GB RX580 Keepdata DDR5 Dragonfly Gaming. Interface PCIe 4.0 x16, memoria GDDR5X. Saidas: 2x HDMI, DisplayPort. Ideal para renderizacao e IA.",533.01,830.99,1,20,Placas de Vídeo,Hardware,12,Seagate Technology Brasil Ltda.,96078413000168,São Paulo,SP,6,Escritório Central,Online,15,2026-04-13,297.98,35.86,HIGH,164
11,51006,Placa de Vídeo 8GB RX580 Keepdata DDR5 Dragonfly Gaming,"Placa de Vídeo 8GB RX580 Keepdata DDR5 Dragonfly Gaming. Interface PCIe 4.0 x16, memoria GDDR5X. Saidas: 2x HDMI, DisplayPort. Ideal para renderizacao e IA.",533.01,830.99,1,20,Placas de Vídeo,Hardware,12,Seagate Technology Brasil Ltda.,96078413000168,São Paulo,SP,5,Loja BH Centro,Física,27,2026-04-13,297.98,35.86,HIGH,164
11,51006,Placa de Vídeo 8GB RX580 Keepdata DDR5 Dragonfly Gaming,"Placa de Vídeo 8GB RX580 Keepdata DDR5 Dragonfly Gaming. Interface PCIe 4.0 x16, memoria GDDR5X. Saidas: 2x HDMI, DisplayPort. Ideal para renderizacao e IA.",533.01,830.99,1,20,Placas de Vídeo,Hardware,12,Seagate Technology Brasil Ltda.,96078413000168,São Paulo,SP,4,Loja Campinas,Física,27,2026-04-13,297.98,35.86,HIGH,164
11,51006,Placa de Vídeo 8GB RX580 Keepdata DDR5 Dragonfly Gaming,"Placa de Vídeo 8GB RX580 Keepdata DDR5 Dragonfly Gaming. Interface PCIe 4.0 x16, memoria GDDR5X. Saidas: 2x HDMI, DisplayPort. Ideal para renderizacao e IA.",533.01,830.99,1,20,Placas de Vídeo,Hardware,12,Seagate Technology Brasil Ltda.,96078413000168,São Paulo,SP,2,Loja Paulista,Física,25,2026-04-13,297.98,35.86,HIGH,164
11,51006,Placa de Vídeo 8GB RX580 Keepdata DDR5 Dragonfly Gaming,"Placa de Vídeo 8GB RX580 Keepdata DDR5 Dragonfly Gaming. Interface PCIe 4.0 x16, memoria GDDR5X. Saidas: 2x HDMI, DisplayPort. Ideal para renderizacao e IA.",533.01,830.99,1,20,Placas de Vídeo,Hardware,12,Seagate Technology Brasil Ltda.,96078413000168,São Paulo,SP,3,Loja Santo André,Física,39,2026-04-13,297.98,35.86,HIGH,164
12,67518,Placa de Vídeo 8GB RX6600 Star DDR5,"Placa de Vídeo 8GB RX6600 Star DDR5. Interface PCIe 4.0 x8, memoria GDDR6X. Saidas: HDMI 2.1, 3x DisplayPort. Ideal para renderizacao e IA.",954.19,1426.99,1,20,Placas de Vídeo,Hardware,7,Logitech do Brasil Ltda.,21.865.937/0001-08,São Paulo,SP,1,CD Osasco,Online,4,2026-04-13,472.8,33.13,ULTRA,18
12,67518,Placa de Vídeo 8GB RX6600 Star DDR5,"Placa de Vídeo 8GB RX6600 Star DDR5. Interface PCIe 4.0 x8, memoria GDDR6X. Saidas: HDMI 2.1, 3x DisplayPort. Ideal para renderizacao e IA.",954.19,1426.99,1,20,Placas de Vídeo,Hardware,7,Logitech do Brasil Ltda.,21.865.937/0001-08,São Paulo,SP,6,Escritório Central,Online,3,2026-04-13,472.8,33.13,ULTRA,18
12,67518,Placa de Vídeo 8GB RX6600 Star DDR5,"Placa de Vídeo 8GB RX6600 Star DDR5. Interface PCIe 4.0 x8, memoria GDDR6X. Saidas: HDMI 2.1, 3x DisplayPort. Ideal para renderizacao e IA.",954.19,1426.99,1,20,Placas de Vídeo,Hardware,7,Logitech do Brasil Ltda.,21.865.937/0001-08,São Paulo,SP,5,Loja BH Centro,Física,3,2026-04-13,472.8,33.13,ULTRA,18
12,67518,Placa de Vídeo 8GB RX6600 Star DDR5,"Placa de Vídeo 8GB RX6600 Star DDR5. Interface PCIe 4.0 x8, memoria GDDR6X. Saidas: HDMI 2.1, 3x DisplayPort. Ideal para renderizacao e IA.",954.19,1426.99,1,20,Placas de Vídeo,Hardware,7,Logitech do Brasil Ltda.,21.865.937/0001-08,São Paulo,SP,4,Loja Campinas,Física,5,2026-04-13,472.8,33.13,ULTRA,18
12,67518,Placa de Vídeo 8GB RX6600 Star DDR5,"Placa de Vídeo 8GB RX6600 Star DDR5. Interface PCIe 4.0 x8, memoria GDDR6X. Saidas: HDMI 2.1, 3x DisplayPort. Ideal para renderizacao e IA.",954.19,1426.99,1,20,Placas de Vídeo,Hardware,7,Logitech do Brasil Ltda.,21.865.937/0001-08,São Paulo,SP,2,Loja Paulista,Física,1,2026-04-13,472.8,33.13,ULTRA,18
12,67518,Placa de Vídeo 8GB RX6600 Star DDR5,"Placa de Vídeo 8GB RX6600 Star DDR5. Interface PCIe 4.0 x8, memoria GDDR6X. Saidas: HDMI 2.1, 3x DisplayPort. Ideal para renderizacao e IA.",954.19,1426.99,1,20,Placas de Vídeo,Hardware,7,Logitech do Brasil Ltda.,21.865.937/0001-08,São Paulo,SP,3,Loja Santo André,Física,2,2026-04-13,472.8,33.13,ULTRA,18
13,70578,Placa de Vídeo 8GB RX7600 Biostar Ultimate OC Gaming,"Placa de Vídeo 8GB RX7600 Biostar Ultimate OC Gaming. Interface PCIe 4.0 x16, memoria GDDR5X. Saidas: HDMI 2.1, 2x DisplayPort. Ideal para renderizacao e IA.",1006.79,1862.99,1,20,Placas de Vídeo,Hardware,9,Corsair Memory Brasil Distrib.,34.570.691/0001-80,São Paulo,SP,1,CD Osasco,Online,7,2026-04-13,856.2,45.96,ULTRA,29
13,70578,Placa de Vídeo 8GB RX7600 Biostar Ultimate OC Gaming,"Placa de Vídeo 8GB RX7600 Biostar Ultimate OC Gaming. Interface PCIe 4.0 x16, memoria GDDR5X. Saidas: HDMI 2.1, 2x DisplayPort. Ideal para renderizacao e IA.",1006.79,1862.99,1,20,Placas de Vídeo,Hardware,9,Corsair Memory Brasil Distrib.,34.570.691/0001-80,São Paulo,SP,6,Escritório Central,Online,3,2026-04-13,856.2,45.96,ULTRA,29
13,70578,Placa de Vídeo 8GB RX7600 Biostar Ultimate OC Gaming,"Placa de Vídeo 8GB RX7600 Biostar Ultimate OC Gaming. Interface PCIe 4.0 x16, memoria GDDR5X. Saidas: HDMI 2.1, 2x DisplayPort. Ideal para renderizacao e IA.",1006.79,1862.99,1,20,Placas de Vídeo,Hardware,9,Corsair Memory Brasil Distrib.,34.570.691/0001-80,São Paulo,SP,5,Loja BH Centro,Física,3,2026-04-13,856.2,45.96,ULTRA,29
13,70578,Placa de Vídeo 8GB RX7600 Biostar Ultimate OC Gaming,"Placa de Vídeo 8GB RX7600 Biostar Ultimate OC Gaming. Interface PCIe 4.0 x16, memoria GDDR5X. Saidas: HDMI 2.1, 2x DisplayPort. Ideal para renderizacao e IA.",1006.79,1862.99,1,20,Placas de Vídeo,Hardware,9,Corsair Memory Brasil Distrib.,34.570.691/0001-80,São Paulo,SP,4,Loja Campinas,Física,7,2026-04-13,856.2,45.96,ULTRA,29
13,70578,Placa de Vídeo 8GB RX7600 Biostar Ultimate OC Gaming,"Placa de Vídeo 8GB RX7600 Biostar Ultimate OC Gaming. Interface PCIe 4.0 x16, memoria GDDR5X. Saidas: HDMI 2.1, 2x DisplayPort. Ideal para renderizacao e IA.",1006.79,1862.99,1,20,Placas de Vídeo,Hardware,9,Corsair Memory Brasil Distrib.,34.570.691/0001-80,São Paulo,SP,2,Loja Paulista,Física,6,2026-04-13,856.2,45.96,ULTRA,29
13,70578,Placa de Vídeo 8GB RX7600 Biostar Ultimate OC Gaming,"Placa de Vídeo 8GB RX7600 Biostar Ultimate OC Gaming. Interface PCIe 4.0 x16, memoria GDDR5X. Saidas: HDMI 2.1, 2x DisplayPort. Ideal para renderizacao e IA.",1006.79,1862.99,1,20,Placas de Vídeo,Hardware,9,Corsair Memory Brasil Distrib.,34.570.691/0001-80,São Paulo,SP,3,Loja Santo André,Física,3,2026-04-13,856.2,45.96,ULTRA,29
14,70310,Placa de Vídeo 8GB RX9060XT XFX Radeon OC Black,"Placa de Vídeo 8GB RX9060XT XFX Radeon OC Black. Interface PCIe 4.0 x8, memoria GDDR5. Saidas: HDMI 2.1, 3x DisplayPort. Ideal para workstations e games.",1130.17,2136.99,1,20,Placas de Vídeo,Hardware,13,Western Digital do Brasil,76.381.250/0001-80,São Paulo,SP,1,CD Osasco,Online,4,2026-04-13,1006.82,47.11,ULTRA,20
14,70310,Placa de Vídeo 8GB RX9060XT XFX Radeon OC Black,"Placa de Vídeo 8GB RX9060XT XFX Radeon OC Black. Interface PCIe 4.0 x8, memoria GDDR5. Saidas: HDMI 2.1, 3x DisplayPort. Ideal para workstations e games.",1130.17,2136.99,1,20,Placas de Vídeo,Hardware,13,Western Digital do Brasil,76.381.250/0001-80,São Paulo,SP,6,Escritório Central,Online,5,2026-04-13,1006.82,47.11,ULTRA,20
14,70310,Placa de Vídeo 8GB RX9060XT XFX Radeon OC Black,"Placa de Vídeo 8GB RX9060XT XFX Radeon OC Black. Interface PCIe 4.0 x8, memoria GDDR5. Saidas: HDMI 2.1, 3x DisplayPort. Ideal para workstations e games.",1130.17,2136.99,1,20,Placas de Vídeo,Hardware,13,Western Digital do Brasil,76.381.250/0001-80,São Paulo,SP,5,Loja BH Centro,Física,3,2026-04-13,1006.82,47.11,ULTRA,20
14,70310,Placa de Vídeo 8GB RX9060XT XFX Radeon OC Black,"Placa de Vídeo 8GB RX9060XT XFX Radeon OC Black. Interface PCIe 4.0 x8, memoria GDDR5. Saidas: HDMI 2.1, 3x DisplayPort. Ideal para workstations e games.",1130.17,2136.99,1,20,Placas de Vídeo,Hardware,13,Western Digital do Brasil,76.381.250/0001-80,São Paulo,SP,4,Loja Campinas,Física,4,2026-04-13,1006.82,47.11,ULTRA,20
14,70310,Placa de Vídeo 8GB RX9060XT XFX Radeon OC Black,"Placa de Vídeo 8GB RX9060XT XFX Radeon OC Black. Interface PCIe 4.0 x8, memoria GDDR5. Saidas: HDMI 2.1, 3x DisplayPort. Ideal para workstations e games.",1130.17,2136.99,1,20,Placas de Vídeo,Hardware,13,Western Digital do Brasil,76.381.250/0001-80,São Paulo,SP,2,Loja Paulista,Física,3,2026-04-13,1006.82,47.11,ULTRA,20
14,70310,Placa de Vídeo 8GB RX9060XT XFX Radeon OC Black,"Placa de Vídeo 8GB RX9060XT XFX Radeon OC Black. Interface PCIe 4.0 x8, memoria GDDR5. Saidas: HDMI 2.1, 3x DisplayPort. Ideal para workstations e games.",1130.17,2136.99,1,20,Placas de Vídeo,Hardware,13,Western Digital do Brasil,76.381.250/0001-80,São Paulo,SP,3,Loja Santo André,Física,1,2026-04-13,1006.82,47.11,ULTRA,20
29,50002,Processador AMD AM4 Ryzen 5 5600G 3.9GHz Box,"Processador AMD AM4 Ryzen 5 5600G 3.9GHz Box. Soquete LGA1851, cache L3 16MB, TDP 35W. Para workstations.",601.02,959.99,1,21,Processadores,Hardware,6,Positivo Tecnologia S.A.,69.702.435/0001-84,Curitiba,PR,1,CD Osasco,Online,4,2026-04-13,358.97,37.39,ULTRA,38
29,50002,Processador AMD AM4 Ryzen 5 5600G 3.9GHz Box,"Processador AMD AM4 Ryzen 5 5600G 3.9GHz Box. Soquete LGA1851, cache L3 16MB, TDP 35W. Para workstations.",601.02,959.99,1,21,Processadores,Hardware,6,Positivo Tecnologia S.A.,69.702.435/0001-84,Curitiba,PR,6,Escritório Central,Online,9,2026-04-13,358.97,37.39,ULTRA,38
29,50002,Processador AMD AM4 Ryzen 5 5600G 3.9GHz Box,"Processador AMD AM4 Ryzen 5 5600G 3.9GHz Box. Soquete LGA1851, cache L3 16MB, TDP 35W. Para workstations.",601.02,959.99,1,21,Processadores,Hardware,6,Positivo Tecnologia S.A.,69.702.435/0001-84,Curitiba,PR,5,Loja BH Centro,Física,3,2026-04-13,358.97,37.39,ULTRA,38
29,50002,Processador AMD AM4 Ryzen 5 5600G 3.9GHz Box,"Processador AMD AM4 Ryzen 5 5600G 3.9GHz Box. Soquete LGA1851, cache L3 16MB, TDP 35W. Para workstations.",601.02,959.99,1,21,Processadores,Hardware,6,Positivo Tecnologia S.A.,69.702.435/0001-84,Curitiba,PR,4,Loja Campinas,Física,4,2026-04-13,358.97,37.39,ULTRA,38
29,50002,Processador AMD AM4 Ryzen 5 5600G 3.9GHz Box,"Processador AMD AM4 Ryzen 5 5600G 3.9GHz Box. Soquete LGA1851, cache L3 16MB, TDP 35W. Para workstations.",601.02,959.99,1,21,Processadores,Hardware,6,Positivo Tecnologia S.A.,69.702.435/0001-84,Curitiba,PR,2,Loja Paulista,Física,9,2026-04-13,358.97,37.39,ULTRA,38
29,50002,Processador AMD AM4 Ryzen 5 5600G 3.9GHz Box,"Processador AMD AM4 Ryzen 5 5600G 3.9GHz Box. Soquete LGA1851, cache L3 16MB, TDP 35W. Para workstations.",601.02,959.99,1,21,Processadores,Hardware,6,Positivo Tecnologia S.A.,69.702.435/0001-84,Curitiba,PR,3,Loja Santo André,Física,9,2026-04-13,358.97,37.39,ULTRA,38
28,50001,Processador AMD AM4 Ryzen 5 5600X 3.7GHz Box,"Processador AMD AM4 Ryzen 5 5600X 3.7GHz Box. Soquete AM5, cache L3 16MB, TDP 105W. Para workstations.",757.65,1159.99,1,21,Processadores,Hardware,13,Western Digital do Brasil,76.381.250/0001-80,São Paulo,SP,1,CD Osasco,Online,4,2026-04-13,402.34,34.68,ULTRA,28
28,50001,Processador AMD AM4 Ryzen 5 5600X 3.7GHz Box,"Processador AMD AM4 Ryzen 5 5600X 3.7GHz Box. Soquete AM5, cache L3 16MB, TDP 105W. Para workstations.",757.65,1159.99,1,21,Processadores,Hardware,13,Western Digital do Brasil,76.381.250/0001-80,São Paulo,SP,6,Escritório Central,Online,6,2026-04-13,402.34,34.68,ULTRA,28
28,50001,Processador AMD AM4 Ryzen 5 5600X 3.7GHz Box,"Processador AMD AM4 Ryzen 5 5600X 3.7GHz Box. Soquete AM5, cache L3 16MB, TDP 105W. Para workstations.",757.65,1159.99,1,21,Processadores,Hardware,13,Western Digital do Brasil,76.381.250/0001-80,São Paulo,SP,5,Loja BH Centro,Física,6,2026-04-13,402.34,34.68,ULTRA,28
28,50001,Processador AMD AM4 Ryzen 5 5600X 3.7GHz Box,"Processador AMD AM4 Ryzen 5 5600X 3.7GHz Box. Soquete AM5, cache L3 16MB, TDP 105W. Para workstations.",757.65,1159.99,1,21,Processadores,Hardware,13,Western Digital do Brasil,76.381.250/0001-80,São Paulo,SP,4,Loja Campinas,Física,3,2026-04-13,402.34,34.68,ULTRA,28
28,50001,Processador AMD AM4 Ryzen 5 5600X 3.7GHz Box,"Processador AMD AM4 Ryzen 5 5600X 3.7GHz Box. Soquete AM5, cache L3 16MB, TDP 105W. Para workstations.",757.65,1159.99,1,21,Processadores,Hardware,13,Western Digital do Brasil,76.381.250/0001-80,São Paulo,SP,2,Loja Paulista,Física,4,2026-04-13,402.34,34.68,ULTRA,28
28,50001,Processador AMD AM4 Ryzen 5 5600X 3.7GHz Box,"Processador AMD AM4 Ryzen 5 5600X 3.7GHz Box. Soquete AM5, cache L3 16MB, TDP 105W. Para workstations.",757.65,1159.99,1,21,Processadores,Hardware,13,Western Digital do Brasil,76.381.250/0001-80,São Paulo,SP,3,Loja Santo André,Física,5,2026-04-13,402.34,34.68,ULTRA,28
30,50003,Processador AMD AM5 Ryzen 7 7700X 4.5GHz Box,"Processador AMD AM5 Ryzen 7 7700X 4.5GHz Box. Soquete AM4, cache L3 64MB, TDP 35W. Para workstations.",1221.83,1899.99,1,21,Processadores,Hardware,13,Western Digital do Brasil,76.381.250/0001-80,São Paulo,SP,1,CD Osasco,Online,9,2026-04-13,678.16,35.69,ULTRA,41
30,50003,Processador AMD AM5 Ryzen 7 7700X 4.5GHz Box,"Processador AMD AM5 Ryzen 7 7700X 4.5GHz Box. Soquete AM4, cache L3 64MB, TDP 35W. Para workstations.",1221.83,1899.99,1,21,Processadores,Hardware,13,Western Digital do Brasil,76.381.250/0001-80,São Paulo,SP,6,Escritório Central,Online,9,2026-04-13,678.16,35.69,ULTRA,41
30,50003,Processador AMD AM5 Ryzen 7 7700X 4.5GHz Box,"Processador AMD AM5 Ryzen 7 7700X 4.5GHz Box. Soquete AM4, cache L3 64MB, TDP 35W. Para workstations.",1221.83,1899.99,1,21,Processadores,Hardware,13,Western Digital do Brasil,76.381.250/0001-80,São Paulo,SP,5,Loja BH Centro,Física,7,2026-04-13,678.16,35.69,ULTRA,41
30,50003,Processador AMD AM5 Ryzen 7 7700X 4.5GHz Box,"Processador AMD AM5 Ryzen 7 7700X 4.5GHz Box. Soquete AM4, cache L3 64MB, TDP 35W. Para workstations.",1221.83,1899.99,1,21,Processadores,Hardware,13,Western Digital do Brasil,76.381.250/0001-80,São Paulo,SP,4,Loja Campinas,Física,6,2026-04-13,678.16,35.69,ULTRA,41
30,50003,Processador AMD AM5 Ryzen 7 7700X 4.5GHz Box,"Processador AMD AM5 Ryzen 7 7700X 4.5GHz Box. Soquete AM4, cache L3 64MB, TDP 35W. Para workstations.",1221.83,1899.99,1,21,Processadores,Hardware,13,Western Digital do Brasil,76.381.250/0001-80,São Paulo,SP,2,Loja Paulista,Física,6,2026-04-13,678.16,35.69,ULTRA,41
30,50003,Processador AMD AM5 Ryzen 7 7700X 4.5GHz Box,"Processador AMD AM5 Ryzen 7 7700X 4.5GHz Box. Soquete AM4, cache L3 64MB, TDP 35W. Para workstations.",1221.83,1899.99,1,21,Processadores,Hardware,13,Western Digital do Brasil,76.381.250/0001-80,São Paulo,SP,3,Loja Santo André,Física,4,2026-04-13,678.16,35.69,ULTRA,41
31,50004,Processador Intel LGA1700 Core i5-12400F 2.5GHz Box,"Processador Intel LGA1700 Core i5-12400F 2.5GHz Box. Soquete LGA1851, cache L3 8MB, TDP 125W. Para PCs gamer.",599.01,989.99,1,21,Processadores,Hardware,6,Positivo Tecnologia S.A.,69.702.435/0001-84,Curitiba,PR,1,CD Osasco,Online,4,2026-04-13,390.98,39.49,ULTRA,27
31,50004,Processador Intel LGA1700 Core i5-12400F 2.5GHz Box,"Processador Intel LGA1700 Core i5-12400F 2.5GHz Box. Soquete LGA1851, cache L3 8MB, TDP 125W. Para PCs gamer.",599.01,989.99,1,21,Processadores,Hardware,6,Positivo Tecnologia S.A.,69.702.435/0001-84,Curitiba,PR,6,Escritório Central,Online,1,2026-04-13,390.98,39.49,ULTRA,27
31,50004,Processador Intel LGA1700 Core i5-12400F 2.5GHz Box,"Processador Intel LGA1700 Core i5-12400F 2.5GHz Box. Soquete LGA1851, cache L3 8MB, TDP 125W. Para PCs gamer.",599.01,989.99,1,21,Processadores,Hardware,6,Positivo Tecnologia S.A.,69.702.435/0001-84,Curitiba,PR,5,Loja BH Centro,Física,4,2026-04-13,390.98,39.49,ULTRA,27
31,50004,Processador Intel LGA1700 Core i5-12400F 2.5GHz Box,"Processador Intel LGA1700 Core i5-12400F 2.5GHz Box. Soquete LGA1851, cache L3 8MB, TDP 125W. Para PCs gamer.",599.01,989.99,1,21,Processadores,Hardware,6,Positivo Tecnologia S.A.,69.702.435/0001-84,Curitiba,PR,4,Loja Campinas,Física,6,2026-04-13,390.98,39.49,ULTRA,27
31,50004,Processador Intel LGA1700 Core i5-12400F 2.5GHz Box,"Processador Intel LGA1700 Core i5-12400F 2.5GHz Box. Soquete LGA1851, cache L3 8MB, TDP 125W. Para PCs gamer.",599.01,989.99,1,21,Processadores,Hardware,6,Positivo Tecnologia S.A.,69.702.435/0001-84,Curitiba,PR,2,Loja Paulista,Física,9,2026-04-13,390.98,39.49,ULTRA,27
31,50004,Processador Intel LGA1700 Core i5-12400F 2.5GHz Box,"Processador Intel LGA1700 Core i5-12400F 2.5GHz Box. Soquete LGA1851, cache L3 8MB, TDP 125W. Para PCs gamer.",599.01,989.99,1,21,Processadores,Hardware,6,Positivo Tecnologia S.A.,69.702.435/0001-84,Curitiba,PR,3,Loja Santo André,Física,3,2026-04-13,390.98,39.49,ULTRA,27
32,50005,Processador Intel LGA1700 Core i7-13700K 3.4GHz Box,"Processador Intel LGA1700 Core i7-13700K 3.4GHz Box. Soquete LGA1700, cache L3 8MB, TDP 125W. Para workstations.",1437.56,2199.99,1,21,Processadores,Hardware,3,Intcomex do Brasil Ltda.,06_429_718_0001_84,São Paulo,SP,1,CD Osasco,Online,4,2026-04-13,762.43,34.66,ULTRA,36
32,50005,Processador Intel LGA1700 Core i7-13700K 3.4GHz Box,"Processador Intel LGA1700 Core i7-13700K 3.4GHz Box. Soquete LGA1700, cache L3 8MB, TDP 125W. Para workstations.",1437.56,2199.99,1,21,Processadores,Hardware,3,Intcomex do Brasil Ltda.,06_429_718_0001_84,São Paulo,SP,6,Escritório Central,Online,9,2026-04-13,762.43,34.66,ULTRA,36
32,50005,Processador Intel LGA1700 Core i7-13700K 3.4GHz Box,"Processador Intel LGA1700 Core i7-13700K 3.4GHz Box. Soquete LGA1700, cache L3 8MB, TDP 125W. Para workstations.",1437.56,2199.99,1,21,Processadores,Hardware,3,Intcomex do Brasil Ltda.,06_429_718_0001_84,São Paulo,SP,5,Loja BH Centro,Física,4,2026-04-13,762.43,34.66,ULTRA,36
32,50005,Processador Intel LGA1700 Core i7-13700K 3.4GHz Box,"Processador Intel LGA1700 Core i7-13700K 3.4GHz Box. Soquete LGA1700, cache L3 8MB, TDP 125W. Para workstations.",1437.56,2199.99,1,21,Processadores,Hardware,3,Intcomex do Brasil Ltda.,06_429_718_0001_84,São Paulo,SP,4,Loja Campinas,Física,6,2026-04-13,762.43,34.66,ULTRA,36
32,50005,Processador Intel LGA1700 Core i7-13700K 3.4GHz Box,"Processador Intel LGA1700 Core i7-13700K 3.4GHz Box. Soquete LGA1700, cache L3 8MB, TDP 125W. Para workstations.",1437.56,2199.99,1,21,Processadores,Hardware,3,Intcomex do Brasil Ltda.,06_429_718_0001_84,São Paulo,SP,2,Loja Paulista,Física,4,2026-04-13,762.43,34.66,ULTRA,36
32,50005,Processador Intel LGA1700 Core i7-13700K 3.4GHz Box,"Processador Intel LGA1700 Core i7-13700K 3.4GHz Box. Soquete LGA1700, cache L3 8MB, TDP 125W. Para workstations.",1437.56,2199.99,1,21,Processadores,Hardware,3,Intcomex do Brasil Ltda.,06_429_718_0001_84,São Paulo,SP,3,Loja Santo André,Física,9,2026-04-13,762.43,34.66,ULTRA,36
33,50006,Processador Intel LGA1851 Core i5-14600K 3.5GHz Box,"Processador Intel LGA1851 Core i5-14600K 3.5GHz Box. Soquete AM5, cache L3 16MB, TDP 105W. Para desktops de alto desempenho.",813.94,1549.99,1,21,Processadores,Hardware,7,Logitech do Brasil Ltda.,21.865.937/0001-08,São Paulo,SP,1,CD Osasco,Online,2,2026-04-13,736.05,47.49,ULTRA,27
33,50006,Processador Intel LGA1851 Core i5-14600K 3.5GHz Box,"Processador Intel LGA1851 Core i5-14600K 3.5GHz Box. Soquete AM5, cache L3 16MB, TDP 105W. Para desktops de alto desempenho.",813.94,1549.99,1,21,Processadores,Hardware,7,Logitech do Brasil Ltda.,21.865.937/0001-08,São Paulo,SP,6,Escritório Central,Online,4,2026-04-13,736.05,47.49,ULTRA,27
33,50006,Processador Intel LGA1851 Core i5-14600K 3.5GHz Box,"Processador Intel LGA1851 Core i5-14600K 3.5GHz Box. Soquete AM5, cache L3 16MB, TDP 105W. Para desktops de alto desempenho.",813.94,1549.99,1,21,Processadores,Hardware,7,Logitech do Brasil Ltda.,21.865.937/0001-08,São Paulo,SP,5,Loja BH Centro,Física,5,2026-04-13,736.05,47.49,ULTRA,27
33,50006,Processador Intel LGA1851 Core i5-14600K 3.5GHz Box,"Processador Intel LGA1851 Core i5-14600K 3.5GHz Box. Soquete AM5, cache L3 16MB, TDP 105W. Para desktops de alto desempenho.",813.94,1549.99,1,21,Processadores,Hardware,7,Logitech do Brasil Ltda.,21.865.937/0001-08,São Paulo,SP,4,Loja Campinas,Física,5,2026-04-13,736.05,47.49,ULTRA,27
33,50006,Processador Intel LGA1851 Core i5-14600K 3.5GHz Box,"Processador Intel LGA1851 Core i5-14600K 3.5GHz Box. Soquete AM5, cache L3 16MB, TDP 105W. Para desktops de alto desempenho.",813.94,1549.99,1,21,Processadores,Hardware,7,Logitech do Brasil Ltda.,21.865.937/0001-08,São Paulo,SP,2,Loja Paulista,Física,6,2026-04-13,736.05,47.49,ULTRA,27
33,50006,Processador Intel LGA1851 Core i5-14600K 3.5GHz Box,"Processador Intel LGA1851 Core i5-14600K 3.5GHz Box. Soquete AM5, cache L3 16MB, TDP 105W. Para desktops de alto desempenho.",813.94,1549.99,1,21,Processadores,Hardware,7,Logitech do Brasil Ltda.,21.865.937/0001-08,São Paulo,SP,3,Loja Santo André,Física,5,2026-04-13,736.05,47.49,ULTRA,27
56,54001,Cooler DeepCool AK400 LGA1700/AM5 120mm,"Cooler DeepCool AK400 LGA1700/AM5 120mm. water cooler, suporta ate 300W TDP, rolamento hidraulico. com iluminacao RGB.",127.24,229.99,1,22,Refrigeração,Hardware,13,Western Digital do Brasil,76.381.250/0001-80,São Paulo,SP,1,CD Osasco,Online,53,2026-04-13,102.75,44.68,MID,338
56,54001,Cooler DeepCool AK400 LGA1700/AM5 120mm,"Cooler DeepCool AK400 LGA1700/AM5 120mm. water cooler, suporta ate 300W TDP, rolamento hidraulico. com iluminacao RGB.",127.24,229.99,1,22,Refrigeração,Hardware,13,Western Digital do Brasil,76.381.250/0001-80,São Paulo,SP,6,Escritório Central,Online,48,2026-04-13,102.75,44.68,MID,338
56,54001,Cooler DeepCool AK400 LGA1700/AM5 120mm,"Cooler DeepCool AK400 LGA1700/AM5 120mm. water cooler, suporta ate 300W TDP, rolamento hidraulico. com iluminacao RGB.",127.24,229.99,1,22,Refrigeração,Hardware,13,Western Digital do Brasil,76.381.250/0001-80,São Paulo,SP,5,Loja BH Centro,Física,25,2026-04-13,102.75,44.68,MID,338
56,54001,Cooler DeepCool AK400 LGA1700/AM5 120mm,"Cooler DeepCool AK400 LGA1700/AM5 120mm. water cooler, suporta ate 300W TDP, rolamento hidraulico. com iluminacao RGB.",127.24,229.99,1,22,Refrigeração,Hardware,13,Western Digital do Brasil,76.381.250/0001-80,São Paulo,SP,4,Loja Campinas,Física,83,2026-04-13,102.75,44.68,MID,338
56,54001,Cooler DeepCool AK400 LGA1700/AM5 120mm,"Cooler DeepCool AK400 LGA1700/AM5 120mm. water cooler, suporta ate 300W TDP, rolamento hidraulico. com iluminacao RGB.",127.24,229.99,1,22,Refrigeração,Hardware,13,Western Digital do Brasil,76.381.250/0001-80,São Paulo,SP,2,Loja Paulista,Física,80,2026-04-13,102.75,44.68,MID,338
56,54001,Cooler DeepCool AK400 LGA1700/AM5 120mm,"Cooler DeepCool AK400 LGA1700/AM5 120mm. water cooler, suporta ate 300W TDP, rolamento hidraulico. com iluminacao RGB.",127.24,229.99,1,22,Refrigeração,Hardware,13,Western Digital do Brasil,76.381.250/0001-80,São Paulo,SP,3,Loja Santo André,Física,49,2026-04-13,102.75,44.68,MID,338
57,54002,Cooler Noctua NH-D15 LGA1700/AM5 Duplo 140mm,"Cooler Noctua NH-D15 LGA1700/AM5 Duplo 140mm. cooler low-profile, suporta ate 200W TDP, rolamento hidraulico. com iluminacao RGB.",473.65,699.99,1,22,Refrigeração,Hardware,5,Multilaser Industrial S.A.,75_021_839_0001_05,Extrema,MG,1,CD Osasco,Online,29,2026-04-13,226.34,32.33,HIGH,167
57,54002,Cooler Noctua NH-D15 LGA1700/AM5 Duplo 140mm,"Cooler Noctua NH-D15 LGA1700/AM5 Duplo 140mm. cooler low-profile, suporta ate 200W TDP, rolamento hidraulico. com iluminacao RGB.",473.65,699.99,1,22,Refrigeração,Hardware,5,Multilaser Industrial S.A.,75_021_839_0001_05,Extrema,MG,6,Escritório Central,Online,33,2026-04-13,226.34,32.33,HIGH,167
57,54002,Cooler Noctua NH-D15 LGA1700/AM5 Duplo 140mm,"Cooler Noctua NH-D15 LGA1700/AM5 Duplo 140mm. cooler low-profile, suporta ate 200W TDP, rolamento hidraulico. com iluminacao RGB.",473.65,699.99,1,22,Refrigeração,Hardware,5,Multilaser Industrial S.A.,75_021_839_0001_05,Extrema,MG,5,Loja BH Centro,Física,24,2026-04-13,226.34,32.33,HIGH,167
57,54002,Cooler Noctua NH-D15 LGA1700/AM5 Duplo 140mm,"Cooler Noctua NH-D15 LGA1700/AM5 Duplo 140mm. cooler low-profile, suporta ate 200W TDP, rolamento hidraulico. com iluminacao RGB.",473.65,699.99,1,22,Refrigeração,Hardware,5,Multilaser Industrial S.A.,75_021_839_0001_05,Extrema,MG,4,Loja Campinas,Física,31,2026-04-13,226.34,32.33,HIGH,167
57,54002,Cooler Noctua NH-D15 LGA1700/AM5 Duplo 140mm,"Cooler Noctua NH-D15 LGA1700/AM5 Duplo 140mm. cooler low-profile, suporta ate 200W TDP, rolamento hidraulico. com iluminacao RGB.",473.65,699.99,1,22,Refrigeração,Hardware,5,Multilaser Industrial S.A.,75_021_839_0001_05,Extrema,MG,2,Loja Paulista,Física,21,2026-04-13,226.34,32.33,HIGH,167
57,54002,Cooler Noctua NH-D15 LGA1700/AM5 Duplo 140mm,"Cooler Noctua NH-D15 LGA1700/AM5 Duplo 140mm. cooler low-profile, suporta ate 200W TDP, rolamento hidraulico. com iluminacao RGB.",473.65,699.99,1,22,Refrigeração,Hardware,5,Multilaser Industrial S.A.,75_021_839_0001_05,Extrema,MG,3,Loja Santo André,Física,29,2026-04-13,226.34,32.33,HIGH,167
61,54006,Pasta Térmica Corsair TM30 High Performance 3g,"Pasta Térmica Corsair TM30 High Performance 3g. water cooler, suporta ate 150W TDP, rolamento de esferas. sem iluminacao.",33.51,49.99,1,22,Refrigeração,Hardware,23,APC by Schneider Electric Brasil,84952076000107,São Paulo,SP,1,CD Osasco,Online,162,2026-04-13,16.48,32.97,LOW,827
61,54006,Pasta Térmica Corsair TM30 High Performance 3g,"Pasta Térmica Corsair TM30 High Performance 3g. water cooler, suporta ate 150W TDP, rolamento de esferas. sem iluminacao.",33.51,49.99,1,22,Refrigeração,Hardware,23,APC by Schneider Electric Brasil,84952076000107,São Paulo,SP,6,Escritório Central,Online,94,2026-04-13,16.48,32.97,LOW,827
61,54006,Pasta Térmica Corsair TM30 High Performance 3g,"Pasta Térmica Corsair TM30 High Performance 3g. water cooler, suporta ate 150W TDP, rolamento de esferas. sem iluminacao.",33.51,49.99,1,22,Refrigeração,Hardware,23,APC by Schneider Electric Brasil,84952076000107,São Paulo,SP,5,Loja BH Centro,Física,217,2026-04-13,16.48,32.97,LOW,827
61,54006,Pasta Térmica Corsair TM30 High Performance 3g,"Pasta Térmica Corsair TM30 High Performance 3g. water cooler, suporta ate 150W TDP, rolamento de esferas. sem iluminacao.",33.51,49.99,1,22,Refrigeração,Hardware,23,APC by Schneider Electric Brasil,84952076000107,São Paulo,SP,4,Loja Campinas,Física,195,2026-04-13,16.48,32.97,LOW,827
61,54006,Pasta Térmica Corsair TM30 High Performance 3g,"Pasta Térmica Corsair TM30 High Performance 3g. water cooler, suporta ate 150W TDP, rolamento de esferas. sem iluminacao.",33.51,49.99,1,22,Refrigeração,Hardware,23,APC by Schneider Electric Brasil,84952076000107,São Paulo,SP,2,Loja Paulista,Física,87,2026-04-13,16.48,32.97,LOW,827
61,54006,Pasta Térmica Corsair TM30 High Performance 3g,"Pasta Térmica Corsair TM30 High Performance 3g. water cooler, suporta ate 150W TDP, rolamento de esferas. sem iluminacao.",33.51,49.99,1,22,Refrigeração,Hardware,23,APC by Schneider Electric Brasil,84952076000107,São Paulo,SP,3,Loja Santo André,Física,72,2026-04-13,16.48,32.97,LOW,827
58,54003,Water Cooler Corsair H100i Elite 240mm ARGB,"Water Cooler Corsair H100i Elite 240mm ARGB. cooler de torre, suporta ate 250W TDP, rolamento hidraulico. com iluminacao RGB.",567.86,849.99,1,22,Refrigeração,Hardware,2,TD SYNNEX Brasil Comércio e Distrib.,67539024000194,São Paulo,SP,1,CD Osasco,Online,31,2026-04-13,282.13,33.19,HIGH,139
58,54003,Water Cooler Corsair H100i Elite 240mm ARGB,"Water Cooler Corsair H100i Elite 240mm ARGB. cooler de torre, suporta ate 250W TDP, rolamento hidraulico. com iluminacao RGB.",567.86,849.99,1,22,Refrigeração,Hardware,2,TD SYNNEX Brasil Comércio e Distrib.,67539024000194,São Paulo,SP,6,Escritório Central,Online,28,2026-04-13,282.13,33.19,HIGH,139
58,54003,Water Cooler Corsair H100i Elite 240mm ARGB,"Water Cooler Corsair H100i Elite 240mm ARGB. cooler de torre, suporta ate 250W TDP, rolamento hidraulico. com iluminacao RGB.",567.86,849.99,1,22,Refrigeração,Hardware,2,TD SYNNEX Brasil Comércio e Distrib.,67539024000194,São Paulo,SP,5,Loja BH Centro,Física,17,2026-04-13,282.13,33.19,HIGH,139
58,54003,Water Cooler Corsair H100i Elite 240mm ARGB,"Water Cooler Corsair H100i Elite 240mm ARGB. cooler de torre, suporta ate 250W TDP, rolamento hidraulico. com iluminacao RGB.",567.86,849.99,1,22,Refrigeração,Hardware,2,TD SYNNEX Brasil Comércio e Distrib.,67539024000194,São Paulo,SP,4,Loja Campinas,Física,10,2026-04-13,282.13,33.19,HIGH,139
58,54003,Water Cooler Corsair H100i Elite 240mm ARGB,"Water Cooler Corsair H100i Elite 240mm ARGB. cooler de torre, suporta ate 250W TDP, rolamento hidraulico. com iluminacao RGB.",567.86,849.99,1,22,Refrigeração,Hardware,2,TD SYNNEX Brasil Comércio e Distrib.,67539024000194,São Paulo,SP,2,Loja Paulista,Física,32,2026-04-13,282.13,33.19,HIGH,139
58,54003,Water Cooler Corsair H100i Elite 240mm ARGB,"Water Cooler Corsair H100i Elite 240mm ARGB. cooler de torre, suporta ate 250W TDP, rolamento hidraulico. com iluminacao RGB.",567.86,849.99,1,22,Refrigeração,Hardware,2,TD SYNNEX Brasil Comércio e Distrib.,67539024000194,São Paulo,SP,3,Loja Santo André,Física,21,2026-04-13,282.13,33.19,HIGH,139
59,54004,Water Cooler NZXT Kraken 240 RL-KN240-B1,"Water Cooler NZXT Kraken 240 RL-KN240-B1. water cooler all-in-one, suporta ate 200W TDP, rolamento hidraulico. com display LCD.",561.77,1059.99,1,22,Refrigeração,Hardware,33,XFX Brasil Comércio,63.981.452/0001-11,São Paulo,SP,1,CD Osasco,Online,4,2026-04-13,498.22,47.0,ULTRA,27
59,54004,Water Cooler NZXT Kraken 240 RL-KN240-B1,"Water Cooler NZXT Kraken 240 RL-KN240-B1. water cooler all-in-one, suporta ate 200W TDP, rolamento hidraulico. com display LCD.",561.77,1059.99,1,22,Refrigeração,Hardware,33,XFX Brasil Comércio,63.981.452/0001-11,São Paulo,SP,6,Escritório Central,Online,6,2026-04-13,498.22,47.0,ULTRA,27
59,54004,Water Cooler NZXT Kraken 240 RL-KN240-B1,"Water Cooler NZXT Kraken 240 RL-KN240-B1. water cooler all-in-one, suporta ate 200W TDP, rolamento hidraulico. com display LCD.",561.77,1059.99,1,22,Refrigeração,Hardware,33,XFX Brasil Comércio,63.981.452/0001-11,São Paulo,SP,5,Loja BH Centro,Física,6,2026-04-13,498.22,47.0,ULTRA,27
59,54004,Water Cooler NZXT Kraken 240 RL-KN240-B1,"Water Cooler NZXT Kraken 240 RL-KN240-B1. water cooler all-in-one, suporta ate 200W TDP, rolamento hidraulico. com display LCD.",561.77,1059.99,1,22,Refrigeração,Hardware,33,XFX Brasil Comércio,63.981.452/0001-11,São Paulo,SP,4,Loja Campinas,Física,3,2026-04-13,498.22,47.0,ULTRA,27
59,54004,Water Cooler NZXT Kraken 240 RL-KN240-B1,"Water Cooler NZXT Kraken 240 RL-KN240-B1. water cooler all-in-one, suporta ate 200W TDP, rolamento hidraulico. com display LCD.",561.77,1059.99,1,22,Refrigeração,Hardware,33,XFX Brasil Comércio,63.981.452/0001-11,São Paulo,SP,2,Loja Paulista,Física,3,2026-04-13,498.22,47.0,ULTRA,27
59,54004,Water Cooler NZXT Kraken 240 RL-KN240-B1,"Water Cooler NZXT Kraken 240 RL-KN240-B1. water cooler all-in-one, suporta ate 200W TDP, rolamento hidraulico. com display LCD.",561.77,1059.99,1,22,Refrigeração,Hardware,33,XFX Brasil Comércio,63.981.452/0001-11,São Paulo,SP,3,Loja Santo André,Física,5,2026-04-13,498.22,47.0,ULTRA,27
60,54005,Water Cooler NZXT Kraken 360 RGB,"Water Cooler NZXT Kraken 360 RGB. water cooler all-in-one, suporta ate 150W TDP, rolamento hidraulico. com iluminacao RGB.",851.8,1399.99,1,22,Refrigeração,Hardware,21,MSI Computer do Brasil,34765208000113,São Paulo,SP,1,CD Osasco,Online,7,2026-04-13,548.19,39.16,ULTRA,32
60,54005,Water Cooler NZXT Kraken 360 RGB,"Water Cooler NZXT Kraken 360 RGB. water cooler all-in-one, suporta ate 150W TDP, rolamento hidraulico. com iluminacao RGB.",851.8,1399.99,1,22,Refrigeração,Hardware,21,MSI Computer do Brasil,34765208000113,São Paulo,SP,6,Escritório Central,Online,9,2026-04-13,548.19,39.16,ULTRA,32
60,54005,Water Cooler NZXT Kraken 360 RGB,"Water Cooler NZXT Kraken 360 RGB. water cooler all-in-one, suporta ate 150W TDP, rolamento hidraulico. com iluminacao RGB.",851.8,1399.99,1,22,Refrigeração,Hardware,21,MSI Computer do Brasil,34765208000113,São Paulo,SP,5,Loja BH Centro,Física,1,2026-04-13,548.19,39.16,ULTRA,32
60,54005,Water Cooler NZXT Kraken 360 RGB,"Water Cooler NZXT Kraken 360 RGB. water cooler all-in-one, suporta ate 150W TDP, rolamento hidraulico. com iluminacao RGB.",851.8,1399.99,1,22,Refrigeração,Hardware,21,MSI Computer do Brasil,34765208000113,São Paulo,SP,4,Loja Campinas,Física,1,2026-04-13,548.19,39.16,ULTRA,32
60,54005,Water Cooler NZXT Kraken 360 RGB,"Water Cooler NZXT Kraken 360 RGB. water cooler all-in-one, suporta ate 150W TDP, rolamento hidraulico. com iluminacao RGB.",851.8,1399.99,1,22,Refrigeração,Hardware,21,MSI Computer do Brasil,34765208000113,São Paulo,SP,2,Loja Paulista,Física,7,2026-04-13,548.19,39.16,ULTRA,32
60,54005,Water Cooler NZXT Kraken 360 RGB,"Water Cooler NZXT Kraken 360 RGB. water cooler all-in-one, suporta ate 150W TDP, rolamento hidraulico. com iluminacao RGB.",851.8,1399.99,1,22,Refrigeração,Hardware,21,MSI Computer do Brasil,34765208000113,São Paulo,SP,3,Loja Santo André,Física,7,2026-04-13,548.19,39.16,ULTRA,32
93,70001,Impressora Epson EcoTank L3250 Jato de Tinta Wi-Fi,"Impressora Epson EcoTank L3250 Jato de Tinta Wi-Fi. impressao termica, ate 33 ppm. Conexao USB, Wi-Fi e Ethernet. frente e verso automatico.",735.18,1199.99,1,13,Impressoras,Impressão,26,NZXT Brasil Representações,37598216000100,São Paulo,SP,1,CD Osasco,Online,3,2026-04-13,464.81,38.73,ULTRA,27
93,70001,Impressora Epson EcoTank L3250 Jato de Tinta Wi-Fi,"Impressora Epson EcoTank L3250 Jato de Tinta Wi-Fi. impressao termica, ate 33 ppm. Conexao USB, Wi-Fi e Ethernet. frente e verso automatico.",735.18,1199.99,1,13,Impressoras,Impressão,26,NZXT Brasil Representações,37598216000100,São Paulo,SP,6,Escritório Central,Online,5,2026-04-13,464.81,38.73,ULTRA,27
93,70001,Impressora Epson EcoTank L3250 Jato de Tinta Wi-Fi,"Impressora Epson EcoTank L3250 Jato de Tinta Wi-Fi. impressao termica, ate 33 ppm. Conexao USB, Wi-Fi e Ethernet. frente e verso automatico.",735.18,1199.99,1,13,Impressoras,Impressão,26,NZXT Brasil Representações,37598216000100,São Paulo,SP,5,Loja BH Centro,Física,6,2026-04-13,464.81,38.73,ULTRA,27
93,70001,Impressora Epson EcoTank L3250 Jato de Tinta Wi-Fi,"Impressora Epson EcoTank L3250 Jato de Tinta Wi-Fi. impressao termica, ate 33 ppm. Conexao USB, Wi-Fi e Ethernet. frente e verso automatico.",735.18,1199.99,1,13,Impressoras,Impressão,26,NZXT Brasil Representações,37598216000100,São Paulo,SP,4,Loja Campinas,Física,3,2026-04-13,464.81,38.73,ULTRA,27
93,70001,Impressora Epson EcoTank L3250 Jato de Tinta Wi-Fi,"Impressora Epson EcoTank L3250 Jato de Tinta Wi-Fi. impressao termica, ate 33 ppm. Conexao USB, Wi-Fi e Ethernet. frente e verso automatico.",735.18,1199.99,1,13,Impressoras,Impressão,26,NZXT Brasil Representações,37598216000100,São Paulo,SP,2,Loja Paulista,Física,5,2026-04-13,464.81,38.73,ULTRA,27
93,70001,Impressora Epson EcoTank L3250 Jato de Tinta Wi-Fi,"Impressora Epson EcoTank L3250 Jato de Tinta Wi-Fi. impressao termica, ate 33 ppm. Conexao USB, Wi-Fi e Ethernet. frente e verso automatico.",735.18,1199.99,1,13,Impressoras,Impressão,26,NZXT Brasil Representações,37598216000100,São Paulo,SP,3,Loja Santo André,Física,5,2026-04-13,464.81,38.73,ULTRA,27
94,70002,Impressora HP LaserJet Pro M404dn Laser Mono Duplex,"Impressora HP LaserJet Pro M404dn Laser Mono Duplex. impressao termica, ate 40 ppm. Conexao USB, Wi-Fi e Ethernet. com display LCD.",1565.38,2499.99,1,13,Impressoras,Impressão,33,XFX Brasil Comércio,63.981.452/0001-11,São Paulo,SP,1,CD Osasco,Online,4,2026-04-13,934.61,37.38,ULTRA,26
94,70002,Impressora HP LaserJet Pro M404dn Laser Mono Duplex,"Impressora HP LaserJet Pro M404dn Laser Mono Duplex. impressao termica, ate 40 ppm. Conexao USB, Wi-Fi e Ethernet. com display LCD.",1565.38,2499.99,1,13,Impressoras,Impressão,33,XFX Brasil Comércio,63.981.452/0001-11,São Paulo,SP,6,Escritório Central,Online,4,2026-04-13,934.61,37.38,ULTRA,26
94,70002,Impressora HP LaserJet Pro M404dn Laser Mono Duplex,"Impressora HP LaserJet Pro M404dn Laser Mono Duplex. impressao termica, ate 40 ppm. Conexao USB, Wi-Fi e Ethernet. com display LCD.",1565.38,2499.99,1,13,Impressoras,Impressão,33,XFX Brasil Comércio,63.981.452/0001-11,São Paulo,SP,5,Loja BH Centro,Física,4,2026-04-13,934.61,37.38,ULTRA,26
94,70002,Impressora HP LaserJet Pro M404dn Laser Mono Duplex,"Impressora HP LaserJet Pro M404dn Laser Mono Duplex. impressao termica, ate 40 ppm. Conexao USB, Wi-Fi e Ethernet. com display LCD.",1565.38,2499.99,1,13,Impressoras,Impressão,33,XFX Brasil Comércio,63.981.452/0001-11,São Paulo,SP,4,Loja Campinas,Física,3,2026-04-13,934.61,37.38,ULTRA,26
94,70002,Impressora HP LaserJet Pro M404dn Laser Mono Duplex,"Impressora HP LaserJet Pro M404dn Laser Mono Duplex. impressao termica, ate 40 ppm. Conexao USB, Wi-Fi e Ethernet. com display LCD.",1565.38,2499.99,1,13,Impressoras,Impressão,33,XFX Brasil Comércio,63.981.452/0001-11,São Paulo,SP,2,Loja Paulista,Física,5,2026-04-13,934.61,37.38,ULTRA,26
94,70002,Impressora HP LaserJet Pro M404dn Laser Mono Duplex,"Impressora HP LaserJet Pro M404dn Laser Mono Duplex. impressao termica, ate 40 ppm. Conexao USB, Wi-Fi e Ethernet. com display LCD.",1565.38,2499.99,1,13,Impressoras,Impressão,33,XFX Brasil Comércio,63.981.452/0001-11,São Paulo,SP,3,Loja Santo André,Física,6,2026-04-13,934.61,37.38,ULTRA,26
95,70003,Impressora Térmica 3Nstar RPI007E Ticket USB/Ethernet,"Impressora Térmica 3Nstar RPI007E Ticket USB/Ethernet. impressao a jato de tinta, ate 33 ppm. Conexao USB, Wi-Fi e Ethernet. bandeja para 250 folhas.",554.97,899.99,1,13,Impressoras,Impressão,30,Zotac Technology Brasil,52_479_081_0001_58,São Paulo,SP,1,CD Osasco,Online,31,2026-04-13,345.02,38.34,HIGH,217
95,70003,Impressora Térmica 3Nstar RPI007E Ticket USB/Ethernet,"Impressora Térmica 3Nstar RPI007E Ticket USB/Ethernet. impressao a jato de tinta, ate 33 ppm. Conexao USB, Wi-Fi e Ethernet. bandeja para 250 folhas.",554.97,899.99,1,13,Impressoras,Impressão,30,Zotac Technology Brasil,52_479_081_0001_58,São Paulo,SP,6,Escritório Central,Online,28,2026-04-13,345.02,38.34,HIGH,217
95,70003,Impressora Térmica 3Nstar RPI007E Ticket USB/Ethernet,"Impressora Térmica 3Nstar RPI007E Ticket USB/Ethernet. impressao a jato de tinta, ate 33 ppm. Conexao USB, Wi-Fi e Ethernet. bandeja para 250 folhas.",554.97,899.99,1,13,Impressoras,Impressão,30,Zotac Technology Brasil,52_479_081_0001_58,São Paulo,SP,5,Loja BH Centro,Física,42,2026-04-13,345.02,38.34,HIGH,217
95,70003,Impressora Térmica 3Nstar RPI007E Ticket USB/Ethernet,"Impressora Térmica 3Nstar RPI007E Ticket USB/Ethernet. impressao a jato de tinta, ate 33 ppm. Conexao USB, Wi-Fi e Ethernet. bandeja para 250 folhas.",554.97,899.99,1,13,Impressoras,Impressão,30,Zotac Technology Brasil,52_479_081_0001_58,São Paulo,SP,4,Loja Campinas,Física,28,2026-04-13,345.02,38.34,HIGH,217
95,70003,Impressora Térmica 3Nstar RPI007E Ticket USB/Ethernet,"Impressora Térmica 3Nstar RPI007E Ticket USB/Ethernet. impressao a jato de tinta, ate 33 ppm. Conexao USB, Wi-Fi e Ethernet. bandeja para 250 folhas.",554.97,899.99,1,13,Impressoras,Impressão,30,Zotac Technology Brasil,52_479_081_0001_58,São Paulo,SP,2,Loja Paulista,Física,46,2026-04-13,345.02,38.34,HIGH,217
95,70003,Impressora Térmica 3Nstar RPI007E Ticket USB/Ethernet,"Impressora Térmica 3Nstar RPI007E Ticket USB/Ethernet. impressao a jato de tinta, ate 33 ppm. Conexao USB, Wi-Fi e Ethernet. bandeja para 250 folhas.",554.97,899.99,1,13,Impressoras,Impressão,30,Zotac Technology Brasil,52_479_081_0001_58,São Paulo,SP,3,Loja Santo André,Física,42,2026-04-13,345.02,38.34,HIGH,217
102,70010,Bobina Papel Térmico 80mm x 40m (50 unidades),"Bobina Papel Térmico 80mm x 40m (50 unidades). 58mm de largura, 80m por rolo, papel termico BPA-free. Pacote com 50 unidades.",37.65,57.99,1,19,Papéis e Bobinas,Impressão,11,LG Electronics do Brasil Ltda.,73_425_608_0001_31,São Paulo,SP,1,CD Osasco,Online,124,2026-04-13,20.34,35.08,MID,395
102,70010,Bobina Papel Térmico 80mm x 40m (50 unidades),"Bobina Papel Térmico 80mm x 40m (50 unidades). 58mm de largura, 80m por rolo, papel termico BPA-free. Pacote com 50 unidades.",37.65,57.99,1,19,Papéis e Bobinas,Impressão,11,LG Electronics do Brasil Ltda.,73_425_608_0001_31,São Paulo,SP,6,Escritório Central,Online,46,2026-04-13,20.34,35.08,MID,395
102,70010,Bobina Papel Térmico 80mm x 40m (50 unidades),"Bobina Papel Térmico 80mm x 40m (50 unidades). 58mm de largura, 80m por rolo, papel termico BPA-free. Pacote com 50 unidades.",37.65,57.99,1,19,Papéis e Bobinas,Impressão,11,LG Electronics do Brasil Ltda.,73_425_608_0001_31,São Paulo,SP,5,Loja BH Centro,Física,33,2026-04-13,20.34,35.08,MID,395
102,70010,Bobina Papel Térmico 80mm x 40m (50 unidades),"Bobina Papel Térmico 80mm x 40m (50 unidades). 58mm de largura, 80m por rolo, papel termico BPA-free. Pacote com 50 unidades.",37.65,57.99,1,19,Papéis e Bobinas,Impressão,11,LG Electronics do Brasil Ltda.,73_425_608_0001_31,São Paulo,SP,4,Loja Campinas,Física,87,2026-04-13,20.34,35.08,MID,395
102,70010,Bobina Papel Térmico 80mm x 40m (50 unidades),"Bobina Papel Térmico 80mm x 40m (50 unidades). 58mm de largura, 80m por rolo, papel termico BPA-free. Pacote com 50 unidades.",37.65,57.99,1,19,Papéis e Bobinas,Impressão,11,LG Electronics do Brasil Ltda.,73_425_608_0001_31,São Paulo,SP,2,Loja Paulista,Física,57,2026-04-13,20.34,35.08,MID,395
102,70010,Bobina Papel Térmico 80mm x 40m (50 unidades),"Bobina Papel Térmico 80mm x 40m (50 unidades). 58mm de largura, 80m por rolo, papel termico BPA-free. Pacote com 50 unidades.",37.65,57.99,1,19,Papéis e Bobinas,Impressão,11,LG Electronics do Brasil Ltda.,73_425_608_0001_31,São Paulo,SP,3,Loja Santo André,Física,48,2026-04-13,20.34,35.08,MID,395
99,70007,Tinta Epson T544120 Preto L3110/L3150/L5190,"Tinta Epson T544120 Preto L3110/L3150/L5190. frasco 1 litro, tinta para sublimacao. Para impressoras EcoTank. Alta definicao e secagem rapida.",45.1,66.99,1,29,Tintas,Impressão,18,Lenovo Tecnologia (Brasil) Ltda.,09826541000148,Indaiatuba,SP,1,CD Osasco,Online,54,2026-04-13,21.89,32.68,MID,400
99,70007,Tinta Epson T544120 Preto L3110/L3150/L5190,"Tinta Epson T544120 Preto L3110/L3150/L5190. frasco 1 litro, tinta para sublimacao. Para impressoras EcoTank. Alta definicao e secagem rapida.",45.1,66.99,1,29,Tintas,Impressão,18,Lenovo Tecnologia (Brasil) Ltda.,09826541000148,Indaiatuba,SP,6,Escritório Central,Online,42,2026-04-13,21.89,32.68,MID,400
99,70007,Tinta Epson T544120 Preto L3110/L3150/L5190,"Tinta Epson T544120 Preto L3110/L3150/L5190. frasco 1 litro, tinta para sublimacao. Para impressoras EcoTank. Alta definicao e secagem rapida.",45.1,66.99,1,29,Tintas,Impressão,18,Lenovo Tecnologia (Brasil) Ltda.,09826541000148,Indaiatuba,SP,5,Loja BH Centro,Física,82,2026-04-13,21.89,32.68,MID,400
99,70007,Tinta Epson T544120 Preto L3110/L3150/L5190,"Tinta Epson T544120 Preto L3110/L3150/L5190. frasco 1 litro, tinta para sublimacao. Para impressoras EcoTank. Alta definicao e secagem rapida.",45.1,66.99,1,29,Tintas,Impressão,18,Lenovo Tecnologia (Brasil) Ltda.,09826541000148,Indaiatuba,SP,4,Loja Campinas,Física,24,2026-04-13,21.89,32.68,MID,400
99,70007,Tinta Epson T544120 Preto L3110/L3150/L5190,"Tinta Epson T544120 Preto L3110/L3150/L5190. frasco 1 litro, tinta para sublimacao. Para impressoras EcoTank. Alta definicao e secagem rapida.",45.1,66.99,1,29,Tintas,Impressão,18,Lenovo Tecnologia (Brasil) Ltda.,09826541000148,Indaiatuba,SP,2,Loja Paulista,Física,87,2026-04-13,21.89,32.68,MID,400
99,70007,Tinta Epson T544120 Preto L3110/L3150/L5190,"Tinta Epson T544120 Preto L3110/L3150/L5190. frasco 1 litro, tinta para sublimacao. Para impressoras EcoTank. Alta definicao e secagem rapida.",45.1,66.99,1,29,Tintas,Impressão,18,Lenovo Tecnologia (Brasil) Ltda.,09826541000148,Indaiatuba,SP,3,Loja Santo André,Física,111,2026-04-13,21.89,32.68,MID,400
100,70008,Tinta Epson T544220 Ciano L3110/L3150/L5190,"Tinta Epson T544220 Ciano L3110/L3150/L5190. frasco 70ml, tinta pigmentada. Para recarga de cartucho. Alta definicao e secagem rapida.",35.08,66.99,1,29,Tintas,Impressão,28,HyperX / Kingston Brasil,89_214_705_0001_15,São Paulo,SP,1,CD Osasco,Online,102,2026-04-13,31.91,47.63,MID,421
100,70008,Tinta Epson T544220 Ciano L3110/L3150/L5190,"Tinta Epson T544220 Ciano L3110/L3150/L5190. frasco 70ml, tinta pigmentada. Para recarga de cartucho. Alta definicao e secagem rapida.",35.08,66.99,1,29,Tintas,Impressão,28,HyperX / Kingston Brasil,89_214_705_0001_15,São Paulo,SP,6,Escritório Central,Online,61,2026-04-13,31.91,47.63,MID,421
100,70008,Tinta Epson T544220 Ciano L3110/L3150/L5190,"Tinta Epson T544220 Ciano L3110/L3150/L5190. frasco 70ml, tinta pigmentada. Para recarga de cartucho. Alta definicao e secagem rapida.",35.08,66.99,1,29,Tintas,Impressão,28,HyperX / Kingston Brasil,89_214_705_0001_15,São Paulo,SP,5,Loja BH Centro,Física,27,2026-04-13,31.91,47.63,MID,421
100,70008,Tinta Epson T544220 Ciano L3110/L3150/L5190,"Tinta Epson T544220 Ciano L3110/L3150/L5190. frasco 70ml, tinta pigmentada. Para recarga de cartucho. Alta definicao e secagem rapida.",35.08,66.99,1,29,Tintas,Impressão,28,HyperX / Kingston Brasil,89_214_705_0001_15,São Paulo,SP,4,Loja Campinas,Física,90,2026-04-13,31.91,47.63,MID,421
100,70008,Tinta Epson T544220 Ciano L3110/L3150/L5190,"Tinta Epson T544220 Ciano L3110/L3150/L5190. frasco 70ml, tinta pigmentada. Para recarga de cartucho. Alta definicao e secagem rapida.",35.08,66.99,1,29,Tintas,Impressão,28,HyperX / Kingston Brasil,89_214_705_0001_15,São Paulo,SP,2,Loja Paulista,Física,114,2026-04-13,31.91,47.63,MID,421
100,70008,Tinta Epson T544220 Ciano L3110/L3150/L5190,"Tinta Epson T544220 Ciano L3110/L3150/L5190. frasco 70ml, tinta pigmentada. Para recarga de cartucho. Alta definicao e secagem rapida.",35.08,66.99,1,29,Tintas,Impressão,28,HyperX / Kingston Brasil,89_214_705_0001_15,São Paulo,SP,3,Loja Santo André,Física,27,2026-04-13,31.91,47.63,MID,421
101,70009,Tinta HP GT53 Black 1VV22AL 90ml,"Tinta HP GT53 Black 1VV22AL 90ml. frasco 100ml, tinta pigmentada. Para recarga de cartucho. Alta definicao e secagem rapida.",29.41,55.99,1,29,Tintas,Impressão,26,NZXT Brasil Representações,37598216000100,São Paulo,SP,1,CD Osasco,Online,31,2026-04-13,26.58,47.47,MID,356
101,70009,Tinta HP GT53 Black 1VV22AL 90ml,"Tinta HP GT53 Black 1VV22AL 90ml. frasco 100ml, tinta pigmentada. Para recarga de cartucho. Alta definicao e secagem rapida.",29.41,55.99,1,29,Tintas,Impressão,26,NZXT Brasil Representações,37598216000100,São Paulo,SP,6,Escritório Central,Online,46,2026-04-13,26.58,47.47,MID,356
101,70009,Tinta HP GT53 Black 1VV22AL 90ml,"Tinta HP GT53 Black 1VV22AL 90ml. frasco 100ml, tinta pigmentada. Para recarga de cartucho. Alta definicao e secagem rapida.",29.41,55.99,1,29,Tintas,Impressão,26,NZXT Brasil Representações,37598216000100,São Paulo,SP,5,Loja BH Centro,Física,70,2026-04-13,26.58,47.47,MID,356
101,70009,Tinta HP GT53 Black 1VV22AL 90ml,"Tinta HP GT53 Black 1VV22AL 90ml. frasco 100ml, tinta pigmentada. Para recarga de cartucho. Alta definicao e secagem rapida.",29.41,55.99,1,29,Tintas,Impressão,26,NZXT Brasil Representações,37598216000100,São Paulo,SP,4,Loja Campinas,Física,61,2026-04-13,26.58,47.47,MID,356
101,70009,Tinta HP GT53 Black 1VV22AL 90ml,"Tinta HP GT53 Black 1VV22AL 90ml. frasco 100ml, tinta pigmentada. Para recarga de cartucho. Alta definicao e secagem rapida.",29.41,55.99,1,29,Tintas,Impressão,26,NZXT Brasil Representações,37598216000100,São Paulo,SP,2,Loja Paulista,Física,25,2026-04-13,26.58,47.47,MID,356
101,70009,Tinta HP GT53 Black 1VV22AL 90ml,"Tinta HP GT53 Black 1VV22AL 90ml. frasco 100ml, tinta pigmentada. Para recarga de cartucho. Alta definicao e secagem rapida.",29.41,55.99,1,29,Tintas,Impressão,26,NZXT Brasil Representações,37598216000100,São Paulo,SP,3,Loja Santo André,Física,123,2026-04-13,26.58,47.47,MID,356
98,70006,Toner HP CE285A LaserJet P1102 Preto ~1600 pgs,"Toner HP CE285A LaserJet P1102 Preto ~1600 pgs. cartucho original, rendimento aprox. 10.000 paginas com cobertura 5%. Embalagem lacrada.",95.06,179.99,1,30,Toners e Cartuchos,Impressão,6,Positivo Tecnologia S.A.,69.702.435/0001-84,Curitiba,PR,1,CD Osasco,Online,24,2026-04-13,84.93,47.19,MID,296
98,70006,Toner HP CE285A LaserJet P1102 Preto ~1600 pgs,"Toner HP CE285A LaserJet P1102 Preto ~1600 pgs. cartucho original, rendimento aprox. 10.000 paginas com cobertura 5%. Embalagem lacrada.",95.06,179.99,1,30,Toners e Cartuchos,Impressão,6,Positivo Tecnologia S.A.,69.702.435/0001-84,Curitiba,PR,6,Escritório Central,Online,27,2026-04-13,84.93,47.19,MID,296
98,70006,Toner HP CE285A LaserJet P1102 Preto ~1600 pgs,"Toner HP CE285A LaserJet P1102 Preto ~1600 pgs. cartucho original, rendimento aprox. 10.000 paginas com cobertura 5%. Embalagem lacrada.",95.06,179.99,1,30,Toners e Cartuchos,Impressão,6,Positivo Tecnologia S.A.,69.702.435/0001-84,Curitiba,PR,5,Loja BH Centro,Física,31,2026-04-13,84.93,47.19,MID,296
98,70006,Toner HP CE285A LaserJet P1102 Preto ~1600 pgs,"Toner HP CE285A LaserJet P1102 Preto ~1600 pgs. cartucho original, rendimento aprox. 10.000 paginas com cobertura 5%. Embalagem lacrada.",95.06,179.99,1,30,Toners e Cartuchos,Impressão,6,Positivo Tecnologia S.A.,69.702.435/0001-84,Curitiba,PR,4,Loja Campinas,Física,83,2026-04-13,84.93,47.19,MID,296
98,70006,Toner HP CE285A LaserJet P1102 Preto ~1600 pgs,"Toner HP CE285A LaserJet P1102 Preto ~1600 pgs. cartucho original, rendimento aprox. 10.000 paginas com cobertura 5%. Embalagem lacrada.",95.06,179.99,1,30,Toners e Cartuchos,Impressão,6,Positivo Tecnologia S.A.,69.702.435/0001-84,Curitiba,PR,2,Loja Paulista,Física,49,2026-04-13,84.93,47.19,MID,296
98,70006,Toner HP CE285A LaserJet P1102 Preto ~1600 pgs,"Toner HP CE285A LaserJet P1102 Preto ~1600 pgs. cartucho original, rendimento aprox. 10.000 paginas com cobertura 5%. Embalagem lacrada.",95.06,179.99,1,30,Toners e Cartuchos,Impressão,6,Positivo Tecnologia S.A.,69.702.435/0001-84,Curitiba,PR,3,Loja Santo André,Física,82,2026-04-13,84.93,47.19,MID,296
96,70004,Toner HP CF217A LaserJet M102W Preto ~1600 pgs,"Toner HP CF217A LaserJet M102W Preto ~1600 pgs. toner compativel, rendimento aprox. 5.000 paginas com cobertura 5%. Embalagem lacrada.",107.66,189.99,1,30,Toners e Cartuchos,Impressão,17,HP do Brasil Sistemas de Computação,06493127000176,Barueri,SP,1,CD Osasco,Online,80,2026-04-13,82.33,43.33,MID,304
96,70004,Toner HP CF217A LaserJet M102W Preto ~1600 pgs,"Toner HP CF217A LaserJet M102W Preto ~1600 pgs. toner compativel, rendimento aprox. 5.000 paginas com cobertura 5%. Embalagem lacrada.",107.66,189.99,1,30,Toners e Cartuchos,Impressão,17,HP do Brasil Sistemas de Computação,06493127000176,Barueri,SP,6,Escritório Central,Online,35,2026-04-13,82.33,43.33,MID,304
96,70004,Toner HP CF217A LaserJet M102W Preto ~1600 pgs,"Toner HP CF217A LaserJet M102W Preto ~1600 pgs. toner compativel, rendimento aprox. 5.000 paginas com cobertura 5%. Embalagem lacrada.",107.66,189.99,1,30,Toners e Cartuchos,Impressão,17,HP do Brasil Sistemas de Computação,06493127000176,Barueri,SP,5,Loja BH Centro,Física,57,2026-04-13,82.33,43.33,MID,304
96,70004,Toner HP CF217A LaserJet M102W Preto ~1600 pgs,"Toner HP CF217A LaserJet M102W Preto ~1600 pgs. toner compativel, rendimento aprox. 5.000 paginas com cobertura 5%. Embalagem lacrada.",107.66,189.99,1,30,Toners e Cartuchos,Impressão,17,HP do Brasil Sistemas de Computação,06493127000176,Barueri,SP,4,Loja Campinas,Física,21,2026-04-13,82.33,43.33,MID,304
96,70004,Toner HP CF217A LaserJet M102W Preto ~1600 pgs,"Toner HP CF217A LaserJet M102W Preto ~1600 pgs. toner compativel, rendimento aprox. 5.000 paginas com cobertura 5%. Embalagem lacrada.",107.66,189.99,1,30,Toners e Cartuchos,Impressão,17,HP do Brasil Sistemas de Computação,06493127000176,Barueri,SP,2,Loja Paulista,Física,56,2026-04-13,82.33,43.33,MID,304
96,70004,Toner HP CF217A LaserJet M102W Preto ~1600 pgs,"Toner HP CF217A LaserJet M102W Preto ~1600 pgs. toner compativel, rendimento aprox. 5.000 paginas com cobertura 5%. Embalagem lacrada.",107.66,189.99,1,30,Toners e Cartuchos,Impressão,17,HP do Brasil Sistemas de Computação,06493127000176,Barueri,SP,3,Loja Santo André,Física,55,2026-04-13,82.33,43.33,MID,304
97,70005,Toner Samsung MLT-D101S ML-2160 Preto ~1500 pgs,"Toner Samsung MLT-D101S ML-2160 Preto ~1500 pgs. toner original, rendimento aprox. 1.000 paginas com cobertura 5% A4. Embalagem lacrada.",106.41,169.99,1,30,Toners e Cartuchos,Impressão,21,MSI Computer do Brasil,34765208000113,São Paulo,SP,1,CD Osasco,Online,70,2026-04-13,63.58,37.4,MID,312
97,70005,Toner Samsung MLT-D101S ML-2160 Preto ~1500 pgs,"Toner Samsung MLT-D101S ML-2160 Preto ~1500 pgs. toner original, rendimento aprox. 1.000 paginas com cobertura 5% A4. Embalagem lacrada.",106.41,169.99,1,30,Toners e Cartuchos,Impressão,21,MSI Computer do Brasil,34765208000113,São Paulo,SP,6,Escritório Central,Online,61,2026-04-13,63.58,37.4,MID,312
97,70005,Toner Samsung MLT-D101S ML-2160 Preto ~1500 pgs,"Toner Samsung MLT-D101S ML-2160 Preto ~1500 pgs. toner original, rendimento aprox. 1.000 paginas com cobertura 5% A4. Embalagem lacrada.",106.41,169.99,1,30,Toners e Cartuchos,Impressão,21,MSI Computer do Brasil,34765208000113,São Paulo,SP,5,Loja BH Centro,Física,41,2026-04-13,63.58,37.4,MID,312
97,70005,Toner Samsung MLT-D101S ML-2160 Preto ~1500 pgs,"Toner Samsung MLT-D101S ML-2160 Preto ~1500 pgs. toner original, rendimento aprox. 1.000 paginas com cobertura 5% A4. Embalagem lacrada.",106.41,169.99,1,30,Toners e Cartuchos,Impressão,21,MSI Computer do Brasil,34765208000113,São Paulo,SP,4,Loja Campinas,Física,67,2026-04-13,63.58,37.4,MID,312
97,70005,Toner Samsung MLT-D101S ML-2160 Preto ~1500 pgs,"Toner Samsung MLT-D101S ML-2160 Preto ~1500 pgs. toner original, rendimento aprox. 1.000 paginas com cobertura 5% A4. Embalagem lacrada.",106.41,169.99,1,30,Toners e Cartuchos,Impressão,21,MSI Computer do Brasil,34765208000113,São Paulo,SP,2,Loja Paulista,Física,30,2026-04-13,63.58,37.4,MID,312
97,70005,Toner Samsung MLT-D101S ML-2160 Preto ~1500 pgs,"Toner Samsung MLT-D101S ML-2160 Preto ~1500 pgs. toner original, rendimento aprox. 1.000 paginas com cobertura 5% A4. Embalagem lacrada.",106.41,169.99,1,30,Toners e Cartuchos,Impressão,21,MSI Computer do Brasil,34765208000113,São Paulo,SP,3,Loja Santo André,Física,43,2026-04-13,63.58,37.4,MID,312
139,77001,"Notebook Asus VivoBook E1504GA I3-N305 8G/256SSD 15"" W11","Notebook Asus VivoBook E1504GA I3-N305 8G/256SSD 15"" W11. Chrome OS, SSD NVMe 512GB. bateria de 3 celulas aprox. 8h. teclado retroiluminado.",1484.29,2669.99,1,18,Notebooks e Laptops,Notebooks e Laptops,15,Intelbras S.A.,46832950000183,São José,SC,1,CD Osasco,Online,6,2026-04-13,1185.7,44.41,ULTRA,31
139,77001,"Notebook Asus VivoBook E1504GA I3-N305 8G/256SSD 15"" W11","Notebook Asus VivoBook E1504GA I3-N305 8G/256SSD 15"" W11. Chrome OS, SSD NVMe 512GB. bateria de 3 celulas aprox. 8h. teclado retroiluminado.",1484.29,2669.99,1,18,Notebooks e Laptops,Notebooks e Laptops,15,Intelbras S.A.,46832950000183,São José,SC,6,Escritório Central,Online,3,2026-04-13,1185.7,44.41,ULTRA,31
139,77001,"Notebook Asus VivoBook E1504GA I3-N305 8G/256SSD 15"" W11","Notebook Asus VivoBook E1504GA I3-N305 8G/256SSD 15"" W11. Chrome OS, SSD NVMe 512GB. bateria de 3 celulas aprox. 8h. teclado retroiluminado.",1484.29,2669.99,1,18,Notebooks e Laptops,Notebooks e Laptops,15,Intelbras S.A.,46832950000183,São José,SC,5,Loja BH Centro,Física,1,2026-04-13,1185.7,44.41,ULTRA,31
139,77001,"Notebook Asus VivoBook E1504GA I3-N305 8G/256SSD 15"" W11","Notebook Asus VivoBook E1504GA I3-N305 8G/256SSD 15"" W11. Chrome OS, SSD NVMe 512GB. bateria de 3 celulas aprox. 8h. teclado retroiluminado.",1484.29,2669.99,1,18,Notebooks e Laptops,Notebooks e Laptops,15,Intelbras S.A.,46832950000183,São José,SC,4,Loja Campinas,Física,6,2026-04-13,1185.7,44.41,ULTRA,31
139,77001,"Notebook Asus VivoBook E1504GA I3-N305 8G/256SSD 15"" W11","Notebook Asus VivoBook E1504GA I3-N305 8G/256SSD 15"" W11. Chrome OS, SSD NVMe 512GB. bateria de 3 celulas aprox. 8h. teclado retroiluminado.",1484.29,2669.99,1,18,Notebooks e Laptops,Notebooks e Laptops,15,Intelbras S.A.,46832950000183,São José,SC,2,Loja Paulista,Física,9,2026-04-13,1185.7,44.41,ULTRA,31
139,77001,"Notebook Asus VivoBook E1504GA I3-N305 8G/256SSD 15"" W11","Notebook Asus VivoBook E1504GA I3-N305 8G/256SSD 15"" W11. Chrome OS, SSD NVMe 512GB. bateria de 3 celulas aprox. 8h. teclado retroiluminado.",1484.29,2669.99,1,18,Notebooks e Laptops,Notebooks e Laptops,15,Intelbras S.A.,46832950000183,São José,SC,3,Loja Santo André,Física,6,2026-04-13,1185.7,44.41,ULTRA,31
141,77003,Notebook Dell Inspiron 15 I7-1255U 16G/512SSD W11,"Notebook Dell Inspiron 15 I7-1255U 16G/512SSD W11. Windows 11 Pro, SSD NVMe 1TB. bateria de 3 celulas aprox. 8h. leitor de digital.",3069.61,5499.99,1,18,Notebooks e Laptops,Notebooks e Laptops,30,Zotac Technology Brasil,52_479_081_0001_58,São Paulo,SP,1,CD Osasco,Online,7,2026-04-13,2430.38,44.19,ULTRA,30
141,77003,Notebook Dell Inspiron 15 I7-1255U 16G/512SSD W11,"Notebook Dell Inspiron 15 I7-1255U 16G/512SSD W11. Windows 11 Pro, SSD NVMe 1TB. bateria de 3 celulas aprox. 8h. leitor de digital.",3069.61,5499.99,1,18,Notebooks e Laptops,Notebooks e Laptops,30,Zotac Technology Brasil,52_479_081_0001_58,São Paulo,SP,6,Escritório Central,Online,9,2026-04-13,2430.38,44.19,ULTRA,30
141,77003,Notebook Dell Inspiron 15 I7-1255U 16G/512SSD W11,"Notebook Dell Inspiron 15 I7-1255U 16G/512SSD W11. Windows 11 Pro, SSD NVMe 1TB. bateria de 3 celulas aprox. 8h. leitor de digital.",3069.61,5499.99,1,18,Notebooks e Laptops,Notebooks e Laptops,30,Zotac Technology Brasil,52_479_081_0001_58,São Paulo,SP,5,Loja BH Centro,Física,1,2026-04-13,2430.38,44.19,ULTRA,30
141,77003,Notebook Dell Inspiron 15 I7-1255U 16G/512SSD W11,"Notebook Dell Inspiron 15 I7-1255U 16G/512SSD W11. Windows 11 Pro, SSD NVMe 1TB. bateria de 3 celulas aprox. 8h. leitor de digital.",3069.61,5499.99,1,18,Notebooks e Laptops,Notebooks e Laptops,30,Zotac Technology Brasil,52_479_081_0001_58,São Paulo,SP,4,Loja Campinas,Física,3,2026-04-13,2430.38,44.19,ULTRA,30
141,77003,Notebook Dell Inspiron 15 I7-1255U 16G/512SSD W11,"Notebook Dell Inspiron 15 I7-1255U 16G/512SSD W11. Windows 11 Pro, SSD NVMe 1TB. bateria de 3 celulas aprox. 8h. leitor de digital.",3069.61,5499.99,1,18,Notebooks e Laptops,Notebooks e Laptops,30,Zotac Technology Brasil,52_479_081_0001_58,São Paulo,SP,2,Loja Paulista,Física,4,2026-04-13,2430.38,44.19,ULTRA,30
141,77003,Notebook Dell Inspiron 15 I7-1255U 16G/512SSD W11,"Notebook Dell Inspiron 15 I7-1255U 16G/512SSD W11. Windows 11 Pro, SSD NVMe 1TB. bateria de 3 celulas aprox. 8h. leitor de digital.",3069.61,5499.99,1,18,Notebooks e Laptops,Notebooks e Laptops,30,Zotac Technology Brasil,52_479_081_0001_58,São Paulo,SP,3,Loja Santo André,Física,6,2026-04-13,2430.38,44.19,ULTRA,30
140,77002,"Notebook Lenovo IdeaPad 3 I5-1235U 8G/512SSD 15.6"" W11","Notebook Lenovo IdeaPad 3 I5-1235U 8G/512SSD 15.6"" W11. Windows 11 Pro, SSD NVMe 512GB. bateria de 4 celulas aprox. 10h. leitor de digital.",1853.01,3499.99,1,18,Notebooks e Laptops,Notebooks e Laptops,1,Ingram Micro Brasil Ltda.,19.305.678/0001-00,Barueri,SP,1,CD Osasco,Online,3,2026-04-13,1646.98,47.06,ULTRA,25
140,77002,"Notebook Lenovo IdeaPad 3 I5-1235U 8G/512SSD 15.6"" W11","Notebook Lenovo IdeaPad 3 I5-1235U 8G/512SSD 15.6"" W11. Windows 11 Pro, SSD NVMe 512GB. bateria de 4 celulas aprox. 10h. leitor de digital.",1853.01,3499.99,1,18,Notebooks e Laptops,Notebooks e Laptops,1,Ingram Micro Brasil Ltda.,19.305.678/0001-00,Barueri,SP,6,Escritório Central,Online,9,2026-04-13,1646.98,47.06,ULTRA,25
140,77002,"Notebook Lenovo IdeaPad 3 I5-1235U 8G/512SSD 15.6"" W11","Notebook Lenovo IdeaPad 3 I5-1235U 8G/512SSD 15.6"" W11. Windows 11 Pro, SSD NVMe 512GB. bateria de 4 celulas aprox. 10h. leitor de digital.",1853.01,3499.99,1,18,Notebooks e Laptops,Notebooks e Laptops,1,Ingram Micro Brasil Ltda.,19.305.678/0001-00,Barueri,SP,5,Loja BH Centro,Física,4,2026-04-13,1646.98,47.06,ULTRA,25
140,77002,"Notebook Lenovo IdeaPad 3 I5-1235U 8G/512SSD 15.6"" W11","Notebook Lenovo IdeaPad 3 I5-1235U 8G/512SSD 15.6"" W11. Windows 11 Pro, SSD NVMe 512GB. bateria de 4 celulas aprox. 10h. leitor de digital.",1853.01,3499.99,1,18,Notebooks e Laptops,Notebooks e Laptops,1,Ingram Micro Brasil Ltda.,19.305.678/0001-00,Barueri,SP,4,Loja Campinas,Física,4,2026-04-13,1646.98,47.06,ULTRA,25
140,77002,"Notebook Lenovo IdeaPad 3 I5-1235U 8G/512SSD 15.6"" W11","Notebook Lenovo IdeaPad 3 I5-1235U 8G/512SSD 15.6"" W11. Windows 11 Pro, SSD NVMe 512GB. bateria de 4 celulas aprox. 10h. leitor de digital.",1853.01,3499.99,1,18,Notebooks e Laptops,Notebooks e Laptops,1,Ingram Micro Brasil Ltda.,19.305.678/0001-00,Barueri,SP,2,Loja Paulista,Física,1,2026-04-13,1646.98,47.06,ULTRA,25
140,77002,"Notebook Lenovo IdeaPad 3 I5-1235U 8G/512SSD 15.6"" W11","Notebook Lenovo IdeaPad 3 I5-1235U 8G/512SSD 15.6"" W11. Windows 11 Pro, SSD NVMe 512GB. bateria de 4 celulas aprox. 10h. leitor de digital.",1853.01,3499.99,1,18,Notebooks e Laptops,Notebooks e Laptops,1,Ingram Micro Brasil Ltda.,19.305.678/0001-00,Barueri,SP,3,Loja Santo André,Física,4,2026-04-13,1646.98,47.06,ULTRA,25
92,64004,Fone Bluetooth Anker Soundcore Life 2 Neo A3033,"Fone Bluetooth Anker Soundcore Life 2 Neo A3033. drivers de 53mm, USB-A. resposta 20Hz-20kHz. Ideal para games e comunicacao.",165.2,299.99,1,12,Headsets e Fones,Periféricos,7,Logitech do Brasil Ltda.,21.865.937/0001-08,São Paulo,SP,1,CD Osasco,Online,23,2026-04-13,134.79,44.93,MID,278
92,64004,Fone Bluetooth Anker Soundcore Life 2 Neo A3033,"Fone Bluetooth Anker Soundcore Life 2 Neo A3033. drivers de 53mm, USB-A. resposta 20Hz-20kHz. Ideal para games e comunicacao.",165.2,299.99,1,12,Headsets e Fones,Periféricos,7,Logitech do Brasil Ltda.,21.865.937/0001-08,São Paulo,SP,6,Escritório Central,Online,75,2026-04-13,134.79,44.93,MID,278
92,64004,Fone Bluetooth Anker Soundcore Life 2 Neo A3033,"Fone Bluetooth Anker Soundcore Life 2 Neo A3033. drivers de 53mm, USB-A. resposta 20Hz-20kHz. Ideal para games e comunicacao.",165.2,299.99,1,12,Headsets e Fones,Periféricos,7,Logitech do Brasil Ltda.,21.865.937/0001-08,São Paulo,SP,5,Loja BH Centro,Física,22,2026-04-13,134.79,44.93,MID,278
92,64004,Fone Bluetooth Anker Soundcore Life 2 Neo A3033,"Fone Bluetooth Anker Soundcore Life 2 Neo A3033. drivers de 53mm, USB-A. resposta 20Hz-20kHz. Ideal para games e comunicacao.",165.2,299.99,1,12,Headsets e Fones,Periféricos,7,Logitech do Brasil Ltda.,21.865.937/0001-08,São Paulo,SP,4,Loja Campinas,Física,56,2026-04-13,134.79,44.93,MID,278
92,64004,Fone Bluetooth Anker Soundcore Life 2 Neo A3033,"Fone Bluetooth Anker Soundcore Life 2 Neo A3033. drivers de 53mm, USB-A. resposta 20Hz-20kHz. Ideal para games e comunicacao.",165.2,299.99,1,12,Headsets e Fones,Periféricos,7,Logitech do Brasil Ltda.,21.865.937/0001-08,São Paulo,SP,2,Loja Paulista,Física,71,2026-04-13,134.79,44.93,MID,278
92,64004,Fone Bluetooth Anker Soundcore Life 2 Neo A3033,"Fone Bluetooth Anker Soundcore Life 2 Neo A3033. drivers de 53mm, USB-A. resposta 20Hz-20kHz. Ideal para games e comunicacao.",165.2,299.99,1,12,Headsets e Fones,Periféricos,7,Logitech do Brasil Ltda.,21.865.937/0001-08,São Paulo,SP,3,Loja Santo André,Física,31,2026-04-13,134.79,44.93,MID,278
90,64002,Headset Gamer HyperX Cloud II 7.1 USB Vermelho,"Headset Gamer HyperX Cloud II 7.1 USB Vermelho. drivers de 50mm, Bluetooth 5.0. resposta 20Hz-20kHz. Ideal para games e comunicacao.",398.4,599.99,1,12,Headsets e Fones,Periféricos,38,Sandisk / Western Digital Brasil,80_793_561_0001_24,São Paulo,SP,1,CD Osasco,Online,19,2026-04-13,201.59,33.6,HIGH,120
90,64002,Headset Gamer HyperX Cloud II 7.1 USB Vermelho,"Headset Gamer HyperX Cloud II 7.1 USB Vermelho. drivers de 50mm, Bluetooth 5.0. resposta 20Hz-20kHz. Ideal para games e comunicacao.",398.4,599.99,1,12,Headsets e Fones,Periféricos,38,Sandisk / Western Digital Brasil,80_793_561_0001_24,São Paulo,SP,6,Escritório Central,Online,13,2026-04-13,201.59,33.6,HIGH,120
90,64002,Headset Gamer HyperX Cloud II 7.1 USB Vermelho,"Headset Gamer HyperX Cloud II 7.1 USB Vermelho. drivers de 50mm, Bluetooth 5.0. resposta 20Hz-20kHz. Ideal para games e comunicacao.",398.4,599.99,1,12,Headsets e Fones,Periféricos,38,Sandisk / Western Digital Brasil,80_793_561_0001_24,São Paulo,SP,5,Loja BH Centro,Física,30,2026-04-13,201.59,33.6,HIGH,120
90,64002,Headset Gamer HyperX Cloud II 7.1 USB Vermelho,"Headset Gamer HyperX Cloud II 7.1 USB Vermelho. drivers de 50mm, Bluetooth 5.0. resposta 20Hz-20kHz. Ideal para games e comunicacao.",398.4,599.99,1,12,Headsets e Fones,Periféricos,38,Sandisk / Western Digital Brasil,80_793_561_0001_24,São Paulo,SP,4,Loja Campinas,Física,15,2026-04-13,201.59,33.6,HIGH,120
90,64002,Headset Gamer HyperX Cloud II 7.1 USB Vermelho,"Headset Gamer HyperX Cloud II 7.1 USB Vermelho. drivers de 50mm, Bluetooth 5.0. resposta 20Hz-20kHz. Ideal para games e comunicacao.",398.4,599.99,1,12,Headsets e Fones,Periféricos,38,Sandisk / Western Digital Brasil,80_793_561_0001_24,São Paulo,SP,2,Loja Paulista,Física,15,2026-04-13,201.59,33.6,HIGH,120
90,64002,Headset Gamer HyperX Cloud II 7.1 USB Vermelho,"Headset Gamer HyperX Cloud II 7.1 USB Vermelho. drivers de 50mm, Bluetooth 5.0. resposta 20Hz-20kHz. Ideal para games e comunicacao.",398.4,599.99,1,12,Headsets e Fones,Periféricos,38,Sandisk / Western Digital Brasil,80_793_561_0001_24,São Paulo,SP,3,Loja Santo André,Física,28,2026-04-13,201.59,33.6,HIGH,120
91,64003,Headset Gamer Razer BlackShark V2 3.5mm,"Headset Gamer Razer BlackShark V2 3.5mm. drivers de 50mm, USB-C. resposta 20Hz-20kHz. Ideal para calls e videoconferencias.",444.55,749.99,1,12,Headsets e Fones,Periféricos,6,Positivo Tecnologia S.A.,69.702.435/0001-84,Curitiba,PR,1,CD Osasco,Online,27,2026-04-13,305.44,40.73,HIGH,169
91,64003,Headset Gamer Razer BlackShark V2 3.5mm,"Headset Gamer Razer BlackShark V2 3.5mm. drivers de 50mm, USB-C. resposta 20Hz-20kHz. Ideal para calls e videoconferencias.",444.55,749.99,1,12,Headsets e Fones,Periféricos,6,Positivo Tecnologia S.A.,69.702.435/0001-84,Curitiba,PR,6,Escritório Central,Online,30,2026-04-13,305.44,40.73,HIGH,169
91,64003,Headset Gamer Razer BlackShark V2 3.5mm,"Headset Gamer Razer BlackShark V2 3.5mm. drivers de 50mm, USB-C. resposta 20Hz-20kHz. Ideal para calls e videoconferencias.",444.55,749.99,1,12,Headsets e Fones,Periféricos,6,Positivo Tecnologia S.A.,69.702.435/0001-84,Curitiba,PR,5,Loja BH Centro,Física,31,2026-04-13,305.44,40.73,HIGH,169
91,64003,Headset Gamer Razer BlackShark V2 3.5mm,"Headset Gamer Razer BlackShark V2 3.5mm. drivers de 50mm, USB-C. resposta 20Hz-20kHz. Ideal para calls e videoconferencias.",444.55,749.99,1,12,Headsets e Fones,Periféricos,6,Positivo Tecnologia S.A.,69.702.435/0001-84,Curitiba,PR,4,Loja Campinas,Física,24,2026-04-13,305.44,40.73,HIGH,169
91,64003,Headset Gamer Razer BlackShark V2 3.5mm,"Headset Gamer Razer BlackShark V2 3.5mm. drivers de 50mm, USB-C. resposta 20Hz-20kHz. Ideal para calls e videoconferencias.",444.55,749.99,1,12,Headsets e Fones,Periféricos,6,Positivo Tecnologia S.A.,69.702.435/0001-84,Curitiba,PR,2,Loja Paulista,Física,27,2026-04-13,305.44,40.73,HIGH,169
91,64003,Headset Gamer Razer BlackShark V2 3.5mm,"Headset Gamer Razer BlackShark V2 3.5mm. drivers de 50mm, USB-C. resposta 20Hz-20kHz. Ideal para calls e videoconferencias.",444.55,749.99,1,12,Headsets e Fones,Periféricos,6,Positivo Tecnologia S.A.,69.702.435/0001-84,Curitiba,PR,3,Loja Santo André,Física,30,2026-04-13,305.44,40.73,HIGH,169
89,64001,Headset USB Logitech H390 Estéreo Microfone,"Headset USB Logitech H390 Estéreo Microfone. drivers de 53mm, USB-A. resposta 20Hz-20kHz. Ideal para calls e videoconferencias.",112.88,199.99,1,12,Headsets e Fones,Periféricos,22,Gigabyte Technology Brasil,71563890000198,São Paulo,SP,1,CD Osasco,Online,26,2026-04-13,87.11,43.56,MID,239
89,64001,Headset USB Logitech H390 Estéreo Microfone,"Headset USB Logitech H390 Estéreo Microfone. drivers de 53mm, USB-A. resposta 20Hz-20kHz. Ideal para calls e videoconferencias.",112.88,199.99,1,12,Headsets e Fones,Periféricos,22,Gigabyte Technology Brasil,71563890000198,São Paulo,SP,6,Escritório Central,Online,22,2026-04-13,87.11,43.56,MID,239
89,64001,Headset USB Logitech H390 Estéreo Microfone,"Headset USB Logitech H390 Estéreo Microfone. drivers de 53mm, USB-A. resposta 20Hz-20kHz. Ideal para calls e videoconferencias.",112.88,199.99,1,12,Headsets e Fones,Periféricos,22,Gigabyte Technology Brasil,71563890000198,São Paulo,SP,5,Loja BH Centro,Física,19,2026-04-13,87.11,43.56,MID,239
89,64001,Headset USB Logitech H390 Estéreo Microfone,"Headset USB Logitech H390 Estéreo Microfone. drivers de 53mm, USB-A. resposta 20Hz-20kHz. Ideal para calls e videoconferencias.",112.88,199.99,1,12,Headsets e Fones,Periféricos,22,Gigabyte Technology Brasil,71563890000198,São Paulo,SP,4,Loja Campinas,Física,70,2026-04-13,87.11,43.56,MID,239
89,64001,Headset USB Logitech H390 Estéreo Microfone,"Headset USB Logitech H390 Estéreo Microfone. drivers de 53mm, USB-A. resposta 20Hz-20kHz. Ideal para calls e videoconferencias.",112.88,199.99,1,12,Headsets e Fones,Periféricos,22,Gigabyte Technology Brasil,71563890000198,São Paulo,SP,2,Loja Paulista,Física,53,2026-04-13,87.11,43.56,MID,239
89,64001,Headset USB Logitech H390 Estéreo Microfone,"Headset USB Logitech H390 Estéreo Microfone. drivers de 53mm, USB-A. resposta 20Hz-20kHz. Ideal para calls e videoconferencias.",112.88,199.99,1,12,Headsets e Fones,Periféricos,22,Gigabyte Technology Brasil,71563890000198,São Paulo,SP,3,Loja Santo André,Física,49,2026-04-13,87.11,43.56,MID,239
80,62001,"Monitor 17"" FTX MT17V1 Touch Capacitivo VGA/HDMI","Monitor 17"" FTX MT17V1 Touch Capacitivo VGA/HDMI. painel VA, 144Hz de atualizacao, 5ms GtG de resposta. G-Sync Compatible.",341.77,549.99,1,15,Monitores,Periféricos,15,Intelbras S.A.,46832950000183,São José,SC,1,CD Osasco,Online,15,2026-04-13,208.22,37.86,HIGH,169
80,62001,"Monitor 17"" FTX MT17V1 Touch Capacitivo VGA/HDMI","Monitor 17"" FTX MT17V1 Touch Capacitivo VGA/HDMI. painel VA, 144Hz de atualizacao, 5ms GtG de resposta. G-Sync Compatible.",341.77,549.99,1,15,Monitores,Periféricos,15,Intelbras S.A.,46832950000183,São José,SC,6,Escritório Central,Online,9,2026-04-13,208.22,37.86,HIGH,169
80,62001,"Monitor 17"" FTX MT17V1 Touch Capacitivo VGA/HDMI","Monitor 17"" FTX MT17V1 Touch Capacitivo VGA/HDMI. painel VA, 144Hz de atualizacao, 5ms GtG de resposta. G-Sync Compatible.",341.77,549.99,1,15,Monitores,Periféricos,15,Intelbras S.A.,46832950000183,São José,SC,5,Loja BH Centro,Física,49,2026-04-13,208.22,37.86,HIGH,169
80,62001,"Monitor 17"" FTX MT17V1 Touch Capacitivo VGA/HDMI","Monitor 17"" FTX MT17V1 Touch Capacitivo VGA/HDMI. painel VA, 144Hz de atualizacao, 5ms GtG de resposta. G-Sync Compatible.",341.77,549.99,1,15,Monitores,Periféricos,15,Intelbras S.A.,46832950000183,São José,SC,4,Loja Campinas,Física,49,2026-04-13,208.22,37.86,HIGH,169
80,62001,"Monitor 17"" FTX MT17V1 Touch Capacitivo VGA/HDMI","Monitor 17"" FTX MT17V1 Touch Capacitivo VGA/HDMI. painel VA, 144Hz de atualizacao, 5ms GtG de resposta. G-Sync Compatible.",341.77,549.99,1,15,Monitores,Periféricos,15,Intelbras S.A.,46832950000183,São José,SC,2,Loja Paulista,Física,28,2026-04-13,208.22,37.86,HIGH,169
80,62001,"Monitor 17"" FTX MT17V1 Touch Capacitivo VGA/HDMI","Monitor 17"" FTX MT17V1 Touch Capacitivo VGA/HDMI. painel VA, 144Hz de atualizacao, 5ms GtG de resposta. G-Sync Compatible.",341.77,549.99,1,15,Monitores,Periféricos,15,Intelbras S.A.,46832950000183,São José,SC,3,Loja Santo André,Física,19,2026-04-13,208.22,37.86,HIGH,169
81,62002,"Monitor 24"" LG 24MP400-B IPS Full HD HDMI","Monitor 24"" LG 24MP400-B IPS Full HD HDMI. painel TN, 240Hz de atualizacao, 5ms GtG de resposta. HDR400.",458.18,849.99,1,15,Monitores,Periféricos,11,LG Electronics do Brasil Ltda.,73_425_608_0001_31,São Paulo,SP,1,CD Osasco,Online,15,2026-04-13,391.81,46.1,HIGH,174
81,62002,"Monitor 24"" LG 24MP400-B IPS Full HD HDMI","Monitor 24"" LG 24MP400-B IPS Full HD HDMI. painel TN, 240Hz de atualizacao, 5ms GtG de resposta. HDR400.",458.18,849.99,1,15,Monitores,Periféricos,11,LG Electronics do Brasil Ltda.,73_425_608_0001_31,São Paulo,SP,6,Escritório Central,Online,21,2026-04-13,391.81,46.1,HIGH,174
81,62002,"Monitor 24"" LG 24MP400-B IPS Full HD HDMI","Monitor 24"" LG 24MP400-B IPS Full HD HDMI. painel TN, 240Hz de atualizacao, 5ms GtG de resposta. HDR400.",458.18,849.99,1,15,Monitores,Periféricos,11,LG Electronics do Brasil Ltda.,73_425_608_0001_31,São Paulo,SP,5,Loja BH Centro,Física,48,2026-04-13,391.81,46.1,HIGH,174
81,62002,"Monitor 24"" LG 24MP400-B IPS Full HD HDMI","Monitor 24"" LG 24MP400-B IPS Full HD HDMI. painel TN, 240Hz de atualizacao, 5ms GtG de resposta. HDR400.",458.18,849.99,1,15,Monitores,Periféricos,11,LG Electronics do Brasil Ltda.,73_425_608_0001_31,São Paulo,SP,4,Loja Campinas,Física,36,2026-04-13,391.81,46.1,HIGH,174
81,62002,"Monitor 24"" LG 24MP400-B IPS Full HD HDMI","Monitor 24"" LG 24MP400-B IPS Full HD HDMI. painel TN, 240Hz de atualizacao, 5ms GtG de resposta. HDR400.",458.18,849.99,1,15,Monitores,Periféricos,11,LG Electronics do Brasil Ltda.,73_425_608_0001_31,São Paulo,SP,2,Loja Paulista,Física,42,2026-04-13,391.81,46.1,HIGH,174
81,62002,"Monitor 24"" LG 24MP400-B IPS Full HD HDMI","Monitor 24"" LG 24MP400-B IPS Full HD HDMI. painel TN, 240Hz de atualizacao, 5ms GtG de resposta. HDR400.",458.18,849.99,1,15,Monitores,Periféricos,11,LG Electronics do Brasil Ltda.,73_425_608_0001_31,São Paulo,SP,3,Loja Santo André,Física,12,2026-04-13,391.81,46.1,HIGH,174
83,62004,"Monitor 27"" LG 27GP850-B IPS QHD 165Hz G-Sync","Monitor 27"" LG 27GP850-B IPS QHD 165Hz G-Sync. painel TN, 165Hz de atualizacao, 5ms GtG de resposta. HDR10.",1478.69,2199.99,1,15,Monitores,Periféricos,23,APC by Schneider Electric Brasil,84952076000107,São Paulo,SP,1,CD Osasco,Online,3,2026-04-13,721.3,32.79,ULTRA,20
83,62004,"Monitor 27"" LG 27GP850-B IPS QHD 165Hz G-Sync","Monitor 27"" LG 27GP850-B IPS QHD 165Hz G-Sync. painel TN, 165Hz de atualizacao, 5ms GtG de resposta. HDR10.",1478.69,2199.99,1,15,Monitores,Periféricos,23,APC by Schneider Electric Brasil,84952076000107,São Paulo,SP,6,Escritório Central,Online,1,2026-04-13,721.3,32.79,ULTRA,20
83,62004,"Monitor 27"" LG 27GP850-B IPS QHD 165Hz G-Sync","Monitor 27"" LG 27GP850-B IPS QHD 165Hz G-Sync. painel TN, 165Hz de atualizacao, 5ms GtG de resposta. HDR10.",1478.69,2199.99,1,15,Monitores,Periféricos,23,APC by Schneider Electric Brasil,84952076000107,São Paulo,SP,5,Loja BH Centro,Física,7,2026-04-13,721.3,32.79,ULTRA,20
83,62004,"Monitor 27"" LG 27GP850-B IPS QHD 165Hz G-Sync","Monitor 27"" LG 27GP850-B IPS QHD 165Hz G-Sync. painel TN, 165Hz de atualizacao, 5ms GtG de resposta. HDR10.",1478.69,2199.99,1,15,Monitores,Periféricos,23,APC by Schneider Electric Brasil,84952076000107,São Paulo,SP,4,Loja Campinas,Física,7,2026-04-13,721.3,32.79,ULTRA,20
83,62004,"Monitor 27"" LG 27GP850-B IPS QHD 165Hz G-Sync","Monitor 27"" LG 27GP850-B IPS QHD 165Hz G-Sync. painel TN, 165Hz de atualizacao, 5ms GtG de resposta. HDR10.",1478.69,2199.99,1,15,Monitores,Periféricos,23,APC by Schneider Electric Brasil,84952076000107,São Paulo,SP,2,Loja Paulista,Física,1,2026-04-13,721.3,32.79,ULTRA,20
83,62004,"Monitor 27"" LG 27GP850-B IPS QHD 165Hz G-Sync","Monitor 27"" LG 27GP850-B IPS QHD 165Hz G-Sync. painel TN, 165Hz de atualizacao, 5ms GtG de resposta. HDR10.",1478.69,2199.99,1,15,Monitores,Periféricos,23,APC by Schneider Electric Brasil,84952076000107,São Paulo,SP,3,Loja Santo André,Física,1,2026-04-13,721.3,32.79,ULTRA,20
82,62003,"Monitor 27"" Samsung LS27B610EQNXGO IPS 2K HDMI/DP","Monitor 27"" Samsung LS27B610EQNXGO IPS 2K HDMI/DP. painel TN, 240Hz de atualizacao, 5ms GtG de resposta. HDR10.",832.01,1499.99,1,15,Monitores,Periféricos,13,Western Digital do Brasil,76.381.250/0001-80,São Paulo,SP,1,CD Osasco,Online,5,2026-04-13,667.98,44.53,ULTRA,22
82,62003,"Monitor 27"" Samsung LS27B610EQNXGO IPS 2K HDMI/DP","Monitor 27"" Samsung LS27B610EQNXGO IPS 2K HDMI/DP. painel TN, 240Hz de atualizacao, 5ms GtG de resposta. HDR10.",832.01,1499.99,1,15,Monitores,Periféricos,13,Western Digital do Brasil,76.381.250/0001-80,São Paulo,SP,6,Escritório Central,Online,2,2026-04-13,667.98,44.53,ULTRA,22
82,62003,"Monitor 27"" Samsung LS27B610EQNXGO IPS 2K HDMI/DP","Monitor 27"" Samsung LS27B610EQNXGO IPS 2K HDMI/DP. painel TN, 240Hz de atualizacao, 5ms GtG de resposta. HDR10.",832.01,1499.99,1,15,Monitores,Periféricos,13,Western Digital do Brasil,76.381.250/0001-80,São Paulo,SP,5,Loja BH Centro,Física,3,2026-04-13,667.98,44.53,ULTRA,22
82,62003,"Monitor 27"" Samsung LS27B610EQNXGO IPS 2K HDMI/DP","Monitor 27"" Samsung LS27B610EQNXGO IPS 2K HDMI/DP. painel TN, 240Hz de atualizacao, 5ms GtG de resposta. HDR10.",832.01,1499.99,1,15,Monitores,Periféricos,13,Western Digital do Brasil,76.381.250/0001-80,São Paulo,SP,4,Loja Campinas,Física,4,2026-04-13,667.98,44.53,ULTRA,22
82,62003,"Monitor 27"" Samsung LS27B610EQNXGO IPS 2K HDMI/DP","Monitor 27"" Samsung LS27B610EQNXGO IPS 2K HDMI/DP. painel TN, 240Hz de atualizacao, 5ms GtG de resposta. HDR10.",832.01,1499.99,1,15,Monitores,Periféricos,13,Western Digital do Brasil,76.381.250/0001-80,São Paulo,SP,2,Loja Paulista,Física,6,2026-04-13,667.98,44.53,ULTRA,22
82,62003,"Monitor 27"" Samsung LS27B610EQNXGO IPS 2K HDMI/DP","Monitor 27"" Samsung LS27B610EQNXGO IPS 2K HDMI/DP. painel TN, 240Hz de atualizacao, 5ms GtG de resposta. HDR10.",832.01,1499.99,1,15,Monitores,Periféricos,13,Western Digital do Brasil,76.381.250/0001-80,São Paulo,SP,3,Loja Santo André,Física,2,2026-04-13,667.98,44.53,ULTRA,22
84,62005,"Monitor 32"" Samsung Odyssey G5 VA QHD 165Hz","Monitor 32"" Samsung Odyssey G5 VA QHD 165Hz. painel TN, 240Hz de atualizacao, 5ms GtG de resposta. FreeSync Premium.",1483.56,2499.99,1,15,Monitores,Periféricos,14,TP-Link do Brasil Comércio Eletrônico,41.679.328/0001-63,São Paulo,SP,1,CD Osasco,Online,6,2026-04-13,1016.43,40.66,ULTRA,26
84,62005,"Monitor 32"" Samsung Odyssey G5 VA QHD 165Hz","Monitor 32"" Samsung Odyssey G5 VA QHD 165Hz. painel TN, 240Hz de atualizacao, 5ms GtG de resposta. FreeSync Premium.",1483.56,2499.99,1,15,Monitores,Periféricos,14,TP-Link do Brasil Comércio Eletrônico,41.679.328/0001-63,São Paulo,SP,6,Escritório Central,Online,7,2026-04-13,1016.43,40.66,ULTRA,26
84,62005,"Monitor 32"" Samsung Odyssey G5 VA QHD 165Hz","Monitor 32"" Samsung Odyssey G5 VA QHD 165Hz. painel TN, 240Hz de atualizacao, 5ms GtG de resposta. FreeSync Premium.",1483.56,2499.99,1,15,Monitores,Periféricos,14,TP-Link do Brasil Comércio Eletrônico,41.679.328/0001-63,São Paulo,SP,5,Loja BH Centro,Física,3,2026-04-13,1016.43,40.66,ULTRA,26
84,62005,"Monitor 32"" Samsung Odyssey G5 VA QHD 165Hz","Monitor 32"" Samsung Odyssey G5 VA QHD 165Hz. painel TN, 240Hz de atualizacao, 5ms GtG de resposta. FreeSync Premium.",1483.56,2499.99,1,15,Monitores,Periféricos,14,TP-Link do Brasil Comércio Eletrônico,41.679.328/0001-63,São Paulo,SP,4,Loja Campinas,Física,3,2026-04-13,1016.43,40.66,ULTRA,26
84,62005,"Monitor 32"" Samsung Odyssey G5 VA QHD 165Hz","Monitor 32"" Samsung Odyssey G5 VA QHD 165Hz. painel TN, 240Hz de atualizacao, 5ms GtG de resposta. FreeSync Premium.",1483.56,2499.99,1,15,Monitores,Periféricos,14,TP-Link do Brasil Comércio Eletrônico,41.679.328/0001-63,São Paulo,SP,2,Loja Paulista,Física,4,2026-04-13,1016.43,40.66,ULTRA,26
84,62005,"Monitor 32"" Samsung Odyssey G5 VA QHD 165Hz","Monitor 32"" Samsung Odyssey G5 VA QHD 165Hz. painel TN, 240Hz de atualizacao, 5ms GtG de resposta. FreeSync Premium.",1483.56,2499.99,1,15,Monitores,Periféricos,14,TP-Link do Brasil Comércio Eletrônico,41.679.328/0001-63,São Paulo,SP,3,Loja Santo André,Física,3,2026-04-13,1016.43,40.66,ULTRA,26
74,60008,Kit Teclado e Mouse USB Logitech MK120 Espanhol,"Kit Teclado e Mouse USB Logitech MK120 Espanhol. sensor laser, 200-6400 DPI ajustavel. Conexao Bluetooth 5.0. Para uso profissional.",87.35,149.99,1,16,Mouses,Periféricos,26,NZXT Brasil Representações,37598216000100,São Paulo,SP,1,CD Osasco,Online,32,2026-04-13,62.64,41.76,MID,287
74,60008,Kit Teclado e Mouse USB Logitech MK120 Espanhol,"Kit Teclado e Mouse USB Logitech MK120 Espanhol. sensor laser, 200-6400 DPI ajustavel. Conexao Bluetooth 5.0. Para uso profissional.",87.35,149.99,1,16,Mouses,Periféricos,26,NZXT Brasil Representações,37598216000100,São Paulo,SP,6,Escritório Central,Online,52,2026-04-13,62.64,41.76,MID,287
74,60008,Kit Teclado e Mouse USB Logitech MK120 Espanhol,"Kit Teclado e Mouse USB Logitech MK120 Espanhol. sensor laser, 200-6400 DPI ajustavel. Conexao Bluetooth 5.0. Para uso profissional.",87.35,149.99,1,16,Mouses,Periféricos,26,NZXT Brasil Representações,37598216000100,São Paulo,SP,5,Loja BH Centro,Física,63,2026-04-13,62.64,41.76,MID,287
74,60008,Kit Teclado e Mouse USB Logitech MK120 Espanhol,"Kit Teclado e Mouse USB Logitech MK120 Espanhol. sensor laser, 200-6400 DPI ajustavel. Conexao Bluetooth 5.0. Para uso profissional.",87.35,149.99,1,16,Mouses,Periféricos,26,NZXT Brasil Representações,37598216000100,São Paulo,SP,4,Loja Campinas,Física,16,2026-04-13,62.64,41.76,MID,287
74,60008,Kit Teclado e Mouse USB Logitech MK120 Espanhol,"Kit Teclado e Mouse USB Logitech MK120 Espanhol. sensor laser, 200-6400 DPI ajustavel. Conexao Bluetooth 5.0. Para uso profissional.",87.35,149.99,1,16,Mouses,Periféricos,26,NZXT Brasil Representações,37598216000100,São Paulo,SP,2,Loja Paulista,Física,68,2026-04-13,62.64,41.76,MID,287
74,60008,Kit Teclado e Mouse USB Logitech MK120 Espanhol,"Kit Teclado e Mouse USB Logitech MK120 Espanhol. sensor laser, 200-6400 DPI ajustavel. Conexao Bluetooth 5.0. Para uso profissional.",87.35,149.99,1,16,Mouses,Periféricos,26,NZXT Brasil Representações,37598216000100,São Paulo,SP,3,Loja Santo André,Física,56,2026-04-13,62.64,41.76,MID,287
73,60007,Mouse USB Genius Easy 2B Óptico 800DPI,"Mouse USB Genius Easy 2B Óptico 800DPI. sensor laser, 400-3200 DPI ajustavel. Conexao USB com fio. Para uso profissional.",11.62,19.99,1,16,Mouses,Periféricos,30,Zotac Technology Brasil,52_479_081_0001_58,São Paulo,SP,1,CD Osasco,Online,60,2026-04-13,8.37,41.87,LOW,778
73,60007,Mouse USB Genius Easy 2B Óptico 800DPI,"Mouse USB Genius Easy 2B Óptico 800DPI. sensor laser, 400-3200 DPI ajustavel. Conexao USB com fio. Para uso profissional.",11.62,19.99,1,16,Mouses,Periféricos,30,Zotac Technology Brasil,52_479_081_0001_58,São Paulo,SP,6,Escritório Central,Online,162,2026-04-13,8.37,41.87,LOW,778
73,60007,Mouse USB Genius Easy 2B Óptico 800DPI,"Mouse USB Genius Easy 2B Óptico 800DPI. sensor laser, 400-3200 DPI ajustavel. Conexao USB com fio. Para uso profissional.",11.62,19.99,1,16,Mouses,Periféricos,30,Zotac Technology Brasil,52_479_081_0001_58,São Paulo,SP,5,Loja BH Centro,Física,121,2026-04-13,8.37,41.87,LOW,778
73,60007,Mouse USB Genius Easy 2B Óptico 800DPI,"Mouse USB Genius Easy 2B Óptico 800DPI. sensor laser, 400-3200 DPI ajustavel. Conexao USB com fio. Para uso profissional.",11.62,19.99,1,16,Mouses,Periféricos,30,Zotac Technology Brasil,52_479_081_0001_58,São Paulo,SP,4,Loja Campinas,Física,156,2026-04-13,8.37,41.87,LOW,778
73,60007,Mouse USB Genius Easy 2B Óptico 800DPI,"Mouse USB Genius Easy 2B Óptico 800DPI. sensor laser, 400-3200 DPI ajustavel. Conexao USB com fio. Para uso profissional.",11.62,19.99,1,16,Mouses,Periféricos,30,Zotac Technology Brasil,52_479_081_0001_58,São Paulo,SP,2,Loja Paulista,Física,195,2026-04-13,8.37,41.87,LOW,778
73,60007,Mouse USB Genius Easy 2B Óptico 800DPI,"Mouse USB Genius Easy 2B Óptico 800DPI. sensor laser, 400-3200 DPI ajustavel. Conexao USB com fio. Para uso profissional.",11.62,19.99,1,16,Mouses,Periféricos,30,Zotac Technology Brasil,52_479_081_0001_58,São Paulo,SP,3,Loja Santo André,Física,84,2026-04-13,8.37,41.87,LOW,778
67,60001,Mouse USB Logitech G203 Lightsync 8000DPI Preto,"Mouse USB Logitech G203 Lightsync 8000DPI Preto. sensor optico, 200-25600 DPI ajustavel. Conexao Bluetooth 5.0. Para uso profissional.",112.99,179.99,1,16,Mouses,Periféricos,5,Multilaser Industrial S.A.,75_021_839_0001_05,Extrema,MG,1,CD Osasco,Online,55,2026-04-13,67.0,37.22,MID,372
67,60001,Mouse USB Logitech G203 Lightsync 8000DPI Preto,"Mouse USB Logitech G203 Lightsync 8000DPI Preto. sensor optico, 200-25600 DPI ajustavel. Conexao Bluetooth 5.0. Para uso profissional.",112.99,179.99,1,16,Mouses,Periféricos,5,Multilaser Industrial S.A.,75_021_839_0001_05,Extrema,MG,6,Escritório Central,Online,29,2026-04-13,67.0,37.22,MID,372
67,60001,Mouse USB Logitech G203 Lightsync 8000DPI Preto,"Mouse USB Logitech G203 Lightsync 8000DPI Preto. sensor optico, 200-25600 DPI ajustavel. Conexao Bluetooth 5.0. Para uso profissional.",112.99,179.99,1,16,Mouses,Periféricos,5,Multilaser Industrial S.A.,75_021_839_0001_05,Extrema,MG,5,Loja BH Centro,Física,80,2026-04-13,67.0,37.22,MID,372
67,60001,Mouse USB Logitech G203 Lightsync 8000DPI Preto,"Mouse USB Logitech G203 Lightsync 8000DPI Preto. sensor optico, 200-25600 DPI ajustavel. Conexao Bluetooth 5.0. Para uso profissional.",112.99,179.99,1,16,Mouses,Periféricos,5,Multilaser Industrial S.A.,75_021_839_0001_05,Extrema,MG,4,Loja Campinas,Física,58,2026-04-13,67.0,37.22,MID,372
67,60001,Mouse USB Logitech G203 Lightsync 8000DPI Preto,"Mouse USB Logitech G203 Lightsync 8000DPI Preto. sensor optico, 200-25600 DPI ajustavel. Conexao Bluetooth 5.0. Para uso profissional.",112.99,179.99,1,16,Mouses,Periféricos,5,Multilaser Industrial S.A.,75_021_839_0001_05,Extrema,MG,2,Loja Paulista,Física,75,2026-04-13,67.0,37.22,MID,372
67,60001,Mouse USB Logitech G203 Lightsync 8000DPI Preto,"Mouse USB Logitech G203 Lightsync 8000DPI Preto. sensor optico, 200-25600 DPI ajustavel. Conexao Bluetooth 5.0. Para uso profissional.",112.99,179.99,1,16,Mouses,Periféricos,5,Multilaser Industrial S.A.,75_021_839_0001_05,Extrema,MG,3,Loja Santo André,Física,75,2026-04-13,67.0,37.22,MID,372
68,60002,Mouse USB Logitech G502 Hero 16000DPI,"Mouse USB Logitech G502 Hero 16000DPI. sensor optico de alta precisao, 200-25600 DPI ajustavel. Conexao USB-C com fio. Para games e design.",187.41,349.99,1,16,Mouses,Periféricos,18,Lenovo Tecnologia (Brasil) Ltda.,09826541000148,Indaiatuba,SP,1,CD Osasco,Online,30,2026-04-13,162.58,46.45,HIGH,126
68,60002,Mouse USB Logitech G502 Hero 16000DPI,"Mouse USB Logitech G502 Hero 16000DPI. sensor optico de alta precisao, 200-25600 DPI ajustavel. Conexao USB-C com fio. Para games e design.",187.41,349.99,1,16,Mouses,Periféricos,18,Lenovo Tecnologia (Brasil) Ltda.,09826541000148,Indaiatuba,SP,6,Escritório Central,Online,30,2026-04-13,162.58,46.45,HIGH,126
68,60002,Mouse USB Logitech G502 Hero 16000DPI,"Mouse USB Logitech G502 Hero 16000DPI. sensor optico de alta precisao, 200-25600 DPI ajustavel. Conexao USB-C com fio. Para games e design.",187.41,349.99,1,16,Mouses,Periféricos,18,Lenovo Tecnologia (Brasil) Ltda.,09826541000148,Indaiatuba,SP,5,Loja BH Centro,Física,30,2026-04-13,162.58,46.45,HIGH,126
68,60002,Mouse USB Logitech G502 Hero 16000DPI,"Mouse USB Logitech G502 Hero 16000DPI. sensor optico de alta precisao, 200-25600 DPI ajustavel. Conexao USB-C com fio. Para games e design.",187.41,349.99,1,16,Mouses,Periféricos,18,Lenovo Tecnologia (Brasil) Ltda.,09826541000148,Indaiatuba,SP,4,Loja Campinas,Física,11,2026-04-13,162.58,46.45,HIGH,126
68,60002,Mouse USB Logitech G502 Hero 16000DPI,"Mouse USB Logitech G502 Hero 16000DPI. sensor optico de alta precisao, 200-25600 DPI ajustavel. Conexao USB-C com fio. Para games e design.",187.41,349.99,1,16,Mouses,Periféricos,18,Lenovo Tecnologia (Brasil) Ltda.,09826541000148,Indaiatuba,SP,2,Loja Paulista,Física,13,2026-04-13,162.58,46.45,HIGH,126
68,60002,Mouse USB Logitech G502 Hero 16000DPI,"Mouse USB Logitech G502 Hero 16000DPI. sensor optico de alta precisao, 200-25600 DPI ajustavel. Conexao USB-C com fio. Para games e design.",187.41,349.99,1,16,Mouses,Periféricos,18,Lenovo Tecnologia (Brasil) Ltda.,09826541000148,Indaiatuba,SP,3,Loja Santo André,Física,12,2026-04-13,162.58,46.45,HIGH,126
72,60006,Mouse USB Mtek MS35 Óptico 1200DPI Preto,"Mouse USB Mtek MS35 Óptico 1200DPI Preto. sensor optico, 400-3200 DPI ajustavel. Conexao Bluetooth 5.0. Para uso profissional.",16.92,29.99,1,16,Mouses,Periféricos,5,Multilaser Industrial S.A.,75_021_839_0001_05,Extrema,MG,1,CD Osasco,Online,156,2026-04-13,13.07,43.58,LOW,772
72,60006,Mouse USB Mtek MS35 Óptico 1200DPI Preto,"Mouse USB Mtek MS35 Óptico 1200DPI Preto. sensor optico, 400-3200 DPI ajustavel. Conexao Bluetooth 5.0. Para uso profissional.",16.92,29.99,1,16,Mouses,Periféricos,5,Multilaser Industrial S.A.,75_021_839_0001_05,Extrema,MG,6,Escritório Central,Online,76,2026-04-13,13.07,43.58,LOW,772
72,60006,Mouse USB Mtek MS35 Óptico 1200DPI Preto,"Mouse USB Mtek MS35 Óptico 1200DPI Preto. sensor optico, 400-3200 DPI ajustavel. Conexao Bluetooth 5.0. Para uso profissional.",16.92,29.99,1,16,Mouses,Periféricos,5,Multilaser Industrial S.A.,75_021_839_0001_05,Extrema,MG,5,Loja BH Centro,Física,228,2026-04-13,13.07,43.58,LOW,772
72,60006,Mouse USB Mtek MS35 Óptico 1200DPI Preto,"Mouse USB Mtek MS35 Óptico 1200DPI Preto. sensor optico, 400-3200 DPI ajustavel. Conexao Bluetooth 5.0. Para uso profissional.",16.92,29.99,1,16,Mouses,Periféricos,5,Multilaser Industrial S.A.,75_021_839_0001_05,Extrema,MG,4,Loja Campinas,Física,213,2026-04-13,13.07,43.58,LOW,772
72,60006,Mouse USB Mtek MS35 Óptico 1200DPI Preto,"Mouse USB Mtek MS35 Óptico 1200DPI Preto. sensor optico, 400-3200 DPI ajustavel. Conexao Bluetooth 5.0. Para uso profissional.",16.92,29.99,1,16,Mouses,Periféricos,5,Multilaser Industrial S.A.,75_021_839_0001_05,Extrema,MG,2,Loja Paulista,Física,54,2026-04-13,13.07,43.58,LOW,772
72,60006,Mouse USB Mtek MS35 Óptico 1200DPI Preto,"Mouse USB Mtek MS35 Óptico 1200DPI Preto. sensor optico, 400-3200 DPI ajustavel. Conexao Bluetooth 5.0. Para uso profissional.",16.92,29.99,1,16,Mouses,Periféricos,5,Multilaser Industrial S.A.,75_021_839_0001_05,Extrema,MG,3,Loja Santo André,Física,45,2026-04-13,13.07,43.58,LOW,772
70,60004,Mouse USB Razer DeathAdder V3 30000DPI Preto,"Mouse USB Razer DeathAdder V3 30000DPI Preto. sensor optico, 400-3200 DPI ajustavel. Conexao wireless 2.4GHz. Para games e design.",316.99,499.99,1,16,Mouses,Periféricos,24,Vertiv Brasil Ltda.,73058149000103,São Paulo,SP,1,CD Osasco,Online,19,2026-04-13,183.0,36.6,HIGH,101
70,60004,Mouse USB Razer DeathAdder V3 30000DPI Preto,"Mouse USB Razer DeathAdder V3 30000DPI Preto. sensor optico, 400-3200 DPI ajustavel. Conexao wireless 2.4GHz. Para games e design.",316.99,499.99,1,16,Mouses,Periféricos,24,Vertiv Brasil Ltda.,73058149000103,São Paulo,SP,6,Escritório Central,Online,21,2026-04-13,183.0,36.6,HIGH,101
70,60004,Mouse USB Razer DeathAdder V3 30000DPI Preto,"Mouse USB Razer DeathAdder V3 30000DPI Preto. sensor optico, 400-3200 DPI ajustavel. Conexao wireless 2.4GHz. Para games e design.",316.99,499.99,1,16,Mouses,Periféricos,24,Vertiv Brasil Ltda.,73058149000103,São Paulo,SP,5,Loja BH Centro,Física,7,2026-04-13,183.0,36.6,HIGH,101
70,60004,Mouse USB Razer DeathAdder V3 30000DPI Preto,"Mouse USB Razer DeathAdder V3 30000DPI Preto. sensor optico, 400-3200 DPI ajustavel. Conexao wireless 2.4GHz. Para games e design.",316.99,499.99,1,16,Mouses,Periféricos,24,Vertiv Brasil Ltda.,73058149000103,São Paulo,SP,4,Loja Campinas,Física,7,2026-04-13,183.0,36.6,HIGH,101
70,60004,Mouse USB Razer DeathAdder V3 30000DPI Preto,"Mouse USB Razer DeathAdder V3 30000DPI Preto. sensor optico, 400-3200 DPI ajustavel. Conexao wireless 2.4GHz. Para games e design.",316.99,499.99,1,16,Mouses,Periféricos,24,Vertiv Brasil Ltda.,73058149000103,São Paulo,SP,2,Loja Paulista,Física,17,2026-04-13,183.0,36.6,HIGH,101
70,60004,Mouse USB Razer DeathAdder V3 30000DPI Preto,"Mouse USB Razer DeathAdder V3 30000DPI Preto. sensor optico, 400-3200 DPI ajustavel. Conexao wireless 2.4GHz. Para games e design.",316.99,499.99,1,16,Mouses,Periféricos,24,Vertiv Brasil Ltda.,73058149000103,São Paulo,SP,3,Loja Santo André,Física,30,2026-04-13,183.0,36.6,HIGH,101
71,60005,Mouse USB Satellite MO-G35 Gamer RGB 2400DPI,"Mouse USB Satellite MO-G35 Gamer RGB 2400DPI. sensor optico de alta precisao, 200-25600 DPI ajustavel. Conexao Bluetooth 5.0. Para uso profissional.",38.29,59.99,1,16,Mouses,Periféricos,4,Aldo Componentes Eletrônicos Ltda.,30974126000128,Caxias do Sul,RS,1,CD Osasco,Online,46,2026-04-13,21.7,36.17,MID,380
71,60005,Mouse USB Satellite MO-G35 Gamer RGB 2400DPI,"Mouse USB Satellite MO-G35 Gamer RGB 2400DPI. sensor optico de alta precisao, 200-25600 DPI ajustavel. Conexao Bluetooth 5.0. Para uso profissional.",38.29,59.99,1,16,Mouses,Periféricos,4,Aldo Componentes Eletrônicos Ltda.,30974126000128,Caxias do Sul,RS,6,Escritório Central,Online,27,2026-04-13,21.7,36.17,MID,380
71,60005,Mouse USB Satellite MO-G35 Gamer RGB 2400DPI,"Mouse USB Satellite MO-G35 Gamer RGB 2400DPI. sensor optico de alta precisao, 200-25600 DPI ajustavel. Conexao Bluetooth 5.0. Para uso profissional.",38.29,59.99,1,16,Mouses,Periféricos,4,Aldo Componentes Eletrônicos Ltda.,30974126000128,Caxias do Sul,RS,5,Loja BH Centro,Física,102,2026-04-13,21.7,36.17,MID,380
71,60005,Mouse USB Satellite MO-G35 Gamer RGB 2400DPI,"Mouse USB Satellite MO-G35 Gamer RGB 2400DPI. sensor optico de alta precisao, 200-25600 DPI ajustavel. Conexao Bluetooth 5.0. Para uso profissional.",38.29,59.99,1,16,Mouses,Periféricos,4,Aldo Componentes Eletrônicos Ltda.,30974126000128,Caxias do Sul,RS,4,Loja Campinas,Física,72,2026-04-13,21.7,36.17,MID,380
71,60005,Mouse USB Satellite MO-G35 Gamer RGB 2400DPI,"Mouse USB Satellite MO-G35 Gamer RGB 2400DPI. sensor optico de alta precisao, 200-25600 DPI ajustavel. Conexao Bluetooth 5.0. Para uso profissional.",38.29,59.99,1,16,Mouses,Periféricos,4,Aldo Componentes Eletrônicos Ltda.,30974126000128,Caxias do Sul,RS,2,Loja Paulista,Física,72,2026-04-13,21.7,36.17,MID,380
71,60005,Mouse USB Satellite MO-G35 Gamer RGB 2400DPI,"Mouse USB Satellite MO-G35 Gamer RGB 2400DPI. sensor optico de alta precisao, 200-25600 DPI ajustavel. Conexao Bluetooth 5.0. Para uso profissional.",38.29,59.99,1,16,Mouses,Periféricos,4,Aldo Componentes Eletrônicos Ltda.,30974126000128,Caxias do Sul,RS,3,Loja Santo André,Física,61,2026-04-13,21.7,36.17,MID,380
69,60003,Mouse Wireless Logitech MX Master 3S 8000DPI,"Mouse Wireless Logitech MX Master 3S 8000DPI. sensor laser, 100-16000 DPI ajustavel. Conexao USB-C com fio. Para uso geral e escritorio.",441.85,699.99,1,16,Mouses,Periféricos,34,Satellite / FTX Distribuidora,24768503000170,São Paulo,SP,1,CD Osasco,Online,42,2026-04-13,258.14,36.88,HIGH,171
69,60003,Mouse Wireless Logitech MX Master 3S 8000DPI,"Mouse Wireless Logitech MX Master 3S 8000DPI. sensor laser, 100-16000 DPI ajustavel. Conexao USB-C com fio. Para uso geral e escritorio.",441.85,699.99,1,16,Mouses,Periféricos,34,Satellite / FTX Distribuidora,24768503000170,São Paulo,SP,6,Escritório Central,Online,40,2026-04-13,258.14,36.88,HIGH,171
69,60003,Mouse Wireless Logitech MX Master 3S 8000DPI,"Mouse Wireless Logitech MX Master 3S 8000DPI. sensor laser, 100-16000 DPI ajustavel. Conexao USB-C com fio. Para uso geral e escritorio.",441.85,699.99,1,16,Mouses,Periféricos,34,Satellite / FTX Distribuidora,24768503000170,São Paulo,SP,5,Loja BH Centro,Física,16,2026-04-13,258.14,36.88,HIGH,171
69,60003,Mouse Wireless Logitech MX Master 3S 8000DPI,"Mouse Wireless Logitech MX Master 3S 8000DPI. sensor laser, 100-16000 DPI ajustavel. Conexao USB-C com fio. Para uso geral e escritorio.",441.85,699.99,1,16,Mouses,Periféricos,34,Satellite / FTX Distribuidora,24768503000170,São Paulo,SP,4,Loja Campinas,Física,19,2026-04-13,258.14,36.88,HIGH,171
69,60003,Mouse Wireless Logitech MX Master 3S 8000DPI,"Mouse Wireless Logitech MX Master 3S 8000DPI. sensor laser, 100-16000 DPI ajustavel. Conexao USB-C com fio. Para uso geral e escritorio.",441.85,699.99,1,16,Mouses,Periféricos,34,Satellite / FTX Distribuidora,24768503000170,São Paulo,SP,2,Loja Paulista,Física,18,2026-04-13,258.14,36.88,HIGH,171
69,60003,Mouse Wireless Logitech MX Master 3S 8000DPI,"Mouse Wireless Logitech MX Master 3S 8000DPI. sensor laser, 100-16000 DPI ajustavel. Conexao USB-C com fio. Para uso geral e escritorio.",441.85,699.99,1,16,Mouses,Periféricos,34,Satellite / FTX Distribuidora,24768503000170,São Paulo,SP,3,Loja Santo André,Física,36,2026-04-13,258.14,36.88,HIGH,171
79,61005,Teclado Bluetooth FTX FTXB09 Português Preto,"Teclado Bluetooth FTX FTXB09 Português Preto. Tipo mecanico semi, layout US Internacional. Conexao USB-C com fio. com apoio de pulso.",59.06,91.99,1,27,Teclados,Periféricos,20,Asus do Brasil Computadores Ltda.,47021359000109,São Paulo,SP,1,CD Osasco,Online,73,2026-04-13,32.93,35.8,MID,551
79,61005,Teclado Bluetooth FTX FTXB09 Português Preto,"Teclado Bluetooth FTX FTXB09 Português Preto. Tipo mecanico semi, layout US Internacional. Conexao USB-C com fio. com apoio de pulso.",59.06,91.99,1,27,Teclados,Periféricos,20,Asus do Brasil Computadores Ltda.,47021359000109,São Paulo,SP,6,Escritório Central,Online,115,2026-04-13,32.93,35.8,MID,551
79,61005,Teclado Bluetooth FTX FTXB09 Português Preto,"Teclado Bluetooth FTX FTXB09 Português Preto. Tipo mecanico semi, layout US Internacional. Conexao USB-C com fio. com apoio de pulso.",59.06,91.99,1,27,Teclados,Periféricos,20,Asus do Brasil Computadores Ltda.,47021359000109,São Paulo,SP,5,Loja BH Centro,Física,94,2026-04-13,32.93,35.8,MID,551
79,61005,Teclado Bluetooth FTX FTXB09 Português Preto,"Teclado Bluetooth FTX FTXB09 Português Preto. Tipo mecanico semi, layout US Internacional. Conexao USB-C com fio. com apoio de pulso.",59.06,91.99,1,27,Teclados,Periféricos,20,Asus do Brasil Computadores Ltda.,47021359000109,São Paulo,SP,4,Loja Campinas,Física,82,2026-04-13,32.93,35.8,MID,551
79,61005,Teclado Bluetooth FTX FTXB09 Português Preto,"Teclado Bluetooth FTX FTXB09 Português Preto. Tipo mecanico semi, layout US Internacional. Conexao USB-C com fio. com apoio de pulso.",59.06,91.99,1,27,Teclados,Periféricos,20,Asus do Brasil Computadores Ltda.,47021359000109,São Paulo,SP,2,Loja Paulista,Física,118,2026-04-13,32.93,35.8,MID,551
79,61005,Teclado Bluetooth FTX FTXB09 Português Preto,"Teclado Bluetooth FTX FTXB09 Português Preto. Tipo mecanico semi, layout US Internacional. Conexao USB-C com fio. com apoio de pulso.",59.06,91.99,1,27,Teclados,Periféricos,20,Asus do Brasil Computadores Ltda.,47021359000109,São Paulo,SP,3,Loja Santo André,Física,69,2026-04-13,32.93,35.8,MID,551
78,61004,Teclado Gamer Mecânico Thermal Meka Level 20 Inglês,"Teclado Gamer Mecânico Thermal Meka Level 20 Inglês. Tipo mecanico, layout US Internacional. Conexao USB com fio. anti-ghosting N-Key.",299.28,493.99,1,27,Teclados,Periféricos,17,HP do Brasil Sistemas de Computação,06493127000176,Barueri,SP,1,CD Osasco,Online,11,2026-04-13,194.71,39.42,HIGH,80
78,61004,Teclado Gamer Mecânico Thermal Meka Level 20 Inglês,"Teclado Gamer Mecânico Thermal Meka Level 20 Inglês. Tipo mecanico, layout US Internacional. Conexao USB com fio. anti-ghosting N-Key.",299.28,493.99,1,27,Teclados,Periféricos,17,HP do Brasil Sistemas de Computação,06493127000176,Barueri,SP,6,Escritório Central,Online,20,2026-04-13,194.71,39.42,HIGH,80
78,61004,Teclado Gamer Mecânico Thermal Meka Level 20 Inglês,"Teclado Gamer Mecânico Thermal Meka Level 20 Inglês. Tipo mecanico, layout US Internacional. Conexao USB com fio. anti-ghosting N-Key.",299.28,493.99,1,27,Teclados,Periféricos,17,HP do Brasil Sistemas de Computação,06493127000176,Barueri,SP,5,Loja BH Centro,Física,14,2026-04-13,194.71,39.42,HIGH,80
78,61004,Teclado Gamer Mecânico Thermal Meka Level 20 Inglês,"Teclado Gamer Mecânico Thermal Meka Level 20 Inglês. Tipo mecanico, layout US Internacional. Conexao USB com fio. anti-ghosting N-Key.",299.28,493.99,1,27,Teclados,Periféricos,17,HP do Brasil Sistemas de Computação,06493127000176,Barueri,SP,4,Loja Campinas,Física,7,2026-04-13,194.71,39.42,HIGH,80
78,61004,Teclado Gamer Mecânico Thermal Meka Level 20 Inglês,"Teclado Gamer Mecânico Thermal Meka Level 20 Inglês. Tipo mecanico, layout US Internacional. Conexao USB com fio. anti-ghosting N-Key.",299.28,493.99,1,27,Teclados,Periféricos,17,HP do Brasil Sistemas de Computação,06493127000176,Barueri,SP,2,Loja Paulista,Física,12,2026-04-13,194.71,39.42,HIGH,80
78,61004,Teclado Gamer Mecânico Thermal Meka Level 20 Inglês,"Teclado Gamer Mecânico Thermal Meka Level 20 Inglês. Tipo mecanico, layout US Internacional. Conexao USB com fio. anti-ghosting N-Key.",299.28,493.99,1,27,Teclados,Periféricos,17,HP do Brasil Sistemas de Computação,06493127000176,Barueri,SP,3,Loja Santo André,Física,16,2026-04-13,194.71,39.42,HIGH,80
77,61003,Teclado Gamer USB Redragon S136 Inglês Preto,"Teclado Gamer USB Redragon S136 Inglês Preto. Tipo mecanico semi, layout ABNT2 com teclas multimidia. Conexao Bluetooth 5.0. com apoio de pulso.",107.0,189.99,1,27,Teclados,Periféricos,40,3Nstar Automação Comercial Brasil,57329146000100,São Paulo,SP,1,CD Osasco,Online,51,2026-04-13,82.99,43.68,MID,238
77,61003,Teclado Gamer USB Redragon S136 Inglês Preto,"Teclado Gamer USB Redragon S136 Inglês Preto. Tipo mecanico semi, layout ABNT2 com teclas multimidia. Conexao Bluetooth 5.0. com apoio de pulso.",107.0,189.99,1,27,Teclados,Periféricos,40,3Nstar Automação Comercial Brasil,57329146000100,São Paulo,SP,6,Escritório Central,Online,28,2026-04-13,82.99,43.68,MID,238
77,61003,Teclado Gamer USB Redragon S136 Inglês Preto,"Teclado Gamer USB Redragon S136 Inglês Preto. Tipo mecanico semi, layout ABNT2 com teclas multimidia. Conexao Bluetooth 5.0. com apoio de pulso.",107.0,189.99,1,27,Teclados,Periféricos,40,3Nstar Automação Comercial Brasil,57329146000100,São Paulo,SP,5,Loja BH Centro,Física,36,2026-04-13,82.99,43.68,MID,238
77,61003,Teclado Gamer USB Redragon S136 Inglês Preto,"Teclado Gamer USB Redragon S136 Inglês Preto. Tipo mecanico semi, layout ABNT2 com teclas multimidia. Conexao Bluetooth 5.0. com apoio de pulso.",107.0,189.99,1,27,Teclados,Periféricos,40,3Nstar Automação Comercial Brasil,57329146000100,São Paulo,SP,4,Loja Campinas,Física,47,2026-04-13,82.99,43.68,MID,238
77,61003,Teclado Gamer USB Redragon S136 Inglês Preto,"Teclado Gamer USB Redragon S136 Inglês Preto. Tipo mecanico semi, layout ABNT2 com teclas multimidia. Conexao Bluetooth 5.0. com apoio de pulso.",107.0,189.99,1,27,Teclados,Periféricos,40,3Nstar Automação Comercial Brasil,57329146000100,São Paulo,SP,2,Loja Paulista,Física,50,2026-04-13,82.99,43.68,MID,238
77,61003,Teclado Gamer USB Redragon S136 Inglês Preto,"Teclado Gamer USB Redragon S136 Inglês Preto. Tipo mecanico semi, layout ABNT2 com teclas multimidia. Conexao Bluetooth 5.0. com apoio de pulso.",107.0,189.99,1,27,Teclados,Periféricos,40,3Nstar Automação Comercial Brasil,57329146000100,São Paulo,SP,3,Loja Santo André,Física,26,2026-04-13,82.99,43.68,MID,238
76,61002,Teclado USB Logitech K120 920-004422 Espanhol,"Teclado USB Logitech K120 920-004422 Espanhol. Tipo mecanico semi, layout ABNT2 com teclas multimidia. Conexao USB-C com fio. com apoio de pulso.",36.26,59.99,1,27,Teclados,Periféricos,40,3Nstar Automação Comercial Brasil,57329146000100,São Paulo,SP,1,CD Osasco,Online,124,2026-04-13,23.73,39.56,MID,478
76,61002,Teclado USB Logitech K120 920-004422 Espanhol,"Teclado USB Logitech K120 920-004422 Espanhol. Tipo mecanico semi, layout ABNT2 com teclas multimidia. Conexao USB-C com fio. com apoio de pulso.",36.26,59.99,1,27,Teclados,Periféricos,40,3Nstar Automação Comercial Brasil,57329146000100,São Paulo,SP,6,Escritório Central,Online,123,2026-04-13,23.73,39.56,MID,478
76,61002,Teclado USB Logitech K120 920-004422 Espanhol,"Teclado USB Logitech K120 920-004422 Espanhol. Tipo mecanico semi, layout ABNT2 com teclas multimidia. Conexao USB-C com fio. com apoio de pulso.",36.26,59.99,1,27,Teclados,Periféricos,40,3Nstar Automação Comercial Brasil,57329146000100,São Paulo,SP,5,Loja BH Centro,Física,81,2026-04-13,23.73,39.56,MID,478
76,61002,Teclado USB Logitech K120 920-004422 Espanhol,"Teclado USB Logitech K120 920-004422 Espanhol. Tipo mecanico semi, layout ABNT2 com teclas multimidia. Conexao USB-C com fio. com apoio de pulso.",36.26,59.99,1,27,Teclados,Periféricos,40,3Nstar Automação Comercial Brasil,57329146000100,São Paulo,SP,4,Loja Campinas,Física,66,2026-04-13,23.73,39.56,MID,478
76,61002,Teclado USB Logitech K120 920-004422 Espanhol,"Teclado USB Logitech K120 920-004422 Espanhol. Tipo mecanico semi, layout ABNT2 com teclas multimidia. Conexao USB-C com fio. com apoio de pulso.",36.26,59.99,1,27,Teclados,Periféricos,40,3Nstar Automação Comercial Brasil,57329146000100,São Paulo,SP,2,Loja Paulista,Física,54,2026-04-13,23.73,39.56,MID,478
76,61002,Teclado USB Logitech K120 920-004422 Espanhol,"Teclado USB Logitech K120 920-004422 Espanhol. Tipo mecanico semi, layout ABNT2 com teclas multimidia. Conexao USB-C com fio. com apoio de pulso.",36.26,59.99,1,27,Teclados,Periféricos,40,3Nstar Automação Comercial Brasil,57329146000100,São Paulo,SP,3,Loja Santo André,Física,30,2026-04-13,23.73,39.56,MID,478
75,61001,Teclado USB Satellite AK-910 ABNT2 Preto,"Teclado USB Satellite AK-910 ABNT2 Preto. Tipo mecanico semi, layout US Internacional. Conexao Bluetooth 5.0. com apoio de pulso.",17.47,27.99,1,27,Teclados,Periféricos,6,Positivo Tecnologia S.A.,69.702.435/0001-84,Curitiba,PR,1,CD Osasco,Online,99,2026-04-13,10.52,37.58,LOW,870
75,61001,Teclado USB Satellite AK-910 ABNT2 Preto,"Teclado USB Satellite AK-910 ABNT2 Preto. Tipo mecanico semi, layout US Internacional. Conexao Bluetooth 5.0. com apoio de pulso.",17.47,27.99,1,27,Teclados,Periféricos,6,Positivo Tecnologia S.A.,69.702.435/0001-84,Curitiba,PR,6,Escritório Central,Online,87,2026-04-13,10.52,37.58,LOW,870
75,61001,Teclado USB Satellite AK-910 ABNT2 Preto,"Teclado USB Satellite AK-910 ABNT2 Preto. Tipo mecanico semi, layout US Internacional. Conexao Bluetooth 5.0. com apoio de pulso.",17.47,27.99,1,27,Teclados,Periféricos,6,Positivo Tecnologia S.A.,69.702.435/0001-84,Curitiba,PR,5,Loja BH Centro,Física,246,2026-04-13,10.52,37.58,LOW,870
75,61001,Teclado USB Satellite AK-910 ABNT2 Preto,"Teclado USB Satellite AK-910 ABNT2 Preto. Tipo mecanico semi, layout US Internacional. Conexao Bluetooth 5.0. com apoio de pulso.",17.47,27.99,1,27,Teclados,Periféricos,6,Positivo Tecnologia S.A.,69.702.435/0001-84,Curitiba,PR,4,Loja Campinas,Física,214,2026-04-13,10.52,37.58,LOW,870
75,61001,Teclado USB Satellite AK-910 ABNT2 Preto,"Teclado USB Satellite AK-910 ABNT2 Preto. Tipo mecanico semi, layout US Internacional. Conexao Bluetooth 5.0. com apoio de pulso.",17.47,27.99,1,27,Teclados,Periféricos,6,Positivo Tecnologia S.A.,69.702.435/0001-84,Curitiba,PR,2,Loja Paulista,Física,163,2026-04-13,10.52,37.58,LOW,870
75,61001,Teclado USB Satellite AK-910 ABNT2 Preto,"Teclado USB Satellite AK-910 ABNT2 Preto. Tipo mecanico semi, layout US Internacional. Conexao Bluetooth 5.0. com apoio de pulso.",17.47,27.99,1,27,Teclados,Periféricos,6,Positivo Tecnologia S.A.,69.702.435/0001-84,Curitiba,PR,3,Loja Santo André,Física,61,2026-04-13,10.52,37.58,LOW,870
88,63004,Webcam Jabra PanaCast 20 USB 4K,"Webcam Jabra PanaCast 20 USB 4K. Full HD 1080p/60fps, microfone estereo integrado. campo de visao 110 graus, conexao USB-A plug-and-play.",1124.57,1899.99,1,31,Webcams,Periféricos,3,Intcomex do Brasil Ltda.,06_429_718_0001_84,São Paulo,SP,1,CD Osasco,Online,1,2026-04-13,775.42,40.81,ULTRA,21
88,63004,Webcam Jabra PanaCast 20 USB 4K,"Webcam Jabra PanaCast 20 USB 4K. Full HD 1080p/60fps, microfone estereo integrado. campo de visao 110 graus, conexao USB-A plug-and-play.",1124.57,1899.99,1,31,Webcams,Periféricos,3,Intcomex do Brasil Ltda.,06_429_718_0001_84,São Paulo,SP,6,Escritório Central,Online,1,2026-04-13,775.42,40.81,ULTRA,21
88,63004,Webcam Jabra PanaCast 20 USB 4K,"Webcam Jabra PanaCast 20 USB 4K. Full HD 1080p/60fps, microfone estereo integrado. campo de visao 110 graus, conexao USB-A plug-and-play.",1124.57,1899.99,1,31,Webcams,Periféricos,3,Intcomex do Brasil Ltda.,06_429_718_0001_84,São Paulo,SP,5,Loja BH Centro,Física,4,2026-04-13,775.42,40.81,ULTRA,21
88,63004,Webcam Jabra PanaCast 20 USB 4K,"Webcam Jabra PanaCast 20 USB 4K. Full HD 1080p/60fps, microfone estereo integrado. campo de visao 110 graus, conexao USB-A plug-and-play.",1124.57,1899.99,1,31,Webcams,Periféricos,3,Intcomex do Brasil Ltda.,06_429_718_0001_84,São Paulo,SP,4,Loja Campinas,Física,6,2026-04-13,775.42,40.81,ULTRA,21
88,63004,Webcam Jabra PanaCast 20 USB 4K,"Webcam Jabra PanaCast 20 USB 4K. Full HD 1080p/60fps, microfone estereo integrado. campo de visao 110 graus, conexao USB-A plug-and-play.",1124.57,1899.99,1,31,Webcams,Periféricos,3,Intcomex do Brasil Ltda.,06_429_718_0001_84,São Paulo,SP,2,Loja Paulista,Física,5,2026-04-13,775.42,40.81,ULTRA,21
88,63004,Webcam Jabra PanaCast 20 USB 4K,"Webcam Jabra PanaCast 20 USB 4K. Full HD 1080p/60fps, microfone estereo integrado. campo de visao 110 graus, conexao USB-A plug-and-play.",1124.57,1899.99,1,31,Webcams,Periféricos,3,Intcomex do Brasil Ltda.,06_429_718_0001_84,São Paulo,SP,3,Loja Santo André,Física,4,2026-04-13,775.42,40.81,ULTRA,21
85,63001,Webcam Logitech C270 HD 720p USB,"Webcam Logitech C270 HD 720p USB. Full HD 1080p/60fps, sem microfone. campo de visao 110 graus, conexao USB-C.",85.81,159.99,1,31,Webcams,Periféricos,15,Intelbras S.A.,46832950000183,São José,SC,1,CD Osasco,Online,22,2026-04-13,74.18,46.37,MID,223
85,63001,Webcam Logitech C270 HD 720p USB,"Webcam Logitech C270 HD 720p USB. Full HD 1080p/60fps, sem microfone. campo de visao 110 graus, conexao USB-C.",85.81,159.99,1,31,Webcams,Periféricos,15,Intelbras S.A.,46832950000183,São José,SC,6,Escritório Central,Online,56,2026-04-13,74.18,46.37,MID,223
85,63001,Webcam Logitech C270 HD 720p USB,"Webcam Logitech C270 HD 720p USB. Full HD 1080p/60fps, sem microfone. campo de visao 110 graus, conexao USB-C.",85.81,159.99,1,31,Webcams,Periféricos,15,Intelbras S.A.,46832950000183,São José,SC,5,Loja BH Centro,Física,66,2026-04-13,74.18,46.37,MID,223
85,63001,Webcam Logitech C270 HD 720p USB,"Webcam Logitech C270 HD 720p USB. Full HD 1080p/60fps, sem microfone. campo de visao 110 graus, conexao USB-C.",85.81,159.99,1,31,Webcams,Periféricos,15,Intelbras S.A.,46832950000183,São José,SC,4,Loja Campinas,Física,28,2026-04-13,74.18,46.37,MID,223
85,63001,Webcam Logitech C270 HD 720p USB,"Webcam Logitech C270 HD 720p USB. Full HD 1080p/60fps, sem microfone. campo de visao 110 graus, conexao USB-C.",85.81,159.99,1,31,Webcams,Periféricos,15,Intelbras S.A.,46832950000183,São José,SC,2,Loja Paulista,Física,20,2026-04-13,74.18,46.37,MID,223
85,63001,Webcam Logitech C270 HD 720p USB,"Webcam Logitech C270 HD 720p USB. Full HD 1080p/60fps, sem microfone. campo de visao 110 graus, conexao USB-C.",85.81,159.99,1,31,Webcams,Periféricos,15,Intelbras S.A.,46832950000183,São José,SC,3,Loja Santo André,Física,31,2026-04-13,74.18,46.37,MID,223
86,63002,Webcam Logitech C310 HD 720p USB,"Webcam Logitech C310 HD 720p USB. HD 720p/30fps, microfone estereo integrado. campo de visao 110 graus, conexao USB-A.",174.91,299.99,1,31,Webcams,Periféricos,38,Sandisk / Western Digital Brasil,80_793_561_0001_24,São Paulo,SP,1,CD Osasco,Online,102,2026-04-13,125.08,41.69,MID,490
86,63002,Webcam Logitech C310 HD 720p USB,"Webcam Logitech C310 HD 720p USB. HD 720p/30fps, microfone estereo integrado. campo de visao 110 graus, conexao USB-A.",174.91,299.99,1,31,Webcams,Periféricos,38,Sandisk / Western Digital Brasil,80_793_561_0001_24,São Paulo,SP,6,Escritório Central,Online,84,2026-04-13,125.08,41.69,MID,490
86,63002,Webcam Logitech C310 HD 720p USB,"Webcam Logitech C310 HD 720p USB. HD 720p/30fps, microfone estereo integrado. campo de visao 110 graus, conexao USB-A.",174.91,299.99,1,31,Webcams,Periféricos,38,Sandisk / Western Digital Brasil,80_793_561_0001_24,São Paulo,SP,5,Loja BH Centro,Física,57,2026-04-13,125.08,41.69,MID,490
86,63002,Webcam Logitech C310 HD 720p USB,"Webcam Logitech C310 HD 720p USB. HD 720p/30fps, microfone estereo integrado. campo de visao 110 graus, conexao USB-A.",174.91,299.99,1,31,Webcams,Periféricos,38,Sandisk / Western Digital Brasil,80_793_561_0001_24,São Paulo,SP,4,Loja Campinas,Física,37,2026-04-13,125.08,41.69,MID,490
86,63002,Webcam Logitech C310 HD 720p USB,"Webcam Logitech C310 HD 720p USB. HD 720p/30fps, microfone estereo integrado. campo de visao 110 graus, conexao USB-A.",174.91,299.99,1,31,Webcams,Periféricos,38,Sandisk / Western Digital Brasil,80_793_561_0001_24,São Paulo,SP,2,Loja Paulista,Física,105,2026-04-13,125.08,41.69,MID,490
86,63002,Webcam Logitech C310 HD 720p USB,"Webcam Logitech C310 HD 720p USB. HD 720p/30fps, microfone estereo integrado. campo de visao 110 graus, conexao USB-A.",174.91,299.99,1,31,Webcams,Periféricos,38,Sandisk / Western Digital Brasil,80_793_561_0001_24,São Paulo,SP,3,Loja Santo André,Física,105,2026-04-13,125.08,41.69,MID,490
87,63003,Webcam Logitech C920 HD Pro Full HD 1080p USB,"Webcam Logitech C920 HD Pro Full HD 1080p USB. HD 720p/30fps, microfone integrado com cancelamento de ruido. campo de visao 110 graus, conexao USB-A plug-and-play.",312.21,499.99,1,31,Webcams,Periféricos,32,Galax / KFA2 Brasil Distrib.,95783021000137,São Paulo,SP,1,CD Osasco,Online,16,2026-04-13,187.78,37.56,HIGH,125
87,63003,Webcam Logitech C920 HD Pro Full HD 1080p USB,"Webcam Logitech C920 HD Pro Full HD 1080p USB. HD 720p/30fps, microfone integrado com cancelamento de ruido. campo de visao 110 graus, conexao USB-A plug-and-play.",312.21,499.99,1,31,Webcams,Periféricos,32,Galax / KFA2 Brasil Distrib.,95783021000137,São Paulo,SP,6,Escritório Central,Online,12,2026-04-13,187.78,37.56,HIGH,125
87,63003,Webcam Logitech C920 HD Pro Full HD 1080p USB,"Webcam Logitech C920 HD Pro Full HD 1080p USB. HD 720p/30fps, microfone integrado com cancelamento de ruido. campo de visao 110 graus, conexao USB-A plug-and-play.",312.21,499.99,1,31,Webcams,Periféricos,32,Galax / KFA2 Brasil Distrib.,95783021000137,São Paulo,SP,5,Loja BH Centro,Física,10,2026-04-13,187.78,37.56,HIGH,125
87,63003,Webcam Logitech C920 HD Pro Full HD 1080p USB,"Webcam Logitech C920 HD Pro Full HD 1080p USB. HD 720p/30fps, microfone integrado com cancelamento de ruido. campo de visao 110 graus, conexao USB-A plug-and-play.",312.21,499.99,1,31,Webcams,Periféricos,32,Galax / KFA2 Brasil Distrib.,95783021000137,São Paulo,SP,4,Loja Campinas,Física,42,2026-04-13,187.78,37.56,HIGH,125
87,63003,Webcam Logitech C920 HD Pro Full HD 1080p USB,"Webcam Logitech C920 HD Pro Full HD 1080p USB. HD 720p/30fps, microfone integrado com cancelamento de ruido. campo de visao 110 graus, conexao USB-A plug-and-play.",312.21,499.99,1,31,Webcams,Periféricos,32,Galax / KFA2 Brasil Distrib.,95783021000137,São Paulo,SP,2,Loja Paulista,Física,12,2026-04-13,187.78,37.56,HIGH,125
87,63003,Webcam Logitech C920 HD Pro Full HD 1080p USB,"Webcam Logitech C920 HD Pro Full HD 1080p USB. HD 720p/30fps, microfone integrado com cancelamento de ruido. campo de visao 110 graus, conexao USB-A plug-and-play.",312.21,499.99,1,31,Webcams,Periféricos,32,Galax / KFA2 Brasil Distrib.,95783021000137,São Paulo,SP,3,Loja Santo André,Física,33,2026-04-13,187.78,37.56,HIGH,125
111,71009,Adaptador USB para RJ-45 TP-Link UE300 USB 3.0 Gigabit,"Adaptador USB para RJ-45 TP-Link UE300 USB 3.0 Gigabit. 2,5G Ethernet via USB 3.0. plug-and-play, sem driver.",62.69,99.99,1,2,Adaptadores de Rede,Redes,15,Intelbras S.A.,46832950000183,São José,SC,1,CD Osasco,Online,36,2026-04-13,37.3,37.3,MID,334
111,71009,Adaptador USB para RJ-45 TP-Link UE300 USB 3.0 Gigabit,"Adaptador USB para RJ-45 TP-Link UE300 USB 3.0 Gigabit. 2,5G Ethernet via USB 3.0. plug-and-play, sem driver.",62.69,99.99,1,2,Adaptadores de Rede,Redes,15,Intelbras S.A.,46832950000183,São José,SC,6,Escritório Central,Online,61,2026-04-13,37.3,37.3,MID,334
111,71009,Adaptador USB para RJ-45 TP-Link UE300 USB 3.0 Gigabit,"Adaptador USB para RJ-45 TP-Link UE300 USB 3.0 Gigabit. 2,5G Ethernet via USB 3.0. plug-and-play, sem driver.",62.69,99.99,1,2,Adaptadores de Rede,Redes,15,Intelbras S.A.,46832950000183,São José,SC,5,Loja BH Centro,Física,73,2026-04-13,37.3,37.3,MID,334
111,71009,Adaptador USB para RJ-45 TP-Link UE300 USB 3.0 Gigabit,"Adaptador USB para RJ-45 TP-Link UE300 USB 3.0 Gigabit. 2,5G Ethernet via USB 3.0. plug-and-play, sem driver.",62.69,99.99,1,2,Adaptadores de Rede,Redes,15,Intelbras S.A.,46832950000183,São José,SC,4,Loja Campinas,Física,58,2026-04-13,37.3,37.3,MID,334
111,71009,Adaptador USB para RJ-45 TP-Link UE300 USB 3.0 Gigabit,"Adaptador USB para RJ-45 TP-Link UE300 USB 3.0 Gigabit. 2,5G Ethernet via USB 3.0. plug-and-play, sem driver.",62.69,99.99,1,2,Adaptadores de Rede,Redes,15,Intelbras S.A.,46832950000183,São José,SC,2,Loja Paulista,Física,77,2026-04-13,37.3,37.3,MID,334
111,71009,Adaptador USB para RJ-45 TP-Link UE300 USB 3.0 Gigabit,"Adaptador USB para RJ-45 TP-Link UE300 USB 3.0 Gigabit. 2,5G Ethernet via USB 3.0. plug-and-play, sem driver.",62.69,99.99,1,2,Adaptadores de Rede,Redes,15,Intelbras S.A.,46832950000183,São José,SC,3,Loja Santo André,Física,29,2026-04-13,37.3,37.3,MID,334
110,71008,Adaptador USB Wi-Fi TP-Link Archer T2U Mini AC600,"Adaptador USB Wi-Fi TP-Link Archer T2U Mini AC600. Wi-Fi 5 AC750, interface USB-C. banda unica 2,4GHz. design nano.",33.27,59.99,1,1,Adaptadores Wi-Fi,Redes,40,3Nstar Automação Comercial Brasil,57329146000100,São Paulo,SP,1,CD Osasco,Online,106,2026-04-13,26.72,44.54,MID,603
110,71008,Adaptador USB Wi-Fi TP-Link Archer T2U Mini AC600,"Adaptador USB Wi-Fi TP-Link Archer T2U Mini AC600. Wi-Fi 5 AC750, interface USB-C. banda unica 2,4GHz. design nano.",33.27,59.99,1,1,Adaptadores Wi-Fi,Redes,40,3Nstar Automação Comercial Brasil,57329146000100,São Paulo,SP,6,Escritório Central,Online,114,2026-04-13,26.72,44.54,MID,603
110,71008,Adaptador USB Wi-Fi TP-Link Archer T2U Mini AC600,"Adaptador USB Wi-Fi TP-Link Archer T2U Mini AC600. Wi-Fi 5 AC750, interface USB-C. banda unica 2,4GHz. design nano.",33.27,59.99,1,1,Adaptadores Wi-Fi,Redes,40,3Nstar Automação Comercial Brasil,57329146000100,São Paulo,SP,5,Loja BH Centro,Física,25,2026-04-13,26.72,44.54,MID,603
110,71008,Adaptador USB Wi-Fi TP-Link Archer T2U Mini AC600,"Adaptador USB Wi-Fi TP-Link Archer T2U Mini AC600. Wi-Fi 5 AC750, interface USB-C. banda unica 2,4GHz. design nano.",33.27,59.99,1,1,Adaptadores Wi-Fi,Redes,40,3Nstar Automação Comercial Brasil,57329146000100,São Paulo,SP,4,Loja Campinas,Física,121,2026-04-13,26.72,44.54,MID,603
110,71008,Adaptador USB Wi-Fi TP-Link Archer T2U Mini AC600,"Adaptador USB Wi-Fi TP-Link Archer T2U Mini AC600. Wi-Fi 5 AC750, interface USB-C. banda unica 2,4GHz. design nano.",33.27,59.99,1,1,Adaptadores Wi-Fi,Redes,40,3Nstar Automação Comercial Brasil,57329146000100,São Paulo,SP,2,Loja Paulista,Física,111,2026-04-13,26.72,44.54,MID,603
110,71008,Adaptador USB Wi-Fi TP-Link Archer T2U Mini AC600,"Adaptador USB Wi-Fi TP-Link Archer T2U Mini AC600. Wi-Fi 5 AC750, interface USB-C. banda unica 2,4GHz. design nano.",33.27,59.99,1,1,Adaptadores Wi-Fi,Redes,40,3Nstar Automação Comercial Brasil,57329146000100,São Paulo,SP,3,Loja Santo André,Física,126,2026-04-13,26.72,44.54,MID,603
109,71007,Adaptador USB Wi-Fi TP-Link Archer T3U Nano AC1300,"Adaptador USB Wi-Fi TP-Link Archer T3U Nano AC1300. Wi-Fi 5 AC1300, interface USB 2.0. banda unica 2,4GHz. antena interna.",69.14,128.99,1,1,Adaptadores Wi-Fi,Redes,13,Western Digital do Brasil,76.381.250/0001-80,São Paulo,SP,1,CD Osasco,Online,19,2026-04-13,59.85,46.4,MID,321
109,71007,Adaptador USB Wi-Fi TP-Link Archer T3U Nano AC1300,"Adaptador USB Wi-Fi TP-Link Archer T3U Nano AC1300. Wi-Fi 5 AC1300, interface USB 2.0. banda unica 2,4GHz. antena interna.",69.14,128.99,1,1,Adaptadores Wi-Fi,Redes,13,Western Digital do Brasil,76.381.250/0001-80,São Paulo,SP,6,Escritório Central,Online,82,2026-04-13,59.85,46.4,MID,321
109,71007,Adaptador USB Wi-Fi TP-Link Archer T3U Nano AC1300,"Adaptador USB Wi-Fi TP-Link Archer T3U Nano AC1300. Wi-Fi 5 AC1300, interface USB 2.0. banda unica 2,4GHz. antena interna.",69.14,128.99,1,1,Adaptadores Wi-Fi,Redes,13,Western Digital do Brasil,76.381.250/0001-80,São Paulo,SP,5,Loja BH Centro,Física,84,2026-04-13,59.85,46.4,MID,321
109,71007,Adaptador USB Wi-Fi TP-Link Archer T3U Nano AC1300,"Adaptador USB Wi-Fi TP-Link Archer T3U Nano AC1300. Wi-Fi 5 AC1300, interface USB 2.0. banda unica 2,4GHz. antena interna.",69.14,128.99,1,1,Adaptadores Wi-Fi,Redes,13,Western Digital do Brasil,76.381.250/0001-80,São Paulo,SP,4,Loja Campinas,Física,29,2026-04-13,59.85,46.4,MID,321
109,71007,Adaptador USB Wi-Fi TP-Link Archer T3U Nano AC1300,"Adaptador USB Wi-Fi TP-Link Archer T3U Nano AC1300. Wi-Fi 5 AC1300, interface USB 2.0. banda unica 2,4GHz. antena interna.",69.14,128.99,1,1,Adaptadores Wi-Fi,Redes,13,Western Digital do Brasil,76.381.250/0001-80,São Paulo,SP,2,Loja Paulista,Física,68,2026-04-13,59.85,46.4,MID,321
109,71007,Adaptador USB Wi-Fi TP-Link Archer T3U Nano AC1300,"Adaptador USB Wi-Fi TP-Link Archer T3U Nano AC1300. Wi-Fi 5 AC1300, interface USB 2.0. banda unica 2,4GHz. antena interna.",69.14,128.99,1,1,Adaptadores Wi-Fi,Redes,13,Western Digital do Brasil,76.381.250/0001-80,São Paulo,SP,3,Loja Santo André,Física,39,2026-04-13,59.85,46.4,MID,321
113,71011,Cabo de Rede RJ-45 10m Cat6,"Cabo de Rede RJ-45 10m Cat6. Cat6 FTP blindado, suporta ate 100 Mbps. Para data centers.",29.31,49.99,1,6,Cabos de Rede,Redes,16,Epson do Brasil Ltda.,76481293000138,São Paulo,SP,1,CD Osasco,Online,207,2026-04-13,20.68,41.37,LOW,661
113,71011,Cabo de Rede RJ-45 10m Cat6,"Cabo de Rede RJ-45 10m Cat6. Cat6 FTP blindado, suporta ate 100 Mbps. Para data centers.",29.31,49.99,1,6,Cabos de Rede,Redes,16,Epson do Brasil Ltda.,76481293000138,São Paulo,SP,6,Escritório Central,Online,144,2026-04-13,20.68,41.37,LOW,661
113,71011,Cabo de Rede RJ-45 10m Cat6,"Cabo de Rede RJ-45 10m Cat6. Cat6 FTP blindado, suporta ate 100 Mbps. Para data centers.",29.31,49.99,1,6,Cabos de Rede,Redes,16,Epson do Brasil Ltda.,76481293000138,São Paulo,SP,5,Loja BH Centro,Física,54,2026-04-13,20.68,41.37,LOW,661
113,71011,Cabo de Rede RJ-45 10m Cat6,"Cabo de Rede RJ-45 10m Cat6. Cat6 FTP blindado, suporta ate 100 Mbps. Para data centers.",29.31,49.99,1,6,Cabos de Rede,Redes,16,Epson do Brasil Ltda.,76481293000138,São Paulo,SP,4,Loja Campinas,Física,96,2026-04-13,20.68,41.37,LOW,661
113,71011,Cabo de Rede RJ-45 10m Cat6,"Cabo de Rede RJ-45 10m Cat6. Cat6 FTP blindado, suporta ate 100 Mbps. Para data centers.",29.31,49.99,1,6,Cabos de Rede,Redes,16,Epson do Brasil Ltda.,76481293000138,São Paulo,SP,2,Loja Paulista,Física,51,2026-04-13,20.68,41.37,LOW,661
113,71011,Cabo de Rede RJ-45 10m Cat6,"Cabo de Rede RJ-45 10m Cat6. Cat6 FTP blindado, suporta ate 100 Mbps. Para data centers.",29.31,49.99,1,6,Cabos de Rede,Redes,16,Epson do Brasil Ltda.,76481293000138,São Paulo,SP,3,Loja Santo André,Física,109,2026-04-13,20.68,41.37,LOW,661
112,71010,Cabo de Rede RJ-45 5m Cat6 Azul,"Cabo de Rede RJ-45 5m Cat6 Azul. Cat7 SFTP dupla blindagem, suporta ate 100 Mbps. Para infraestrutura de rede.",15.85,28.99,1,6,Cabos de Rede,Redes,7,Logitech do Brasil Ltda.,21.865.937/0001-08,São Paulo,SP,1,CD Osasco,Online,144,2026-04-13,13.14,45.33,LOW,833
112,71010,Cabo de Rede RJ-45 5m Cat6 Azul,"Cabo de Rede RJ-45 5m Cat6 Azul. Cat7 SFTP dupla blindagem, suporta ate 100 Mbps. Para infraestrutura de rede.",15.85,28.99,1,6,Cabos de Rede,Redes,7,Logitech do Brasil Ltda.,21.865.937/0001-08,São Paulo,SP,6,Escritório Central,Online,187,2026-04-13,13.14,45.33,LOW,833
112,71010,Cabo de Rede RJ-45 5m Cat6 Azul,"Cabo de Rede RJ-45 5m Cat6 Azul. Cat7 SFTP dupla blindagem, suporta ate 100 Mbps. Para infraestrutura de rede.",15.85,28.99,1,6,Cabos de Rede,Redes,7,Logitech do Brasil Ltda.,21.865.937/0001-08,São Paulo,SP,5,Loja BH Centro,Física,67,2026-04-13,13.14,45.33,LOW,833
112,71010,Cabo de Rede RJ-45 5m Cat6 Azul,"Cabo de Rede RJ-45 5m Cat6 Azul. Cat7 SFTP dupla blindagem, suporta ate 100 Mbps. Para infraestrutura de rede.",15.85,28.99,1,6,Cabos de Rede,Redes,7,Logitech do Brasil Ltda.,21.865.937/0001-08,São Paulo,SP,4,Loja Campinas,Física,91,2026-04-13,13.14,45.33,LOW,833
112,71010,Cabo de Rede RJ-45 5m Cat6 Azul,"Cabo de Rede RJ-45 5m Cat6 Azul. Cat7 SFTP dupla blindagem, suporta ate 100 Mbps. Para infraestrutura de rede.",15.85,28.99,1,6,Cabos de Rede,Redes,7,Logitech do Brasil Ltda.,21.865.937/0001-08,São Paulo,SP,2,Loja Paulista,Física,235,2026-04-13,13.14,45.33,LOW,833
112,71010,Cabo de Rede RJ-45 5m Cat6 Azul,"Cabo de Rede RJ-45 5m Cat6 Azul. Cat7 SFTP dupla blindagem, suporta ate 100 Mbps. Para infraestrutura de rede.",15.85,28.99,1,6,Cabos de Rede,Redes,7,Logitech do Brasil Ltda.,21.865.937/0001-08,São Paulo,SP,3,Loja Santo André,Física,109,2026-04-13,13.14,45.33,LOW,833
104,71002,Roteador TP-Link Archer AX23 Wi-Fi 6 AX1800 Dual Band,"Roteador TP-Link Archer AX23 Wi-Fi 6 AX1800 Dual Band. Wi-Fi 6 (802.11ax), AC1200 ate 1.200 Mbps. 4 portas LAN 10/100. dual band 2,4GHz e 5GHz.",260.08,399.99,1,23,Roteadores,Redes,8,Kingston Technology Brasil,72549361000100,São Paulo,SP,1,CD Osasco,Online,12,2026-04-13,139.91,34.98,HIGH,127
104,71002,Roteador TP-Link Archer AX23 Wi-Fi 6 AX1800 Dual Band,"Roteador TP-Link Archer AX23 Wi-Fi 6 AX1800 Dual Band. Wi-Fi 6 (802.11ax), AC1200 ate 1.200 Mbps. 4 portas LAN 10/100. dual band 2,4GHz e 5GHz.",260.08,399.99,1,23,Roteadores,Redes,8,Kingston Technology Brasil,72549361000100,São Paulo,SP,6,Escritório Central,Online,19,2026-04-13,139.91,34.98,HIGH,127
104,71002,Roteador TP-Link Archer AX23 Wi-Fi 6 AX1800 Dual Band,"Roteador TP-Link Archer AX23 Wi-Fi 6 AX1800 Dual Band. Wi-Fi 6 (802.11ax), AC1200 ate 1.200 Mbps. 4 portas LAN 10/100. dual band 2,4GHz e 5GHz.",260.08,399.99,1,23,Roteadores,Redes,8,Kingston Technology Brasil,72549361000100,São Paulo,SP,5,Loja BH Centro,Física,26,2026-04-13,139.91,34.98,HIGH,127
104,71002,Roteador TP-Link Archer AX23 Wi-Fi 6 AX1800 Dual Band,"Roteador TP-Link Archer AX23 Wi-Fi 6 AX1800 Dual Band. Wi-Fi 6 (802.11ax), AC1200 ate 1.200 Mbps. 4 portas LAN 10/100. dual band 2,4GHz e 5GHz.",260.08,399.99,1,23,Roteadores,Redes,8,Kingston Technology Brasil,72549361000100,São Paulo,SP,4,Loja Campinas,Física,17,2026-04-13,139.91,34.98,HIGH,127
104,71002,Roteador TP-Link Archer AX23 Wi-Fi 6 AX1800 Dual Band,"Roteador TP-Link Archer AX23 Wi-Fi 6 AX1800 Dual Band. Wi-Fi 6 (802.11ax), AC1200 ate 1.200 Mbps. 4 portas LAN 10/100. dual band 2,4GHz e 5GHz.",260.08,399.99,1,23,Roteadores,Redes,8,Kingston Technology Brasil,72549361000100,São Paulo,SP,2,Loja Paulista,Física,25,2026-04-13,139.91,34.98,HIGH,127
104,71002,Roteador TP-Link Archer AX23 Wi-Fi 6 AX1800 Dual Band,"Roteador TP-Link Archer AX23 Wi-Fi 6 AX1800 Dual Band. Wi-Fi 6 (802.11ax), AC1200 ate 1.200 Mbps. 4 portas LAN 10/100. dual band 2,4GHz e 5GHz.",260.08,399.99,1,23,Roteadores,Redes,8,Kingston Technology Brasil,72549361000100,São Paulo,SP,3,Loja Santo André,Física,28,2026-04-13,139.91,34.98,HIGH,127
103,71001,Roteador TP-Link Archer AX73 Wi-Fi 6 AX5400,"Roteador TP-Link Archer AX73 Wi-Fi 6 AX5400. Wi-Fi 6 (802.11ax), AX5400 ate 5.400 Mbps. 4 portas LAN 10/100. tri-band com IA de rede.",411.69,699.99,1,23,Roteadores,Redes,34,Satellite / FTX Distribuidora,24768503000170,São Paulo,SP,1,CD Osasco,Online,45,2026-04-13,288.3,41.19,HIGH,158
103,71001,Roteador TP-Link Archer AX73 Wi-Fi 6 AX5400,"Roteador TP-Link Archer AX73 Wi-Fi 6 AX5400. Wi-Fi 6 (802.11ax), AX5400 ate 5.400 Mbps. 4 portas LAN 10/100. tri-band com IA de rede.",411.69,699.99,1,23,Roteadores,Redes,34,Satellite / FTX Distribuidora,24768503000170,São Paulo,SP,6,Escritório Central,Online,19,2026-04-13,288.3,41.19,HIGH,158
103,71001,Roteador TP-Link Archer AX73 Wi-Fi 6 AX5400,"Roteador TP-Link Archer AX73 Wi-Fi 6 AX5400. Wi-Fi 6 (802.11ax), AX5400 ate 5.400 Mbps. 4 portas LAN 10/100. tri-band com IA de rede.",411.69,699.99,1,23,Roteadores,Redes,34,Satellite / FTX Distribuidora,24768503000170,São Paulo,SP,5,Loja BH Centro,Física,34,2026-04-13,288.3,41.19,HIGH,158
103,71001,Roteador TP-Link Archer AX73 Wi-Fi 6 AX5400,"Roteador TP-Link Archer AX73 Wi-Fi 6 AX5400. Wi-Fi 6 (802.11ax), AX5400 ate 5.400 Mbps. 4 portas LAN 10/100. tri-band com IA de rede.",411.69,699.99,1,23,Roteadores,Redes,34,Satellite / FTX Distribuidora,24768503000170,São Paulo,SP,4,Loja Campinas,Física,13,2026-04-13,288.3,41.19,HIGH,158
103,71001,Roteador TP-Link Archer AX73 Wi-Fi 6 AX5400,"Roteador TP-Link Archer AX73 Wi-Fi 6 AX5400. Wi-Fi 6 (802.11ax), AX5400 ate 5.400 Mbps. 4 portas LAN 10/100. tri-band com IA de rede.",411.69,699.99,1,23,Roteadores,Redes,34,Satellite / FTX Distribuidora,24768503000170,São Paulo,SP,2,Loja Paulista,Física,16,2026-04-13,288.3,41.19,HIGH,158
103,71001,Roteador TP-Link Archer AX73 Wi-Fi 6 AX5400,"Roteador TP-Link Archer AX73 Wi-Fi 6 AX5400. Wi-Fi 6 (802.11ax), AX5400 ate 5.400 Mbps. 4 portas LAN 10/100. tri-band com IA de rede.",411.69,699.99,1,23,Roteadores,Redes,34,Satellite / FTX Distribuidora,24768503000170,São Paulo,SP,3,Loja Santo André,Física,31,2026-04-13,288.3,41.19,HIGH,158
105,71003,Roteador TP-Link TL-WR949N 450Mbps 3 Antenas,"Roteador TP-Link TL-WR949N 450Mbps 3 Antenas. Wi-Fi 6 (802.11ax), AX5400 ate 5.400 Mbps. 4 portas LAN 10/100. tri-band com IA de rede.",58.07,99.99,1,23,Roteadores,Redes,31,Palit Microsystems Brasil,46.327.089/0001-04,São Paulo,SP,1,CD Osasco,Online,46,2026-04-13,41.92,41.92,MID,383
105,71003,Roteador TP-Link TL-WR949N 450Mbps 3 Antenas,"Roteador TP-Link TL-WR949N 450Mbps 3 Antenas. Wi-Fi 6 (802.11ax), AX5400 ate 5.400 Mbps. 4 portas LAN 10/100. tri-band com IA de rede.",58.07,99.99,1,23,Roteadores,Redes,31,Palit Microsystems Brasil,46.327.089/0001-04,São Paulo,SP,6,Escritório Central,Online,74,2026-04-13,41.92,41.92,MID,383
105,71003,Roteador TP-Link TL-WR949N 450Mbps 3 Antenas,"Roteador TP-Link TL-WR949N 450Mbps 3 Antenas. Wi-Fi 6 (802.11ax), AX5400 ate 5.400 Mbps. 4 portas LAN 10/100. tri-band com IA de rede.",58.07,99.99,1,23,Roteadores,Redes,31,Palit Microsystems Brasil,46.327.089/0001-04,São Paulo,SP,5,Loja BH Centro,Física,55,2026-04-13,41.92,41.92,MID,383
105,71003,Roteador TP-Link TL-WR949N 450Mbps 3 Antenas,"Roteador TP-Link TL-WR949N 450Mbps 3 Antenas. Wi-Fi 6 (802.11ax), AX5400 ate 5.400 Mbps. 4 portas LAN 10/100. tri-band com IA de rede.",58.07,99.99,1,23,Roteadores,Redes,31,Palit Microsystems Brasil,46.327.089/0001-04,São Paulo,SP,4,Loja Campinas,Física,77,2026-04-13,41.92,41.92,MID,383
105,71003,Roteador TP-Link TL-WR949N 450Mbps 3 Antenas,"Roteador TP-Link TL-WR949N 450Mbps 3 Antenas. Wi-Fi 6 (802.11ax), AX5400 ate 5.400 Mbps. 4 portas LAN 10/100. tri-band com IA de rede.",58.07,99.99,1,23,Roteadores,Redes,31,Palit Microsystems Brasil,46.327.089/0001-04,São Paulo,SP,2,Loja Paulista,Física,77,2026-04-13,41.92,41.92,MID,383
105,71003,Roteador TP-Link TL-WR949N 450Mbps 3 Antenas,"Roteador TP-Link TL-WR949N 450Mbps 3 Antenas. Wi-Fi 6 (802.11ax), AX5400 ate 5.400 Mbps. 4 portas LAN 10/100. tri-band com IA de rede.",58.07,99.99,1,23,Roteadores,Redes,31,Palit Microsystems Brasil,46.327.089/0001-04,São Paulo,SP,3,Loja Santo André,Física,54,2026-04-13,41.92,41.92,MID,383
108,71006,Switch 24P TP-Link TL-SG1024D Gigabit Desktop,"Switch 24P TP-Link TL-SG1024D Gigabit Desktop. 8 portas Gigabit com PoE+, gerenciavel via web. Formato rack 19"" 1U, plug-and-play.",277.08,499.99,1,24,Switches,Redes,28,HyperX / Kingston Brasil,89_214_705_0001_15,São Paulo,SP,1,CD Osasco,Online,27,2026-04-13,222.91,44.58,HIGH,143
108,71006,Switch 24P TP-Link TL-SG1024D Gigabit Desktop,"Switch 24P TP-Link TL-SG1024D Gigabit Desktop. 8 portas Gigabit com PoE+, gerenciavel via web. Formato rack 19"" 1U, plug-and-play.",277.08,499.99,1,24,Switches,Redes,28,HyperX / Kingston Brasil,89_214_705_0001_15,São Paulo,SP,6,Escritório Central,Online,15,2026-04-13,222.91,44.58,HIGH,143
108,71006,Switch 24P TP-Link TL-SG1024D Gigabit Desktop,"Switch 24P TP-Link TL-SG1024D Gigabit Desktop. 8 portas Gigabit com PoE+, gerenciavel via web. Formato rack 19"" 1U, plug-and-play.",277.08,499.99,1,24,Switches,Redes,28,HyperX / Kingston Brasil,89_214_705_0001_15,São Paulo,SP,5,Loja BH Centro,Física,28,2026-04-13,222.91,44.58,HIGH,143
108,71006,Switch 24P TP-Link TL-SG1024D Gigabit Desktop,"Switch 24P TP-Link TL-SG1024D Gigabit Desktop. 8 portas Gigabit com PoE+, gerenciavel via web. Formato rack 19"" 1U, plug-and-play.",277.08,499.99,1,24,Switches,Redes,28,HyperX / Kingston Brasil,89_214_705_0001_15,São Paulo,SP,4,Loja Campinas,Física,18,2026-04-13,222.91,44.58,HIGH,143
108,71006,Switch 24P TP-Link TL-SG1024D Gigabit Desktop,"Switch 24P TP-Link TL-SG1024D Gigabit Desktop. 8 portas Gigabit com PoE+, gerenciavel via web. Formato rack 19"" 1U, plug-and-play.",277.08,499.99,1,24,Switches,Redes,28,HyperX / Kingston Brasil,89_214_705_0001_15,São Paulo,SP,2,Loja Paulista,Física,26,2026-04-13,222.91,44.58,HIGH,143
108,71006,Switch 24P TP-Link TL-SG1024D Gigabit Desktop,"Switch 24P TP-Link TL-SG1024D Gigabit Desktop. 8 portas Gigabit com PoE+, gerenciavel via web. Formato rack 19"" 1U, plug-and-play.",277.08,499.99,1,24,Switches,Redes,28,HyperX / Kingston Brasil,89_214_705_0001_15,São Paulo,SP,3,Loja Santo André,Física,29,2026-04-13,222.91,44.58,HIGH,143
106,71004,Switch 5P Mercusys MS105G Gigabit Desktop,"Switch 5P Mercusys MS105G Gigabit Desktop. 24 portas 10G Gigabit, nao gerenciavel. Formato rack 19"" 1U, plug-and-play.",49.52,89.99,1,24,Switches,Redes,25,Cooler Master Brasil Distrib.,72593480000152,São Paulo,SP,1,CD Osasco,Online,43,2026-04-13,40.47,44.97,MID,486
106,71004,Switch 5P Mercusys MS105G Gigabit Desktop,"Switch 5P Mercusys MS105G Gigabit Desktop. 24 portas 10G Gigabit, nao gerenciavel. Formato rack 19"" 1U, plug-and-play.",49.52,89.99,1,24,Switches,Redes,25,Cooler Master Brasil Distrib.,72593480000152,São Paulo,SP,6,Escritório Central,Online,84,2026-04-13,40.47,44.97,MID,486
106,71004,Switch 5P Mercusys MS105G Gigabit Desktop,"Switch 5P Mercusys MS105G Gigabit Desktop. 24 portas 10G Gigabit, nao gerenciavel. Formato rack 19"" 1U, plug-and-play.",49.52,89.99,1,24,Switches,Redes,25,Cooler Master Brasil Distrib.,72593480000152,São Paulo,SP,5,Loja BH Centro,Física,75,2026-04-13,40.47,44.97,MID,486
106,71004,Switch 5P Mercusys MS105G Gigabit Desktop,"Switch 5P Mercusys MS105G Gigabit Desktop. 24 portas 10G Gigabit, nao gerenciavel. Formato rack 19"" 1U, plug-and-play.",49.52,89.99,1,24,Switches,Redes,25,Cooler Master Brasil Distrib.,72593480000152,São Paulo,SP,4,Loja Campinas,Física,121,2026-04-13,40.47,44.97,MID,486
106,71004,Switch 5P Mercusys MS105G Gigabit Desktop,"Switch 5P Mercusys MS105G Gigabit Desktop. 24 portas 10G Gigabit, nao gerenciavel. Formato rack 19"" 1U, plug-and-play.",49.52,89.99,1,24,Switches,Redes,25,Cooler Master Brasil Distrib.,72593480000152,São Paulo,SP,2,Loja Paulista,Física,117,2026-04-13,40.47,44.97,MID,486
106,71004,Switch 5P Mercusys MS105G Gigabit Desktop,"Switch 5P Mercusys MS105G Gigabit Desktop. 24 portas 10G Gigabit, nao gerenciavel. Formato rack 19"" 1U, plug-and-play.",49.52,89.99,1,24,Switches,Redes,25,Cooler Master Brasil Distrib.,72593480000152,São Paulo,SP,3,Loja Santo André,Física,46,2026-04-13,40.47,44.97,MID,486
107,71005,Switch 8P TP-Link TL-SG108 Gigabit Desktop,"Switch 8P TP-Link TL-SG108 Gigabit Desktop. 48 portas Gigabit 10/100/1000Mbps, gerenciavel via CLI. Formato rack 19"" 1U, plug-and-play.",106.98,159.99,1,24,Switches,Redes,20,Asus do Brasil Computadores Ltda.,47021359000109,São Paulo,SP,1,CD Osasco,Online,50,2026-04-13,53.01,33.13,MID,246
107,71005,Switch 8P TP-Link TL-SG108 Gigabit Desktop,"Switch 8P TP-Link TL-SG108 Gigabit Desktop. 48 portas Gigabit 10/100/1000Mbps, gerenciavel via CLI. Formato rack 19"" 1U, plug-and-play.",106.98,159.99,1,24,Switches,Redes,20,Asus do Brasil Computadores Ltda.,47021359000109,São Paulo,SP,6,Escritório Central,Online,73,2026-04-13,53.01,33.13,MID,246
107,71005,Switch 8P TP-Link TL-SG108 Gigabit Desktop,"Switch 8P TP-Link TL-SG108 Gigabit Desktop. 48 portas Gigabit 10/100/1000Mbps, gerenciavel via CLI. Formato rack 19"" 1U, plug-and-play.",106.98,159.99,1,24,Switches,Redes,20,Asus do Brasil Computadores Ltda.,47021359000109,São Paulo,SP,5,Loja BH Centro,Física,32,2026-04-13,53.01,33.13,MID,246
107,71005,Switch 8P TP-Link TL-SG108 Gigabit Desktop,"Switch 8P TP-Link TL-SG108 Gigabit Desktop. 48 portas Gigabit 10/100/1000Mbps, gerenciavel via CLI. Formato rack 19"" 1U, plug-and-play.",106.98,159.99,1,24,Switches,Redes,20,Asus do Brasil Computadores Ltda.,47021359000109,São Paulo,SP,4,Loja Campinas,Física,26,2026-04-13,53.01,33.13,MID,246
107,71005,Switch 8P TP-Link TL-SG108 Gigabit Desktop,"Switch 8P TP-Link TL-SG108 Gigabit Desktop. 48 portas Gigabit 10/100/1000Mbps, gerenciavel via CLI. Formato rack 19"" 1U, plug-and-play.",106.98,159.99,1,24,Switches,Redes,20,Asus do Brasil Computadores Ltda.,47021359000109,São Paulo,SP,2,Loja Paulista,Física,22,2026-04-13,53.01,33.13,MID,246
107,71005,Switch 8P TP-Link TL-SG108 Gigabit Desktop,"Switch 8P TP-Link TL-SG108 Gigabit Desktop. 48 portas Gigabit 10/100/1000Mbps, gerenciavel via CLI. Formato rack 19"" 1U, plug-and-play.",106.98,159.99,1,24,Switches,Redes,20,Asus do Brasil Computadores Ltda.,47021359000109,São Paulo,SP,3,Loja Santo André,Física,43,2026-04-13,53.01,33.13,MID,246
143,77005,"Tablet Lenovo IdeaPad Pro TB373FU 8G/256G 12"" com Teclado","Tablet Lenovo IdeaPad Pro TB373FU 8G/256G 12"" com Teclado. Android 13, Wi-Fi + 4G LTE. bateria 8.000mAh. camera traseira 13MP.",2397.67,3718.99,1,26,Tablets,Tablets,39,Biostar Technology Brasil,29.643.051/0001-13,São Paulo,SP,1,CD Osasco,Online,4,2026-04-13,1321.32,35.53,ULTRA,30
143,77005,"Tablet Lenovo IdeaPad Pro TB373FU 8G/256G 12"" com Teclado","Tablet Lenovo IdeaPad Pro TB373FU 8G/256G 12"" com Teclado. Android 13, Wi-Fi + 4G LTE. bateria 8.000mAh. camera traseira 13MP.",2397.67,3718.99,1,26,Tablets,Tablets,39,Biostar Technology Brasil,29.643.051/0001-13,São Paulo,SP,6,Escritório Central,Online,1,2026-04-13,1321.32,35.53,ULTRA,30
143,77005,"Tablet Lenovo IdeaPad Pro TB373FU 8G/256G 12"" com Teclado","Tablet Lenovo IdeaPad Pro TB373FU 8G/256G 12"" com Teclado. Android 13, Wi-Fi + 4G LTE. bateria 8.000mAh. camera traseira 13MP.",2397.67,3718.99,1,26,Tablets,Tablets,39,Biostar Technology Brasil,29.643.051/0001-13,São Paulo,SP,5,Loja BH Centro,Física,6,2026-04-13,1321.32,35.53,ULTRA,30
143,77005,"Tablet Lenovo IdeaPad Pro TB373FU 8G/256G 12"" com Teclado","Tablet Lenovo IdeaPad Pro TB373FU 8G/256G 12"" com Teclado. Android 13, Wi-Fi + 4G LTE. bateria 8.000mAh. camera traseira 13MP.",2397.67,3718.99,1,26,Tablets,Tablets,39,Biostar Technology Brasil,29.643.051/0001-13,São Paulo,SP,4,Loja Campinas,Física,9,2026-04-13,1321.32,35.53,ULTRA,30
143,77005,"Tablet Lenovo IdeaPad Pro TB373FU 8G/256G 12"" com Teclado","Tablet Lenovo IdeaPad Pro TB373FU 8G/256G 12"" com Teclado. Android 13, Wi-Fi + 4G LTE. bateria 8.000mAh. camera traseira 13MP.",2397.67,3718.99,1,26,Tablets,Tablets,39,Biostar Technology Brasil,29.643.051/0001-13,São Paulo,SP,2,Loja Paulista,Física,6,2026-04-13,1321.32,35.53,ULTRA,30
143,77005,"Tablet Lenovo IdeaPad Pro TB373FU 8G/256G 12"" com Teclado","Tablet Lenovo IdeaPad Pro TB373FU 8G/256G 12"" com Teclado. Android 13, Wi-Fi + 4G LTE. bateria 8.000mAh. camera traseira 13MP.",2397.67,3718.99,1,26,Tablets,Tablets,39,Biostar Technology Brasil,29.643.051/0001-13,São Paulo,SP,3,Loja Santo André,Física,4,2026-04-13,1321.32,35.53,ULTRA,30
142,77004,"Tablet Samsung Galaxy Tab A8 4G/64G 10.5"" Android","Tablet Samsung Galaxy Tab A8 4G/64G 10.5"" Android. iPadOS 17, Wi-Fi 802.11ac. bateria 6.000mAh. suporte a caneta stylus.",834.79,1399.99,1,26,Tablets,Tablets,21,MSI Computer do Brasil,34765208000113,São Paulo,SP,1,CD Osasco,Online,1,2026-04-13,565.2,40.37,ULTRA,16
142,77004,"Tablet Samsung Galaxy Tab A8 4G/64G 10.5"" Android","Tablet Samsung Galaxy Tab A8 4G/64G 10.5"" Android. iPadOS 17, Wi-Fi 802.11ac. bateria 6.000mAh. suporte a caneta stylus.",834.79,1399.99,1,26,Tablets,Tablets,21,MSI Computer do Brasil,34765208000113,São Paulo,SP,6,Escritório Central,Online,1,2026-04-13,565.2,40.37,ULTRA,16
142,77004,"Tablet Samsung Galaxy Tab A8 4G/64G 10.5"" Android","Tablet Samsung Galaxy Tab A8 4G/64G 10.5"" Android. iPadOS 17, Wi-Fi 802.11ac. bateria 6.000mAh. suporte a caneta stylus.",834.79,1399.99,1,26,Tablets,Tablets,21,MSI Computer do Brasil,34765208000113,São Paulo,SP,5,Loja BH Centro,Física,4,2026-04-13,565.2,40.37,ULTRA,16
142,77004,"Tablet Samsung Galaxy Tab A8 4G/64G 10.5"" Android","Tablet Samsung Galaxy Tab A8 4G/64G 10.5"" Android. iPadOS 17, Wi-Fi 802.11ac. bateria 6.000mAh. suporte a caneta stylus.",834.79,1399.99,1,26,Tablets,Tablets,21,MSI Computer do Brasil,34765208000113,São Paulo,SP,4,Loja Campinas,Física,6,2026-04-13,565.2,40.37,ULTRA,16
142,77004,"Tablet Samsung Galaxy Tab A8 4G/64G 10.5"" Android","Tablet Samsung Galaxy Tab A8 4G/64G 10.5"" Android. iPadOS 17, Wi-Fi 802.11ac. bateria 6.000mAh. suporte a caneta stylus.",834.79,1399.99,1,26,Tablets,Tablets,21,MSI Computer do Brasil,34765208000113,São Paulo,SP,2,Loja Paulista,Física,1,2026-04-13,565.2,40.37,ULTRA,16
142,77004,"Tablet Samsung Galaxy Tab A8 4G/64G 10.5"" Android","Tablet Samsung Galaxy Tab A8 4G/64G 10.5"" Android. iPadOS 17, Wi-Fi 802.11ac. bateria 6.000mAh. suporte a caneta stylus.",834.79,1399.99,1,26,Tablets,Tablets,21,MSI Computer do Brasil,34765208000113,São Paulo,SP,3,Loja Santo André,Física,3,2026-04-13,565.2,40.37,ULTRA,16
144,78001,Telefone IP Intelbras TIP 435i Colorido Wi-Fi,"Telefone IP Intelbras TIP 435i Colorido Wi-Fi. Protocolo H.323, USB e Ethernet. display LCD. Para PABX IP.",595.34,899.99,1,28,Telefonia e VoIP,Telefonia e VoIP,21,MSI Computer do Brasil,34765208000113,São Paulo,SP,1,CD Osasco,Online,27,2026-04-13,304.65,33.85,HIGH,154
144,78001,Telefone IP Intelbras TIP 435i Colorido Wi-Fi,"Telefone IP Intelbras TIP 435i Colorido Wi-Fi. Protocolo H.323, USB e Ethernet. display LCD. Para PABX IP.",595.34,899.99,1,28,Telefonia e VoIP,Telefonia e VoIP,21,MSI Computer do Brasil,34765208000113,São Paulo,SP,6,Escritório Central,Online,19,2026-04-13,304.65,33.85,HIGH,154
144,78001,Telefone IP Intelbras TIP 435i Colorido Wi-Fi,"Telefone IP Intelbras TIP 435i Colorido Wi-Fi. Protocolo H.323, USB e Ethernet. display LCD. Para PABX IP.",595.34,899.99,1,28,Telefonia e VoIP,Telefonia e VoIP,21,MSI Computer do Brasil,34765208000113,São Paulo,SP,5,Loja BH Centro,Física,19,2026-04-13,304.65,33.85,HIGH,154
144,78001,Telefone IP Intelbras TIP 435i Colorido Wi-Fi,"Telefone IP Intelbras TIP 435i Colorido Wi-Fi. Protocolo H.323, USB e Ethernet. display LCD. Para PABX IP.",595.34,899.99,1,28,Telefonia e VoIP,Telefonia e VoIP,21,MSI Computer do Brasil,34765208000113,São Paulo,SP,4,Loja Campinas,Física,28,2026-04-13,304.65,33.85,HIGH,154
144,78001,Telefone IP Intelbras TIP 435i Colorido Wi-Fi,"Telefone IP Intelbras TIP 435i Colorido Wi-Fi. Protocolo H.323, USB e Ethernet. display LCD. Para PABX IP.",595.34,899.99,1,28,Telefonia e VoIP,Telefonia e VoIP,21,MSI Computer do Brasil,34765208000113,São Paulo,SP,2,Loja Paulista,Física,42,2026-04-13,304.65,33.85,HIGH,154
144,78001,Telefone IP Intelbras TIP 435i Colorido Wi-Fi,"Telefone IP Intelbras TIP 435i Colorido Wi-Fi. Protocolo H.323, USB e Ethernet. display LCD. Para PABX IP.",595.34,899.99,1,28,Telefonia e VoIP,Telefonia e VoIP,21,MSI Computer do Brasil,34765208000113,São Paulo,SP,3,Loja Santo André,Física,19,2026-04-13,304.65,33.85,HIGH,154
145,78002,Telefone S/Fio Panasonic KX-TGB110LAB Preto Bivolt,"Telefone S/Fio Panasonic KX-TGB110LAB Preto Bivolt. Protocolo SIP 2.0, USB e Ethernet. viva-voz integrado. Para telefonia corporativa VoIP.",136.94,249.99,1,28,Telefonia e VoIP,Telefonia e VoIP,10,Samsung Eletrônica da Amazônia Ltda.,45_398_617_0001_45,Manaus,AM,1,CD Osasco,Online,20,2026-04-13,113.05,45.22,MID,220
145,78002,Telefone S/Fio Panasonic KX-TGB110LAB Preto Bivolt,"Telefone S/Fio Panasonic KX-TGB110LAB Preto Bivolt. Protocolo SIP 2.0, USB e Ethernet. viva-voz integrado. Para telefonia corporativa VoIP.",136.94,249.99,1,28,Telefonia e VoIP,Telefonia e VoIP,10,Samsung Eletrônica da Amazônia Ltda.,45_398_617_0001_45,Manaus,AM,6,Escritório Central,Online,49,2026-04-13,113.05,45.22,MID,220
145,78002,Telefone S/Fio Panasonic KX-TGB110LAB Preto Bivolt,"Telefone S/Fio Panasonic KX-TGB110LAB Preto Bivolt. Protocolo SIP 2.0, USB e Ethernet. viva-voz integrado. Para telefonia corporativa VoIP.",136.94,249.99,1,28,Telefonia e VoIP,Telefonia e VoIP,10,Samsung Eletrônica da Amazônia Ltda.,45_398_617_0001_45,Manaus,AM,5,Loja BH Centro,Física,24,2026-04-13,113.05,45.22,MID,220
145,78002,Telefone S/Fio Panasonic KX-TGB110LAB Preto Bivolt,"Telefone S/Fio Panasonic KX-TGB110LAB Preto Bivolt. Protocolo SIP 2.0, USB e Ethernet. viva-voz integrado. Para telefonia corporativa VoIP.",136.94,249.99,1,28,Telefonia e VoIP,Telefonia e VoIP,10,Samsung Eletrônica da Amazônia Ltda.,45_398_617_0001_45,Manaus,AM,4,Loja Campinas,Física,51,2026-04-13,113.05,45.22,MID,220
145,78002,Telefone S/Fio Panasonic KX-TGB110LAB Preto Bivolt,"Telefone S/Fio Panasonic KX-TGB110LAB Preto Bivolt. Protocolo SIP 2.0, USB e Ethernet. viva-voz integrado. Para telefonia corporativa VoIP.",136.94,249.99,1,28,Telefonia e VoIP,Telefonia e VoIP,10,Samsung Eletrônica da Amazônia Ltda.,45_398_617_0001_45,Manaus,AM,2,Loja Paulista,Física,29,2026-04-13,113.05,45.22,MID,220
145,78002,Telefone S/Fio Panasonic KX-TGB110LAB Preto Bivolt,"Telefone S/Fio Panasonic KX-TGB110LAB Preto Bivolt. Protocolo SIP 2.0, USB e Ethernet. viva-voz integrado. Para telefonia corporativa VoIP.",136.94,249.99,1,28,Telefonia e VoIP,Telefonia e VoIP,10,Samsung Eletrônica da Amazônia Ltda.,45_398_617_0001_45,Manaus,AM,3,Loja Santo André,Física,47,2026-04-13,113.05,45.22,MID,220
150,79005,"Suporte para Monitor FTX FTX46-C012E 17""-32"" 9kg","Suporte para Monitor FTX FTX46-C012E 17""-32"" 9kg. painel NanoCell, Google TV. Entradas: 2x HDMI, USB, Wi-Fi. Dolby Vision e Dolby Atmos.",83.82,139.99,1,25,TVs e Displays,TVs e Displays,15,Intelbras S.A.,46832950000183,São José,SC,1,CD Osasco,Online,33,2026-04-13,56.17,40.12,MID,223
150,79005,"Suporte para Monitor FTX FTX46-C012E 17""-32"" 9kg","Suporte para Monitor FTX FTX46-C012E 17""-32"" 9kg. painel NanoCell, Google TV. Entradas: 2x HDMI, USB, Wi-Fi. Dolby Vision e Dolby Atmos.",83.82,139.99,1,25,TVs e Displays,TVs e Displays,15,Intelbras S.A.,46832950000183,São José,SC,6,Escritório Central,Online,35,2026-04-13,56.17,40.12,MID,223
150,79005,"Suporte para Monitor FTX FTX46-C012E 17""-32"" 9kg","Suporte para Monitor FTX FTX46-C012E 17""-32"" 9kg. painel NanoCell, Google TV. Entradas: 2x HDMI, USB, Wi-Fi. Dolby Vision e Dolby Atmos.",83.82,139.99,1,25,TVs e Displays,TVs e Displays,15,Intelbras S.A.,46832950000183,São José,SC,5,Loja BH Centro,Física,67,2026-04-13,56.17,40.12,MID,223
150,79005,"Suporte para Monitor FTX FTX46-C012E 17""-32"" 9kg","Suporte para Monitor FTX FTX46-C012E 17""-32"" 9kg. painel NanoCell, Google TV. Entradas: 2x HDMI, USB, Wi-Fi. Dolby Vision e Dolby Atmos.",83.82,139.99,1,25,TVs e Displays,TVs e Displays,15,Intelbras S.A.,46832950000183,São José,SC,4,Loja Campinas,Física,30,2026-04-13,56.17,40.12,MID,223
150,79005,"Suporte para Monitor FTX FTX46-C012E 17""-32"" 9kg","Suporte para Monitor FTX FTX46-C012E 17""-32"" 9kg. painel NanoCell, Google TV. Entradas: 2x HDMI, USB, Wi-Fi. Dolby Vision e Dolby Atmos.",83.82,139.99,1,25,TVs e Displays,TVs e Displays,15,Intelbras S.A.,46832950000183,São José,SC,2,Loja Paulista,Física,37,2026-04-13,56.17,40.12,MID,223
150,79005,"Suporte para Monitor FTX FTX46-C012E 17""-32"" 9kg","Suporte para Monitor FTX FTX46-C012E 17""-32"" 9kg. painel NanoCell, Google TV. Entradas: 2x HDMI, USB, Wi-Fi. Dolby Vision e Dolby Atmos.",83.82,139.99,1,25,TVs e Displays,TVs e Displays,15,Intelbras S.A.,46832950000183,São José,SC,3,Loja Santo André,Física,21,2026-04-13,56.17,40.12,MID,223
149,79004,"Suporte para TV FTX FTX31-KP02 32 a 70"" 45kg Fixo","Suporte para TV FTX FTX31-KP02 32 a 70"" 45kg Fixo. painel NanoCell, Google TV. Entradas: 4x HDMI, 3x USB, Wi-Fi 6. HDR10+.",30.24,46.99,1,25,TVs e Displays,TVs e Displays,16,Epson do Brasil Ltda.,76481293000138,São Paulo,SP,1,CD Osasco,Online,219,2026-04-13,16.75,35.65,LOW,1029
149,79004,"Suporte para TV FTX FTX31-KP02 32 a 70"" 45kg Fixo","Suporte para TV FTX FTX31-KP02 32 a 70"" 45kg Fixo. painel NanoCell, Google TV. Entradas: 4x HDMI, 3x USB, Wi-Fi 6. HDR10+.",30.24,46.99,1,25,TVs e Displays,TVs e Displays,16,Epson do Brasil Ltda.,76481293000138,São Paulo,SP,6,Escritório Central,Online,147,2026-04-13,16.75,35.65,LOW,1029
149,79004,"Suporte para TV FTX FTX31-KP02 32 a 70"" 45kg Fixo","Suporte para TV FTX FTX31-KP02 32 a 70"" 45kg Fixo. painel NanoCell, Google TV. Entradas: 4x HDMI, 3x USB, Wi-Fi 6. HDR10+.",30.24,46.99,1,25,TVs e Displays,TVs e Displays,16,Epson do Brasil Ltda.,76481293000138,São Paulo,SP,5,Loja BH Centro,Física,237,2026-04-13,16.75,35.65,LOW,1029
149,79004,"Suporte para TV FTX FTX31-KP02 32 a 70"" 45kg Fixo","Suporte para TV FTX FTX31-KP02 32 a 70"" 45kg Fixo. painel NanoCell, Google TV. Entradas: 4x HDMI, 3x USB, Wi-Fi 6. HDR10+.",30.24,46.99,1,25,TVs e Displays,TVs e Displays,16,Epson do Brasil Ltda.,76481293000138,São Paulo,SP,4,Loja Campinas,Física,129,2026-04-13,16.75,35.65,LOW,1029
149,79004,"Suporte para TV FTX FTX31-KP02 32 a 70"" 45kg Fixo","Suporte para TV FTX FTX31-KP02 32 a 70"" 45kg Fixo. painel NanoCell, Google TV. Entradas: 4x HDMI, 3x USB, Wi-Fi 6. HDR10+.",30.24,46.99,1,25,TVs e Displays,TVs e Displays,16,Epson do Brasil Ltda.,76481293000138,São Paulo,SP,2,Loja Paulista,Física,141,2026-04-13,16.75,35.65,LOW,1029
149,79004,"Suporte para TV FTX FTX31-KP02 32 a 70"" 45kg Fixo","Suporte para TV FTX FTX31-KP02 32 a 70"" 45kg Fixo. painel NanoCell, Google TV. Entradas: 4x HDMI, 3x USB, Wi-Fi 6. HDR10+.",30.24,46.99,1,25,TVs e Displays,TVs e Displays,16,Epson do Brasil Ltda.,76481293000138,São Paulo,SP,3,Loja Santo André,Física,156,2026-04-13,16.75,35.65,LOW,1029
146,79001,"TV LED 32"" Samsung UN32T4202 HD Smart Wi-Fi","TV LED 32"" Samsung UN32T4202 HD Smart Wi-Fi. painel LED, Tizen OS. Entradas: 2x HDMI, USB, Wi-Fi. HDR10+.",421.51,738.99,1,25,TVs e Displays,TVs e Displays,22,Gigabyte Technology Brasil,71563890000198,São Paulo,SP,1,CD Osasco,Online,30,2026-04-13,317.48,42.96,HIGH,221
146,79001,"TV LED 32"" Samsung UN32T4202 HD Smart Wi-Fi","TV LED 32"" Samsung UN32T4202 HD Smart Wi-Fi. painel LED, Tizen OS. Entradas: 2x HDMI, USB, Wi-Fi. HDR10+.",421.51,738.99,1,25,TVs e Displays,TVs e Displays,22,Gigabyte Technology Brasil,71563890000198,São Paulo,SP,6,Escritório Central,Online,33,2026-04-13,317.48,42.96,HIGH,221
146,79001,"TV LED 32"" Samsung UN32T4202 HD Smart Wi-Fi","TV LED 32"" Samsung UN32T4202 HD Smart Wi-Fi. painel LED, Tizen OS. Entradas: 2x HDMI, USB, Wi-Fi. HDR10+.",421.51,738.99,1,25,TVs e Displays,TVs e Displays,22,Gigabyte Technology Brasil,71563890000198,São Paulo,SP,5,Loja BH Centro,Física,21,2026-04-13,317.48,42.96,HIGH,221
146,79001,"TV LED 32"" Samsung UN32T4202 HD Smart Wi-Fi","TV LED 32"" Samsung UN32T4202 HD Smart Wi-Fi. painel LED, Tizen OS. Entradas: 2x HDMI, USB, Wi-Fi. HDR10+.",421.51,738.99,1,25,TVs e Displays,TVs e Displays,22,Gigabyte Technology Brasil,71563890000198,São Paulo,SP,4,Loja Campinas,Física,46,2026-04-13,317.48,42.96,HIGH,221
146,79001,"TV LED 32"" Samsung UN32T4202 HD Smart Wi-Fi","TV LED 32"" Samsung UN32T4202 HD Smart Wi-Fi. painel LED, Tizen OS. Entradas: 2x HDMI, USB, Wi-Fi. HDR10+.",421.51,738.99,1,25,TVs e Displays,TVs e Displays,22,Gigabyte Technology Brasil,71563890000198,São Paulo,SP,2,Loja Paulista,Física,49,2026-04-13,317.48,42.96,HIGH,221
146,79001,"TV LED 32"" Samsung UN32T4202 HD Smart Wi-Fi","TV LED 32"" Samsung UN32T4202 HD Smart Wi-Fi. painel LED, Tizen OS. Entradas: 2x HDMI, USB, Wi-Fi. HDR10+.",421.51,738.99,1,25,TVs e Displays,TVs e Displays,22,Gigabyte Technology Brasil,71563890000198,São Paulo,SP,3,Loja Santo André,Física,42,2026-04-13,317.48,42.96,HIGH,221
147,79002,"TV LED 43"" Samsung 43DU7000 UHD Smart 4K Bluetooth","TV LED 43"" Samsung 43DU7000 UHD Smart 4K Bluetooth. painel NanoCell, Tizen OS. Entradas: 2x HDMI, USB, Wi-Fi. Dolby Vision e Dolby Atmos.",880.13,1332.99,1,25,TVs e Displays,TVs e Displays,34,Satellite / FTX Distribuidora,24768503000170,São Paulo,SP,1,CD Osasco,Online,7,2026-04-13,452.86,33.97,ULTRA,42
147,79002,"TV LED 43"" Samsung 43DU7000 UHD Smart 4K Bluetooth","TV LED 43"" Samsung 43DU7000 UHD Smart 4K Bluetooth. painel NanoCell, Tizen OS. Entradas: 2x HDMI, USB, Wi-Fi. Dolby Vision e Dolby Atmos.",880.13,1332.99,1,25,TVs e Displays,TVs e Displays,34,Satellite / FTX Distribuidora,24768503000170,São Paulo,SP,6,Escritório Central,Online,9,2026-04-13,452.86,33.97,ULTRA,42
147,79002,"TV LED 43"" Samsung 43DU7000 UHD Smart 4K Bluetooth","TV LED 43"" Samsung 43DU7000 UHD Smart 4K Bluetooth. painel NanoCell, Tizen OS. Entradas: 2x HDMI, USB, Wi-Fi. Dolby Vision e Dolby Atmos.",880.13,1332.99,1,25,TVs e Displays,TVs e Displays,34,Satellite / FTX Distribuidora,24768503000170,São Paulo,SP,5,Loja BH Centro,Física,4,2026-04-13,452.86,33.97,ULTRA,42
147,79002,"TV LED 43"" Samsung 43DU7000 UHD Smart 4K Bluetooth","TV LED 43"" Samsung 43DU7000 UHD Smart 4K Bluetooth. painel NanoCell, Tizen OS. Entradas: 2x HDMI, USB, Wi-Fi. Dolby Vision e Dolby Atmos.",880.13,1332.99,1,25,TVs e Displays,TVs e Displays,34,Satellite / FTX Distribuidora,24768503000170,São Paulo,SP,4,Loja Campinas,Física,7,2026-04-13,452.86,33.97,ULTRA,42
147,79002,"TV LED 43"" Samsung 43DU7000 UHD Smart 4K Bluetooth","TV LED 43"" Samsung 43DU7000 UHD Smart 4K Bluetooth. painel NanoCell, Tizen OS. Entradas: 2x HDMI, USB, Wi-Fi. Dolby Vision e Dolby Atmos.",880.13,1332.99,1,25,TVs e Displays,TVs e Displays,34,Satellite / FTX Distribuidora,24768503000170,São Paulo,SP,2,Loja Paulista,Física,9,2026-04-13,452.86,33.97,ULTRA,42
147,79002,"TV LED 43"" Samsung 43DU7000 UHD Smart 4K Bluetooth","TV LED 43"" Samsung 43DU7000 UHD Smart 4K Bluetooth. painel NanoCell, Tizen OS. Entradas: 2x HDMI, USB, Wi-Fi. Dolby Vision e Dolby Atmos.",880.13,1332.99,1,25,TVs e Displays,TVs e Displays,34,Satellite / FTX Distribuidora,24768503000170,São Paulo,SP,3,Loja Santo André,Física,6,2026-04-13,452.86,33.97,ULTRA,42
148,79003,"TV LED 50"" Samsung 50DU7000 Smart BT UHD 4K USB","TV LED 50"" Samsung 50DU7000 Smart BT UHD 4K USB. painel LED, Tizen OS. Entradas: 3x HDMI, 2x USB, Wi-Fi e Bluetooth. Dolby Vision e Dolby Atmos.",1169.27,1803.99,1,25,TVs e Displays,TVs e Displays,38,Sandisk / Western Digital Brasil,80_793_561_0001_24,São Paulo,SP,1,CD Osasco,Online,4,2026-04-13,634.72,35.18,ULTRA,29
148,79003,"TV LED 50"" Samsung 50DU7000 Smart BT UHD 4K USB","TV LED 50"" Samsung 50DU7000 Smart BT UHD 4K USB. painel LED, Tizen OS. Entradas: 3x HDMI, 2x USB, Wi-Fi e Bluetooth. Dolby Vision e Dolby Atmos.",1169.27,1803.99,1,25,TVs e Displays,TVs e Displays,38,Sandisk / Western Digital Brasil,80_793_561_0001_24,São Paulo,SP,6,Escritório Central,Online,1,2026-04-13,634.72,35.18,ULTRA,29
148,79003,"TV LED 50"" Samsung 50DU7000 Smart BT UHD 4K USB","TV LED 50"" Samsung 50DU7000 Smart BT UHD 4K USB. painel LED, Tizen OS. Entradas: 3x HDMI, 2x USB, Wi-Fi e Bluetooth. Dolby Vision e Dolby Atmos.",1169.27,1803.99,1,25,TVs e Displays,TVs e Displays,38,Sandisk / Western Digital Brasil,80_793_561_0001_24,São Paulo,SP,5,Loja BH Centro,Física,3,2026-04-13,634.72,35.18,ULTRA,29
148,79003,"TV LED 50"" Samsung 50DU7000 Smart BT UHD 4K USB","TV LED 50"" Samsung 50DU7000 Smart BT UHD 4K USB. painel LED, Tizen OS. Entradas: 3x HDMI, 2x USB, Wi-Fi e Bluetooth. Dolby Vision e Dolby Atmos.",1169.27,1803.99,1,25,TVs e Displays,TVs e Displays,38,Sandisk / Western Digital Brasil,80_793_561_0001_24,São Paulo,SP,4,Loja Campinas,Física,6,2026-04-13,634.72,35.18,ULTRA,29
148,79003,"TV LED 50"" Samsung 50DU7000 Smart BT UHD 4K USB","TV LED 50"" Samsung 50DU7000 Smart BT UHD 4K USB. painel LED, Tizen OS. Entradas: 3x HDMI, 2x USB, Wi-Fi e Bluetooth. Dolby Vision e Dolby Atmos.",1169.27,1803.99,1,25,TVs e Displays,TVs e Displays,38,Sandisk / Western Digital Brasil,80_793_561_0001_24,São Paulo,SP,2,Loja Paulista,Física,9,2026-04-13,634.72,35.18,ULTRA,29
148,79003,"TV LED 50"" Samsung 50DU7000 Smart BT UHD 4K USB","TV LED 50"" Samsung 50DU7000 Smart BT UHD 4K USB. painel LED, Tizen OS. Entradas: 3x HDMI, 2x USB, Wi-Fi e Bluetooth. Dolby Vision e Dolby Atmos.",1169.27,1803.99,1,25,TVs e Displays,TVs e Displays,38,Sandisk / Western Digital Brasil,80_793_561_0001_24,São Paulo,SP,3,Loja Santo André,Física,6,2026-04-13,634.72,35.18,ULTRA,29
