id_cliente,nome,sobrenome,tipo,email,telefone,cpf_cnpj,data_nascimento,data_cadastro,cidade,estado
680,Léo,Sales,PF,losales@uol.com.br,13997318021,03597148204,2001-01-26,2024-04-13,Teixeira de Goiás,PE
737,Lucca,Mendonça,PF,lucca_mendona@hotmail.com,,08964752120,1969-02-20,2024-04-13,Silveira Verde,MS
1645,Alexandre,Sá,PF,alexandre64@gmail.com,+5571980732269,462.897.031-96,1980-07-25,2024-04-13,Castro dos Dourados,MT
196,Vasconcelos & Associados ME,,PJ,vasconcelo_@empresa.com.br,+5561934615577,73425609000186,2003-01-14,2024-04-14,da Cunha,TO
640,Yago,Costela,PF,yagocostela@ig.com.br,(71) 93801-6590,95673120443,1956-12-25,2024-04-14,Novaes,ES
2967,Ana Liz,Araújo,PF,analizarajo@uol.com.br,(21) 94749-1357,152.693.874-09,1973-12-23,2024-04-14,Siqueira da Praia,TO
3093,Juliana,Vargas,PF,davilucas42@gmail.com,,370.261.859-77,1971-07-01,2024-04-14,das Neves da Praia,BA
3408,Luiza,Alves,PF,luiza.alves@gmail.com,(41) 96175-7699,69384157066,1969-04-12,2024-04-14,Nunes dos Dourados,AM
201,Santos Soluções e Serviços S/A,,PJ,s@empresa.com.br,+5551934538173,56.317.092/0001-92,2006-02-21,2024-04-15,da Rosa das Flores,SP
1323,Vitória,Moreira,PF,vitria_moreira@outlook.com,31936427980,208_541_396_05,1966-11-22,2024-04-15,das Neves,CE
1493,Eduardo,da Mata,PF,eduardo.damata@hotmail.com,+5571933069402,902.136.548-06,1984-12-04,2024-04-15,da Rocha,MA
2784,Ana Vitória,Silva,PF,anavitriasilva@yahoo.com.br,+5531958272478,921_536_048_42,1965-06-10,2024-04-15,Rios,MG
2909,Alexia,Castro,PF,alexiacastro@outlook.com,21987689730,983_472_506_00,1986-03-18,2024-04-15,Jesus dos Dourados,SE
1531,Sara,Vargas,PF,svargas@gmail.com,,750.468.213-62,1992-04-25,2024-04-16,Nascimento da Praia,AM
1563,Isaque,Moraes,PF,isaquemoraes@outlook.com,+5561937078489,608.139.247-31,1964-03-29,2024-04-16,Cassiano de Ramos,ES
1614,Nicole,Novaes,PF,nicolenovaes@gmail.com,+5571978647210,621.097.835-59,1990-06-29,2024-04-16,Correia,RN
1874,Camila,Marques,PF,cmarques@uol.com.br,(51) 92194-6163,19786205430,1988-02-03,2024-04-17,Barbosa de da Cunha,PE
2013,Consultoria Santos EIRELI,,PJ,consultori@comercio.net.br,(51) 96143-2837,97235160000151,,2024-04-17,da Conceição das Pedras,RJ
2115,Davi Luiz,Alves,PF,daviluiz_alves@hotmail.com,,10834726580,1961-05-09,2024-04-17,Pimenta,RO
2125,Cardoso & Associados Ltda.,,PJ,cardosoass@comercio.net.br,13987854496,70_214_598_0001_05,1967-03-22,2024-04-17,Moraes,RR
506,Silva & Ribeiro S/A,,PJ,silvaribei_@empresa.com.br,(47) 94539-6607,86.510.497/0001-03,1978-05-03,2024-04-18,da Rocha de Sales,AM
2175,Miranda & Oliveira EPP,,PJ,m@comercio.net.br,51948317040,49.630.857/0001-84,2001-08-06,2024-04-18,Rezende do Norte,SE
2384,Samuel,Rios,PF,samuel_rios@uol.com.br,+5521911753056,58237461991,1962-06-07,2024-04-18,Guerra,PR
2722,Natália,Farias,PF,natlia90@bol.com.br,61947233033,69074381278,1962-10-03,2024-04-18,Ramos,TO
2101,Theodoro,Monteiro,PF,rhavi.farias@gmail.com,(47) 97408-8256,065_792_841_02,1983-07-31,2024-04-19,Novaes,RN
137,Tecnologia Carvalho Ltda.,,PJ,tecnologia_@comercio.net.br,+5531969324867,02435761000100,1973-06-27,2024-04-20,Peixoto da Mata,CE
2352,Liz,Carvalho,PF,liz_carvalho@gmail.com,(61) 97312-6203,32510896415,2004-12-18,2024-04-20,Moraes da Mata,MG
2390,Isadora,Rodrigues,PF,isadora_rodrigues@ig.com.br,+5511969969783,15263089759,1992-07-27,2024-04-20,Nascimento Paulista,RJ
2487,Ian,Novaes,PF,gaelhenrique19@hotmail.com,(13) 93542-8616,83406259774,1993-12-20,2024-04-20,Moreira,RS
3283,José,da Conceição,PF,josdaconceio@bol.com.br,+5513967208372,16729584319,1993-06-13,2024-04-20,Pinto do Campo,AL
237,Luiz Felipe,Santos,PF,lsantos@hotmail.com,51987632989,87145963264,1991-04-02,2024-04-21,da Luz das Flores,PB
1766,Pietro,Barros,PF,pietro.barros@outlook.com,61962088510,437_850_912_14,2007-12-09,2024-04-21,Vasconcelos,SE
2171,Beatriz,Cirino,PF,beatriz_cirino@bol.com.br,51979107222,71046859366,1969-04-02,2024-04-21,Leão,AL
3170,Danilo,Novais,PF,dnovais@uol.com.br,(47) 96902-9830,943_180_267_87,1994-06-20,2024-04-21,Duarte da Mata,MG
3492,Lopes Comércio e Importadora EPP,,PJ,lopescomrc@empresa.com.br,51924992856,34.610.927/0001-65,1999-06-05,2024-04-21,da Conceição da Mata,AP
1922,Erick,Vargas,PF,erick94@uol.com.br,61957407411,391.658.024-89,1967-08-04,2024-04-22,Pinto de da Conceição,GO
2200,Pedro Miguel,Gonçalves,PF,pgonalves@terra.com.br,+5513915265937,730.692.841-40,2006-01-26,2024-04-22,Farias do Galho,RJ
2462,Ísis,Costa,PF,sis.costa@gmail.com,31956568766,183_425_076_53,2002-12-25,2024-04-22,Lima,RO
2495,Brenda,Nogueira,PF,brenda.nogueira@ig.com.br,+5547989042926,78902561402,1958-07-15,2024-04-22,Souza de Cunha,CE
408,Rodrigo,Silva,PF,rodrigo.silva@yahoo.com.br,(11) 96956-3611,418_392_576_28,1993-06-21,2024-04-23,Garcia,TO
1415,Carolina,Araújo,PF,carolina76@ig.com.br,(71) 91497-6366,945.720.316-06,1962-01-20,2024-04-23,Cavalcante,RN
1801,Sabrina,Viana,PF,sabrina79@outlook.com,+5531941274763,51983042633,1995-01-14,2024-04-23,Souza de da Conceição,SE
2402,Alana,,PF,alana.@gmail.com,11941078169,843.901.576-39,,2024-04-23,Pacheco do Campo,RR
2810,Kaique,Campos,PF,kaique14@uol.com.br,(21) 91907-9644,307.921.856-68,1984-05-19,2024-04-23,da Rocha de Minas,AM
2888,João Vitor,Correia,PF,joovitor.correia@hotmail.com,13994434756,128_450_796_30,1994-05-03,2024-04-23,Borges das Pedras,RR
3404,Arthur,da Cruz,PF,arthur.dacruz@yahoo.com.br,(41) 93128-7495,196.054.378-48,1965-07-02,2024-04-23,Nunes,PE
3455,Fernando,Sá,PF,fernando.s@ig.com.br,71957428386,65298107303,1966-04-17,2024-04-23,Fernandes de Viana,SP
174,Brayan,Sales,PF,brayan_sales@gmail.com,+5513910921995,134_076_852_62,1967-01-29,2024-04-24,Azevedo,RS
207,Bruna,Barros,PF,brunabarros@terra.com.br,,325.894.067-38,1969-03-19,2024-04-24,da Mata Alegre,RO
217,Maria Julia,Pimenta,PF,mariajulia.pimenta@terra.com.br,13945355845,642_083_175_07,1990-06-10,2024-04-24,Câmara do Norte,AM
1344,Raul,Pereira,PF,raulpereira@bol.com.br,(71) 98178-9416,91460725867,1981-09-08,2024-04-24,da Conceição da Praia,CE
1574,Júlia,das Neves,PF,jlia30@yahoo.com.br,41966795835,451_972_806_11,1962-11-29,2024-04-24,Vasconcelos,RJ
2745,Ana Júlia,da Luz,PF,anajlia_daluz@terra.con.br,+5561927635587,247.985.061-76,1962-07-25,2024-04-24,Peixoto,RR
3314,Henrique,Albuquerque,PF,henriquealbuquerque@terra.com.br,+5551913465688,074_931_265_34,2002-05-05,2024-04-24,Ribeiro do Oeste,MA
1830,João,Fonseca,PF,joo_fonseca@outlook.com,+5571937606130,631.540.278-07,1975-06-26,2024-04-25,Marques do Oeste,MA
2132,Maria Luísa,Cardoso,PF,marialusacardoso@hotmail.com,(51) 91173-5810,46587103235,2007-09-21,2024-04-25,Costa,AL
2513,Allana,Garcia,PF,allana_garcia@outlook.com,13924315059,754_916_283_28,1975-01-19,2024-04-25,Câmara,RR
3209,José Miguel,Cavalcanti,PF,jcavalcanti@bol.con.br,+5531970384049,493.761.508-48,1989-03-11,2024-04-25,Macedo de Fernandes,MA
1054,Caleb,Teixeira,PF,caleb36@uol.com.br,71925071561,46179380520,1982-07-06,2024-04-26,Mendes da Serra,PB
2572,Alexia,Siqueira,PF,alexiasiqueira@bol.com.br,47964272807,75286319491,2004-11-21,2024-04-26,Viana da Mata,TO
2636,Carolina,Pacheco,PF,carolina.pacheco@terra.com.br,11955264414,165_834_972_55,1975-08-01,2024-04-26,Moreira,MS
3050,Maria,Moreira,PF,maria18@outlook.com,51916386824,438_052_617_80,1986-06-22,2024-04-26,Santos de da Cunha,PI
157,Jesus Informática e Sistemas S/S,,PJ,jesusinfor.@empresa.com.br,71950415528,68024795000101,1962-11-15,2024-04-27,Rocha das Pedras,PE
514,Ana Lívia,Correia,PF,acorreia@uol.com.br,(51) 93533-7847,218_346_709_69,1958-02-14,2024-04-27,Rios do Sul,SC
2098,Gael Henrique,Aparecida,PF,gaparecida@bol.com.br,(11) 95470-1255,391.682.507-03,1998-06-16,2024-04-27,Vieira de Moreira,AL
2714,Ana Lívia,da Rosa,PF,adarosa@yahoo.com.br,+5561967562955,730_918_245_60,1984-06-23,2024-04-27,da Rocha,SP
2914,Soluções Nascimento S/A,,PJ,soluesnasc_@empresa.com.br,+5561968644765,01.637.458/0001-19,1968-06-13,2024-04-27,Castro,RN
124,Mariah,Pastor,PF,mariah.pastor@hotmail.com,+5541951724638,920.314.876-04,1995-01-19,2024-04-28,Novaes Alegre,AP
578,João Gabriel,Câmara,PF,joogabriel85@yahoo.com.br,+5541920365953,879.136.204-04,1990-07-02,2024-04-28,Borges Alegre,PB
2091,Rhavi,Jesus,PF,rhavi.jesus@terra.com.br,+5561955224731,193_758_402_04,1960-03-09,2024-04-28,Casa Grande da Serra,RR
3318,Ana Clara,Freitas,PF,anaclara_freitas@yahoo.com.br,(21) 92175-4150,397_584_216_46,1970-06-08,2024-04-28,Ramos da Mata,RJ
1578,Bárbara,Castro,PF,brbara_castro@uol.com.br,+5521914311146,41372985646,1981-11-19,2024-04-29,Freitas das Flores,RJ
2382,Moraes & Associados S/A,,PJ,moraesasso@comercio.net.br,+5571957728542,30416529000151,2007-10-20,2024-04-29,Cassiano,RO
3250,Vinícius,Nogueira,PF,vincius.nogueira@yahoo.com.br,(13) 93458-8109,40613729803,,2024-04-29,Sales de Casa Grande,PI
482,João Vitor,Cardoso,PF,joovitor95@yahoo.com.br,+5551994889092,17208963568,1958-07-21,2024-04-30,Rodrigues de da Cruz,SC
1502,Dom,Rezende,PF,dom_rezende@terra.com.br,,218.734.650-17,1965-10-30,2024-04-30,Ribeiro,PB
2204,Maria Isis,da Mota,PF,mariaisis_damota@uol.com.br,(71) 94952-8540,709.548.132-60,,2024-04-30,Souza,MT
2244,Sistemas Freitas ME,,PJ,sistemasfr.@comercio.net.br,47932444209,47.856.310/0001-76,1974-12-11,2024-04-30,Santos das Pedras,TO
2267,Maria Júlia,Gonçalves,PF,mariajlia_gonalves@hotmail.con,(61) 95042-7223,02374165817,,2024-04-30,Alves de da Conceição,ES
587,Luiz Miguel,Santos,PF,lsantos@ig.com.br,(21) 99751-1862,942_351_086_89,1982-06-30,2024-05-01,Cavalcante,RJ
1577,Dom,Viana,PF,dom.viana@yahoo.com.br,+5547916612949,143_892_067_96,1958-05-08,2024-05-01,Carvalho,MS
2262,Rocha & Ferreira S.A.,,PJ,rochaferre@empresa.com.br,+5551976561215,93_120_457_0001_10,1965-07-27,2024-05-01,Abreu,RO
2387,Ana Liz,Sousa,PF,analizsousa@yahoo.com.br,71975594056,258_934_071_05,1962-11-28,2024-05-01,Gomes do Oeste,PB
478,Marcos Vinicius,Carvalho,PF,marcosvinicius89@ig.com.br,(21) 96770-6587,856_793_210_68,1977-01-12,2024-05-02,Marques,ES
490,Daniel,Albuquerque,PF,daniel.albuquerque@ig.com.br,11945416068,704_861_529_01,1981-07-17,2024-05-02,Barbosa,RS
1398,Rhavi,Pereira,PF,rhavi97@hotmail.com,61943012629,18360597286,1984-02-23,2024-05-02,Siqueira Grande,RO
1408,Vitória,Costa,PF,vcosta@yahoo.com.br,+5561996318852,49583126098,2006-07-05,2024-05-02,Cassiano da Praia,MT
1743,Nicole,Monteiro,PF,nicole_monteiro@ig.com.br,31943574115,26981034506,1959-02-11,2024-05-02,Viana,PA
1892,Valentim,Mendonça,PF,valentimmendona@hotmail.com,(51) 93152-7213,62891437004,1966-06-20,2024-05-02,Teixeira,MT
1965,Kaique,Guerra,PF,kguerra@gmail.com,(51) 98416-3467,132_605_987_40,1997-08-22,2024-05-02,da Cruz de Minas,CE
2972,Lima & Costa EI,,PJ,limacostae@comercio.net.br,+5511936877400,47192650000140,1981-07-15,2024-05-02,Vargas,AL
64,Ana Sophia,Correia,PF,anasophia46@bol.com.br,13948243360,539.642.701-99,1998-08-06,2024-05-03,Moreira,RN
129,Leandro,Araújo,PF,leandro.arajo@hotmail.com,+5561993213583,659.014.382-05,1959-04-28,2024-05-03,Duarte,PI
464,Nunes & Dias EI,,PJ,nunesdiase.@empresa.com.br,+5551945848617,06513294000131,1996-11-23,2024-05-03,da Rosa,RR
1775,Olívia,Cardoso,PF,olvia.cardoso@ig.com.br,61919985673,985.103.742-79,1992-07-02,2024-05-03,da Cunha Grande,AP
1882,Vieira & Lopes ME,,PJ,vieiralope.@comercio.net.br,+5571968609770,65.871.204/0001-43,1984-10-06,2024-05-03,Santos de Câmara,ES
2084,Daniel,Costela,PF,dcostela@hotmail.com,(11) 91583-2238,40879152630,,2024-05-03,Costela da Praia,RO
2571,Luigi,Gonçalves,PF,luigi.gonalves@bol.com.br,+5561949878392,40562891315,1969-05-04,2024-05-03,Gonçalves Verde,DF
1153,Rafaela,Aparecida,PF,raparecida@gmail.com,(41) 96662-8448,91825607303,1986-03-14,2024-05-04,Santos da Praia,MG
1377,Pedro Henrique,Montenegro,PF,pedrohenrique_montenegro@outlook.com,(11) 98039-2711,21357084960,1987-05-30,2024-05-04,Vargas,AL
2893,Pedro,Monteiro,PF,pedro73@outlook.com,+5551913373636,56417920399,1957-04-30,2024-05-04,da Mata,PR
1889,Carlos Eduardo,Sousa,PF,carloseduardo_sousa@ig.com.br,51980484282,708.216.543-90,1957-03-06,2024-05-05,Aparecida Paulista,GO
2456,Ísis,Rios,PF,sis1@hotmail.com,(11) 94302-6877,906.457.318-20,1961-04-29,2024-05-05,Gonçalves,AC
2831,Bianca,Melo,PF,bianca_melo@ig.com.br,+5561974579196,651.290.374-99,1982-11-02,2024-05-05,Almeida,AL
2842,Thomas,Rocha,PF,thomas78@hotmail.com,+5547993007053,618.290.745-20,1992-06-25,2024-05-06,Moura das Flores,RR
3368,Maria Clara,Cassiano,PF,mariaclaracassiano@gmail.con,+5541957029855,587.904.236-74,,2024-05-06,da Conceição de Lima,ES
467,Luiz Miguel,Andrade,PF,luizmiguelandrade@uol.com.br,+5571970239428,298_413_675_64,1963-05-24,2024-05-07,Campos,SE
1826,Vitor Hugo,Aparecida,PF,vaparecida@ig.com.br,(21) 91434-8418,958_012_346_24,1960-01-17,2024-05-07,Cavalcante,PA
2157,Gabriel,da Mata,PF,gabriel19@bol.com.br,,796_548_310_66,1998-01-16,2024-05-07,Sales Alegre,AP
2434,Oliveira Importadora e Soluções Ltda.,,PJ,oliveiraim@empresa.com.br,(31) 92700-7102,57.314.890/0001-23,1973-04-11,2024-05-07,da Mota de Caldeira,RN
3087,Almeida & Associados EI,,PJ,almeidaass.@comercio.net.br,21970341252,80546139000174,,2024-05-07,Aparecida,AM
3176,Souza & Jesus EPP,,PJ,s@comercio.net.br,+5511942363641,62197830000108,2007-12-14,2024-05-07,Farias,GO
375,Melina,Monteiro,PF,melina_monteiro@bol.com.br,47995369308,607_285_913_59,1971-06-24,2024-05-08,Martins do Oeste,AM
932,Felipe,da Mota,PF,felipe_damota@bol.com.br,+5511954349558,24706918502,2006-03-16,2024-05-08,Nascimento do Amparo,MG
2316,Ana Carolina,Almeida,PF,anacarolinaalmeida@hotmail.com,+5551918447973,80652174949,1992-02-13,2024-05-08,Correia,SP
2595,Aurora,Camargo,PF,aurora1@uol.com.br,,13872604562,1975-10-12,2024-05-08,Silveira de Siqueira,SE
3201,Carolina,Correia,PF,carolina28@yahoo.com.br,47996071566,34952076865,1985-12-01,2024-05-08,Duarte do Amparo,PA
1188,Theodoro,Brito,PF,theodoro.brito@hotmail.com,21961552971,693_748_201_96,1967-12-28,2024-05-09,Teixeira de Martins,PE
1561,Alana,Martins,PF,alana.martins@outlook.com,11939077505,176.280.543-07,1961-03-20,2024-05-09,Silveira,PA
2726,Sistemas Araújo EI,,PJ,sistemasar.@empresa.com.br,+5551938198410,02458769000183,1991-07-03,2024-05-09,Leão,ES
2939,Davi Luiz,Barbosa,PF,daviluiz36@ig.com.br,,32017954888,1970-02-07,2024-05-09,Ferreira do Galho,AL
153,Davi Miguel,Novais,PF,davimiguel.novais@outlook.com,,08215396470,1978-03-13,2024-05-10,Marques dos Dourados,GO
1257,Kaique,Pereira,PF,kaique_pereira@gmail.com,(13) 96096-4431,04731826969,1968-01-19,2024-05-10,Moura de Casa Grande,PE
1780,Anthony Gabriel,Almeida,PF,anthonygabriel.almeida@yahoo.com.br,+5547993821844,50627481949,1999-12-26,2024-05-10,Costa,AL
2049,Leandro,Abreu,PF,leandro_abreu@gmail.com,(47) 92441-5698,51967234043,1999-07-12,2024-05-10,Nascimento,MS
2686,Isadora,Vieira,PF,ivieira@uol.com.br,(21) 97433-3691,230_184_567_26,1989-05-12,2024-05-10,Vieira,PB
3126,Maria Luiza,Moura,PF,marialuizamoura@yahoo.com.br,(47) 99598-9425,630.572.198-02,1981-05-23,2024-05-10,Castro Alegre,ES
777,Antony,Pastor,PF,antony_pastor@ig.com.br,+5511918988405,867_039_514_20,1973-02-24,2024-05-11,Barros,PE
1878,Luna,Guerra,PF,luna_guerra@uol.com.br,+5531930232991,430.926.718-13,1981-11-21,2024-05-11,das Neves,AM
2195,Ana Vitória,Fernandes,PF,anavitria49@hotmail.com,(71) 93058-6676,07465821967,1980-03-25,2024-05-11,Duarte da Serra,PA
2926,Davi Lucca,Ferreira,PF,davilucca_ferreira@gmail.com,31961275061,280.317.649-13,1981-04-22,2024-05-11,Cavalcanti,RJ
389,Guilherme,Ferreira,PF,guilhermeferreira@gmail.com,(13) 99256-4604,21548679364,,2024-05-12,Gonçalves,SC
466,Sophie,Cavalcanti,PF,sophiecavalcanti@terra.com.br,(61) 99779-5808,305.821.967-95,1962-10-12,2024-05-12,Pimenta,PE
625,Alexandre,Lima,PF,alexandrelima@yahoo.com.br,+5513916803227,12987540388,,2024-05-12,Teixeira do Campo,RS
741,Luan,Jesus,PF,luan_jesus@yahoo.com.br,61954368622,015.674.982-30,1965-05-27,2024-05-12,Cassiano de Goiás,SC
835,Henrique,Barbosa,PF,hbarbosa@terra.com.br,51950747323,61890372595,1994-10-23,2024-05-12,Sousa,TO
1302,Pereira & Silva EI,,PJ,pereirasil@empresa.com.br,+5551919615211,81569324000147,1993-06-03,2024-05-12,das Neves,AP
1536,Arthur,Nunes,PF,anunes@outlook.com,(41) 98320-6414,150.894.326-51,1958-08-31,2024-05-12,Farias de Abreu,MT
1559,Benicio,Cardoso,PF,benicio.cardoso@yahoo.com.br,47920957036,643.581.079-66,1987-09-14,2024-05-12,Nascimento,CE
3273,Emanuella,Silveira,PF,kevin.moraes@hotmail.com,(41) 91478-5836,94273061570,1979-05-11,2024-05-12,Cassiano de Campos,CE
240,Mendes & Associados ME,,PJ,mendesasso_@comercio.net.br,+5531935428093,49817052000144,1966-08-17,2024-05-13,Rezende,GO
387,Comércio Machado S/A,,PJ,comrciomac_@comercio.net.br,47965114216,91.687.354/0001-01,2008-03-26,2024-05-13,Barros,GO
548,Benicio,Alves,PF,bernardo78@ig.com.br,+5571930481680,620.347.918-78,,2024-05-13,Cardoso,MG
922,Bruno,da Costa,PF,brunodacosta@terra.com.br,(21) 94967-6610,43790261599,2004-03-18,2024-05-13,Pereira,MS
1077,Josué,da Rocha,PF,josu.darocha@hotmail.com,+5551972344094,863_590_721_30,,2024-05-13,Alves,BA
1840,Gustavo,Borges,PF,gustavo_borges@bol.com.br,(31) 92867-5771,92540317634,1987-07-31,2024-05-13,Rios do Norte,MG
2751,Sophie,Fogaça,PF,alana.martins@gmail.com,(13) 95845-4473,653.974.218-55,,2024-05-13,Camargo,DF
3302,Ísis,Campos,PF,sis54@uol.com.br,+5561927207709,53819647228,,2024-05-13,Cassiano,PR
3372,Bernardo,Vasconcelos,PF,bernardo_vasconcelos@ig.com.br,71962086172,392_807_156_40,1981-01-04,2024-05-13,Rezende de Melo,RS
1035,Cunha & Jesus S.A.,,PJ,c@comercio.net.br,41960819814,20867451000138,1994-05-17,2024-05-14,Sales de da Luz,RO
1066,Garcia Distribuidora e Informática EIRELI,,PJ,garciadist@comercio.net.br,+5511916224391,45037681000109,2007-08-21,2024-05-14,da Costa de Cunha,MS
49,Luana,Araújo,PF,luana36@bol.com.br,+5551913677106,476.185.209-76,1999-01-26,2024-05-15,Novaes,SE
841,Luigi,Azevedo,PF,lazevedo@outlook.com,61965249054,941_502_876_94,2000-03-26,2024-05-15,Rodrigues,PI
2721,Vinicius,Mendonça,PF,vinicius_mendona@terra.com.br,31981674066,85074612390,2004-05-07,2024-05-15,Monteiro de Pacheco,RS
136,Mariana,Caldeira,PF,mariana2@hotmail.com,+5571965113286,341_578_290_50,,2024-05-16,da Conceição,RS
583,Caio,Novais,PF,joaquim77@terra.com.br,(61) 97720-7479,127_345_086_80,1996-02-19,2024-05-16,Borges das Flores,CE
1435,Oliver,Cunha,PF,ocunha@terra.com.br,11913905413,71482063590,1988-12-20,2024-05-16,Peixoto Verde,AC
1737,Ana Julia,Costa,PF,anajulia_costa@hotmail.com,(11) 91902-1645,28973614509,,2024-05-16,Nogueira de da Mota,RR
2603,Rodrigues & Associados S/A,,PJ,rodriguesa_@empresa.com.br,(21) 91451-8990,87513264000127,1990-11-06,2024-05-16,Barros,GO
2717,Lunna,Vargas,PF,lvargas@terra.com.br,+5531933462104,108.327.465-17,1997-03-30,2024-05-16,Campos,PR
2944,Camila,Fernandes,PF,camila.fernandes@uol.com.br,11934866518,59072364856,,2024-05-16,Cirino de Fernandes,MT
3172,Manuella,da Conceição,PF,manuelladaconceio@gmail.com,+5541945158559,79418532646,,2024-05-16,Cassiano de Moraes,PA
2112,Alana,das Neves,PF,alana_dasneves@uol.com.br,(11) 98228-9585,247.501.698-11,1956-04-13,2024-05-17,Carvalho da Mata,AC
2690,Helena,Fonseca,PF,helenafonseca@yahoo.com.br,+5551978262302,425.019.783-23,2002-06-07,2024-05-17,Souza de Vieira,PR
2771,Maria Liz,Gomes,PF,emillyandrade@yahoo.com.br,,139_570_864_93,1987-08-31,2024-05-17,Cassiano,MG
3303,Sabrina,Leão,PF,sabrinaleo@terra.com.br,(11) 97073-4106,973.021.845-50,1987-02-15,2024-05-17,da Cruz do Campo,PE
450,Vitor Hugo,Rocha,PF,vitorhugorocha@uol.com.br,31933308807,750_492_316_80,1986-04-23,2024-05-18,Santos,GO
1332,Consultoria Costa EIRELI,,PJ,consultori92@comercio.net.br,+5571995118814,20348975000112,1996-01-28,2024-05-18,Ferreira da Mata,AL
1385,Alexia,Sampaio,PF,alexiasampaio@terra.com.br,11944051033,46053298115,1978-01-24,2024-05-18,da Rosa,PI
1639,Ana Júlia,da Mata,PF,adamata@terra.com.br,(21) 91928-8524,427.983.160-22,1981-02-13,2024-05-18,Sousa de Moreira,RJ
2797,Maria Flor,da Luz,PF,mariaflordaluz@terra.com.br,,480_139_275_04,1970-07-13,2024-05-18,Peixoto,RN
2989,Sara,Vasconcelos,PF,sara_vasconcelos@bol.com.br,+5561979896323,487.196.203-22,,2024-05-18,Lopes,SE
839,Yuri,Silva,PF,yurisilva@yahoo.com.br,+5511943751946,106.528.347-44,1958-11-16,2024-05-19,Peixoto de Nunes,ES
899,Luiz Gustavo,Siqueira,PF,luizgustavo.siqueira@yahoo.com.br,41914173882,079.268.541-58,1962-04-03,2024-05-19,da Mota,AC
2164,Mariane,da Rosa,PF,marianedarosa@terra.com.br,+5513956058013,426_390_185_15,2002-11-16,2024-05-19,Pacheco,MS
2338,Ana Julia,Cassiano,PF,anajuliacassiano@gmail.com,+5531918175848,938_427_150_05,2003-05-30,2024-05-19,da Mota Grande,MA
2868,Isabela,da Rosa,PF,isabela_darosa@ig.com.br,61948601306,786_425_031_90,1998-07-28,2024-05-19,Campos,RO
2947,Isadora,Ferreira,PF,iferreira@outlook.com,47955829376,071.284.593-32,2006-07-30,2024-05-19,Leão,PB
3081,Maysa,Marques,PF,mmarques@bol.com.br,(47) 97395-6444,973_248_016_50,1963-11-11,2024-05-19,Costa,RN
3310,Comércio Costa Ltda.,,PJ,comrciocos.@empresa.con.br,(47) 95239-8710,17630859000187,,2024-05-19,Novaes Paulista,MG
673,Benjamim,Pinto,PF,benjamim89@hotmail.com,+5551922241323,45297630134,1965-09-27,2024-05-20,Sousa,BA
1407,Erick,Monteiro,PF,erickmonteiro@terra.com.br,11967539632,53916708457,1973-02-20,2024-05-20,da Rocha da Mata,SC
1469,Maria Helena,Freitas,PF,mariahelena.freitas@hotmail.com,+5551967096402,29870315640,1978-01-24,2024-05-20,Cunha,SP
1928,Oliver,Gonçalves,PF,oliver_gonalves@gmail.com,41989696947,815.340.792-97,1958-05-19,2024-05-20,Montenegro,DF
3239,Gael Henrique,Duarte,PF,gaelhenrique56@yahoo.com.br,+5521927141578,741_903_268_87,1962-12-05,2024-05-20,Moraes,PE
28,Duarte & Associados S/S,,PJ,duarteasso21@comercio.net.br,41950757507,29314605000139,1975-05-15,2024-05-21,Moreira,PB
197,Julia,Azevedo,PF,juliaazevedo@gmail.com,(31) 94965-2436,548_160_793_00,,2024-05-21,Novaes,AP
1078,Lucas Gabriel,da Mota,PF,lucasgabriel26@terra.com.br,+5511972338428,64275130871,1982-01-05,2024-05-21,Melo,DF
1172,Pedro,Camargo,PF,pedro79@terra.com.br,+5511948761646,94851032633,1979-06-13,2024-05-21,Cassiano,PB
1360,Nascimento & Andrade S/A,,PJ,nascimento.@comercio.net.br,47986798400,57_290_314_0001_93,,2024-05-21,Gomes Verde,AC
1706,Monteiro & Associados S/A,,PJ,monteiroas26@empresa.com.br,(47) 92567-2432,16.780.953/0001-50,,2024-05-21,Borges,CE
2645,Maria Sophia,Barbosa,PF,mbarbosa@outlook.com,51949722482,614_578_039_84,1979-11-10,2024-05-21,Ribeiro,TO
3085,Isabela,Camargo,PF,icamargo@terra.com.br,(31) 91173-9895,35690241725,1995-12-03,2024-05-21,Freitas de Garcia,SE
32,Isabella,Ribeiro,PF,isabella.ribeiro@outlook.com,(47) 93792-3025,53120897612,1998-08-08,2024-05-22,Azevedo da Praia,PR
559,Importadora Souza ME,,PJ,importador_@empresa.com.br,13925217033,91260834000191,1988-02-27,2024-05-22,Almeida,PR
2407,Isabel,da Cruz,PF,isabel_dacruz@hotmail.com,(13) 96213-4742,421.790.638-22,1964-02-07,2024-05-22,Freitas,PA
3068,Esther,Montenegro,PF,esther.montenegro@hotmail.com,(11) 92530-5515,472_019_853_88,1964-10-29,2024-05-22,Oliveira,AM
3275,Enzo,Pacheco,PF,enzo_pacheco@ig.com.br,21922209081,740.823.695-38,1976-04-02,2024-05-22,Barbosa de Ribeiro,AC
3335,Otto,da Luz,PF,ottodaluz@hotmail.com,+5511968843011,32598471628,1983-12-17,2024-05-23,Cardoso de Minas,MA
1267,Josué,Nunes,PF,jnunes@ig.com.br,31918682933,681.279.350-77,1963-08-19,2024-05-24,da Conceição,PI
3100,Andrade & Associados EPP,,PJ,andradeass.@empresa.com.br,11954648555,67.548.320/0001-51,1979-01-25,2024-05-24,Vieira do Amparo,RO
82,Importadora Andrade EPP,,PJ,importador51@comercio.net.br,+5531975015761,35.409.768/0001-06,1973-12-18,2024-05-25,Vasconcelos,RO
409,Jade,Cardoso,PF,jade.cardoso@hotmail.com,+5541931828962,759.048.316-84,1979-11-23,2024-05-25,Moreira,AL
594,Theo,Souza,PF,theo81@yahoo.com.br,+5513954716376,371.652.940-07,2006-08-17,2024-05-25,Dias de Sousa,SC
915,Pedro Lucas,Peixoto,PF,pedrolucas85@yahoo.com.br,21955542481,247.580.196-49,1970-08-03,2024-05-25,Pacheco Grande,RO
1442,Luan,Siqueira,PF,luan_siqueira@bol.com.br,+5521912749742,86051342915,2007-09-20,2024-05-25,da Cunha,RS
2226,Rafael,da Paz,PF,rafaeldapaz@uol.com.br,(31) 96170-6408,273.809.146-69,,2024-05-25,Moraes Alegre,PA
2752,Serviços Melo ME,,PJ,serviosmel@comercio.net.br,+5531963268388,84_927_501_0001_08,1996-11-29,2024-05-25,Souza,PR
10,Catarina,Nascimento,PF,catarinanascimento@hotmail.com,(11) 99776-3371,137.982.065-03,1970-02-03,2024-05-26,Vieira de Gomes,AM
642,Barbosa & Castro EI,,PJ,barbosacas@comercio.net.br,21910887363,64_259_130_0001_26,1959-12-25,2024-05-26,Correia,ES
1208,Thales,Fogaça,PF,tfogaa@gmail.com,61967245787,49653217070,1983-01-03,2024-05-26,Sales das Flores,ES
1404,Asafe,Freitas,PF,asafe.freitas@outlook.com,,94036178539,1976-12-05,2024-05-26,Pinto,MT
1679,Ana Beatriz,Albuquerque,PF,anabeatriz39@hotmail.com,(51) 95156-2596,073_691_824_87,1980-09-12,2024-05-26,Sales,AL
2310,Liam,Martins,PF,liam32@bol.com.br,(51) 96472-9519,145.630.287-62,1981-06-29,2024-05-26,Siqueira de Rios,ES
2333,Clarice,Melo,PF,clarice.melo@terra.com.br,(21) 91688-3207,650.721.843-07,,2024-05-26,Porto do Amparo,RR
2681,Lucca,Vieira,PF,luccavieira@bol.com.br,(51) 98018-8612,970_365_142_99,,2024-05-26,Correia,AM
6,Pinheiro Distribuidora e Comércio EI,,PJ,pinheirodi@comercio.net.br,(21) 96458-4701,62.541.790/0001-70,1981-01-19,2024-05-27,Mendes,DF
1308,Rocha & Associados S/A,,PJ,rochaassoc_@comercio.net.br,+5547972399406,69852431000182,2007-05-20,2024-05-27,Silveira,DF
1875,Ana Carolina,Cirino,PF,anacarolina_cirino@ig.com.br,(61) 92760-3480,352.716.908-30,,2024-05-27,Caldeira,GO
1920,Ravy,Lima,PF,ravy.lima@yahoo.com.br,71953527028,892.134.706-22,1993-03-21,2024-05-27,Costa,RN
1925,Davi Lucca,Costa,PF,daviluccacosta@yahoo.com.br,(41) 96330-8812,497_152_683_82,1960-11-07,2024-05-27,Carvalho,RJ
2209,Apollo,Cavalcanti,PF,apollo_cavalcanti@terra.con.br,(51) 98129-3403,687.193.540-10,1971-04-07,2024-05-27,Aragão do Oeste,AP
2534,Henrique,Caldeira,PF,henrique_caldeira@yahoo.com.br,(41) 92574-6062,49085617375,1965-07-07,2024-05-27,Barbosa,RJ
2793,Santos & Associados EI,,PJ,santosasso_@comercio.net.br,(71) 96801-5150,23_146_895_0001_72,1984-05-21,2024-05-27,Fogaça,PA
246,Duarte & Associados EI,,PJ,duarteasso_@comercio.net.br,+5561977528959,80649153000101,,2024-05-28,Pires,PR
1226,Ryan,Vargas,PF,ryanvargas@outlook.com,+5561917081345,82430617544,1982-08-13,2024-05-28,Fogaça do Amparo,RJ
2742,Bella,Gonçalves,PF,bella10@uol.com.br,+5521913184267,289.365.071-68,1963-08-28,2024-05-28,Aragão da Mata,SC
2854,Luan,Siqueira,PF,luan_siqueira@yahoo.com.br,+5561932385017,305_267_849_38,1998-11-14,2024-05-28,Barros Alegre,RR
3007,Pedro Lucas,Pereira,PF,ppereira@outlook.com,(47) 93407-5250,98410532689,1980-06-14,2024-05-28,da Conceição do Norte,RN
114,Consultoria Duarte S/S,,PJ,consultori_@comercio.net.br,,19_348_065_0001_50,1984-10-10,2024-05-29,Rocha,AL
418,Teixeira & Associados S/A,,PJ,t@comercio.net.br,,54_173_862_0001_45,1988-07-14,2024-05-29,Mendes,SC
483,Ana Cecília,Pimenta,PF,anaceclia_pimenta@outlook.com,(21) 96820-3928,932_076_154_06,1986-02-07,2024-05-29,Macedo,CE
643,Cruz & Freitas S/A,,PJ,cruzfreita@comercio.net.br,31958607135,35468709000109,1997-11-23,2024-05-29,Pimenta,RN
699,Natália,Cassiano,PF,natlia.cassiano@ig.com.br,71922943278,351.807.649-39,,2024-05-29,Garcia,SC
1246,Maria Fernanda,da Rocha,PF,mariafernandadarocha@outlook.com,+5547963124573,398.521.674-64,1991-08-10,2024-05-29,Andrade,AP
1608,Elisa,Mendonça,PF,emendona@gmail.com,(51) 93531-3841,072_483_195_97,,2024-05-29,Costa Grande,PA
2344,Camargo & Associados S/A,,PJ,c@empresa.com.br,47946285109,73_152_948_0001_36,1971-01-10,2024-05-29,Santos,AL
2932,Laura,Mendonça,PF,laura54@terra.com.br,+5547910853690,315_084_796_66,2001-10-04,2024-05-29,Novaes de Correia,AL
1600,Vinicius,da Costa,PF,vinicius.dacosta@gmail.com,47961858933,068_725_493_00,1985-12-27,2024-05-30,Cassiano,AP
2047,Informática Ramos ME,,PJ,informtica_@comercio.net.br,+5551952163086,59.840.167/0001-03,1987-12-22,2024-05-30,Rezende,MG
2727,Davi Luiz,Nunes,PF,daviluiz.nunes@gmail.com,(41) 95532-8180,08693512730,1959-02-19,2024-05-30,Gomes de Casa Grande,MS
2968,Otávio,Lopes,PF,olopes@uol.com.br,,542_607_918_85,1979-12-11,2024-05-30,Cassiano,RJ
3213,Monteiro Consultoria e Sistemas EIRELI,,PJ,m@comercio.net.br,,41.593.720/0001-95,1958-04-26,2024-05-30,Azevedo,RN
3385,Rodrigo,Silveira,PF,rsilveira@uol.com.br,(21) 95989-6888,758_916_032_68,1962-04-02,2024-05-30,Melo da Serra,RO
3417,Gabrielly,da Mota,PF,gabrielly_damota@uol.com.br,47996072276,419_256_708_30,1960-08-14,2024-05-30,Sá,PB
390,André,Aparecida,PF,andr.aparecida@yahoo.com.br,47986369345,61487390203,1973-09-29,2024-05-31,Guerra do Sul,RO
872,João Vitor,das Neves,PF,joovitor98@yahoo.com.br,(11) 92086-8159,049.687.135-84,2007-02-08,2024-05-31,Abreu,RS
3440,Júlia,Cunha,PF,jcunha@bol.com.br,13921174772,591_342_687_82,1965-05-10,2024-05-31,Pires Grande,MG
25,José Miguel,Fonseca,PF,josmiguel30@yahoo.com.br,61971829274,02964837104,,2024-06-01,Nascimento da Prata,CE
1228,Manuela,Silveira,PF,msilveira@uol.com.br,,534.620.791-07,1986-07-13,2024-06-01,Moraes,PE
1858,Vitor Hugo,,PF,vitorhugo.@uol.con.br,+5521973954609,689_741_523_55,1973-08-18,2024-06-01,Montenegro dos Dourados,PB
1896,Henry,Nascimento,PF,henry42@outlook.com,51977733704,627_013_594_06,1993-01-25,2024-06-01,Moreira de Peixoto,PI
647,Arthur Miguel,Macedo,PF,arthurmiguel.macedo@terra.com.br,(71) 93404-2025,289_540_613_89,1987-04-11,2024-06-02,da Paz,TO
719,Valentina,Rezende,PF,valentinarezende@uol.com.br,,895_027_146_01,1964-07-20,2024-06-02,Lima,RJ
1506,Bento,Andrade,PF,bento.andrade@bol.com.br,+5513924035701,241.396.750-80,1998-05-01,2024-06-02,Alves do Sul,PB
1720,Maria Júlia,Sales,PF,mariajlia.sales@gmail.com,(21) 92557-2087,75128693473,1996-05-14,2024-06-02,da Rocha,MS
2077,Fernandes & Cunha ME,,PJ,fernandesc.@empresa.com.br,61915895153,82_763_519_0001_96,,2024-06-02,Nogueira,MA
2774,Helena,Vargas,PF,helena86@uol.com.br,13939037975,142.960.358-51,,2024-06-02,Abreu de Aragão,AP
660,Ana Luiza,Leão,PF,analuiza48@ig.com.br,11986051373,72984650310,1972-11-05,2024-06-03,das Neves de da Costa,AM
1024,Lara,Jesus,PF,lara.jesus@gmail.com,11970096154,395_087_642_10,1979-01-06,2024-06-03,Ramos,RS
3032,Sabrina,Cirino,PF,sabrina.cirino@terra.com.br,+5511961609157,35420716844,1967-09-07,2024-06-03,Lima de Rios,DF
3075,Vicente,Caldeira,PF,vcaldeira@outlook.con,+5521916643463,150_783_294_04,1993-11-12,2024-06-03,Almeida do Norte,AP
3317,Benjamim,Monteiro,PF,benjamim79@terra.com.br,+5521930975649,64012895389,1985-09-19,2024-06-03,Ramos,SP
62,Ana Laura,Lima,PF,alima@bol.com.br,13974118368,867.134.529-73,1969-10-01,2024-06-04,Jesus,AM
122,Stephany,Guerra,PF,stephany81@bol.com.br,11989219858,620_497_853_56,2005-08-31,2024-06-04,Costa,CE
154,Murilo,Campos,PF,murilo79@bol.com.br,(51) 96608-2889,378_264_510_35,1962-07-24,2024-06-04,Pereira,PE
905,Ísis,Cirino,PF,scirino@gmail.com,,695_320_184_33,1974-10-25,2024-06-04,Fernandes Grande,SE
1289,Vitor Gabriel,Monteiro,PF,vitorgabriel38@outlook.com,(31) 92476-2683,217.395.846-19,1970-10-07,2024-06-04,Duarte,SC
1807,Maria,Freitas,PF,anajlia.cirino@bol.com.br,(13) 94216-3040,912_086_745_01,1998-05-21,2024-06-04,da Costa,AC
3493,Bianca,da Paz,PF,bianca_dapaz@outlook.com,11972176671,923.570.416-25,1958-09-23,2024-06-04,da Cunha,AL
3309,Luiza,Cavalcante,PF,luiza.cavalcante@gmail.com,+5513946653148,970.354.286-74,1995-02-10,2024-06-05,Peixoto,BA
171,Maria Vitória,Marques,PF,mmarques@uol.com.br,(11) 91046-7091,19857260411,1958-08-10,2024-06-06,Guerra,SC
1765,Luigi,Fonseca,PF,lfonseca@terra.com.br,+5571919343275,897.456.013-57,2001-05-06,2024-06-06,Pires,AM
2031,Ravi,Cirino,PF,ravi9@bol.com.br,61936627064,90184623570,2006-05-27,2024-06-06,Oliveira da Serra,MT
2616,Ana Clara,Barbosa,PF,anaclara_barbosa@hotmail.com,(31) 91388-2277,205_891_764_20,,2024-06-06,Macedo de Aragão,GO
3298,Ana Liz,Gonçalves,PF,analizgonalves@ig.com.br,31939669902,458.730.269-47,2005-10-25,2024-06-06,Nogueira,PB
40,Julia,Araújo,PF,jarajo@bol.com.br,+5571969693332,748_960_135_57,1979-12-09,2024-06-07,Macedo,PA
1041,Pedro Lucas,Teixeira,PF,pedrolucas38@yahoo.com.br,(51) 96173-1371,291_547_638_19,1969-01-12,2024-06-07,Abreu,RR
1313,Ísis,Moura,PF,smoura@hotmail.com,61962135227,721.580.346-53,1981-07-06,2024-06-07,Garcia,PB
1615,Davi Miguel,Pastor,PF,dpastor@uol.con.br,61992495987,394_607_218_69,1962-08-30,2024-06-07,Peixoto,SP
3191,Isis,Almeida,PF,isisalmeida@yahoo.com.br,+5521954715171,172.936.408-03,2007-02-15,2024-06-07,Machado,RO
1773,Fernanda,da Rosa,PF,fdarosa@bol.com.br,+5547962938613,25376091821,1973-01-14,2024-06-08,Pastor de Minas,MA
1888,Sistemas Carvalho Ltda.,,PJ,sistemasca.@comercio.net.br,(31) 98893-2335,16.490.325/0001-30,1976-06-06,2024-06-08,Oliveira do Norte,PR
1934,Vinicius,Sales,PF,viniciussales@terra.com.br,+5547963461633,386_957_402_00,,2024-06-08,Sampaio,SP
1999,Marcelo,Viana,PF,mviana@outlook.com,47954576730,924.785.601-94,1972-07-25,2024-06-08,Novaes Verde,PR
3128,Aurora,da Paz,PF,aurora.dapaz@gmail.com,+5511983951149,964_537_802_83,,2024-06-08,Ferreira,PA
3411,Daniela,Rocha,PF,drocha@yahoo.com.br,(41) 93088-1484,38940152689,1958-04-08,2024-06-08,Costa do Sul,RS
3435,Rafaela,Aparecida,PF,rafaela_aparecida@gmail.com,+5513923284358,587.102.463-71,2000-12-19,2024-06-08,Gomes,AC
106,Luana,Vasconcelos,PF,luana93@uol.com.br,(47) 96544-2454,08527396483,1957-10-10,2024-06-09,Carvalho,AP
280,Benjamin,Rocha,PF,benjamin.rocha@outlook.com,(31) 98337-4431,276_415_089_01,,2024-06-09,Carvalho,SC
549,Pinto Serviços e Serviços EIRELI,,PJ,pintoservi@empresa.com.br,31997427163,29_637_840_0001_41,1965-02-04,2024-06-09,Monteiro dos Dourados,PR
979,Kevin,Gomes,PF,kevin_gomes@outlook.com,(13) 96081-6111,931.587.026-30,1995-01-12,2024-06-09,Caldeira,BA
292,Fernandes & Vieira ME,,PJ,f@empresa.com.br,+5541912156349,41_263_087_0001_77,1976-03-30,2024-06-10,Leão,RJ
720,João Gabriel,Correia,PF,joogabrielcorreia@yahoo.com.br,11999721678,281.046.935-06,,2024-06-10,Camargo de Minas,SE
1162,Lucas,da Cruz,PF,lucas.dacruz@uol.com.br,+5531949122925,615.938.274-82,2004-10-13,2024-06-10,Correia,SC
1335,João Lucas,Guerra,PF,joolucas24@yahoo.com.br,13929833315,759.386.210-03,1999-04-26,2024-06-10,Rezende,MA
1648,Antônio,Caldeira,PF,acaldeira@bol.com.br,47910432447,958.620.347-65,1978-01-12,2024-06-10,Lopes das Pedras,MA
2543,Agatha,Fogaça,PF,agatha_fogaa@outlook.com,21991482176,91273408560,1983-11-16,2024-06-10,Oliveira de Goiás,MG
3134,Benjamin,Rocha,PF,benjamin.rocha@outlook.com,(41) 94137-9167,487_921_056_02,1984-08-07,2024-06-10,da Cunha,AP
72,Raquel,Albuquerque,PF,raquel_albuquerque@outlook.com,(41) 95058-5425,053.927.186-12,1988-07-31,2024-06-11,Vasconcelos,RO
120,Luara,Sousa,PF,lsousa@bol.com.br,+5513952974301,786_453_920_38,1996-07-02,2024-06-11,Machado da Prata,PA
790,Theodoro,Costa,PF,theodoro.costa@bol.com.br,+5531997985178,10783965400,2004-01-15,2024-06-11,Pastor,MS
1659,Fernandes & Vieira EI,,PJ,fernandesv93@empresa.com.br,51977268581,95.186.437/0001-78,1992-08-01,2024-06-11,Almeida,CE
1757,Zoe,Guerra,PF,alicebrito@hotmail.com,+5531943712835,379_502_816_77,1962-11-28,2024-06-11,Peixoto do Campo,SP
2665,Kamilly,Vasconcelos,PF,kvasconcelos@gmail.com,+5511922928656,75416980249,1988-02-13,2024-06-11,Farias,ES
34,Letícia,Mendonça,PF,letcia_mendona@gmail.com,71997223538,59172683040,2006-11-29,2024-06-12,da Cunha,GO
131,Camila,Sampaio,PF,csampaio@ig.com.br,+5513941131891,79254618373,1999-01-22,2024-06-12,Araújo,PR
499,Antonella,Almeida,PF,antonella36@bol.com.br,+5551983871583,87632514007,,2024-06-12,Casa Grande de da Conceição,AC
1324,Olívia,Fernandes,PF,olvia_fernandes@uol.com.br,(31) 99620-3791,517.023.698-03,1956-04-18,2024-06-12,Pinto do Amparo,MA
2508,Pacheco & Melo S/A,,PJ,pachecomel.@comercio.net.br,(31) 93603-3574,54326781000138,2006-05-26,2024-06-12,Cardoso,DF
2709,Davi Miguel,Montenegro,PF,dmontenegro@hotmail.com,21985696023,125.036.489-24,1973-08-21,2024-06-12,Alves,CE
3187,Ana Laura,Viana,PF,analaura_viana@gmail.com,+5513960492395,237.610.589-77,2003-10-31,2024-06-12,Araújo,DF
326,Mateus,Abreu,PF,mateus.abreu@gmail.com,31930155282,341_780_629_13,1988-07-18,2024-06-13,Caldeira,RO
552,Vinicius,Câmara,PF,vcmara@uol.com.br,(21) 97866-6996,569.710.423-52,,2024-06-13,Campos,PE
2343,Vitor,Oliveira,PF,vitor97@uol.com.br,21960672281,106.253.987-77,1991-08-04,2024-06-13,Fonseca dos Dourados,TO
2956,Antony,Fonseca,PF,antony.fonseca@ig.com.br,+5547984855672,739.125.084-88,1999-01-22,2024-06-13,Gonçalves,DF
653,Manuela,da Rocha,PF,manuela45@terra.com.br,+5521945782760,14970856320,1982-07-20,2024-06-14,Marques das Flores,MS
1167,Heitor,Novaes,PF,heitor_novaes@gmail.com,47915001740,785_041_932_41,,2024-06-14,Mendonça de Sá,AP
1256,Benicio,Porto,PF,benicioporto@ig.com.br,+5561977792590,786_341_052_53,1998-07-12,2024-06-14,Sá de Sampaio,RJ
1823,Maria Vitória,Mendonça,PF,mariavitriamendona@ig.com.br,(71) 95105-8801,026_937_415_99,1986-10-24,2024-06-14,Vasconcelos,SP
2712,Carolina,Borges,PF,carolina80@uol.com.br,(21) 92894-4772,745_216_398_28,1970-07-31,2024-06-14,Garcia,MA
3040,Murilo,Castro,PF,mcastro@uol.com.br,31964963417,360_517_824_35,,2024-06-14,Montenegro do Campo,PA
3228,Miguel,Peixoto,PF,miguel_peixoto@hotmail.com,(21) 96439-5083,539_247_680_56,1987-07-26,2024-06-14,Barbosa,RN
526,Luiza,Ribeiro,PF,lribeiro@gmail.com,(61) 98703-6515,236.510.478-90,1983-03-10,2024-06-15,Peixoto Alegre,MT
579,Calebe,Cavalcanti,PF,calebe.cavalcanti@bol.com.br,47922281987,50397162812,1989-10-04,2024-06-15,da Cruz,TO
1122,Luiz Felipe,Silveira,PF,luizfelipe20@outlook.com,+5551960484320,41836079575,1966-08-10,2024-06-15,Pacheco de Goiás,BA
1466,Lucas,Rodrigues,PF,lucas.rodrigues@ig.com.br,+5547947963866,274_163_805_53,,2024-06-15,Dias,AC
3223,Maria Fernanda,Mendes,PF,mariafernanda46@ig.com.br,61953002580,063.817.249-78,1996-10-15,2024-06-15,Marques,MS
873,Henry,Almeida,PF,henry63@outlook.com,61960593465,270.518.394-97,1983-01-03,2024-06-16,Brito,RR
1616,Lavínia,Rodrigues,PF,lavnia_rodrigues@uol.com.br,(21) 92221-2588,653.791.248-28,1960-04-15,2024-06-16,Silveira de Casa Grande,PE
2070,Bella,Souza,PF,bellasouza@yahoo.com.br,(61) 91549-2910,905.371.462-61,1963-03-23,2024-06-16,da Costa,TO
184,Luiz Henrique,Sá,PF,ls@yahoo.com.br,41951203752,017.864.239-87,1957-08-04,2024-06-17,Macedo,SC
2553,Maya,Almeida,PF,maya_almeida@ig.com.br,,74091658393,1966-02-08,2024-06-17,Nogueira,CE
2633,Barbosa Importadora e Sistemas S.A.,,PJ,barbosaimp4@comercio.net.br,21945414237,29678301000150,1979-04-02,2024-06-17,Sampaio,MT
3015,Pedro Miguel,Rocha,PF,pedromiguel_rocha@gmail.com,(11) 91622-1143,852.764.031-71,1991-09-26,2024-06-17,Marques do Campo,MS
3142,Rocha & Associados S/S,,PJ,r@comercio.net.br,(11) 94305-3804,10_986_735_0001_90,2004-06-14,2024-06-17,Novaes Paulista,MT
236,Camila,Viana,PF,camilaviana@ig.com.br,(21) 97206-9447,918_067_452_67,1981-08-29,2024-06-18,Sá da Serra,MA
336,Esther,Correia,PF,esthercorreia@ig.com.br,+5531949041136,48712053635,1996-06-05,2024-06-18,Cavalcanti,RN
658,Ana Laura,Fernandes,PF,analaura_fernandes@gmail.com,+5511919782295,52613780959,1993-06-26,2024-06-18,Alves de Sales,MT
876,Lívia,Cavalcanti,PF,lviacavalcanti@ig.com.br,71988128088,89675104201,1986-09-20,2024-06-18,Barbosa da Praia,PB
1038,Luara,Martins,PF,luara20@gmail.com,21994218525,981_476_023_40,2001-01-12,2024-06-18,Sales,RR
1890,Andrade & Silva ME,,PJ,a@empresa.com.br,,83475261000195,2005-10-26,2024-06-18,Viana de Goiás,PI
2118,Sofia,Almeida,PF,sofia_almeida@hotmail.com,71957134974,981.740.632-69,2002-06-22,2024-06-18,Costela das Flores,BA
3096,Fernando,Sousa,PF,fernando_sousa@outlook.com,11974414030,823_076_914_13,,2024-06-18,Novais,PR
3420,Maria Liz,Silva,PF,marializ_silva@hotmail.com,+5513977416748,05174683957,1979-06-11,2024-06-18,Câmara dos Dourados,ES
739,João Pedro,Oliveira,PF,joopedro_oliveira@ig.com.br,(41) 97567-2054,02314687507,,2024-06-19,Correia de Goiás,CE
1118,Fernanda,Almeida,PF,falmeida@outlook.com,(31) 95548-3241,942_870_163_78,1966-09-01,2024-06-19,Pereira de Nunes,MG
1702,Importadora Nunes Ltda.,,PJ,importador.@comercio.net.br,+5571938527746,84529031000124,1980-07-27,2024-06-19,Rodrigues Alegre,GO
2833,Rafael,Caldeira,PF,rafael47@gmail.com,13920086102,140_756_893_01,,2024-06-19,Novaes,AM
786,Atacado Ramos S/S,,PJ,atacadoram@empresa.com.br,(51) 92669-4822,41_529_630_0001_35,1980-02-07,2024-06-20,da Cunha Paulista,PA
1218,Stephany,Vasconcelos,PF,svasconcelos@uol.com.br,47934012649,69718452001,1976-03-27,2024-06-20,Sampaio,AM
2494,Lima & Fonseca S/A,,PJ,limafonsec.@comercio.net.br,+5511985595988,98_071_463_0001_49,1962-05-14,2024-06-20,Leão do Norte,PI
1604,Dias Atacado e Consultoria ME,,PJ,diasatacad.@empresa.com.br,+5551989501561,89_326_417_0001_52,1962-10-11,2024-06-21,da Rocha do Amparo,SP
1759,Maria Fernanda,Fogaça,PF,mariafernanda95@uol.com.br,71940833805,925.734.086-47,2003-11-07,2024-06-21,Albuquerque,CE
2908,Bruna,Casa Grande,PF,bruna.casagrande@bol.com.br,,420_395_186_06,1961-01-17,2024-06-21,Pimenta de Minas,GO
3285,Maria Flor,Aparecida,PF,maparecida@terra.com.br,+5531919468375,69804321505,1986-04-09,2024-06-21,Guerra,RJ
523,Melina,,PF,melina@gmail.com,,236_495_071_61,1992-12-01,2024-06-22,Pastor da Serra,ES
778,Raul,Brito,PF,raul23@hotmail.com,+5551978875349,096.573.812-40,1980-12-02,2024-06-22,Guerra,PA
1115,Ravy,Fonseca,PF,ravy44@uol.com.br,(61) 96554-1761,64073529161,1981-06-18,2024-06-22,Teixeira dos Dourados,PR
1622,Gabriela,Araújo,PF,gabriela37@bol.con.br,(41) 96271-6223,318.057.692-86,1999-07-12,2024-06-22,Alves,SP
2199,Leonardo,Pereira,PF,leonardopereira@ig.com.br,+5571922098829,76923510821,,2024-06-22,da Luz,BA
3008,Caio,,PF,caio.@gmail.com,61925495141,352_407_896_65,,2024-06-22,Camargo da Mata,MG
1504,Dias Tecnologia e Consultoria Ltda.,,PJ,diastecnol_@empresa.com.br,+5531999842999,81539647000198,1958-10-18,2024-06-23,da Luz,DF
1594,Agatha,Siqueira,PF,agatha30@terra.com.br,+5521945449013,98517036484,,2024-06-23,Caldeira,PR
2015,Thales,Albuquerque,PF,talbuquerque@yahoo.com.br,+5547927554113,281.935.046-15,,2024-06-23,Duarte do Sul,BA
2324,Ravi Lucca,Fernandes,PF,rfernandes@gmail.com,13936275633,45932610743,1967-02-25,2024-06-23,Marques,ES
3192,Maria Júlia,Pacheco,PF,mariajlia11@uol.com.br,(61) 96481-6005,219_054_368_15,1969-06-11,2024-06-23,Cassiano,MA
313,Augusto,da Luz,PF,augusto.daluz@ig.com.br,71950334336,643.728.051-44,1964-03-04,2024-06-24,Lima,TO
784,Evelyn,Rocha,PF,erocha@bol.com.br,11998504624,75013829488,,2024-06-24,Farias de Oliveira,AM
1222,Silva & Associados S/S,,PJ,silvaassoc@comercio.net.br,(13) 92169-3138,71_903_685_0001_24,1957-11-06,2024-06-24,Porto da Praia,PE
1405,Enzo,Fernandes,PF,enzo.fernandes@yahoo.com.br,+5511985841892,453_071_928_60,1979-12-03,2024-06-24,da Rosa de Goiás,AP
1947,Vitória,Ribeiro,PF,vitria.ribeiro@outlook.con,(11) 98784-3888,617.243.095-52,1957-10-30,2024-06-24,Câmara do Oeste,MS
1974,Sabrina,Santos,PF,sabrina.santos@uol.com.br,(11) 98773-7657,81945326719,1989-12-09,2024-06-24,Rodrigues,SP
2426,Giovanna,Vasconcelos,PF,gvasconcelos@yahoo.com.br,13970641659,048_593_627_56,1962-01-03,2024-06-24,Azevedo da Praia,RR
2519,Raul,Albuquerque,PF,raulalbuquerque@gmail.com,,36015249706,2004-06-12,2024-06-24,da Costa,AP
1295,Costa & Martins Ltda.,,PJ,costamarti13@comercio.net.br,51987466493,59810674000102,,2024-06-25,Pereira,RR
1454,Martins Distribuidora e Comércio Ltda.,,PJ,martinsdis.@comercio.net.br,31939126631,79_526_130_0001_12,1956-09-15,2024-06-25,Machado do Amparo,RN
1492,Antony,Cavalcante,PF,antony.cavalcante@uol.com.br,(31) 97670-3766,960_235_718_59,1984-02-28,2024-06-25,Ramos de Minas,AM
728,Ravi,Nunes,PF,ravi32@terra.com.br,31973545108,26951483728,,2024-06-26,Borges do Campo,AL
1468,Erick,Vasconcelos,PF,erick.vasconcelos@terra.com.br,(47) 98374-5344,063.152.974-80,1995-03-11,2024-06-26,Cavalcante do Amparo,PE
1857,Ana Luiza,da Luz,PF,analuiza4@uol.com.br,+5561961118017,046_917_382_31,1977-11-07,2024-06-26,Cardoso de da Paz,PE
2133,Isadora,Montenegro,PF,isadora_montenegro@outlook.com,(51) 92228-7407,069_753_418_93,1989-08-01,2024-06-26,Pires do Amparo,AC
3149,Ryan,Pires,PF,ryan.pires@uol.com.br,13911981087,25604173916,1991-01-30,2024-06-26,Oliveira,SC
399,Lucca,Moreira,PF,lmoreira@bol.com.br,11975276268,754.802.163-17,2003-03-20,2024-06-27,Aragão,MG
2879,Brenda,Moura,PF,brenda25@yahoo.com.br,+5547921272456,036.921.748-96,1985-02-16,2024-06-27,Silveira,PE
3267,Caio,Montenegro,PF,caio6@bol.com.br,,360.417.592-52,1963-02-26,2024-06-27,da Conceição,GO
3313,Rael,Freitas,PF,rfreitas@yahoo.com.br,51966287603,50281976368,1979-08-02,2024-06-27,Andrade do Sul,AC
2370,Hellena,da Cunha,PF,hellenadacunha@ig.com.br,+5521971505863,35416297891,1981-10-06,2024-06-28,Guerra,RR
2828,Moreira & Nascimento S/S,,PJ,moreiranas80@empresa.com.br,(61) 97549-6234,84.529.617/0001-99,1961-08-10,2024-06-28,Pastor do Oeste,RS
2983,Paulo,Rocha,PF,paulo66@terra.com.br,51913659613,360.598.724-92,1987-09-23,2024-06-28,Costela de Nogueira,GO
359,Davi,Aragão,PF,darago@hotmail.com,(41) 97641-4987,068.297.413-78,1990-11-01,2024-06-29,Casa Grande,RS
997,Vinicius,Souza,PF,vsouza@ig.com.br,41940015448,354_781_290_97,2006-08-22,2024-06-29,Rezende Verde,PI
1252,Maria Flor,Marques,PF,mariaflor.marques@ig.com.br,,346_529_187_55,1981-05-01,2024-06-29,Sá de Vieira,ES
2555,Yago,Duarte,PF,yago.duarte@yahoo.com.br,+5511958032338,615.279.803-59,1961-12-25,2024-06-29,Cirino da Prata,RS
3279,Sofia,Silveira,PF,ssilveira@outlook.com,(21) 98388-2559,784.516.029-67,1963-07-03,2024-06-29,Castro,MA
1652,Silveira & Associados ME,,PJ,silveiraas@comercio.net.br,71966416948,56.948.312/0001-86,1985-10-08,2024-06-30,Borges,DF
2315,Theodoro,Rios,PF,trios@uol.com.br,71991174283,967_401_523_06,1962-05-03,2024-06-30,Nunes das Flores,TO
2415,Maria Flor,Siqueira,PF,oliver.daluz@gmail.com,+5547992424989,139_457_680_39,2007-08-19,2024-06-30,Martins de Dias,PE
3305,Ribeiro & Associados EIRELI,,PJ,ribeiroass@empresa.com.br,11969998131,87_123_594_0001_06,2002-11-20,2024-06-30,Moreira Verde,SE
592,Julia,Vieira,PF,juliavieira@gmail.com,61978746715,471.635.280-35,2006-01-20,2024-07-01,da Costa de Andrade,PE
1567,Josué,da Paz,PF,josu36@ig.com.br,(41) 92938-2088,840.516.937-75,1975-10-30,2024-07-01,Azevedo,TO
169,Arthur Gabriel,Farias,PF,arthurgabriel.farias@outlook.com,+5551976842426,816.045.379-57,1982-11-15,2024-07-02,Aparecida Alegre,AM
595,Guerra Comércio e Comércio S.A.,,PJ,g@empresa.com.br,+5561928193690,50172483000180,1957-10-02,2024-07-02,Garcia de Minas,RS
2747,Lívia,Ramos,PF,lvia.ramos@terra.com.br,47970638757,21093864524,1959-02-27,2024-07-02,Macedo do Campo,GO
2785,Bento,Jesus,PF,bjesus@terra.com.br,+5561995315606,90437825647,,2024-07-02,Porto,RS
2920,Ester,Campos,PF,ester13@hotmail.com,(61) 92677-6208,08714962594,1984-08-02,2024-07-02,Pereira das Flores,BA
3474,Alexia,Moreira,PF,alexia.moreira@bol.com.br,47962789461,290_418_576_30,1982-05-19,2024-07-02,Garcia dos Dourados,RR
880,Antonella,Costela,PF,antonella_costela@yahoo.com.br,+5511949186008,63180259442,1969-01-28,2024-07-03,Ferreira,PI
1799,Mateus,Gomes,PF,mateus_gomes@ig.com.br,(61) 94929-7922,795_621_034_80,1961-08-01,2024-07-03,Duarte,PE
3478,Hellena,Cavalcante,PF,hellenacavalcante@hotmail.com,,514_069_328_33,1976-04-17,2024-07-03,Nascimento de da Cruz,RS
180,Enrico,Vieira,PF,enrico.vieira@ig.com.br,+5551930874101,417.203.659-70,1971-12-04,2024-07-04,Fernandes,CE
811,Almeida & Associados S/S,,PJ,almeidaass_@comercio.net.br,(41) 95477-6496,34_891_250_0001_80,,2024-07-04,Viana,RS
985,Comércio Andrade Ltda.,,PJ,comrcioand.@empresa.com.br,+5551945778179,17.246.059/0001-67,1971-01-14,2024-07-04,Farias do Norte,SE
1304,Vicente,Siqueira,PF,vicentesiqueira@bol.com.br,(31) 97679-8464,10482793597,1996-12-05,2024-07-04,da Rosa do Amparo,AL
1319,Jesus & Associados S.A.,,PJ,jesusassoc@empresa.com.br,,40973568000103,1977-03-22,2024-07-04,Novaes,RO
1979,Milena,Jesus,PF,milena_jesus@gmail.com,+5541975656072,693.854.172-82,2007-01-22,2024-07-04,Albuquerque do Oeste,PE
2280,José Pedro,Machado,PF,jospedro77@uol.com.br,(71) 97632-1885,07923468150,1968-10-04,2024-07-04,Melo,PA
2674,Comércio Fonseca Ltda.,,PJ,comrciofon_@empresa.com.br,(21) 94612-3921,25.810.764/0001-73,1978-09-21,2024-07-04,Ramos,GO
3153,Yan,Mendes,PF,ymendes@hotmail.com,(21) 91387-4549,023_815_496_33,1991-10-26,2024-07-04,Gomes da Praia,RJ
3291,Bárbara,Gomes,PF,brbaragomes@terra.com.br,51978113807,93871605484,1956-09-15,2024-07-04,Duarte,ES
3344,Letícia,da Costa,PF,letciadacosta@yahoo.com.br,71934538406,15973408205,1982-01-14,2024-07-04,Montenegro,PA
2014,Isabella,da Rosa,PF,isabella_darosa@ig.com.br,+5541959185168,065.319.748-93,1978-10-17,2024-07-05,Cunha,PA
2345,Kamilly,Lopes,PF,klopes@ig.com.br,(47) 98753-8823,068_354_721_62,1986-09-12,2024-07-05,Carvalho,PA
3251,Antonella,Garcia,PF,antonella.garcia@terra.com.br,+5561991321386,109_584_627_20,2004-10-21,2024-07-05,Lopes,DF
3487,Aylla,Carvalho,PF,aylla93@bol.com.br,(13) 99020-2524,84305976110,1970-07-19,2024-07-05,Cavalcanti,PI
481,Vasconcelos & Lopes Ltda.,,PJ,vasconcelo31@comercio.net.br,(71) 94735-4633,80.273.514/0001-50,1961-08-12,2024-07-06,Mendes,RR
512,Fernanda,Alves,PF,fernanda.alves@yahoo.com.br,(71) 91458-2578,917.403.586-00,,2024-07-06,Ramos,RS
967,Josué,Cirino,PF,josu_cirino@uol.com.br,(21) 96868-2311,75419260867,2002-08-09,2024-07-06,Castro da Mata,MT
1733,Lívia,Aragão,PF,lviaarago@ig.com.br,31933866135,84973106240,,2024-07-06,Rezende Verde,AP
2332,Letícia,Ribeiro,PF,letcia.ribeiro@yahoo.com.br,11963154264,361_097_452_43,2004-09-22,2024-07-06,Vargas,RS
2366,Luana,Freitas,PF,luana_freitas@yahoo.com.br,+5521911363266,834.917.602-40,1984-08-04,2024-07-06,Dias de Oliveira,PB
3491,Matheus,Cavalcanti,PF,matheus.cavalcanti@terra.com.br,(13) 99861-4243,369.174.205-06,1963-11-01,2024-07-06,Marques de Mendes,GO
363,Igor,Alves,PF,igor23@yahoo.com.br,21984753165,459.287.013-14,1998-10-07,2024-07-07,Ferreira de Sousa,SP
641,Joaquim,Rocha,PF,joaquim.rocha@hotmail.com,(13) 91775-4965,84903165205,1995-06-16,2024-07-07,Oliveira,AP
976,Catarina,Caldeira,PF,catarina.caldeira@bol.com.br,(47) 93335-7889,84563920738,1977-04-24,2024-07-07,Pimenta de Goiás,RS
1196,Joana,da Rocha,PF,joana98@gmail.com,+5547943674234,061_593_284_33,,2024-07-07,Sá,ES
1927,Théo,,PF,tho64@yahoo.com.br,(41) 96491-8993,508.364.192-51,2006-11-16,2024-07-07,Cassiano,RN
2230,Manuella,da Mota,PF,manuelladamota@bol.com.br,+5521980054204,42791680594,2004-09-27,2024-07-07,das Neves do Sul,MG
2375,Ana Beatriz,Costa,PF,anabeatriz.costa@hotmail.com,(47) 99119-8113,462_357_890_92,,2024-07-07,da Cruz de Siqueira,SC
3105,Calebe,Garcia,PF,calebe.garcia@gmail.com,(21) 92206-2364,912_586_740_76,1986-07-07,2024-07-07,Fogaça de Nogueira,RJ
3247,Zoe,Correia,PF,zoe_correia@hotmail.com,+5551946145255,802_943_167_87,1984-03-04,2024-07-07,Moreira,PE
2346,Ana Carolina,Rezende,PF,arezende@terra.com.br,(13) 93437-8156,25491860360,1995-11-29,2024-07-08,Silveira,MA
2392,Sophia,da Cruz,PF,sdacruz@gmail.com,(11) 94047-5853,32651809489,1978-11-21,2024-07-08,Ribeiro,AC
8,Lucas Gabriel,Carvalho,PF,lucasgabrielcarvalho@outlook.com,+5561963274706,768_214_950_76,1981-05-21,2024-07-09,Farias,MG
1171,Rafael,Pacheco,PF,rafael_pacheco@yahoo.com.br,+5571987598053,460.157.823-07,1994-06-01,2024-07-09,Marques de Minas,GO
1281,Maria Luiza,Barros,PF,marialuiza50@terra.com.br,(13) 96065-5140,19042357606,1991-10-27,2024-07-09,Abreu de Barbosa,MT
2292,Alana,Santos,PF,alana80@hotmail.com,(47) 96749-4299,21794538097,1973-11-16,2024-07-09,Azevedo,SP
3426,Eloah,Pinto,PF,eloahpinto@gmail.com,61943129263,458.231.670-08,1989-09-18,2024-07-09,Costa,ES
312,Juan,Correia,PF,juancorreia@terra.com.br,+5513973906629,692.471.503-61,1994-12-06,2024-07-10,Gonçalves,SC
440,José Pedro,,PF,jospedro_@gmail.com,41997769986,074_563_291_25,2005-10-31,2024-07-10,Cassiano,RS
826,Vinicius,Leão,PF,vleo@ig.com.br,+5511923128084,697_183_240_03,2000-08-20,2024-07-10,Azevedo da Prata,PB
1017,Juan,Silveira,PF,juansilveira@yahoo.com.br,(61) 93828-8025,134_596_207_06,1975-09-10,2024-07-10,Moura,MT
1781,Ágatha,Costa,PF,gcosta@ig.com.br,(47) 91605-3643,836.402.519-89,,2024-07-10,Porto de Garcia,MS
3255,Juliana,da Costa,PF,julianadacosta@bol.com.br,51919159542,95678043110,1966-07-09,2024-07-10,Pimenta,AM
394,Henrique,da Costa,PF,henrique_dacosta@terra.com.br,31946701799,259.376.048-65,1998-11-09,2024-07-11,Nascimento,MS
793,Zoe,Fonseca,PF,zoe59@gmail.com,61961823067,456_231_987_91,1960-05-11,2024-07-11,Castro,DF
2174,José Miguel,Alves,PF,josmiguel.alves@yahoo.com.br,31952763784,27369018512,1997-12-17,2024-07-11,Sales de Fonseca,MG
671,Sophie,da Rosa,PF,sophie_darosa@outlook.com,21983871938,907_358_641_01,1981-11-25,2024-07-12,Fogaça do Norte,AC
754,Hellena,Fonseca,PF,hellena_fonseca@terra.com.br,,427.358.901-04,,2024-07-12,Carvalho de Brito,PA
1463,Luana,Caldeira,PF,luana40@outlook.com,+5551985774303,315_249_608_70,1960-08-20,2024-07-12,Pastor,TO
2274,Rebeca,Pereira,PF,rebeca23@terra.com.br,+5551990609918,81372049541,1967-09-01,2024-07-12,da Cruz,SP
2374,Aurora,Dias,PF,aurora18@outlook.com,(41) 97725-2882,317.285.069-21,,2024-07-12,das Neves,MA
3021,João Guilherme,Cardoso,PF,jooguilherme_cardoso@gmail.com,(13) 98442-7181,540_832_917_88,1997-05-05,2024-07-12,Siqueira,PB
3276,Luiz Miguel,Sá,PF,luizmiguel_s@terra.com.br,(61) 93013-6635,984.207.531-14,1992-11-23,2024-07-12,Gonçalves,RJ
3277,Consultoria Cardoso S/S,,PJ,c@comercio.net.br,(21) 97643-6048,24.093.761/0001-01,1959-04-13,2024-07-12,Cardoso,AM
1342,Cecilia,Dias,PF,emilly.martins@gmail.com,(47) 99640-9279,873_625_019_86,2006-04-19,2024-07-13,Nunes do Norte,GO
2832,Pietro,Siqueira,PF,pietrosiqueira@bol.com.br,(11) 95691-4264,759.348.126-37,1973-10-21,2024-07-13,da Mata,MT
515,Gomes Informática e Informática S.A.,,PJ,gomesinfor@comercio.net.br,+5551992717995,10642978000100,1978-12-13,2024-07-14,Costela,SP
1842,Hellena,Pacheco,PF,hellena_pacheco@outlook.com,+5511985815334,572.108.463-44,1988-01-06,2024-07-14,Castro,SC
3358,Nathan,Peixoto,PF,nathanpeixoto@outlook.com,,73195482673,1965-12-08,2024-07-14,Pimenta do Sul,BA
787,Maria Cecília,Silva,PF,mariaceclia.silva@hotmail.com,47929119118,314_926_578_91,1966-04-27,2024-07-15,Mendes,AC
1184,Ana Cecília,da Paz,PF,anaceclia_dapaz@uol.com.br,(61) 91844-1184,83519704250,1961-05-08,2024-07-15,Fogaça da Praia,MG
1439,Breno,Cunha,PF,breno.cunha@uol.com.br,(51) 98886-7798,462_108_397_03,1990-01-18,2024-07-15,Barros,RJ
2506,Vitor,da Mota,PF,vitor_damota@bol.com.br,(47) 95423-4154,23751698086,1969-11-25,2024-07-15,Nascimento,BA
656,Dias Tecnologia e Serviços S/S,,PJ,diastecnol_@empresa.com.br,(31) 94541-5178,73846902000117,1995-12-22,2024-07-16,Nascimento,AL
675,Daniel,Oliveira,PF,danieloliveira@terra.com.br,(11) 92594-7042,71465923837,1988-08-20,2024-07-16,Pacheco,AP
1394,Ian,Cassiano,PF,ian41@hotmail.com,11958325456,925_347_061_52,1966-09-08,2024-07-16,da Costa do Campo,AM
2126,Ana Clara,Pacheco,PF,anaclarapacheco@outlook.com,31954438855,401_265_938_33,1982-05-30,2024-07-16,Sá,MG
2176,Bryan,Pinto,PF,bpinto@uol.com.br,71996832177,78405296310,1988-09-21,2024-07-16,Moraes de Martins,SE
2611,Gael,Sá,PF,gael.s@hotmail.com,(51) 92460-4131,26480793196,2002-03-24,2024-07-16,Ferreira do Sul,PE
644,Henry,Pimenta,PF,henry77@terra.com.br,,41698035233,1971-10-10,2024-07-17,Pinto,MT
1025,Ana Júlia,Brito,PF,anajliabrito@gmail.com,,812_957_046_76,2001-04-13,2024-07-17,Azevedo do Norte,AL
1098,Tecnologia Moreira EIRELI,,PJ,tecnologia_@empresa.com.br,11917215436,95460813000170,1995-04-03,2024-07-17,Cassiano de Novais,RN
1472,Ana Liz,Sá,PF,analiz45@yahoo.com.br,61922173872,361.790.485-84,,2024-07-17,Cavalcante da Prata,AL
2299,Pedro Lucas,Rodrigues,PF,pedrolucas31@hotmail.com,+5531959699545,931.528.607-30,1985-03-20,2024-07-17,Sampaio de Minas,RJ
743,Alexia,Cardoso,PF,alexia11@uol.com.br,(51) 92411-9664,951.260.734-43,1972-01-23,2024-07-18,Guerra,AC
1275,Farias & Monteiro EI,,PJ,f@comercio.net.br,(13) 96555-3535,59_167_028_0001_60,1994-07-20,2024-07-18,Pacheco,SP
2243,Brenda,Guerra,PF,brenda.guerra@bol.com.br,+5511930685210,593.462.081-98,1975-01-24,2024-07-18,Vieira,MA
2501,Zoe,Rodrigues,PF,zrodrigues@gmail.com,71982737714,834.617.920-04,1968-06-04,2024-07-18,Macedo,MA
1109,Pedro,Cavalcanti,PF,pedro32@yahoo.com.br,31919182386,86520791458,1995-04-20,2024-07-19,da Rosa das Flores,RO
1460,Guerra & Associados EIRELI,,PJ,guerraasso@empresa.com.br,71960543333,62_807_543_0001_72,1990-05-25,2024-07-19,Dias de Câmara,PE
1666,Antônio,Azevedo,PF,antnio43@terra.com.br,(21) 99941-9444,958_043_271_60,1974-01-19,2024-07-19,Ramos do Sul,MG
2148,Oliveira & Associados EI,,PJ,oliveiraas33@empresa.com.br,(41) 95295-5269,41_863_209_0001_66,1981-10-14,2024-07-19,Lopes,DF
2187,Rael,Vargas,PF,raelvargas@ig.com.br,+5541970985766,76913820496,2005-07-26,2024-07-19,Costa,PB
2540,Apollo,Fonseca,PF,afonseca@uol.com.br,(47) 96598-2409,619.705.843-00,1965-12-22,2024-07-19,Rezende dos Dourados,AM
3215,Carlos Eduardo,Duarte,PF,carloseduardo.duarte@uol.com.br,11923189657,340_178_629_69,2005-05-29,2024-07-19,da Costa de Moura,RJ
2026,Maria Clara,Pereira,PF,mariaclara_pereira@outlook.com,(51) 91127-6690,98501374288,,2024-07-20,da Costa de Cassiano,PR
2463,Cecília,Sales,PF,cecliasales@ig.com.br,13970799835,167.803.924-13,1980-09-24,2024-07-20,Araújo do Sul,SE
2821,Informática Carvalho EPP,,PJ,informtica_@comercio.net.br,+5531974459483,70_316_258_0001_87,1974-11-24,2024-07-20,Santos,PE
2114,Luan,Sousa,PF,luan.sousa@yahoo.com.br,31991592512,34705189639,1982-11-27,2024-07-21,Monteiro,SE
2189,Alícia,Viana,PF,aviana@ig.com.br,(61) 92749-7087,845.120.367-17,2000-03-13,2024-07-21,da Mata,AC
2702,Pedro,Pimenta,PF,pedro.pimenta@yahoo.com.br,(31) 91853-1595,235.647.810-80,1979-04-03,2024-07-21,Guerra de Borges,CE
3052,Rafael,Ferreira,PF,rafael.ferreira@bol.com.br,(11) 93904-4017,12893570488,,2024-07-21,Rios,RS
3193,Larissa,Almeida,PF,larissa58@bol.com.br,(71) 91335-1045,35170682417,2003-07-18,2024-07-21,Teixeira,SE
3203,Lunna,Cavalcante,PF,lunnacavalcante@outlook.com,+5551973867104,302_954_861_98,1991-05-28,2024-07-21,Cirino Grande,RO
3360,Isabel,Aragão,PF,iarago@bol.com.br,13985632340,043_925_617_80,2001-07-29,2024-07-21,Monteiro Paulista,RR
3495,Léo,Teixeira,PF,lo.teixeira@yahoo.com.br,+5551968149331,361_409_857_57,1974-04-18,2024-07-21,Rios de Minas,PA
1542,João Lucas,Ferreira,PF,jferreira@gmail.com,+5521946361394,31294867555,2003-11-30,2024-07-22,Ferreira,SP
1915,Clarice,Machado,PF,clarice16@outlook.com,41986518273,537_248_016_53,1985-12-13,2024-07-22,Rezende de Minas,RS
2127,Eloá,da Paz,PF,edapaz@yahoo.com.br,+5561930521605,631.429.708-78,2005-11-02,2024-07-22,Fogaça de Caldeira,AL
3274,João,Campos,PF,joo72@bol.com.br,+5551929855619,59023478150,1981-03-21,2024-07-22,Castro,PI
3329,Almeida & Araújo EIRELI,,PJ,almeidaara@empresa.com.br,31926645663,03_825_791_0001_87,1969-07-17,2024-07-22,da Costa,GO
3340,José Pedro,Vieira,PF,jospedro87@hotmail.com,+5513936853321,028_347_651_62,2004-05-26,2024-07-22,Freitas,PI
3431,Maria Júlia,Nogueira,PF,mariajlia.nogueira@uol.com.br,+5531985576263,95168034233,2005-11-01,2024-07-22,da Luz das Flores,GO
489,Barbosa & Associados EIRELI,,PJ,barbosaass.@empresa.com.br,31943786469,69.458.713/0001-08,1985-11-12,2024-07-23,Cassiano,PB
565,Luna,Ribeiro,PF,lunaribeiro@yahoo.com.br,41994672189,75930468265,1979-02-24,2024-07-23,Borges Verde,RN
703,Luiz Otávio,Rocha,PF,lrocha@uol.com.br,+5571962619001,458.621.370-17,1983-12-24,2024-07-23,Cavalcanti do Amparo,MT
764,Asafe,Rodrigues,PF,asafe.rodrigues@yahoo.com.br,+5571975811665,740.658.213-71,2007-06-20,2024-07-23,Nascimento da Serra,SE
1242,Alexia,Cardoso,PF,alexiacardoso@ig.com.br,(71) 93977-5711,438_967_015_84,1980-02-26,2024-07-23,Silva Paulista,MG
1963,Garcia & Martins S/S,,PJ,garciamart@comercio.net.br,13966531475,90.187.562/0001-89,1958-02-21,2024-07-23,Pires,MT
2247,Lavínia,Costa,PF,lavniacosta@gmail.con,(61) 97777-1923,573.206.894-56,1990-10-01,2024-07-23,Pastor de Ramos,DF
3403,Júlia,Moraes,PF,jmoraes@uol.com.br,(21) 99298-6854,507_918_364_01,,2024-07-23,Sales de Lopes,MS
636,Ana Luiza,Pereira,PF,analuiza53@uol.com.br,11962008380,463_109_825_24,1973-09-18,2024-07-24,Correia Grande,DF
1535,Mariane,Cardoso,PF,marianecardoso@terra.com.br,11922107961,741_250_869_58,2008-03-19,2024-07-24,Martins de Ferreira,SP
1936,Olívia,Porto,PF,olviaporto@ig.com.br,(61) 94537-5492,287_149_305_79,1987-07-19,2024-07-24,da Cunha de Montenegro,RS
2643,Juliana,da Conceição,PF,julianadaconceio@hotmail.com,+5531928192095,64897103231,1992-07-02,2024-07-24,Farias do Amparo,SC
2910,Heloisa,Camargo,PF,heloisa_camargo@ig.com.br,31910189810,346_809_152_42,1976-05-13,2024-07-24,Mendonça Alegre,PA
54,Carolina,Albuquerque,PF,anaceclia26@terra.com.br,(21) 93601-2130,075.348.961-93,1973-05-17,2024-07-25,Dias,SE
212,Maria Alice,Novais,PF,mariaalicenovais@terra.com.br,13972887745,738_164_209_31,1983-05-07,2024-07-25,Macedo,AP
1495,Leandro,Martins,PF,leandro_martins@outlook.com,,097.354.182-23,1971-10-15,2024-07-25,Melo Alegre,PA
1550,Ester,Camargo,PF,ester_camargo@gmail.com,+5547935192838,64823017978,1980-12-11,2024-07-25,Santos,RS
2205,Laura,Pires,PF,laurapires@outlook.com,(61) 94524-6232,801.973.652-21,1998-03-05,2024-07-25,Costela das Pedras,SC
3271,Maria Isis,Vieira,PF,mvieira@terra.com.br,11970902625,986_301_275_03,1992-09-11,2024-07-25,da Cunha de Lopes,TO
685,Lívia,das Neves,PF,ldasneves@outlook.com,+5541910834285,213_854_067_71,1978-01-28,2024-07-26,Câmara de Câmara,RN
1391,Gustavo Henrique,Moreira,PF,gustavohenrique_moreira@bol.com.br,(13) 93414-9094,940_352_876_10,1972-12-01,2024-07-26,Siqueira,RN
2149,Brayan,Brito,PF,brayanbrito@uol.com.br,+5511947491198,463_852_719_19,1987-12-09,2024-07-26,Costa,BA
3179,André,Santos,PF,andrsantos@uol.com.br,+5551972411024,514_239_860_24,2000-12-11,2024-07-26,Dias,SC
1713,João Gabriel,Borges,PF,joogabrielborges@yahoo.com.br,11933564478,193_627_408_69,1959-06-27,2024-07-27,Dias do Amparo,AM
2218,Rafaela,Costa,PF,rafaela.costa@yahoo.com.br,(71) 96848-2733,097_381_652_02,,2024-07-27,Nogueira,RS
2607,Dias Consultoria e Tecnologia S/A,,PJ,d@comercio.net.br,+5531928289869,27.950.831/0001-80,2002-09-02,2024-07-27,Araújo do Sul,RS
2812,Natália,Carvalho,PF,natlia_carvalho@yahoo.com.br,+5511968241046,17920356830,1967-08-12,2024-07-27,Oliveira,DF
2959,Rael,Machado,PF,raelmachado@uol.com.br,(47) 98777-6833,691.837.250-59,,2024-07-27,Mendonça de Minas,BA
3354,Arthur Miguel,da Conceição,PF,arthurmiguel.daconceio@hotmail.com,+5547944764832,613_594_087_20,1963-01-28,2024-07-27,Rios,GO
545,André,Ferreira,PF,andr4@hotmail.com,+5521979535736,645_218_790_20,2003-11-20,2024-07-28,Fonseca das Pedras,RS
824,Isadora,Freitas,PF,dom_carvalho@terra.com.br,,302_486_195_51,1964-10-14,2024-07-28,Teixeira do Norte,AM
831,Laís,Moraes,PF,las.moraes@outlook.com,71982967452,67284391537,1983-08-25,2024-07-28,da Rosa das Pedras,TO
1403,Gael Henrique,Fernandes,PF,gfernandes@gmail.com,+5561987456600,297.461.835-91,1988-12-16,2024-07-28,Vieira da Praia,RN
1932,Jesus & Pereira EPP,,PJ,jesusperei85@empresa.com.br,11927434391,56479132000100,2002-10-08,2024-07-28,da Cunha Verde,RO
2718,Pietra,das Neves,PF,pietra.dasneves@gmail.com,51944504278,761_803_954_20,1998-12-19,2024-07-28,Borges de Minas,SE
2977,Calebe,Rezende,PF,calebe86@outlook.com,31979921508,462_198_735_64,1987-08-06,2024-07-28,Souza de Pereira,PB
2059,Camila,Macedo,PF,camila5@uol.com.br,+5571973643670,31869420551,1990-02-21,2024-07-29,Santos do Galho,AC
2406,Sofia,Souza,PF,sofia_souza@outlook.com,+5521943324534,738_064_521_80,,2024-07-29,Castro,PE
117,Marcelo,Correia,PF,marcelo_correia@uol.com.br,11982606915,019_548_276_01,1993-06-11,2024-07-30,Campos,RS
608,Consultoria Correia S/A,,PJ,c@comercio.net.br,71982806591,52.148.963/0001-30,1956-12-16,2024-07-30,Camargo,RO
1195,Gael,Barbosa,PF,gbarbosa@gmail.com,(51) 91214-1242,59361740857,1975-11-08,2024-07-30,Pacheco do Norte,SC
1544,Stella,Araújo,PF,stella_arajo@terra.com.br,(13) 97111-6999,471.653.089-20,1990-03-01,2024-07-30,Freitas do Galho,AM
3260,Fernando,Guerra,PF,fernando2@terra.com.br,,756.038.219-30,2007-01-09,2024-07-30,Moura da Praia,RS
3387,Oliver,Pereira,PF,opereira@terra.com.br,51958611980,26104937896,1979-06-02,2024-07-30,Moura,TO
601,Hellena,Nogueira,PF,hpereira@hotmail.com,41935679333,427_180_956_01,,2024-07-31,Pinto,RN
871,Antony,Garcia,PF,antony.garcia@yahoo.com.br,31971058422,014.276.598-85,,2024-07-31,Teixeira da Serra,MA
1380,Ana Cecília,Viana,PF,anacecliaviana@terra.com.br,(11) 98063-1936,327_056_184_90,1986-04-24,2024-07-31,Teixeira do Galho,SP
2871,Isabelly,Moreira,PF,isabellymoreira@gmail.com,,790.245.813-97,,2024-07-31,Vieira do Amparo,CE
1371,Stephany,Santos,PF,stephany.santos@yahoo.com.br,11953822593,796.405.821-58,1970-08-25,2024-08-01,Andrade,BA
1740,Vargas Distribuidora e Importadora S/A,,PJ,vargasdist.@empresa.com.br,41933988681,20381564000129,1976-07-24,2024-08-01,Castro,RJ
170,Ana Beatriz,Jesus,PF,anabeatrizjesus@gmail.com,(31) 99002-3255,93071562470,1980-02-16,2024-08-02,Cunha,PR
672,Erick,Freitas,PF,erickfreitas@ig.com.br,71990952409,85709316202,1990-04-10,2024-08-02,Viana,RS
998,Beatriz,Jesus,PF,beatriz.jesus@outlook.com,+5551944363469,407_921_386_78,1990-11-02,2024-08-02,Brito da Prata,BA
1236,Samuel,Nunes,PF,samuelnunes@uol.com.br,(51) 98800-8457,31250486998,1991-08-04,2024-08-02,Garcia de Aragão,PE
2191,Alícia,Sampaio,PF,alciasampaio@outlook.com,(51) 98074-2778,75483290160,1962-04-07,2024-08-02,Casa Grande,RN
249,Vieira & Associados Ltda.,,PJ,vieiraasso8@empresa.con.br,47997158310,92_561_430_0001_09,2008-02-03,2024-08-03,Vieira de Moraes,TO
325,Serviços Fonseca EPP,,PJ,serviosfon@comercio.net.br,+5571989321121,54_716_829_0001_14,1989-05-14,2024-08-03,da Conceição,BA
475,Maysa,Melo,PF,maysa.melo@terra.com.br,13925595932,235_417_986_37,2006-10-01,2024-08-03,Barbosa de Minas,MG
509,Benjamim,Sales,PF,benjamimsales@gmail.com,+5521959918379,765_489_302_74,1960-10-08,2024-08-03,Teixeira da Mata,SE
759,Isabela,Fernandes,PF,isabela48@terra.com.br,(47) 98867-7098,431.285.609-51,1970-09-27,2024-08-03,Sales de Barros,MS
1330,Gustavo,da Luz,PF,gustavo_daluz@gmail.con,41912351841,625.803.971-59,1991-03-26,2024-08-03,Fogaça,PA
1791,Luigi,Souza,PF,luigisouza@gmail.com,,517.689.203-03,2007-02-26,2024-08-03,Mendes do Amparo,RO
2044,Tecnologia Vargas EIRELI,,PJ,t@empresa.com.br,,83_704_265_0001_06,1986-11-03,2024-08-03,Viana,AL
2443,Manuella,da Cruz,PF,mdacruz@outlook.com,+5561949832153,89671304575,1982-04-16,2024-08-03,Moraes das Pedras,SP
2638,Sistemas Santos S/S,,PJ,s@comercio.net.br,+5531935124318,91872530000185,1994-01-07,2024-08-03,Pimenta dos Dourados,TO
2672,João Pedro,da Costa,PF,joopedro.dacosta@bol.com.br,+5551996415324,96483572182,,2024-08-03,Lima de Dias,SC
944,Maria Eduarda,Brito,PF,ian_nogueira@yahoo.com.br,21943263045,82931564737,2000-09-12,2024-08-04,Silva,AM
1221,Sarah,Pereira,PF,sarahpereira@outlook.com,(51) 96686-7289,85231907677,,2024-08-04,Pires de Mendonça,RS
1583,Pinto & Gonçalves Ltda.,,PJ,pintogonal@empresa.com.br,(31) 92073-3451,59736810000153,1963-07-20,2024-08-04,Vargas da Mata,DF
1739,Mateus,,PF,mateus_@uol.com.br,13946951220,12367045925,1978-05-22,2024-08-04,Santos das Flores,SC
1426,Helena,Montenegro,PF,helena76@terra.con.br,(51) 93804-7209,628_175_409_30,,2024-08-05,Santos,SP
1779,Davi,Caldeira,PF,davi_caldeira@gmail.com,,40813269750,1985-11-13,2024-08-05,Caldeira de Goiás,TO
1884,Silveira & Associados EPP,,PJ,silveiraas.@empresa.com.br,11955647546,19_634_872_0001_30,1981-12-31,2024-08-05,Castro Paulista,AC
2110,Mariana,Camargo,PF,mariana_camargo@uol.com.br,+5531950041897,96230457199,1998-11-02,2024-08-05,Macedo de da Luz,AC
2201,Sophie,Teixeira,PF,emilly.caldeira@ig.com.br,(47) 94591-5893,019.428.357-79,,2024-08-05,Duarte de Sales,PB
3076,Marcos Vinicius,Carvalho,PF,marcosviniciuscarvalho@outlook.com,51950501141,103_425_987_32,1991-04-03,2024-08-05,da Cruz de Goiás,PB
713,Luara,Peixoto,PF,luarapeixoto@bol.com.br,41931272799,203_189_675_02,,2024-08-06,das Neves de Souza,PE
895,Benjamin,Lima,PF,benjamin.lima@gmail.com,,415_387_960_66,2007-05-25,2024-08-07,Montenegro das Pedras,MS
1547,Isabela,Leão,PF,isabela91@bol.com.br,21981241214,41682970396,1963-04-25,2024-08-07,Rodrigues da Serra,MT
2547,Juan,Novaes,PF,juan_novaes@bol.com.br,+5541975517135,73592486047,2001-10-23,2024-08-07,Albuquerque dos Dourados,PI
2936,Maya,da Mata,PF,mayadamata@ig.com.br,+5521966059460,251_430_967_07,1975-11-19,2024-08-07,Cavalcanti,SP
2498,Cardoso & Associados EPP,,PJ,cardosoass.@comercio.net.br,11984942899,07543192000121,,2024-08-08,Gomes de Carvalho,AC
2890,Souza & Pinto EIRELI,,PJ,souzapinto.@empresa.com.br,(51) 97538-2505,19630547000107,1960-03-27,2024-08-08,Rocha da Praia,GO
67,Diego,Andrade,PF,dandrade@terra.com.br,31988251759,905_273_618_95,1973-06-20,2024-08-09,Costela,TO
420,Luísa,Gomes,PF,josmiguel_nogueira@ig.com.br,+5541962652428,152_796_403_52,1999-09-14,2024-08-09,Moraes,TO
518,Enzo Gabriel,Montenegro,PF,emontenegro@bol.com.br,13963356908,123_967_548_82,,2024-08-09,Siqueira da Prata,RJ
1445,João Guilherme,Barros,PF,jooguilherme49@bol.com.br,51930499464,976_012_534_06,1960-02-11,2024-08-09,Macedo,MA
2102,Lara,Novais,PF,laranovais@terra.com.br,+5531998989173,819_725_630_68,1993-12-07,2024-08-09,Abreu de Leão,BA
2884,Bárbara,Farias,PF,brbara.farias@uol.com.br,51966442368,613_457_982_37,1970-03-03,2024-08-09,Camargo,PB
3051,Julia,Câmara,PF,jcmara@uol.com.br,(11) 94508-3358,185.629.304-15,1994-02-26,2024-08-09,da Cruz,PR
3061,Isaac,Nascimento,PF,isaac47@hotmail.com,+5561977887175,47610395234,,2024-08-09,da Paz do Oeste,RO
21,João Miguel,Nogueira,PF,joomiguel.nogueira@yahoo.com.br,+5541980993815,286_974_501_01,1982-05-25,2024-08-10,Marques,SP
588,Theodoro,Aparecida,PF,taparecida@bol.com.br,47985056161,65938470200,,2024-08-10,da Paz da Praia,PA
1055,Marcelo,Andrade,PF,marcelo54@uol.com.br,(21) 93758-6326,341_976_052_34,1966-02-16,2024-08-10,Vieira,MG
1814,Ana Sophia,Gonçalves,PF,anasophiagonalves@outlook.com,11931885866,21874530653,1967-05-22,2024-08-10,Azevedo,PB
3217,Sistemas Garcia Ltda.,,PJ,sistemasga_@comercio.net.br,47946104436,91.863.504/0001-90,1995-10-23,2024-08-10,Costa do Oeste,SC
849,Distribuidora Pinto EI,,PJ,distribuid@empresa.com.br,(71) 95123-2783,75.068.931/0001-20,2003-09-10,2024-08-11,Moraes,SC
87,Matteo,Andrade,PF,matteoandrade@ig.com.br,+5571971998486,01547926325,1962-11-09,2024-08-12,Rios,RJ
380,Kaique,Duarte,PF,kduarte@gmail.com,+5571919083654,29045368170,1992-05-21,2024-08-12,Fogaça do Sul,MA
435,Lucas,Albuquerque,PF,lucasalbuquerque@hotmail.com,41949717472,29480136589,1959-01-02,2024-08-12,Lopes,MA
652,Sofia,Lopes,PF,slopes@gmail.com,+5541916162501,39417062506,1968-03-17,2024-08-12,Fonseca,CE
1872,Aylla,Sales,PF,asales@hotmail.com,(61) 99086-2497,71534026835,1963-03-27,2024-08-12,Nunes,RR
2000,Maria Julia,Silva,PF,mariajulia.silva@hotmail.com,+5513991388383,35910476866,1976-09-15,2024-08-12,Cavalcanti da Praia,AP
2005,Maria Júlia,Gomes,PF,mariajlia.gomes@bol.com.br,41983819126,304_872_591_14,,2024-08-12,Siqueira,MT
654,Henry Gabriel,Ribeiro,PF,henrygabriel_ribeiro@bol.com.br,(47) 95384-1501,534_806_271_53,1986-11-11,2024-08-13,Casa Grande Grande,BA
931,João Vitor,,PF,joovitor59@yahoo.com.br,+5551989348107,429_516_780_02,1971-12-21,2024-08-13,Vargas Alegre,RN
3186,Lopes & Associados S/A,,PJ,lopesassoc62@comercio.net.br,(11) 95132-7925,09.124.568/0001-99,1994-07-04,2024-08-13,Cardoso,MA
695,Antonella,da Mota,PF,antonella50@uol.com.br,,03819642722,1990-05-18,2024-08-14,Costela,RJ
701,Maria Alice,Nogueira,PF,mariaalice_nogueira@bol.com.br,+5571956626870,36512079868,2002-01-04,2024-08-14,Marques do Galho,SP
2425,Théo,Sampaio,PF,tho_sampaio@outlook.com,(21) 94518-7661,264.805.719-67,1964-04-03,2024-08-14,Azevedo Verde,CE
2530,Julia,Carvalho,PF,julia_carvalho@outlook.com,+5561951639827,25708694149,1969-04-17,2024-08-14,da Mota,PA
501,Sistemas Correia S/S,,PJ,sistemasco@comercio.net.br,+5547918578923,91.268.730/0001-23,2004-04-17,2024-08-15,Sousa,MT
788,Matheus,,PF,matheus96@bol.com.br,47962591277,79052643199,1964-11-20,2024-08-15,Freitas de da Rosa,DF
1329,Breno,Viana,PF,breno_viana@outlook.com,(13) 92607-2538,79358014601,1995-08-05,2024-08-15,Pereira,RO
1433,Luan,Dias,PF,luandias@yahoo.com.br,+5571937173187,805.139.472-05,,2024-08-15,Souza da Prata,RJ
2124,Marina,Campos,PF,mcampos@uol.com.br,+5521919162581,948_762_153_91,,2024-08-15,da Cruz,RJ
2800,Valentina,Pinto,PF,valentinapinto@ig.com.br,+5521998173565,19843567200,,2024-08-15,Araújo,PI
3416,Fonseca & Associados S/S,,PJ,f@comercio.net.br,+5561920879535,62.097.453/0001-35,1971-01-29,2024-08-15,Pastor,RS
317,Marcelo,Pinto,PF,mpinto@bol.com.br,21912087397,84360129505,1976-06-21,2024-08-16,Casa Grande do Norte,MA
857,Thiago,da Rocha,PF,thiago.darocha@hotmail.com,41948198589,24158973023,1990-03-15,2024-08-16,Aparecida de Borges,SC
1732,Lavínia,Souza,PF,lavnia19@bol.com.br,47922462914,645_913_782_09,1976-09-22,2024-08-16,Montenegro do Sul,TO
1929,Soares & Pereira S/S,,PJ,soarespere3@comercio.net.br,(11) 96333-3913,76508249000174,1982-02-11,2024-08-16,Montenegro do Amparo,CE
2590,Cauã,Brito,PF,cau_brito@outlook.com,71994116984,254_107_693_25,,2024-08-16,Viana de Pinto,AC
2642,Murilo,Abreu,PF,murilo_abreu@bol.com.br,+5561950676075,547_681_230_07,1983-06-28,2024-08-16,Pimenta,RN
1225,Arthur Miguel,Garcia,PF,arthurmiguelgarcia@hotmail.com,(51) 94444-7240,986_570_243_65,1986-11-17,2024-08-17,Vieira Alegre,CE
1514,Tecnologia Jesus Ltda.,,PJ,tecnologia@empresa.com.br,(21) 97628-5887,29.805.163/0001-23,1993-09-11,2024-08-17,Farias do Campo,MG
2497,Henrique,Costa,PF,henriquecosta@outlook.com,(51) 93465-8858,781.049.635-20,2003-12-06,2024-08-17,Santos,PB
3208,Vinicius,Cavalcanti,PF,viniciuscavalcanti@bol.com.br,+5521925093913,068_219_537_59,1965-01-01,2024-08-17,da Conceição,CE
452,Isaac,Mendes,PF,isaac_mendes@outlook.com,+5513911817237,845_723_691_19,,2024-08-18,Cavalcante de Vieira,MG
1642,Vinicius,Ferreira,PF,vinicius.ferreira@terra.com.br,+5571967748490,51498260306,1968-03-20,2024-08-18,Ferreira,RN
1957,Eduardo,Montenegro,PF,eduardo57@bol.com.br,21988885735,201.389.457-05,,2024-08-18,Duarte do Campo,DF
2460,Otto,Mendes,PF,otto_mendes@terra.com.br,,21347598014,1981-05-30,2024-08-18,da Rocha,TO
2539,Alana,Novais,PF,anovais@uol.com.br,11960134371,37540218690,1973-04-29,2024-08-18,Pastor da Serra,RS
1623,Marcelo,Peixoto,PF,mpeixoto@hotmail.com,+5561935251046,52168370940,1967-10-27,2024-08-19,da Conceição das Flores,CE
1919,Daniela,Caldeira,PF,daniela4@terra.com.br,41941623170,40582967120,2003-07-21,2024-08-19,Duarte da Mata,RS
1960,Elisa,Correia,PF,elisa_correia@gmail.com,41971016879,157_693_480_20,1986-10-12,2024-08-19,Costela do Norte,CE
2113,Ana Beatriz,,PF,anabeatriz@outlook.com,+5511985021337,607.248.935-47,1968-06-07,2024-08-19,Garcia da Prata,AL
2641,Catarina,Moraes,PF,catarina_moraes@ig.com.br,51943457190,253_870_914_88,1997-05-22,2024-08-19,Sousa Grande,PB
525,Mirella,Andrade,PF,mandrade@uol.com.br,41992018629,475_603_921_99,1971-01-19,2024-08-20,Macedo do Campo,AM
1237,Pinheiro & Carvalho S/S,,PJ,pinheiroca@empresa.com.br,(11) 96815-6064,80_492_157_0001_10,1958-10-27,2024-08-20,Mendonça,DF
1587,Luna,Novaes,PF,luna46@outlook.com,13940852356,436.891.257-82,1978-07-25,2024-08-20,Rocha de Goiás,PI
1708,Ravi,Santos,PF,ravisantos@uol.com.br,(51) 94087-8540,315_284_769_64,1981-07-08,2024-08-20,Pimenta,PI
3004,Alexia,Vargas,PF,alexiavargas@terra.com.br,51963665015,597.618.430-84,2008-02-11,2024-08-20,Brito de das Neves,MT
69,Sabrina,Costela,PF,sabrinacostela@hotmail.com,(21) 99827-3169,13657942882,1998-04-09,2024-08-21,Pacheco das Flores,PB
133,Serviços Silveira EIRELI,,PJ,serviossil@empresa.com.br,+5551959597005,49_381_675_0001_17,1972-03-25,2024-08-21,Costela,BA
400,Kevin,da Cruz,PF,kevin_dacruz@hotmail.com,(13) 93115-3263,75610349893,1992-10-08,2024-08-21,Nogueira,SP
1688,Matheus,Freitas,PF,matheus.freitas@bol.com.br,+5561931882311,638.012.479-96,1958-05-17,2024-08-21,Cardoso de Minas,RJ
2117,Importadora Costa S/S,,PJ,importador.@empresa.com.br,(21) 91488-8677,17_082_953_0001_49,,2024-08-21,Sousa do Sul,DF
3295,Soluções Gonçalves ME,,PJ,soluesgona_@empresa.com.br,(61) 93255-7014,38150462000168,1993-10-19,2024-08-21,Gomes Paulista,AP
596,Agatha,Freitas,PF,agatha86@hotmail.con,+5551968113195,608.173.249-50,1977-08-26,2024-08-22,Costa do Sul,AL
1143,Eduardo,Vieira,PF,eduardo23@uol.com.br,(51) 99726-7289,073.465.198-84,1994-03-25,2024-08-22,Machado,AC
1170,Castro & Melo S/A,,PJ,castromelo@empresa.com.br,13923712205,87291603000178,1961-04-15,2024-08-22,das Neves,PR
2403,Distribuidora Soares EIRELI,,PJ,distribuid@comercio.net.br,21926568154,38_674_120_0001_47,1986-07-21,2024-08-22,Nascimento das Flores,ES
2764,Arthur Gabriel,Pastor,PF,arthurgabrielpastor@ig.com.br,+5571940622447,97154803223,1968-07-14,2024-08-22,Mendes,PB
2826,Gustavo,Santos,PF,gsantos@terra.com.br,+5513914253526,015_729_846_94,1998-09-20,2024-08-22,Alves,RO
3114,Pedro Miguel,Barros,PF,pedromiguel_barros@outlook.com,51920575969,065_871_392_21,2005-01-12,2024-08-22,da Cruz,BA
3125,Maria Vitória,Albuquerque,PF,mariavitria_albuquerque@bol.com.br,(41) 92063-1355,48361027580,1993-03-01,2024-08-23,Cardoso do Campo,RS
1003,Lopes Consultoria e Soluções EIRELI,,PJ,lopesconsu@empresa.com.br,,97_435_860_0001_90,2005-02-05,2024-08-24,Aragão Grande,ES
1027,Francisco,Aragão,PF,franciscoarago@yahoo.com.br,+5521918375949,15327649016,,2024-08-24,Nascimento de Ramos,SP
2093,Clara,Abreu,PF,clara_abreu@hotmail.com,(71) 94984-7251,90846325160,2000-11-17,2024-08-24,Fogaça,RS
2573,Maysa,Gonçalves,PF,mgonalves@bol.com.br,,965.473.802-38,,2024-08-25,Silveira,CE
2976,Lorenzo,Farias,PF,lorenzo36@uol.com.br,,06439271822,1965-01-20,2024-08-25,Mendonça,CE
936,Gustavo,Sá,PF,gs@bol.com.br,13941116033,340_279_158_79,1994-02-15,2024-08-26,Oliveira,PE
1359,Mariane,,PF,mariane.@bol.com.br,,032.598.641-05,1981-04-16,2024-08-26,Andrade,AL
3428,Carlos Eduardo,Moraes,PF,marcosvinicius.dasneves@bol.com.br,,410_935_827_23,1981-11-03,2024-08-26,Gonçalves,AP
692,Antônio,Pereira,PF,antnio_pereira@ig.com.br,61933598919,85724963191,1960-08-04,2024-08-27,Câmara de Goiás,PR
1670,Maria Julia,Farias,PF,mariajuliafarias@hotmail.com,+5551978295656,360.978.152-12,,2024-08-27,Costa,PI
1735,Ryan,Teixeira,PF,rteixeira@ig.com.br,41918853455,983.074.615-10,1999-04-24,2024-08-27,Cavalcanti da Mata,PE
2268,Esther,Souza,PF,esouza@ig.com.br,+5521996388401,57396801230,1960-11-03,2024-08-27,Pires de da Rocha,GO
2556,Ayla,Almeida,PF,aylaalmeida@bol.com.br,+5571997015478,917.653.082-59,1992-12-02,2024-08-27,Alves da Mata,MS
1091,Ravi,Barros,PF,ravi_barros@ig.com.br,+5521994522546,68230149542,1983-02-06,2024-08-28,Rodrigues da Mata,RS
1704,Luara,Cunha,PF,luara38@uol.com.br,41912709463,764.081.953-93,1999-11-12,2024-08-28,Montenegro,MT
1755,Stella,Carvalho,PF,scarvalho@outlook.com,13923685499,275_389_416_73,1976-10-02,2024-08-28,Cardoso da Mata,TO
2334,Ísis,Sousa,PF,ssousa@outlook.com,(51) 92571-6495,19538740297,1987-10-25,2024-08-28,Mendonça,ES
2368,Mirella,Cirino,PF,mirellacirino@gmail.com,+5547989435125,837_562_094_74,1963-05-10,2024-08-28,Caldeira,SP
2525,Sophie,Gomes,PF,sophie.gomes@terra.com.br,13938041024,816_293_745_55,,2024-08-28,Martins,AL
2667,Sophia,Moreira,PF,smoreira@hotmail.com,(51) 91888-7284,48917256309,1993-12-01,2024-08-28,Azevedo Grande,PR
3429,Théo,Oliveira,PF,tho_oliveira@yahoo.com.br,,25439816089,1981-06-24,2024-08-28,Santos,AP
861,Tecnologia Fernandes Ltda.,,PJ,tecnologia.@comercio.net.br,21920541321,43_086_917_0001_63,,2024-08-29,Santos da Prata,SP
1363,Yasmin,Cavalcante,PF,yasmincavalcante@ig.com.br,+5547978887828,037.619.245-34,2002-07-01,2024-08-29,Rocha,AL
1376,Ravy,Cardoso,PF,ravy35@hotmail.com,(47) 93556-8552,273.649.105-06,,2024-08-29,Fogaça Paulista,DF
1792,Carlos Eduardo,Azevedo,PF,carloseduardoazevedo@outlook.com,(31) 91079-2065,06427918567,,2024-08-29,Nogueira,SP
1953,Juan,Sampaio,PF,rhavi.farias@gmail.com,+5551938634532,047_682_315_35,1982-09-16,2024-08-29,Cirino de Martins,PI
2381,Vicente,Pimenta,PF,vpimenta@outlook.com,(11) 93165-4718,186_204_935_15,1988-05-08,2024-08-29,Martins,RR
2473,Emanuelly,Cavalcante,PF,emanuelly_cavalcante@outlook.com,+5541918319612,18034675253,1979-11-26,2024-08-29,Barros de Duarte,BA
1946,Nina,Silva,PF,nsilva@bol.com.br,+5571918918060,874_695_201_20,1963-02-06,2024-08-30,Siqueira,MT
2894,Almeida & Associados S/S,,PJ,almeidaass.@comercio.net.br,+5511980722206,57681409000138,1972-10-28,2024-08-30,Fonseca Alegre,ES
3370,Costa & Associados EIRELI,,PJ,costaassoc76@empresa.com.br,(41) 99202-3023,49.078.652/0001-38,,2024-08-30,Nascimento,DF
74,Giovanna,da Costa,PF,giovanna.dacosta@yahoo.com.br,(11) 98043-3437,218_346_709_69,1992-03-17,2024-08-31,Garcia da Mata,AM
1425,Correia & Associados S.A.,,PJ,correiaass.@empresa.com.br,51937871421,12695740000179,2005-08-08,2024-08-31,Pacheco do Campo,CE
2185,Arthur Gabriel,Marques,PF,arthurgabriel95@yahoo.com.br,(71) 91012-7175,016.594.327-07,1979-06-04,2024-08-31,Nunes,AL
2275,Davi Luiz,Freitas,PF,daviluizfreitas@gmail.com,+5513954783001,301_795_462_52,1985-04-01,2024-08-31,da Costa,AC
2399,Josué,Borges,PF,josu_borges@gmail.com,21977351476,415_962_037_06,1972-04-29,2024-08-31,Peixoto de Minas,RR
3270,Bento,Costela,PF,bentocostela@gmail.com,+5547952611189,281.643.905-42,2004-03-29,2024-08-31,Melo,PE
913,Rodrigues & Costa Ltda.,,PJ,rodriguesc@empresa.com.br,(71) 94588-9207,36.428.701/0001-73,1977-12-15,2024-09-01,Pimenta,GO
1585,Benjamim,Gonçalves,PF,benjamim_gonalves@gmail.com,31932401746,761_580_492_20,1987-02-02,2024-09-01,Mendonça do Galho,SP
1705,Bernardo,Barros,PF,bernardo_barros@outlook.com,,742_195_038_97,2000-02-23,2024-09-01,Nunes,MS
1752,Silveira & Miranda S/S,,PJ,silveirami@empresa.com.br,(61) 96898-7828,65043721000124,2002-07-12,2024-09-01,Pacheco,CE
2259,Brenda,Viana,PF,brenda33@hotmail.con,41934205470,932_871_604_78,2007-07-20,2024-09-01,da Rocha de Azevedo,RO
2613,Luara,Marques,PF,luara_marques@bol.con.br,(11) 96263-1156,816_473_529_91,1998-12-07,2024-09-01,Sá,RO
2725,Fernanda,,PF,fernanda@ig.com.br,41924824881,196.835.247-37,1960-06-16,2024-09-01,Casa Grande do Norte,RJ
2847,Davi Lucas,Vasconcelos,PF,davilucasvasconcelos@hotmail.com,31955311854,386_590_241_33,1976-04-22,2024-09-01,Sampaio,PA
3180,Liz,Rezende,PF,lrezende@hotmail.com,+5541925229664,760.918.523-02,2004-11-03,2024-09-01,Peixoto de Cavalcante,SE
740,Henrique,Rios,PF,henrique.rios@terra.com.br,+5513984317465,074.923.816-03,1992-11-29,2024-09-02,Vargas do Galho,ES
1129,Luana,da Mota,PF,luana.damota@bol.com.br,+5551920387003,57016389286,,2024-09-02,Novais,PA
2369,Joaquim,Marques,PF,joaquim.marques@outlook.com,(31) 91252-1660,596_807_321_77,1991-09-25,2024-09-02,das Neves,AP
1217,Bella,da Conceição,PF,bella63@ig.com.br,21916636555,578.341.092-60,1964-11-22,2024-09-03,Silveira,AP
2720,Ana Vitória,Garcia,PF,anavitria.garcia@hotmail.com,,319_807_462_22,1987-10-26,2024-09-03,Fogaça,RO
747,Maria Cecília,Caldeira,PF,mcaldeira@hotmail.com,47994173696,30259478610,1956-12-10,2024-09-04,Machado,AP
2693,Enzo Gabriel,Garcia,PF,enzogabrielgarcia@outlook.com,+5547936942497,67348215017,1979-11-30,2024-09-04,Cassiano de Goiás,RO
39,Ravi,Sales,PF,alcia_dias@yahoo.com.br,47945532456,142.869.750-02,1965-07-13,2024-09-05,Cirino da Praia,TO
333,Ana Júlia,Siqueira,PF,anajlia_siqueira@outlook.com,47910047947,95671283400,,2024-09-05,Pacheco da Mata,AC
960,Ester,Costa,PF,ester_costa@hotmail.com,(31) 93696-2960,128_954_307_05,2007-06-09,2024-09-05,Novaes,MA
1653,Clara,Câmara,PF,clara12@terra.com.br,(47) 93689-9575,895.647.302-10,2006-10-06,2024-09-05,Rezende,CE
1956,Maitê,Pacheco,PF,mait_pacheco@yahoo.com.br,61950632776,512_493_678_91,1995-10-08,2024-09-05,Cavalcante,MA
2106,Larissa,Ferreira,PF,lferreira@uol.com.br,41989979478,562_130_894_89,1984-01-06,2024-09-05,Machado,RR
2163,João,Moura,PF,joo87@yahoo.com.br,(31) 93443-2481,59803246747,1956-07-22,2024-09-05,Teixeira das Pedras,RJ
3266,Pietra,Caldeira,PF,pcaldeira@uol.com.br,+5571933361466,153_670_928_02,2001-09-19,2024-09-05,Fogaça,PI
216,Mathias,Cavalcante,PF,mathias_cavalcante@uol.com.br,47917409776,21973680521,1972-07-28,2024-09-06,Nunes de Moura,RJ
2469,André,Novaes,PF,anovaes@yahoo.com.br,+5521948772341,178.950.342-60,1962-03-27,2024-09-06,da Paz,AP
1462,Luna,Rezende,PF,luna_rezende@ig.com.br,+5561992895817,132.598.647-09,1978-02-23,2024-09-07,Câmara,GO
1950,Cruz & Associados S.A.,,PJ,cruzassoci@empresa.com.br,+5547930178468,62590378000140,1981-02-21,2024-09-07,da Mata do Sul,RS
2134,Lucas Gabriel,Cardoso,PF,lucasgabriel83@outlook.com,+5551921851125,543_086_719_57,1959-11-07,2024-09-07,da Mota das Flores,RO
534,Rafael,Oliveira,PF,rafael.oliveira@yahoo.com.br,,586.927.043-00,,2024-09-08,Azevedo,ES
717,Bento,Sampaio,PF,bsampaio@ig.com.br,+5521917707240,038.529.467-00,1961-03-06,2024-09-08,Pastor do Campo,PR
815,Noah,da Mata,PF,noah.damata@yahoo.com.br,+5571925506099,109_834_756_01,2005-12-28,2024-09-08,Caldeira do Sul,SC
1977,Sabrina,Siqueira,PF,sabrina60@outlook.com,+5551913084016,096.753.142-06,1983-06-03,2024-09-08,Alves de Novaes,TO
2477,Matheus,Ribeiro,PF,matheusribeiro@yahoo.com.br,+5541930567145,581_743_092_41,1974-05-07,2024-09-08,Vasconcelos,RO
2859,Heloísa,Castro,PF,hcastro@outlook.com,41987167578,760.482.951-11,1964-03-05,2024-09-08,Costela Paulista,PR
3243,Antonella,da Paz,PF,ryansouza@terra.com.br,+5551950354650,083_952_741_14,1960-12-14,2024-09-08,Castro,PB
3447,José Miguel,da Mata,PF,josmiguel64@yahoo.com.br,(71) 95736-9996,791_385_264_09,1971-02-20,2024-09-08,Albuquerque,RO
1352,Moraes & Associados EPP,,PJ,moraesasso37@empresa.com.br,(71) 91843-5458,94_035_726_0001_03,1990-05-31,2024-09-09,Fernandes da Praia,RR
2843,Machado Soluções e Importadora S.A.,,PJ,machadosol.@comercio.net.br,(13) 98443-6109,21_803_749_0001_47,1978-07-01,2024-09-09,Casa Grande,BA
3070,Henry,da Luz,PF,henry25@bol.com.br,51945341442,01278934669,1997-01-12,2024-09-09,Vargas da Prata,AP
3461,Ana Júlia,Monteiro,PF,anajlia42@outlook.com,+5541964778785,95462078374,1972-02-01,2024-09-09,Sales,BA
3466,Luiz Otávio,Melo,PF,luizotvio.melo@hotmail.com,(71) 91767-8120,901.478.532-14,1977-07-28,2024-09-09,Campos das Pedras,GO
111,Saraiva Distribuidora e Informática Ltda.,,PJ,s@comercio.net.br,21976678180,02.958.146/0001-70,1968-01-01,2024-09-10,Lima,DF
358,Bruna,Rezende,PF,brunarezende@ig.com.br,(11) 92587-6770,216_397_508_86,1969-04-17,2024-09-10,Macedo de Minas,TO
529,Silveira & Associados EIRELI,,PJ,silveiraas32@empresa.com.br,+5561944386218,07361249000171,1998-09-06,2024-09-10,Vieira de Sampaio,PB
2628,Eduardo,Abreu,PF,eabreu@uol.com.br,47930019090,346.175.902-34,1983-01-05,2024-09-10,Gomes,MA
3229,Jesus & Associados S/S,,PJ,jesusassoc@empresa.com.br,(11) 92326-4274,96204815000161,1960-06-22,2024-09-10,Ribeiro da Serra,RO
3361,Beatriz,Barros,PF,bbarros@hotmail.com,(41) 96714-9774,639.457.120-25,1992-10-16,2024-09-10,da Rocha,AP
305,Alícia,Melo,PF,amelo@gmail.com,(11) 93210-2717,908.354.672-10,,2024-09-11,Viana de da Paz,SP
983,Distribuidora Gomes EI,,PJ,distribuid12@comercio.net.br,13984215278,37_429_185_0001_64,1957-10-25,2024-09-11,Souza,RS
2453,Mariah,Peixoto,PF,mariahpeixoto@outlook.com,31991692853,23980675130,1979-03-21,2024-09-11,Pastor,AC
2876,Importadora Jesus EIRELI,,PJ,importador42@comercio.net.br,(61) 92051-5576,91.806.327/0001-00,1964-05-18,2024-09-11,Araújo da Mata,PI
2988,Ryan,Porto,PF,ryan_porto@uol.com.br,(11) 93369-6644,03428769104,1996-12-15,2024-09-11,Vasconcelos,SE
256,Zoe,Mendonça,PF,zmendona@outlook.com,(13) 97864-7894,14259687085,1999-12-05,2024-09-12,Duarte Verde,BA
288,Mariana,Costa,PF,mariana.costa@yahoo.com.br,(61) 91492-4122,740_235_689_29,2001-07-23,2024-09-12,Albuquerque,AM
1351,Juliana,Guerra,PF,jguerra@terra.com.br,(41) 93346-9366,36214859709,1986-11-01,2024-09-12,Pastor,RN
2813,João Felipe,Abreu,PF,joofelipe40@outlook.com,(51) 91213-2214,96307185295,1956-08-19,2024-09-12,Araújo de Costela,RR
2848,Ian,Moreira,PF,ian_moreira@outlook.com,,680.197.253-77,2007-11-15,2024-09-12,Lima do Sul,RJ
3151,Pedro Miguel,Pinto,PF,fernandadacunha@hotmail.com,41948226523,82647953155,1957-10-19,2024-09-12,Costa de Lopes,RS
3185,Correia & Ramos EIRELI,,PJ,correiaram.@comercio.net.br,+5511949753023,59_381_764_0001_17,1973-09-05,2024-09-12,Vasconcelos de Macedo,PE
77,Luiz Otávio,Fonseca,PF,luizotvio_fonseca@bol.com.br,+5551922482938,21567403808,2001-10-06,2024-09-13,Monteiro,PA
1401,Antony,Nascimento,PF,antony_nascimento@ig.com.br,,26941385006,1992-04-09,2024-09-13,Garcia das Flores,RS
1437,Diogo,Fonseca,PF,diogofonseca@uol.com.br,(11) 97460-1434,517.649.203-25,1993-09-03,2024-09-13,Rios,SC
2600,Pinto & Associados Ltda.,,PJ,pintoassoc29@empresa.com.br,41939308671,87_491_603_0001_11,1985-03-25,2024-09-13,Vargas do Galho,MS
3029,Moreira & Associados ME,,PJ,m@empresa.com.br,+5531992616065,30_268_759_0001_10,1993-02-20,2024-09-13,Câmara da Serra,PE
3221,Dias Consultoria e Atacado EI,,PJ,diasconsul42@comercio.net.br,(41) 98431-8547,81_027_493_0001_55,1998-09-18,2024-09-13,Teixeira da Praia,GO
3456,Melo Consultoria e Importadora S/S,,PJ,meloconsul59@empresa.com.br,,76.342.980/0001-72,2001-05-11,2024-09-13,Ribeiro,MA
173,Theo,Duarte,PF,theo_duarte@ig.com.br,41913129226,031.295.847-14,2008-02-01,2024-09-14,da Rocha,RO
1898,Alice,Moura,PF,alicemoura@gmail.com,+5551910198592,216_789_305_12,1966-11-12,2024-09-14,Sampaio de Macedo,SE
2915,Arthur Miguel,Gonçalves,PF,agonalves@yahoo.com.br,(11) 95091-9889,248.379.106-96,2000-02-01,2024-09-14,Alves do Galho,AC
429,Luna,Silveira,PF,luna_silveira@uol.com.br,31968266602,069_417_852_76,1970-05-26,2024-09-15,Viana de Silveira,PB
838,Kamilly,Moraes,PF,kamilly.moraes@ig.com.br,61913153564,31694287564,1996-10-31,2024-09-15,Andrade de Goiás,PR
930,Theo,Nogueira,PF,theonogueira@bol.com.br,(61) 95277-1888,42783691582,1963-04-28,2024-09-15,Jesus,CE
2981,Henrique,Leão,PF,henrique.leo@outlook.com,+5513934271443,09127456811,1993-06-29,2024-09-15,Pinto,SC
90,Manuela,Sá,PF,manuelas@bol.con.br,,623.187.509-12,1994-04-01,2024-09-16,Leão,PR
447,Eloah,Pires,PF,epires@ig.com.br,+5511953136313,28634951782,1999-01-12,2024-09-16,Pastor,SP
665,Cardoso & Ribeiro S/A,,PJ,cardosorib@comercio.net.br,(41) 97955-4165,54.806.329/0001-73,1971-10-22,2024-09-16,Viana do Campo,AM
885,Henry Gabriel,Souza,PF,hsouza@yahoo.com.br,(11) 93227-8082,234_058_619_42,1995-11-19,2024-09-16,Rios de Barbosa,MG
1349,Aurora,Peixoto,PF,aurora61@yahoo.com.br,51932176790,674.392.510-16,1963-12-11,2024-09-16,Rocha,MG
1481,Ana Clara,Machado,PF,anaclara88@outlook.com,+5531933827387,63728905186,1964-10-22,2024-09-16,Araújo da Praia,TO
1992,Maria Clara,Mendes,PF,murilomachado@terra.com.br,+5551926947527,64918205305,1978-12-21,2024-09-16,Ramos de Goiás,ES
2041,Rafaela,Câmara,PF,rafaelacmara@hotmail.com,+5571928393514,904.152.637-43,1998-08-13,2024-09-16,Abreu de Rezende,SP
1299,Emilly,da Luz,PF,edaluz@outlook.com,+5511961633108,54627891300,1999-06-15,2024-09-17,Porto do Norte,PR
1994,Souza & Oliveira ME,,PJ,souzaolive94@empresa.com.br,21960585080,45.698.173/0001-63,,2024-09-17,Brito,RS
2510,Stephany,da Cruz,PF,sdacruz@uol.com.br,47919405569,874_316_902_31,1956-06-08,2024-09-17,Mendonça do Sul,BA
2739,Diogo,Lopes,PF,dlopes@bol.con.br,47914086384,054.218.639-05,2003-06-10,2024-09-17,Sales de da Costa,PE
3190,Luiz Miguel,Gomes,PF,luizmiguel.gomes@terra.com.br,61963847192,287.039.164-13,2006-12-11,2024-09-17,Sampaio Grande,AP
347,Vasconcelos & Cunha S.A.,,PJ,vasconcelo90@empresa.com.br,+5511994398537,34.526.108/0001-34,1961-01-26,2024-09-18,Fernandes da Serra,MG
504,Erick,da Rosa,PF,erick77@terra.com.br,41990076380,48069173548,1961-02-18,2024-09-18,Rios,SC
1336,Sara,Borges,PF,sara47@outlook.com,(31) 98211-3532,584.023.617-90,1977-01-11,2024-09-18,Azevedo da Serra,GO
2872,Isabel,Monteiro,PF,isabel_monteiro@bol.com.br,+5561988033953,14790862585,1974-02-23,2024-09-18,Rodrigues de Dias,BA
2980,Dante,Camargo,PF,dante.camargo@gmail.com,21946293722,932.605.178-12,1968-07-22,2024-09-18,Correia do Campo,TO
3351,Clarice,Carvalho,PF,clarice45@uol.com.br,31927092247,782_940_156_01,2005-01-21,2024-09-18,da Mota,BA
2459,Lorenzo,Cardoso,PF,lorenzocardoso@hotmail.com,,941_037_852_41,1958-05-11,2024-09-19,Cunha,MS
3169,Ramos & Associados S.A.,,PJ,ramosassoc.@comercio.net.br,(31) 99283-2220,06_728_954_0001_00,1987-11-17,2024-09-19,Rocha de Abreu,MT
3498,Paulo,Nascimento,PF,pnascimento@terra.com.br,,465_891_073_00,1970-08-22,2024-09-19,Oliveira,SP
1871,Bianca,Albuquerque,PF,balbuquerque@hotmail.com,(47) 91719-2602,461.358.970-39,1999-12-29,2024-09-20,Andrade de Albuquerque,RS
2293,Soares & Associados Ltda.,,PJ,soaresasso_@empresa.com.br,71997796493,12.906.548/0001-84,1996-04-19,2024-09-20,Fernandes,PB
2335,Arthur Miguel,Silva,PF,arthurmiguel.silva@ig.com.br,,913_652_470_07,1994-01-06,2024-09-20,da Luz,RO
3106,Diego,Brito,PF,diego.brito@yahoo.com.br,,954_132_768_00,1998-06-10,2024-09-20,Ramos do Amparo,SC
367,Valentina,Ramos,PF,vramos@ig.com.br,71994305765,902.453.687-10,,2024-09-21,Ferreira,PE
663,João Pedro,Melo,PF,joopedromelo@outlook.com,+5521984499032,376_194_250_80,,2024-09-21,Porto Paulista,DF
916,Teixeira & Silveira ME,,PJ,teixeirasi@empresa.com.br,21954787659,12_849_635_0001_47,1992-06-30,2024-09-21,Duarte Grande,DF
972,Vargas Informática e Tecnologia S.A.,,PJ,v@empresa.com.br,(21) 99163-9110,75.912.630/0001-31,1967-04-17,2024-09-21,Araújo,PB
1907,Letícia,Vieira,PF,letcia.vieira@ig.com.br,(51) 97169-2893,743_652_809_29,1983-04-04,2024-09-21,Duarte,AM
1908,João Felipe,Peixoto,PF,joofelipepeixoto@yahoo.com.br,+5531991415977,657_143_908_57,1993-01-18,2024-09-21,Brito,MA
2561,Almeida & Associados EIRELI,,PJ,almeidaass.@comercio.net.br,13929334088,46_152_987_0001_60,1985-09-24,2024-09-21,Fogaça da Serra,DF
3406,Lara,Macedo,PF,laramacedo@yahoo.com.br,(11) 99626-9780,091_547_236_80,1973-04-16,2024-09-21,Cassiano do Sul,RR
3430,Gustavo,Azevedo,PF,gazevedo@yahoo.com.br,(47) 92760-4172,971.054.836-01,1956-12-11,2024-09-21,da Rocha da Serra,RR
473,Eloah,Vasconcelos,PF,eloah.vasconcelos@bol.com.br,+5541923442924,41092638750,2000-02-18,2024-09-22,Rocha do Sul,AP
1448,Juan,Costela,PF,juancostela@uol.con.br,+5541936554624,685_403_791_39,1998-11-08,2024-09-22,Carvalho,RO
2229,Soluções Soares Ltda.,,PJ,soluessoar@comercio.net.br,(13) 97082-4432,86.475.931/0001-61,1959-05-21,2024-09-22,Teixeira,PR
2839,Fernando,Cassiano,PF,fernandocassiano@outlook.com,51986474224,605.392.184-05,2004-11-06,2024-09-22,Rocha de Gomes,MG
731,Souza & Associados EPP,,PJ,souzaassoc@empresa.com.br,(11) 93531-4697,49.362.801/0001-96,1984-02-08,2024-09-23,Costa,SC
1111,Maria Julia,Nogueira,PF,mariajulia_nogueira@gmail.com,(47) 99713-8938,291.607.354-06,1991-08-27,2024-09-23,Marques,PB
1318,Sales & Saraiva S/A,,PJ,salessarai_@comercio.net.br,21912254083,54_179_063_0001_86,1963-01-29,2024-09-23,Moreira da Praia,PI
1392,Larissa,Cunha,PF,larissa22@hotmail.com,+5531971684037,578.391.024-41,1965-12-31,2024-09-23,da Rosa,AC
2306,Evelyn,das Neves,PF,evelyn17@gmail.com,,482.153.760-53,1962-05-09,2024-09-23,Pinto,SP
2913,Sistemas Castro EPP,,PJ,sistemasca.@comercio.net.br,(41) 99335-2277,76_932_581_0001_61,1993-04-11,2024-09-23,Oliveira,RJ
3419,Sara,Gonçalves,PF,sara22@outlook.com,(71) 93260-1869,53294876092,1977-03-13,2024-09-23,Pereira de Melo,PE
3442,Anthony Gabriel,Brito,PF,abrito@gmail.com,61927335564,106.823.975-12,1963-08-30,2024-09-23,Albuquerque,DF
1416,Ana Luiza,Novaes,PF,analuiza_novaes@bol.com.br,61913778129,293_164_705_52,1989-06-03,2024-09-24,Barbosa,RR
1628,Luiz Henrique,Peixoto,PF,luizhenrique_peixoto@ig.com.br,+5521926637362,46905273856,1970-02-11,2024-09-24,da Rocha,PB
1832,João Vitor,Sampaio,PF,jsampaio@terra.com.br,+5551923427100,09746231804,,2024-09-24,Ferreira,RO
2489,Júlia,Fernandes,PF,jfernandes@ig.com.br,+5561957768111,308_617_542_71,2003-06-24,2024-09-24,Albuquerque Paulista,MS
3143,Heloisa,Carvalho,PF,heloisa49@hotmail.com,+5551959963948,036.745.829-29,1957-08-10,2024-09-24,Silveira de Minas,ES
604,Renan,Cavalcanti,PF,rcavalcanti@gmail.com,(47) 98718-5660,016_789_354_84,1959-01-22,2024-09-25,Mendes,MA
910,Monteiro & Associados Ltda.,,PJ,monteiroas.@comercio.net.br,+5541957761311,24156870000112,,2024-09-25,Carvalho,PR
1307,Alexandre,Sá,PF,alexandres@outlook.com,(61) 99481-8255,043_687_129_78,,2024-09-25,Ribeiro de Rocha,MS
1821,Soluções Duarte EI,,PJ,soluesduar_@comercio.net.br,,68.425.971/0001-17,,2024-09-26,Moura,SC
2156,Mathias,,PF,m@hotmail.com,+5547989297407,903_217_854_79,2005-12-03,2024-09-26,Barros de Nunes,MA
2683,Yuri,Martins,PF,yuri_martins@gmail.com,+5561931165634,41705968201,1974-12-06,2024-09-26,Castro,AP
2982,Correia Comércio e Sistemas EI,,PJ,correiacom39@comercio.net.br,+5571993584565,27.945.631/0001-30,1957-11-30,2024-09-26,Gonçalves,MS
3108,Hadassa,Oliveira,PF,hadassa_oliveira@gmail.com,+5521989764818,415.203.687-71,1990-09-25,2024-09-26,Santos de Vargas,RJ
3470,João Vitor,Monteiro,PF,jmonteiro@outlook.com,31912136196,28654971002,1993-11-10,2024-09-26,Ferreira Alegre,RN
1123,Fernanda,Fernandes,PF,fernanda.fernandes@outlook.com,21918787965,795_041_236_43,1963-09-16,2024-09-27,Rodrigues,AP
2025,Natália,Gomes,PF,natlia_gomes@outlook.com,+5541959501875,741.956.083-84,1957-07-15,2024-09-27,Casa Grande das Pedras,PE
2544,Aurora,Araújo,PF,aurora_arajo@gmail.con,71911085148,95013247616,2001-09-14,2024-09-27,da Conceição,AP
792,Lucas Gabriel,Moura,PF,lucasgabriel.moura@outlook.com,(61) 99435-4163,92047651867,1997-09-09,2024-09-28,Carvalho,DF
954,Emanuel,Siqueira,PF,emanuel.siqueira@hotmail.con,31968073654,03751264817,1999-08-22,2024-09-28,Lima,RO
2066,Daniel,Câmara,PF,danielcmara@yahoo.com.br,(41) 98783-3475,83165204780,1970-12-04,2024-09-28,Siqueira,AL
2289,Maria Eduarda,Martins,PF,mariaeduarda7@bol.com.br,,63295401799,,2024-09-28,Monteiro,SP
3306,Danilo,Gomes,PF,danilo_gomes@uol.com.br,+5513917554747,05364789101,1956-09-08,2024-09-28,Lima,SP
266,Maria Fernanda,Cassiano,PF,mcassiano@yahoo.com.br,+5531998862024,21396074570,1962-04-10,2024-09-29,Sales,BA
487,Souza & Miranda ME,,PJ,souzamiran71@empresa.com.br,+5511959332917,21.085.643/0001-55,2003-10-24,2024-09-29,Aragão,MG
1943,Maria Alice,Lima,PF,mariaalice22@bol.com.br,+5531927625338,57243680135,2000-07-06,2024-09-29,Montenegro das Flores,MS
2159,João Lucas,da Rosa,PF,joolucas_darosa@bol.com.br,+5541981612544,65293407856,,2024-09-29,Oliveira,AP
586,Gabriela,Câmara,PF,mariah47@hotmail.com,,63709548292,1975-08-22,2024-09-30,Lima de Ribeiro,GO
1694,Melo Distribuidora e Distribuidora EIRELI,,PJ,melodistri79@empresa.com.br,(31) 92847-8970,87462135000157,,2024-09-30,Câmara,TO
2017,Heitor,Ramos,PF,heitor_ramos@uol.com.br,(51) 97567-8380,62580139451,1982-11-21,2024-09-30,Alves,RN
2353,Ferreira & Associados EI,,PJ,ferreiraas.@empresa.com.br,(13) 94812-3718,42_019_635_0001_80,1990-08-16,2024-09-30,Câmara,ES
2820,Araújo & Associados S.A.,,PJ,a@empresa.com.br,(71) 99820-9214,71.298.035/0001-05,1959-03-16,2024-09-30,Sousa do Amparo,DF
3432,Brayan,Porto,PF,brayan.porto@outlook.com,21987163221,186.732.405-90,1982-02-22,2024-09-30,Cunha,RR
1012,Maria Laura,Castro,PF,marialaura.castro@terra.com.br,(61) 92543-2086,795_843_620_38,1970-07-21,2024-10-01,Cassiano,PA
1411,Luiz Henrique,Porto,PF,luizhenriqueporto@hotmail.com,41967092984,723.809.516-59,1983-11-01,2024-10-01,Mendes,SE
1834,Heloísa,Abreu,PF,helosa64@gmail.con,41933534693,780_921_645_76,2000-03-26,2024-10-01,Costela,AP
2074,Pinheiro & Gonçalves EI,,PJ,p@empresa.com.br,+5551975047490,72810356000100,1973-09-07,2024-10-01,Pacheco de Minas,RJ
179,Maria Helena,Silva,PF,msilva@uol.com.br,(41) 95295-4129,674.835.209-65,1985-11-03,2024-10-02,Fonseca,PB
497,João Miguel,Caldeira,PF,ryansouza@terra.com.br,11966778504,582.730.619-30,1958-05-04,2024-10-02,Cassiano da Prata,MG
889,Pietra,da Rocha,PF,pdarocha@ig.com.br,(31) 91963-2154,25130749634,,2024-10-02,Rezende,TO
1714,Levi,Vargas,PF,levivargas@uol.com.br,+5551917917484,61980352470,1987-11-26,2024-10-02,Nogueira do Amparo,CE
1904,Vitor Hugo,Albuquerque,PF,valbuquerque@bol.com.br,71962773083,01326859730,,2024-10-02,da Luz,RN
2467,Fonseca & Pinheiro S.A.,,PJ,fonsecapin51@empresa.com.br,(13) 98814-1874,32_710_456_0001_31,1994-12-02,2024-10-02,Farias,MT
2788,Cauê,Santos,PF,causantos@ig.com.br,+5551965312065,803.571.924-60,1989-10-27,2024-10-02,Borges,PI
2882,Sara,Rios,PF,sara_rios@hotmail.com,11983413724,658.231.470-07,1977-03-05,2024-10-02,Silveira,PR
3227,Luan,Lopes,PF,luan.lopes@gmail.com,47957032513,69457032829,1970-06-15,2024-10-02,Cavalcanti,SC
275,Bento,da Cruz,PF,bento.dacruz@terra.com.br,,91803576448,1986-05-27,2024-10-03,Caldeira de Moraes,MT
385,Moraes & Moraes ME,,PJ,moraesmora_@empresa.com.br,(11) 98421-2420,60_835_941_0001_77,2008-02-11,2024-10-03,Nascimento das Flores,MA
794,Luan,Barbosa,PF,luan.barbosa@gmail.com,+5521916741999,892_160_437_50,1966-09-17,2024-10-03,Guerra,AL
1210,Maria Laura,da Paz,PF,larissa50@outlook.com,+5547978186088,36482590160,1964-08-10,2024-10-03,Caldeira Verde,PI
2630,Maria Helena,Cardoso,PF,mariahelenacardoso@hotmail.com,47970053867,368.701.254-90,1984-07-04,2024-10-03,Sousa,RN
3035,Ester,Pires,PF,ester_pires@outlook.com,(41) 95451-3788,348.219.057-79,1956-09-19,2024-10-03,Abreu da Serra,RN
3212,Maria Luísa,Costela,PF,marialusa_costela@gmail.com,(71) 98929-7743,25493768038,2006-07-19,2024-10-03,Freitas,CE
546,Brenda,Caldeira,PF,brendacaldeira@ig.com.br,13945127043,68793012586,1975-02-15,2024-10-04,Fonseca de Pacheco,MA
939,Manuella,Casa Grande,PF,manuella.casagrande@hotmail.com,13973212878,318.269.057-40,1969-03-20,2024-10-04,Nunes,SC
966,Natália,Souza,PF,natliasouza@ig.com.br,31957361055,625_913_408_89,1990-05-09,2024-10-04,Pastor do Galho,AP
1543,Henrique,Pereira,PF,henrique_pereira@bol.com.br,+5547990939996,36871245928,1994-07-28,2024-10-04,Gonçalves,RJ
1846,Liz,Moreira,PF,lizmoreira@gmail.com,,047.398.612-40,1986-04-21,2024-10-04,Almeida da Prata,CE
2662,Emilly,Cavalcanti,PF,emillycavalcanti@bol.com.br,31921089855,54298761355,,2024-10-04,Sales Verde,RS
58,Maria Cecília,Nogueira,PF,mariaceclia_nogueira@yahoo.com.br,(61) 95538-5768,659_412_837_09,1961-08-13,2024-10-05,Alves do Campo,RS
599,Maria Laura,Lopes,PF,marialaura.lopes@hotmail.com,51970927187,426.071.839-87,1974-04-15,2024-10-05,Farias de Albuquerque,SC
1047,Theodoro,Cardoso,PF,theodoro.cardoso@hotmail.com,+5513959739125,14570836208,1988-01-03,2024-10-05,Brito Verde,RJ
2612,Samuel,Viana,PF,samuel.viana@ig.com.br,41979156107,192_873_540_14,1997-02-04,2024-10-05,Costa,AP
366,Importadora Gonçalves Ltda.,,PJ,importador.@comercio.net.br,51956948599,25037468000181,1974-04-19,2024-10-06,da Conceição de Duarte,CE
1560,Vitor,Rocha,PF,vitor.rocha@terra.com.br,,715_634_209_61,,2024-10-06,Nunes,RN
1980,Ana Lívia,Oliveira,PF,analvia99@bol.com.br,11913633924,46958207300,,2024-10-06,Cunha,SE
2046,Théo,Sales,PF,tho_sales@uol.com.br,21981847705,587.641.903-66,1962-10-07,2024-10-06,Cardoso,CE
1923,Maya,da Mota,PF,maya78@ig.com.br,41952838415,519.264.087-30,1984-01-31,2024-10-07,Macedo,ES
3332,Isaque,Santos,PF,isaquesantos@outlook.com,41943215945,017.643.928-50,2003-08-31,2024-10-07,Machado da Praia,RJ
3453,Ana Liz,Cirino,PF,analiz45@terra.com.br,61995502684,815.302.947-97,1994-08-27,2024-10-07,Farias da Serra,TO
1968,Dias & Fernandes S/S,,PJ,diasfernan64@comercio.net.br,21976454157,12_436_875_0001_10,1973-08-22,2024-10-08,Martins,RO
2150,Fernanda,Moreira,PF,fernanda7@hotmail.com,+5547981071729,098.713.245-88,1979-02-24,2024-10-08,Cirino Grande,PR
2598,Sophia,Viana,PF,sviana@hotmail.com,+5561995222239,94253187609,1970-10-25,2024-10-08,das Neves da Praia,MA
17,Cunha & Ribeiro EPP,,PJ,c@empresa.com.br,(13) 94275-9624,84562731000110,1985-08-28,2024-10-09,Freitas do Sul,CE
684,Samuel,Vieira,PF,samuel39@gmail.com,51949415224,43218907560,1976-03-30,2024-10-09,Duarte da Prata,RO
1751,Arthur Gabriel,das Neves,PF,arthurgabriel.dasneves@hotmail.com,+5551941709168,26758913040,,2024-10-09,Oliveira,DF
433,Benjamim,da Paz,PF,benjamim33@bol.com.br,(71) 92640-9070,361.029.854-51,1982-09-09,2024-10-10,Silva,SC
1108,Santos Distribuidora e Importadora Ltda.,,PJ,santosdist@empresa.com.br,+5541921132661,62053471000115,1981-11-24,2024-10-10,da Costa de da Cruz,MT
1530,Vicente,Cardoso,PF,vicente.cardoso@hotmail.com,(31) 99356-7872,854_912_376_55,,2024-10-10,Peixoto de Cardoso,PA
1839,Benjamim,Dias,PF,emilly.martins@gmail.com,+5541997286493,821_403_679_87,1991-09-09,2024-10-10,Borges,ES
1942,Luiz Felipe,Siqueira,PF,luizfelipe.siqueira@bol.com.br,11985803830,572_643_189_82,,2024-10-10,Campos,PE
2095,Theodoro,Rodrigues,PF,trodrigues@bol.com.br,(61) 99095-2323,601.429.873-87,,2024-10-10,da Mata de Goiás,TO
2322,Allana,da Conceição,PF,adaconceio@ig.com.br,+5547966096343,09473568193,1981-09-09,2024-10-10,Ferreira Grande,SP
2533,Eloá,Fonseca,PF,elo_fonseca@uol.com.br,13929517630,534.012.697-80,1961-05-08,2024-10-10,Campos,RR
139,Ana Julia,Rios,PF,anajulia_rios@outlook.com,+5551963129910,35891062712,1969-02-14,2024-10-11,Nogueira,SP
1166,Ian,Andrade,PF,ian.andrade@bol.com.br,+5513964099729,05972816377,1978-08-16,2024-10-11,Câmara do Campo,CE
2080,Dom,Nascimento,PF,dom_nascimento@bol.com.br,13997556111,169_482_350_42,1977-04-10,2024-10-11,Pacheco de Silva,RS
2342,Leonardo,Sales,PF,lsales@hotmail.com,13953637793,214.735.096-61,1966-11-19,2024-10-11,Viana,PE
629,Luara,Borges,PF,lborges@ig.com.br,13974885216,74329518023,1972-04-21,2024-10-12,Costa,PR
686,Clara,Andrade,PF,clara90@outlook.com,47983734643,127.508.964-01,1983-01-10,2024-10-12,da Mata Grande,MT
1631,Alice,da Cruz,PF,alicedacruz@terra.com.br,51945503826,175.260.948-49,1981-05-16,2024-10-12,Cassiano do Campo,RR
2028,Lorena,Camargo,PF,lcamargo@terra.com.br,+5547963886606,647_839_120_50,1959-12-23,2024-10-12,Costa dos Dourados,RN
2421,Natália,Souza,PF,natlia.souza@gmail.com,61961313244,274_853_619_37,1995-09-04,2024-10-12,Freitas,AC
2657,Benício,Gonçalves,PF,bencio35@uol.com.br,(41) 99942-9213,26034519799,2001-06-05,2024-10-12,das Neves da Mata,AM
3327,Ribeiro & Associados EPP,,PJ,ribeiroass61@comercio.net.br,(51) 94920-9905,95_701_483_0001_68,1984-12-21,2024-10-12,Novais,PI
781,Maria Laura,Siqueira,PF,msiqueira@hotmail.com,(13) 91529-4985,06591782303,1996-06-01,2024-10-13,Castro dos Dourados,RN
2589,Fernandes & Ferreira EIRELI,,PJ,fernandesf.@comercio.net.br,51960534797,31_246_780_0001_88,1982-12-23,2024-10-13,Pinto,SE
2866,Eduardo,Leão,PF,eduardoleo@bol.com.br,(71) 91573-9622,759.832.601-03,1968-07-07,2024-10-13,Alves da Serra,CE
1211,Sara,Pires,PF,sara61@outlook.com,+5561940461911,67504198366,1983-07-24,2024-10-14,Fernandes,MA
1584,Maria Cecília,Pastor,PF,mpastor@hotmail.con,+5531986426379,542.039.786-29,1987-02-10,2024-10-14,Costela,TO
1804,Zoe,Aragão,PF,zoe33@yahoo.com.br,+5513998759321,036.871.452-71,1990-07-23,2024-10-14,Rodrigues,AP
2281,Camargo Atacado e Tecnologia S/S,,PJ,camargoata@empresa.com.br,(51) 92940-6337,63.245.178/0001-12,,2024-10-14,Santos do Amparo,PB
2748,Lívia,Ribeiro,PF,lviaribeiro@terra.com.br,13978287216,809_376_421_69,1968-04-06,2024-10-14,da Paz Verde,RS
3365,Thales,Correia,PF,thales26@ig.com.br,(31) 95495-2044,269.587.041-85,1960-02-19,2024-10-14,Borges,RR
511,Raquel,Fonseca,PF,raquel_fonseca@bol.com.br,+5521964383179,80463521951,1969-12-22,2024-10-15,Cardoso,PI
718,Ramos Distribuidora e Informática ME,,PJ,ramosdistr59@empresa.com.br,+5571952164978,82.495.370/0001-01,1999-11-10,2024-10-15,Santos,BA
893,Cauê,Andrade,PF,cau_andrade@ig.com.br,+5571931298181,374_259_160_61,,2024-10-15,Vasconcelos Verde,RN
1101,Théo,Gonçalves,PF,tho_gonalves@yahoo.com.br,+5551968488865,235.801.976-30,2006-08-20,2024-10-15,da Cunha de Rodrigues,PR
1154,Sabrina,Mendonça,PF,sabrina.mendona@bol.com.br,(13) 93588-7198,83716490539,1959-12-01,2024-10-15,Araújo Alegre,CE
1613,Enzo,Moreira,PF,enzomoreira@bol.com.br,,692.875.043-00,1966-06-28,2024-10-15,Sales,PA
2154,Ana Júlia,,PF,a@bol.com.br,+5541981309545,549_103_876_84,1991-07-26,2024-10-15,Campos do Sul,PI
2567,Apollo,Novais,PF,apollo_novais@terra.com.br,+5521934948905,716_308_254_17,1972-04-04,2024-10-15,Garcia,PR
155,Mariana,da Mata,PF,marianadamata@terra.com.br,21959107703,89170465258,1988-07-04,2024-10-16,Ramos,RO
185,Diogo,Correia,PF,dcorreia@uol.com.br,+5561982127117,841_650_239_06,1992-02-08,2024-10-16,Pastor,PR
2076,Catarina,Carvalho,PF,catarina25@outlook.com,11978916646,376_210_495_61,2000-07-18,2024-10-16,Porto,CE
2808,Gonçalves & Sales EI,,PJ,g@empresa.com.br,,70.431.598/0001-59,,2024-10-16,Ribeiro das Pedras,SP
3140,Clarice,Ferreira,PF,clarice_ferreira@ig.com.br,(21) 95260-1533,40853791600,1986-03-28,2024-10-16,Siqueira do Norte,GO
3364,João Guilherme,da Rosa,PF,jdarosa@hotmail.com,61931414908,348_269_051_06,1995-04-08,2024-10-16,Teixeira de Goiás,PB
3369,Evelyn,Albuquerque,PF,ealbuquerque@hotmail.con,71955637171,65748209101,1964-05-21,2024-10-16,da Costa da Serra,AC
3489,Samuel,Andrade,PF,samuel.andrade@bol.com.br,+5531979811320,340_851_679_01,1979-05-17,2024-10-16,Viana,SP
999,Emanuelly,Santos,PF,esantos@gmail.com,(13) 95324-6495,51306978475,1998-11-25,2024-10-17,Vieira,MG
1900,Giovanna,Lopes,PF,giovanna16@yahoo.com.br,(61) 92271-5237,641_023_897_50,1968-03-04,2024-10-17,Pastor,PB
2020,Clara,Macedo,PF,claramacedo@hotmail.com,41982252693,489.016.253-42,1965-01-01,2024-10-17,Mendes da Prata,RN
3002,Fernando,Sá,PF,fernandos@hotmail.com,+5541976728987,304.769.521-07,1960-12-05,2024-10-17,Carvalho da Serra,SP
1726,Enrico,Rezende,PF,erezende@uol.com.br,+5541992972043,586.379.024-56,1962-06-28,2024-10-18,Vasconcelos,TO
2001,Pedro,Leão,PF,pedro_leo@bol.com.br,(13) 94019-6164,892.645.071-67,2002-01-20,2024-10-18,Nunes do Galho,PA
2197,Ferreira & Fernandes ME,,PJ,ferreirafe_@comercio.net.br,41918587596,85962307000126,1981-06-22,2024-10-18,Sousa,RO
2658,Farias Informática e Serviços S.A.,,PJ,f@empresa.com.br,51980941881,87016354000102,1974-02-08,2024-10-18,Fogaça,AL
2705,Brenda,Sousa,PF,bsousa@ig.com.br,(21) 93480-3236,27586401985,1969-02-21,2024-10-18,Costa da Mata,AM
2955,Isaque,Nunes,PF,inunes@uol.com.br,+5511931391832,243.175.908-32,,2024-10-18,Santos,SC
2987,João Lucas,Ramos,PF,joolucasramos@gmail.com,47990886473,578_210_364_71,1973-02-06,2024-10-18,Ferreira do Norte,RS
2995,Diego,Oliveira,PF,doliveira@yahoo.com.br,(71) 96649-5419,614_582_730_08,1989-10-20,2024-10-18,Jesus dos Dourados,MA
798,Eduarda,Garcia,PF,eduarda.garcia@outlook.com,(21) 92499-4479,24316780913,1996-11-21,2024-10-19,Rios,PI
1140,Mariana,Oliveira,PF,mariana.oliveira@uol.com.br,+5521989223391,623.174.590-25,,2024-10-19,da Luz do Oeste,PR
1940,Borges & Santos S.A.,,PJ,borgessant_@comercio.net.br,(11) 91428-3939,30768512000163,1984-09-04,2024-10-19,Casa Grande,SP
2214,Joana,Nogueira,PF,jnogueira@uol.com.br,61952502259,823.519.607-77,,2024-10-19,Sousa,PE
2365,Elisa,Araújo,PF,elisa.arajo@gmail.com,(71) 96473-4506,469.217.380-78,1979-11-24,2024-10-19,Porto,RN
2606,Eduardo,Azevedo,PF,eduardoazevedo@ig.com.br,+5521926349703,953.016.742-34,1958-02-04,2024-10-19,Caldeira,PI
3067,Catarina,Gomes,PF,catarina95@terra.com.br,61996597630,74851206976,,2024-10-19,da Cunha,PB
1045,Garcia & Teixeira EPP,,PJ,g@comercio.net.br,21978169370,09658712000177,1969-01-28,2024-10-20,Porto das Pedras,RO
1064,Olívia,Monteiro,PF,olviamonteiro@uol.com.br,(21) 94393-1242,645.382.910-05,1980-03-16,2024-10-20,Farias,PE
1100,Lucca,Araújo,PF,larajo@uol.com.br,+5547998328123,214_570_369_16,,2024-10-20,Pires,PR
1197,Alícia,Sales,PF,alcia.sales@bol.com.br,51929863751,93826571002,,2024-10-20,da Mata de Barros,SE
1348,Renan,Fernandes,PF,renanfernandes@hotmail.com,,91425087388,1960-04-23,2024-10-20,Oliveira da Mata,AL
1767,Liam,Freitas,PF,lfreitas@hotmail.con,(13) 92568-3957,253_674_018_80,1971-02-04,2024-10-20,Rocha,RS
1850,Larissa,Pimenta,PF,larissa1@yahoo.com.br,(31) 91273-7041,429.601.873-69,1975-10-29,2024-10-20,Pimenta dos Dourados,RR
2108,Liz,Andrade,PF,liz41@terra.com.br,(13) 94954-4316,08374612517,1999-02-17,2024-10-20,Sousa,CE
2446,Benjamim,Fernandes,PF,benjamim.fernandes@ig.com.br,,42395817023,1989-08-13,2024-10-20,Ribeiro do Campo,MG
2551,Raquel,Oliveira,PF,raqueloliveira@terra.com.br,(11) 99588-6194,89510273686,1973-12-07,2024-10-20,Vargas,RJ
775,Clarice,Souza,PF,clarice21@terra.com.br,(11) 97291-9494,520.893.174-50,1974-08-08,2024-10-21,Garcia,RO
1518,Fernandes & Melo S/A,,PJ,fernandesm_@empresa.com.br,71951372824,96.742.531/0001-29,1964-10-12,2024-10-21,Silveira,AM
2372,Léo,da Cunha,PF,lo_dacunha@uol.com.br,+5561910858199,573.962.084-83,1991-04-23,2024-10-21,Leão de Santos,PB
3236,Maysa,da Cruz,PF,maysa1@bol.com.br,+5513948782090,93567142070,1958-05-25,2024-10-21,Cassiano do Sul,MG
3343,Vitor Hugo,Aparecida,PF,vitorhugo.aparecida@ig.com.br,(31) 91188-3033,54392618005,1959-09-03,2024-10-21,Nunes Paulista,PA
168,Luara,Rocha,PF,lrocha@terra.com.br,,591_873_420_14,1961-04-21,2024-10-22,Gomes do Amparo,PI
846,Raul,Gomes,PF,raul_gomes@hotmail.con,71942993662,261.709.385-95,1959-12-31,2024-10-22,Sá,MA
23,Eloah,Lima,PF,eloahlima@uol.com.br,13956232805,17264093840,2000-11-22,2024-10-23,Pereira de da Cruz,AP
303,João Felipe,Cunha,PF,analizvasconcelos@outlook.com,+5551937591022,917_562_483_46,1996-06-05,2024-10-23,da Conceição,PR
580,Alana,Aparecida,PF,alana_aparecida@bol.com.br,(31) 93924-1221,74681035262,1973-05-06,2024-10-23,da Costa,RR
756,Olívia,Novais,PF,olvia19@uol.com.br,+5561992107483,169_802_437_13,,2024-10-23,Macedo da Serra,RN
1266,Pietro,da Paz,PF,pietro_dapaz@outlook.com,41942428559,510_782_934_14,2004-09-29,2024-10-23,Oliveira Alegre,MS
1327,Catarina,Mendonça,PF,catarina_mendona@bol.com.br,51960158567,425.736.189-19,1975-06-20,2024-10-23,Garcia das Pedras,MG
1564,Bárbara,,PF,brbara@outlook.com,21944322356,705.263.981-59,2004-01-09,2024-10-23,Azevedo,GO
2252,Liz,Mendonça,PF,liz.mendona@hotmail.com,+5561917068182,401_569_378_75,1978-01-18,2024-10-23,Pacheco do Sul,MS
290,Vieira Comércio e Atacado Ltda.,,PJ,vieiracomr_@empresa.com.br,13994215581,61_974_530_0001_25,1977-12-11,2024-10-24,das Neves de Fonseca,GO
1441,Marcos Vinicius,Mendonça,PF,marcosviniciusmendona@uol.com.br,(13) 95733-9659,01562743961,1975-02-14,2024-10-24,Brito,MA
1643,Vitor,da Costa,PF,vitordacosta@bol.com.br,(61) 95039-3324,821.764.503-53,1992-07-24,2024-10-24,Vasconcelos,GO
1958,Fernanda,Peixoto,PF,fernanda78@gmail.com,,83469021740,1964-02-24,2024-10-24,Moura da Mata,ES
423,Distribuidora Cardoso EPP,,PJ,distribuid_@empresa.com.br,47946691746,08_793_621_0001_81,2002-06-25,2024-10-25,Pinto de Minas,MS
600,Castro Consultoria e Serviços ME,,PJ,castrocons_@comercio.net.br,47970949798,85_416_290_0001_01,1989-12-13,2024-10-25,Moura de Teixeira,AP
1249,Cecilia,Cavalcanti,PF,ccavalcanti@hotmail.com,47954915224,461.029.378-13,1983-03-02,2024-10-25,Costela,RS
2466,João Gabriel,Albuquerque,PF,jalbuquerque@hotmail.com,61945677838,17504389250,1959-03-12,2024-10-25,Pires,ES
2965,Lavínia,Fernandes,PF,lfernandes@terra.com.br,(51) 99257-7492,60743289196,1967-03-05,2024-10-25,Moraes da Mata,RN
94,João Felipe,Câmara,PF,joofelipe60@yahoo.com.br,51944936183,067_914_523_07,1989-01-03,2024-10-26,Aragão,SC
818,Dom,Nascimento,PF,dnascimento@ig.com.br,+5547957713561,459.836.021-60,1959-03-06,2024-10-26,Vargas de Goiás,AM
1326,Felipe,Siqueira,PF,felipe27@hotmail.com,71992098653,241.876.950-01,1994-09-27,2024-10-26,Borges de Vieira,SC
2789,Otávio,Aragão,PF,otvio_arago@yahoo.com.br,(13) 97724-8182,97846512382,1989-04-17,2024-10-26,Pereira,PA
238,Gustavo Henrique,Freitas,PF,gustavohenrique84@terra.com.br,31952396831,628_973_504_74,1981-01-07,2024-10-27,Moraes de Macedo,AC
1112,Brayan,Barros,PF,bbarros@terra.com.br,(21) 92820-9536,982_756_301_77,1963-04-03,2024-10-27,Aparecida da Mata,TO
2166,Davi Lucas,,PF,d@bol.com.br,61978187470,921_350_467_52,1989-08-20,2024-10-27,Barbosa do Amparo,PB
3244,Correia Informática e Atacado EI,,PJ,correiainf25@comercio.net.br,51923218033,15.748.902/0001-88,1999-05-02,2024-10-27,Siqueira,SE
3272,Francisco,Almeida,PF,franciscoalmeida@terra.com.br,,541.976.230-70,1967-12-31,2024-10-27,Andrade de Albuquerque,SC
516,Emilly,Freitas,PF,emilly68@uol.com.br,11913995689,941_258_730_97,1965-03-16,2024-10-28,Ribeiro da Mata,MG
1529,Antônio,Duarte,PF,antnio_duarte@gmail.com,21973426544,941_238_560_98,2003-11-10,2024-10-28,Cunha,MG
2123,Alice,Castro,PF,acastro@uol.com.br,71963279402,237_546_018_90,1965-04-26,2024-10-28,Viana das Pedras,RN
2340,Ravi,Castro,PF,ravi43@ig.com.br,(71) 95549-4342,51469387093,1969-07-24,2024-10-28,Aparecida,RO
2507,Otávio,Peixoto,PF,otvio63@outlook.com,61948485377,65031827912,1995-10-12,2024-10-28,Rodrigues,RO
3218,Ian,Carvalho,PF,iancarvalho@yahoo.com.br,+5521929863104,07582694392,1956-06-07,2024-10-28,Rezende,RR
3334,Mariah,Araújo,PF,mariah_arajo@hotmail.com,61948892555,23941086731,1979-01-10,2024-10-28,Duarte do Oeste,PI
130,Erick,Gonçalves,PF,egonalves@uol.com.br,(71) 97033-6198,926_850_314_05,1977-10-13,2024-10-29,Monteiro,AM
1461,Isabella,Pires,PF,isabella_pires@gmail.com,21971382777,756.830.192-30,,2024-10-29,Souza,RS
2509,Renan,Casa Grande,PF,renancasagrande@outlook.com,41975422758,65780329168,1996-08-07,2024-10-29,Pereira,CE
460,Ana Júlia,Pastor,PF,anajlia2@yahoo.com.br,11971208683,07869124303,1985-11-23,2024-10-30,Campos de Garcia,PI
666,Isaque,Oliveira,PF,ioliveira@terra.com.br,(11) 99042-5048,296_405_831_89,1993-03-23,2024-10-30,Guerra,MT
2759,Maria Cecília,,PF,mariaceclia_@gmail.com,13932114621,094_215_736_25,1999-04-13,2024-10-30,Azevedo,AP
3122,Fernando,Moraes,PF,fernando44@bol.com.br,(51) 98222-8814,71943280541,1980-01-21,2024-10-30,Novais,MG
3147,Ravy,Moraes,PF,rmoraes@terra.com.br,+5531980611556,759_148_602_02,1972-01-19,2024-10-30,Sampaio,MT
3497,Raul,Cirino,PF,raul_cirino@uol.com.br,71947007532,43026897140,,2024-10-30,Alves,AC
1114,Luan,Barros,PF,luan67@gmail.con,41968432533,160_358_274_62,1989-07-30,2024-10-31,Ribeiro do Galho,PB
262,Bella,Moreira,PF,bella.moreira@uol.com.br,+5571923266535,876_352_109_12,,2024-11-01,Rocha da Prata,TO
1298,Maria Júlia,Mendonça,PF,mariajlia.mendona@yahoo.com.br,71992068914,64813529089,1993-09-12,2024-11-01,Melo de Ferreira,ES
1864,Luana,da Costa,PF,luana58@hotmail.com,(71) 94406-6988,392.176.580-30,1976-09-18,2024-11-01,Cardoso de Guerra,PR
2100,Luan,Camargo,PF,luan_camargo@yahoo.com.br,+5513944198556,014_832_675_71,1994-06-07,2024-11-01,Barbosa,BA
3150,Borges & Soares EIRELI,,PJ,borgessoar.@comercio.net.br,(71) 97355-8378,50162384000117,1961-09-05,2024-11-01,Machado do Norte,MA
3465,Mariane,Souza,PF,mariane_souza@bol.com.br,(47) 99430-4853,30892617403,2000-09-17,2024-11-02,Pires,PE
78,Ana Lívia,Ferreira,PF,analvia.ferreira@bol.com.br,+5551993592649,096_354_782_83,,2024-11-03,Sales,PI
1179,Ana Laura,Pinto,PF,analaura_pinto@yahoo.com.br,(47) 98544-6622,175.849.260-02,,2024-11-03,Sousa de Viana,PR
2946,Benício,Duarte,PF,marcosvinicius.dasneves@bol.com.br,(47) 91965-7370,058_642_137_80,1973-05-20,2024-11-03,Barbosa,AC
852,Nathan,Campos,PF,marcosvinicius.dasneves@bol.com.br,+5547970942554,974.125.386-91,2005-12-26,2024-11-04,Montenegro,PI
2188,Oliveira & Teixeira ME,,PJ,o@empresa.com.br,+5551926343888,21974038000135,1980-09-08,2024-11-04,Melo,BA
635,Maria Luiza,Cavalcanti,PF,marialuiza_cavalcanti@yahoo.com.br,61955758990,682.503.491-05,1969-08-02,2024-11-05,das Neves das Flores,RS
1000,Ana Julia,da Costa,PF,anajuliadacosta@uol.com.br,(71) 99945-6767,37280196403,1958-08-20,2024-11-05,Monteiro das Flores,ES
1014,João Felipe,Casa Grande,PF,joofelipe33@hotmail.com,71933885400,870.951.234-97,1991-10-15,2024-11-05,da Luz das Flores,RO
476,Gael Henrique,Aparecida,PF,gaelhenrique_aparecida@hotmail.com,+5531919073630,07634582956,1998-11-21,2024-11-06,Moreira das Flores,MS
702,Gomes & Associados EIRELI,,PJ,gomesassoc.@empresa.com.br,47973507427,76859042000144,1970-01-05,2024-11-06,Rezende,AM
1358,Kamilly,da Costa,PF,kdacosta@yahoo.com.br,41996259360,381_295_407_97,2002-12-08,2024-11-06,Sales de Goiás,PA
1533,Stella,Barbosa,PF,stella22@hotmail.com,+5521980833031,697.150.842-49,1994-12-29,2024-11-06,Cunha Alegre,CE
1718,Juan,Macedo,PF,juanmacedo@ig.com.br,+5511938099713,082.514.796-49,1973-01-22,2024-11-06,Teixeira dos Dourados,RO
2911,Distribuidora Pinto Ltda.,,PJ,d@empresa.com.br,+5521969038487,85_072_134_0001_70,1987-03-25,2024-11-06,Camargo,AC
3207,Lavínia,Caldeira,PF,lavniacaldeira@bol.com.br,+5521938765091,978_205_436_47,1963-04-08,2024-11-07,Monteiro,MA
319,Erick,Albuquerque,PF,erickalbuquerque@hotmail.con,11919733415,645_798_312_09,1978-06-08,2024-11-08,Sales das Flores,TO
834,Nicolas,Oliveira,PF,nicolas49@gmail.com,+5551917259178,182.437.956-00,1990-09-22,2024-11-08,Moreira das Pedras,PB
854,Helena,Viana,PF,hviana@hotmail.com,(11) 95741-5490,814_306_579_01,1975-11-26,2024-11-08,Cardoso do Norte,PE
883,Pedro Miguel,Casa Grande,PF,pedromiguel42@outlook.com,(31) 96030-5721,026.734.918-13,1987-03-19,2024-11-08,Aragão do Amparo,PE
911,Vitor Gabriel,Alves,PF,vitorgabriel_alves@uol.com.br,47952264442,91075328659,1976-07-12,2024-11-09,Pinto,PE
1224,Gabrielly,Alves,PF,gabriellyalves@uol.com.br,+5521949099577,64823957164,1974-07-16,2024-11-09,Nogueira de Nogueira,AM
2950,Elisa,Vargas,PF,elisa_vargas@ig.com.br,,945.812.607-01,1961-06-17,2024-11-09,Rodrigues,MA
2969,Pietro,Duarte,PF,pietro.duarte@gmail.com,(31) 96751-4691,816_257_039_02,1993-03-11,2024-11-09,Marques,MS
711,Esther,Lopes,PF,esther78@bol.com.br,11915977753,703_186_952_86,1992-01-12,2024-11-10,Peixoto,TO
1190,Raquel,Cardoso,PF,calebe.brito@ig.com.br,31975871402,083.769.251-21,1964-10-27,2024-11-10,Pacheco do Galho,GO
1761,Laís,Ferreira,PF,las.ferreira@hotmail.com,,90163425752,2001-10-07,2024-11-10,Pires de Novaes,AM
2183,Rebeca,Araújo,PF,henrique.farias@hotmail.com,+5561940349009,27543160862,1963-08-04,2024-11-10,Rios,GO
2420,Silva & Sales EI,,PJ,silvasales_@empresa.com.br,61973063719,90_453_728_0001_61,2007-06-21,2024-11-10,Viana do Norte,BA
3278,Gael,Silva,PF,gael74@ig.com.br,,471_869_350_01,2006-03-22,2024-11-10,da Luz,PA
383,Bento,Nascimento,PF,bento.nascimento@terra.com.br,71927605866,629.485.031-24,,2024-11-12,Cavalcante,SE
693,Eduardo,Lopes,PF,eduardolopes@terra.com.br,+5561910463784,48235691051,1980-02-01,2024-11-12,da Mota,MT
748,Lucas,Rocha,PF,lucas.rocha@ig.com.br,,593.721.486-28,1979-05-19,2024-11-12,Sá Alegre,PR
2676,Manuela,da Luz,PF,mdaluz@ig.com.br,61936331068,79625801359,1973-11-15,2024-11-12,Camargo,DF
3162,Pinto Importadora e Serviços S.A.,,PJ,pintoimpor5@empresa.com.br,+5551948339100,08625347000131,,2024-11-12,Leão,DF
346,Marcos Vinicius,da Costa,PF,marcosvinicius8@yahoo.com.br,+5531916708735,32790861404,1999-12-06,2024-11-13,Cavalcanti do Sul,MT
410,Distribuidora Jesus EI,,PJ,d@empresa.com.br,(13) 98797-4379,54_790_138_0001_60,1987-12-11,2024-11-13,Freitas,ES
569,Davi Luiz,Pereira,PF,daviluizpereira@hotmail.com,31998274148,74591028658,1987-07-22,2024-11-13,Abreu,DF
746,Valentina,Alves,PF,valentina.alves@terra.com.br,31978627447,360.298.574-10,1993-02-20,2024-11-13,Cassiano de Gonçalves,CE
1546,Nathan,Brito,PF,nathan_monteiro@outlook.com,+5521963447454,307.524.896-74,1966-04-19,2024-11-13,da Luz,GO
2008,Ísis,Albuquerque,PF,salbuquerque@outlook.con,47929572862,901.587.263-59,1978-12-18,2024-11-13,Oliveira,PE
2404,Nicolas,Monteiro,PF,nicolas.monteiro@ig.com.br,(13) 97325-9294,123.659.870-95,2002-08-15,2024-11-13,Fernandes,DF
3280,Sophie,Peixoto,PF,sophie93@yahoo.com.br,+5541964513558,248_603_795_00,1994-09-09,2024-11-13,Carvalho de Minas,ES
156,Sara,da Paz,PF,saradapaz@yahoo.com.br,11932418614,02194386505,1989-08-20,2024-11-14,Casa Grande de Vargas,SP
2036,Stella,Fonseca,PF,sfonseca@outlook.com,+5541964046761,658.973.204-38,,2024-11-14,Vasconcelos,SP
3069,Luiz Gustavo,Leão,PF,lleo@gmail.com,+5511939452883,321.509.748-60,1963-05-23,2024-11-14,Camargo,PE
384,Emanuelly,Dias,PF,emanuellycostela@uol.com.br,71936169030,381.264.075-90,1958-04-16,2024-11-15,Gonçalves do Galho,RN
1193,Gabrielly,Câmara,PF,gabrielly.cmara@gmail.com,21984953622,037.891.425-14,2007-01-28,2024-11-15,Alves,AM
2560,Oliveira & Associados S.A.,,PJ,oliveiraas_@comercio.net.br,(11) 97363-9365,90.874.561/0001-02,,2024-11-15,da Cruz Alegre,ES
2966,Heloísa,Aragão,PF,helosaarago@uol.com.br,+5541926462416,431_857_260_90,,2024-11-15,Lopes de Goiás,SP
480,Sabrina,Macedo,PF,smacedo@uol.com.br,(61) 98247-2838,861.027.543-44,,2024-11-16,Almeida,AC
986,Almeida & Associados S.A.,,PJ,almeidaass.@comercio.net.br,+5571928649293,18.273.490/0001-65,1993-04-02,2024-11-16,da Rocha,TO
1742,Josué,Sampaio,PF,calebe.brito@ig.com.br,21910351810,278_965_104_30,1989-02-22,2024-11-16,Nunes de Costela,RN
2975,Joaquim,Pimenta,PF,joaquim.pimenta@outlook.com,+5561921369011,798_160_423_04,1991-02-13,2024-11-16,Cirino,RS
1625,Lima Serviços e Consultoria EI,,PJ,l@empresa.com.br,(51) 93746-8129,20956483000100,1959-10-07,2024-11-17,Borges,MG
2131,Luiza,Lima,PF,llima@bol.com.br,+5513936707294,345.986.210-60,1969-09-05,2024-11-17,Pires,GO
2673,Liam,Fonseca,PF,liam_fonseca@gmail.com,51925703323,974.326.501-52,,2024-11-17,Rodrigues da Serra,CE
2817,Breno,Dias,PF,brenodias@hotmail.com,31971481889,421_978_563_91,,2024-11-17,da Paz de Minas,SP
1362,Anna Liz,Cardoso,PF,annaliz85@outlook.com,47981621736,82467910369,1978-11-10,2024-11-18,Farias,MT
3214,Ana Julia,Vasconcelos,PF,avasconcelos@outlook.com,13938501078,527_409_386_83,1986-03-25,2024-11-18,das Neves,SC
386,Luiz Henrique,Cunha,PF,lcunha@terra.com.br,13996958949,586_201_397_03,1961-05-10,2024-11-19,Montenegro,DF
974,Thomas,,PF,thomas_@terra.com.br,41974754360,187_326_054_71,2007-05-11,2024-11-19,Moura das Flores,ES
1790,Ester,Barros,PF,ester60@outlook.com,+5547930933108,972.501.634-34,1961-09-27,2024-11-19,da Mata,SC
2830,Lopes Consultoria e Sistemas S/S,,PJ,lopesconsu84@comercio.net.br,(11) 99687-4009,24.986.357/0001-59,1956-07-02,2024-11-19,da Rosa,TO
3333,Maria Flor,Cunha,PF,mariaflor9@ig.com.br,(61) 91512-5257,93627105443,2008-02-09,2024-11-19,Vieira de Costa,MA
1214,Tecnologia Borges EI,,PJ,t@comercio.net.br,71968911982,97153480000162,1958-05-15,2024-11-20,Nascimento dos Dourados,MT
2824,Tecnologia Mendes EI,,PJ,tecnologia@empresa.com.br,31937998367,38_461_792_0001_74,1973-01-19,2024-11-20,da Costa,MS
3080,Antony,Pacheco,PF,antony.pacheco@terra.com.br,21977967197,10974365866,1986-11-22,2024-11-20,Vieira,RR
3109,Milena,Cavalcante,PF,milena_cavalcante@gmail.com,11949965452,81376924528,1970-08-10,2024-11-20,da Mota das Pedras,RJ
279,Laís,Cardoso,PF,lcardoso@gmail.com,(31) 95891-6820,90381274640,1980-12-16,2024-11-21,Mendonça,SE
2604,Cauê,Nascimento,PF,cau.nascimento@bol.com.br,+5571951989315,48720359179,1994-08-24,2024-11-21,Porto do Campo,PR
89,Maria Clara,Teixeira,PF,mariaclara9@outlook.com,21947262318,584_921_760_67,1983-03-08,2024-11-22,Souza da Praia,BA
230,Lucca,Pinto,PF,lucca_pinto@uol.com.br,61958554777,839_762_410_40,1963-10-04,2024-11-22,Vasconcelos de Moreira,AL
563,Maitê,Castro,PF,maitcastro@ig.com.br,+5531994905116,087.623.491-04,1958-04-27,2024-11-22,Novais de Siqueira,DF
715,Melina,Cunha,PF,melina.cunha@bol.com.br,11988236386,48793256191,,2024-11-22,Rios,DF
1664,Rodrigues Tecnologia e Serviços EPP,,PJ,r@empresa.com.br,+5571946019778,01_798_256_0001_59,1960-11-09,2024-11-22,Sales,RN
1866,Eduardo,Ramos,PF,eduardo_ramos@yahoo.com.br,+5551947217155,764_831_250_62,1986-11-14,2024-11-22,Porto,RO
3281,Miranda & Costa ME,,PJ,mirandacos.@empresa.com.br,(13) 96228-2379,94716023000140,1993-08-06,2024-11-22,Moreira,SE
2121,Luara,Oliveira,PF,luara_oliveira@ig.com.br,+5531988691452,739.824.065-10,1979-02-24,2024-11-23,Monteiro do Norte,RR
1541,Levi,da Cruz,PF,levidacruz@outlook.com,(47) 95721-8415,048.297.531-88,1997-07-19,2024-11-24,Nunes,MG
1831,Bárbara,Santos,PF,brbara40@ig.com.br,+5531989016810,045_712_683_35,1989-07-18,2024-11-24,da Luz,RJ
1971,Ian,da Paz,PF,ian_dapaz@yahoo.com.br,+5521958927120,096_542_183_05,1958-05-01,2024-11-24,Fonseca,AM
22,Informática Cardoso S/A,,PJ,informtica_@comercio.net.br,+5547919508956,78_139_654_0001_98,1969-11-18,2024-11-25,Rodrigues de da Cruz,SC
445,Ana Vitória,Gomes,PF,anavitria71@hotmail.com,51972208760,827_306_945_10,,2024-11-25,da Mata do Norte,ES
1337,Amanda,Lopes,PF,amanda.lopes@uol.com.br,,86497350292,1971-05-12,2024-11-25,Ribeiro da Prata,SP
2002,Pietro,Dias,PF,pdias@yahoo.com.br,(51) 93732-4172,48351907260,1977-06-06,2024-11-25,Fernandes de Lopes,MT
2286,Thales,Barbosa,PF,tbarbosa@ig.com.br,21947881919,09465873101,1997-11-25,2024-11-25,Azevedo Alegre,ES
3469,Ísis,Leão,PF,sleo@bol.com.br,,318.267.549-46,2007-04-21,2024-11-25,Castro,SC
2160,Natália,da Mata,PF,natlia_damata@outlook.com,41946815231,568_403_127_71,,2024-11-26,Pereira,RJ
2300,Gonçalves & Correia S.A.,,PJ,gonalvesco.@empresa.com.br,(41) 92107-7163,64.193.850/0001-36,1999-07-20,2024-11-26,da Costa de Cavalcante,TO
2442,Maria Flor,Pimenta,PF,mariaflorpimenta@terra.com.br,+5521993523702,074_312_658_08,1962-01-10,2024-11-26,Siqueira,PR
2491,Davi Lucas,Novaes,PF,davilucas.novaes@yahoo.com.br,21946775669,641.320.785-07,1973-05-27,2024-11-26,Cardoso,RS
1354,Guerra & Miranda S/A,,PJ,g@empresa.com.br,(47) 93366-5556,56_439_218_0001_00,2005-01-03,2024-11-27,Dias de Lima,PE
2347,Marcelo,Souza,PF,marcelo.souza@terra.com.br,47922251271,209_746_835_74,1972-09-10,2024-11-27,Sá das Flores,CE
2934,Vicente,Almeida,PF,vicente_almeida@yahoo.com.br,21925638379,149.675.380-10,1999-01-12,2024-11-27,Cardoso,DF
354,Diogo,da Mata,PF,ddamata@terra.com.br,13985277044,423_570_689_65,1970-08-05,2024-11-29,Jesus,MT
1200,Vinícius,da Cruz,PF,vincius.dacruz@gmail.com,+5561935093800,817_240_659_20,2007-12-08,2024-11-29,Cirino,MT
2389,Maria Vitória,Costa,PF,mcosta@gmail.com,(21) 96253-2702,831_407_652_07,1958-11-07,2024-11-29,Macedo da Serra,AL
3014,Cauê,Sales,PF,cau94@gmail.com,(13) 99468-7225,675_293_041_43,2007-09-07,2024-11-29,Pires,MS
3325,Carolina,Gomes,PF,carolina_gomes@yahoo.com.br,21936806132,579_026_483_29,1964-01-07,2024-11-29,Freitas de Minas,MA
401,Júlia,Silveira,PF,jlia.silveira@uol.com.br,31959075206,097_345_612_43,1978-12-12,2024-11-30,Fernandes Alegre,MA
993,Isabelly,Sousa,PF,isousa@outlook.com,(71) 97429-3050,35042987150,,2024-11-30,Abreu,ES
2283,Camargo & Associados S/A,,PJ,camargoass@comercio.net.br,,32045798000184,1980-12-09,2024-11-30,Nascimento de Marques,RJ
2320,Maria Alice,da Mata,PF,mariaalice.damata@gmail.com,(13) 97032-4601,230_981_645_06,1966-06-29,2024-11-30,Alves do Campo,PR
3307,Saraiva & Associados EIRELI,,PJ,saraivaass.@empresa.com.br,11917225577,54.962.183/0001-55,1958-10-14,2024-11-30,Souza,PA
3386,Maria Vitória,Sá,PF,mariavitria_s@gmail.com,+5521924457303,540_861_973_75,1962-06-11,2024-11-30,Carvalho da Praia,MS
56,Lunna,das Neves,PF,lunna.dasneves@terra.com.br,(51) 94961-6210,238.940.715-32,1958-06-21,2024-12-01,Oliveira de Mendonça,TO
105,Gabriel,Cirino,PF,gcirino@uol.com.br,47938567196,403.921.876-04,1957-12-07,2024-12-01,Gomes,RR
628,Pereira Consultoria e Importadora ME,,PJ,pereiracon@comercio.net.br,+5547941891152,21703958000119,1957-12-27,2024-12-01,da Mota,MA
858,Eduardo,da Rocha,PF,eduardodarocha@terra.com.br,(11) 99768-1250,106.287.394-78,1969-08-22,2024-12-01,Pires de Rodrigues,CE
992,Maitê,Lima,PF,mait_lima@ig.com.br,(51) 98654-2598,846_752_910_58,1958-04-24,2024-12-01,Sá Alegre,MS
2850,Beatriz,Novaes,PF,beatriznovaes@gmail.com,61960268047,027.839.561-95,1982-01-31,2024-12-01,Novais,DF
88,Liz,Correia,PF,liz.correia@yahoo.com.br,(61) 94144-4188,524_897_603_00,1983-11-12,2024-12-02,Novaes do Galho,RJ
194,José Miguel,Rocha,PF,josmiguel48@uol.com.br,+5511988746431,431_965_270_34,2003-01-10,2024-12-02,Nunes,AP
591,Vitória,Fernandes,PF,vitria10@yahoo.com.br,+5561961132760,043.685.271-35,1962-12-31,2024-12-02,Fernandes de Gonçalves,BA
1271,Luiz Otávio,Ferreira,PF,luizotvio.ferreira@yahoo.com.br,,381_260_479_50,,2024-12-02,Brito,SE
148,Maria Isis,Monteiro,PF,mariaisis_monteiro@outlook.com,41999914922,912_736_845_91,1981-01-22,2024-12-03,Leão,GO
619,Danilo,da Luz,PF,ddaluz@gmail.com,+5551972275766,624_837_095_83,1996-12-14,2024-12-03,da Paz,TO
1556,Calebe,Moura,PF,calebe_moura@uol.com.br,(31) 93390-8989,81064395260,1983-02-11,2024-12-03,Caldeira,RS
2305,Felipe,Leão,PF,felipe_leo@yahoo.com.br,+5541989132962,721.453.986-19,1992-06-20,2024-12-03,Barbosa da Serra,GO
3316,Ana Laura,Azevedo,PF,aazevedo@terra.com.br,+5541993582206,521.870.396-68,1975-07-02,2024-12-03,Teixeira de Minas,AC
178,Thales,Peixoto,PF,thalespeixoto@bol.com.br,(51) 91060-7225,20896713431,1989-04-05,2024-12-04,Guerra Paulista,SC
566,Guerra & Associados S/A,,PJ,g@comercio.net.br,+5521963177073,31.597.260/0001-10,1965-08-31,2024-12-04,Nunes do Campo,AM
1593,Arthur Gabriel,da Mata,PF,arthurgabriel10@gmail.com,47959304980,681_092_573_21,1977-11-12,2024-12-04,Carvalho do Sul,RJ
3262,Julia,Aparecida,PF,japarecida@uol.con.br,(51) 93629-2794,938_107_264_78,1988-05-13,2024-12-04,Cunha do Norte,TO
1031,Luísa,Pires,PF,lusa.pires@uol.com.br,61965272685,681_423_709_13,1957-07-08,2024-12-05,Rocha da Mata,MG
3357,Joana,Fogaça,PF,joana.fogaa@hotmail.com,61971726658,348.261.079-78,1995-10-29,2024-12-05,Gonçalves Verde,AM
398,Informática Camargo S/S,,PJ,informtica@empresa.com.br,(21) 98512-9507,35_269_807_0001_09,1993-06-14,2024-12-06,Ferreira,RS
1793,Lara,da Rocha,PF,lara.darocha@outlook.com,(31) 93319-3404,693_725_401_61,1986-12-08,2024-12-06,Pastor do Campo,MS
2269,Manuela,Leão,PF,manuela20@bol.com.br,,10285436970,2001-02-17,2024-12-06,Novaes dos Dourados,DF
2927,Maria Clara,Abreu,PF,mariaclara25@bol.com.br,11954921727,042.319.786-03,1975-07-06,2024-12-06,Melo do Galho,RR
1618,José Pedro,Cavalcante,PF,jospedro.cavalcante@outlook.com,+5571972656335,104.835.926-33,1958-08-05,2024-12-07,Vasconcelos,AL
2398,Catarina,Cavalcanti,PF,catarina.cavalcanti@uol.com.br,(47) 92344-4892,983_624_071_31,1956-06-04,2024-12-07,Vasconcelos do Campo,PB
2728,Júlia,Costa,PF,jcosta@hotmail.com,+5571926695058,308_154_976_01,1957-12-13,2024-12-07,Duarte de da Cruz,MA
2835,Carvalho Tecnologia e Informática EI,,PJ,carvalhote_@comercio.net.br,+5547930755776,92657840000140,1983-11-23,2024-12-07,Pimenta,RJ
3321,Apollo,Camargo,PF,apollo67@terra.com.br,47992137944,386_970_241_96,1986-05-30,2024-12-07,Mendonça do Amparo,MA
3423,Isabel,Barros,PF,isabel.barros@ig.com.br,+5513991419481,01237958423,1991-09-17,2024-12-07,Cirino,MT
1634,Liam,Mendonça,PF,liammendona@uol.com.br,(31) 94489-5819,458.309.621-60,1985-03-14,2024-12-08,Rios,DF
2096,Josué,Peixoto,PF,jpeixoto@outlook.com,+5551936555469,05864197211,1990-07-22,2024-12-08,Machado de Castro,CE
2474,Theo,Pires,PF,theo_pires@outlook.com,+5561979261893,270_694_318_13,2002-05-20,2024-12-08,Costela do Galho,RJ
539,Liam,Carvalho,PF,liamcarvalho@outlook.com,+5511981822176,265.731.489-91,1958-10-19,2024-12-09,Castro,BA
1624,Davi,Camargo,PF,davi85@gmail.com,+5561916204390,476.198.023-04,1963-08-17,2024-12-09,Guerra do Galho,RR
1867,Sophie,Macedo,PF,smacedo@uol.com.br,+5561949217926,958.712.360-30,1997-06-12,2024-12-09,Cirino de Goiás,ES
2554,Ana Carolina,Freitas,PF,anacarolina_freitas@ig.com.br,+5571999141422,594_183_620_15,2000-11-04,2024-12-09,Aparecida,SP
2576,Igor,Cassiano,PF,igor.cassiano@hotmail.com,+5571937026522,39075148666,2000-10-28,2024-12-09,Monteiro,MA
2660,Davi,Silva,PF,helosa_pires@yahoo.com.br,(47) 99374-5909,614.239.807-78,1958-03-02,2024-12-09,da Cunha,SC
2687,Giovanna,Cardoso,PF,giovanna_cardoso@yahoo.com.br,+5513998442667,53972860102,1996-12-20,2024-12-09,Fogaça do Campo,AL
3135,Sofia,Casa Grande,PF,scasagrande@bol.com.br,(11) 97432-5742,705_489_321_23,1988-10-19,2024-12-09,Pastor,RN
181,Anna Liz,Pereira,PF,annalizpereira@hotmail.com,(71) 92825-3781,354.197.628-46,1970-05-09,2024-12-10,Brito,PE
1285,Luiza,da Costa,PF,ldacosta@bol.com.br,(71) 96909-5076,576.438.910-01,,2024-12-10,Teixeira das Flores,RO
1294,Evelyn,Borges,PF,eborges@outlook.com,+5541962125912,974_105_268_58,1970-05-03,2024-12-10,Farias do Sul,RS
1522,Vitor Hugo,Rocha,PF,vitorhugo.rocha@outlook.com,(61) 91894-3896,290_517_684_94,1974-05-03,2024-12-10,Aragão,SC
1712,Ester,Moura,PF,estermoura@uol.com.br,41959458383,850.629.731-12,1981-09-08,2024-12-10,Pereira,TO
2698,João Pedro,Gonçalves,PF,larissa50@outlook.com,(41) 91263-5864,765_389_012_12,1988-11-29,2024-12-10,Pereira,SC
1395,Kamilly,Brito,PF,kamilly87@gmail.com,11953315355,927_183_564_64,1963-07-09,2024-12-11,Melo Alegre,PE
1566,Sofia,Rodrigues,PF,sofia53@ig.com.br,+5531970326775,78560439110,1985-12-31,2024-12-11,Costa da Praia,ES
1984,Pedro Henrique,Moraes,PF,pedrohenrique21@gmail.com,+5531993107115,58769320195,1999-07-22,2024-12-11,da Luz,RN
247,Maria,da Mota,PF,maria.damota@hotmail.com,(47) 97917-7932,253_496_807_65,1980-08-31,2024-12-12,Santos,PI
1430,Henrique,Guerra,PF,henriqueguerra@outlook.com,,314_690_728_31,,2024-12-12,Farias,TO
2410,Marcela,Dias,PF,marcela.dias@uol.com.br,47991383557,403.689.715-20,2002-10-07,2024-12-12,Lopes do Sul,PB
2493,Maria Luiza,Pinto,PF,mpinto@bol.com.br,(21) 98988-4749,807.421.539-32,,2024-12-12,Aragão de Correia,PB
204,Clarice,Jesus,PF,claricejesus@gmail.com,(11) 99314-6787,64829310570,1973-03-16,2024-12-13,Rios de Lopes,MA
2385,Joana,Ramos,PF,jramos@uol.com.br,+5531950246539,80917563484,,2024-12-13,Dias,PA
2818,Leandro,Brito,PF,leandro89@uol.com.br,(51) 93439-9260,192_437_856_64,1981-09-18,2024-12-13,Pastor de Lima,PA
2846,Maria Júlia,Pinto,PF,mariajliapinto@gmail.com,+5521939642993,209.451.873-60,1956-07-06,2024-12-13,da Cruz,MT
3459,Rafaela,Nunes,PF,rafaela1@outlook.com,(13) 99891-8283,274_568_193_19,1971-01-08,2024-12-13,Garcia,RJ
311,André,Ramos,PF,andr.ramos@hotmail.com,+5561996469625,580.794.231-05,1984-11-24,2024-12-14,Fonseca,SC
1810,Maysa,Cunha,PF,maysa_cunha@yahoo.com.br,51920459128,48952160711,1969-03-26,2024-12-14,Gomes de Costela,ES
2400,Júlia,Pimenta,PF,jliapimenta@hotmail.com,(51) 97104-9452,817_539_264_91,1968-08-08,2024-12-14,Duarte,MS
140,Murilo,Ribeiro,PF,murilo.ribeiro@bol.com.br,+5547964593810,598.021.763-03,1983-08-02,2024-12-15,Moreira Verde,MG
245,Maria Luísa,Fogaça,PF,marialusafogaa@yahoo.com.br,+5571975051901,41069825360,1985-08-10,2024-12-16,Costela,MS
1105,Informática Fernandes EIRELI,,PJ,informtica_@empresa.com.br,+5511930524345,46983275000193,1993-02-24,2024-12-16,Mendes,PR
1250,Ana Sophia,da Mota,PF,anasophia_damota@gmail.com,(71) 91155-5400,782.910.364-03,,2024-12-16,Fonseca da Mata,AC
1030,Sabrina,Fernandes,PF,sabrina_fernandes@gmail.com,47958096963,760_519_482_01,1999-11-06,2024-12-17,Teixeira,AP
2035,Moraes & Oliveira S.A.,,PJ,moraesoliv39@comercio.net.br,+5531956685244,50.369.784/0001-06,1965-02-14,2024-12-17,Nunes Grande,ES
2336,Maria Flor,Mendonça,PF,mariaflormendona@yahoo.com.br,+5521963559203,345.629.870-65,1998-07-06,2024-12-17,Nogueira,PE
66,Diego,Porto,PF,dporto@bol.com.br,,841_602_935_06,1995-04-12,2024-12-18,Novaes,TO
233,Luiz Henrique,Martins,PF,luizhenriquemartins@outlook.com,(61) 98812-7009,304_762_518_26,1997-08-23,2024-12-18,Cirino,PI
442,Ana Liz,Barbosa,PF,analizbarbosa@bol.com.br,13991429852,697_580_241_67,,2024-12-18,Viana de Duarte,SC
632,Isadora,Pinto,PF,isadora_pinto@outlook.com,(31) 97353-7018,964.823.075-74,2003-01-21,2024-12-18,Mendonça,RR
1072,Eduarda,Pinto,PF,eduarda56@uol.com.br,,165.340.872-35,2001-11-23,2024-12-18,Silva de Costela,MA
1428,Antonella,Cardoso,PF,antonella.cardoso@gmail.com,51991272951,136.790.528-12,,2024-12-18,da Costa,PE
1508,Maria Fernanda,Nogueira,PF,mariafernandanogueira@terra.com.br,13943057548,604.527.139-43,1974-01-12,2024-12-18,Nascimento,AM
1771,Laís,Guerra,PF,las15@hotmail.com,41942052248,378_246_901_13,1988-02-14,2024-12-18,Abreu das Pedras,AL
2055,Ester,Fernandes,PF,ester_fernandes@yahoo.com.br,(13) 91202-8094,250.381.679-77,1999-06-09,2024-12-18,Porto,RR
2704,Rodrigo,da Costa,PF,rodrigo.dacosta@uol.com.br,71918333423,36271854044,1969-10-25,2024-12-18,Porto de Nascimento,SC
3263,Pedro,da Cruz,PF,pedro_dacruz@yahoo.com.br,(21) 92734-9927,459.210.873-60,1961-04-28,2024-12-18,da Mota do Galho,RR
255,Valentina,Cardoso,PF,valentinacardoso@gmail.com,(13) 98306-3961,407.631.592-80,1974-04-19,2024-12-19,Souza do Sul,AC
1135,Gael,Pimenta,PF,gael54@outlook.com,61926119363,864_215_709_76,1960-01-24,2024-12-19,Jesus da Serra,MA
1540,Allana,Azevedo,PF,aazevedo@gmail.com,+5561967849876,642.791.308-50,1991-12-30,2024-12-19,Silva de Câmara,RR
1729,Ana Julia,Lopes,PF,anajulia_lopes@terra.com.br,+5561941226872,75914862337,1991-07-21,2024-12-19,da Cunha,TO
2296,Sophie,Fogaça,PF,sfogaa@yahoo.com.br,(41) 93722-7510,459_012_738_50,2002-05-08,2024-12-19,Sousa,PI
3282,Daniela,Alves,PF,daniela6@terra.com.br,(51) 99543-7221,368_512_049_24,1972-11-24,2024-12-19,Alves,PR
1494,Fernando,Novais,PF,fnovais@yahoo.com.br,(61) 92270-2220,906_842_751_20,1958-10-20,2024-12-20,Nunes da Praia,RN
1685,Catarina,da Paz,PF,catarinadapaz@hotmail.com,+5541977193523,546.718.093-20,1979-01-26,2024-12-20,Silva de da Luz,AC
2492,Maitê,Porto,PF,mribeiro@outlook.com,(47) 92886-1490,56489103206,,2024-12-20,Martins,DF
2861,Duarte & Fernandes EI,,PJ,duartefern46@empresa.com.br,(41) 97748-4807,04.536.271/0001-17,,2024-12-20,Pereira do Amparo,SE
3121,Gabriela,Rodrigues,PF,gabrielarodrigues@ig.com.br,+5521945127997,295.631.487-46,2004-10-09,2024-12-20,Rocha,PE
70,Leandro,Fernandes,PF,leandrofernandes@gmail.com,51944744340,28965704383,1978-09-07,2024-12-21,Freitas,MA
109,Noah,Costa,PF,noah90@terra.com.br,71935663186,285.936.417-09,1977-04-25,2024-12-21,da Conceição da Mata,GO
272,Pietra,da Paz,PF,pietra19@bol.com.br,+5571958237697,47293506856,1991-03-11,2024-12-21,Machado,AM
1148,Machado & Associados S/S,,PJ,machadoass.@comercio.net.br,11992007935,45.109.268/0001-02,1958-08-31,2024-12-21,Castro,AL
2231,Caio,Cardoso,PF,caiocardoso@yahoo.com.br,(51) 99717-3744,162_457_398_37,,2024-12-21,Teixeira da Praia,PE
3196,Sara,Câmara,PF,scmara@outlook.com,71915805453,637_849_502_56,1960-10-31,2024-12-21,Correia,AM
980,Brayan,Carvalho,PF,analizvasconcelos@outlook.com,+5521990252033,465.327.901-25,1961-06-20,2024-12-22,Viana de Barbosa,PB
1944,Vieira Sistemas e Serviços ME,,PJ,v@empresa.com.br,47993844058,32708941000170,1967-07-11,2024-12-22,Casa Grande de da Cunha,RO
2266,Dante,Carvalho,PF,dante_carvalho@bol.com.br,+5551956641395,361_975_082_30,2000-04-07,2024-12-22,Aparecida do Galho,AL
2849,Oliver,Barros,PF,oliver24@outlook.com,13934561096,64539028774,1972-03-15,2024-12-22,Caldeira de Gonçalves,SE
3233,Pedro,,PF,pedro@hotmail.com,41943015266,91520746334,1987-07-06,2024-12-22,Pacheco Verde,PA
285,Ana Cecília,Peixoto,PF,anacecliapeixoto@ig.com.br,31969184465,902.385.167-68,1989-12-23,2024-12-23,da Mata de Cavalcanti,RO
800,Sofia,Sá,PF,sofia74@ig.com.br,+5511918381541,83425716964,2005-09-11,2024-12-23,Barros,BA
1534,Isabel,Mendes,PF,isabel62@terra.com.br,,132_508_746_71,1990-02-05,2024-12-23,Rodrigues da Prata,MA
1687,Ana Beatriz,Melo,PF,anabeatrizmelo@uol.com.br,(61) 94538-7952,074.321.986-40,1969-02-12,2024-12-23,Dias de Campos,MA
1692,Isabel,Cavalcanti,PF,icavalcanti@bol.com.br,+5521911235027,20536478929,1956-06-09,2024-12-23,Souza de Minas,ES
2697,Distribuidora Garcia S.A.,,PJ,d@empresa.com.br,51913076771,54_380_127_0001_02,,2024-12-23,Souza,PI
68,Benício,da Cunha,PF,bdacunha@yahoo.com.br,51971081113,51893074684,1984-09-30,2024-12-24,da Luz,MA
264,Costa Importadora e Sistemas S.A.,,PJ,costaimpor54@empresa.com.br,(41) 99596-4040,50_192_876_0001_55,1998-08-09,2024-12-24,Fernandes de Peixoto,RR
698,Ana Carolina,Caldeira,PF,anacarolina.caldeira@outlook.com,11914173642,032_196_784_40,1966-01-22,2024-12-24,da Paz de Leão,DF
1261,Otávio,Brito,PF,otvio_brito@gmail.com,11993986904,750_641_398_10,1998-04-04,2024-12-24,Costa de Rezende,MA
1397,José Miguel,Guerra,PF,josmiguel_guerra@ig.com.br,11963254700,758.206.431-35,1997-01-16,2024-12-24,Moura de Minas,AC
1580,Pinheiro & Associados ME,,PJ,pinheiroas@empresa.com.br,11952076108,07_138_962_0001_50,1999-12-15,2024-12-24,Moraes,AL
3027,Elisa,Gomes,PF,elisa_gomes@yahoo.com.br,47982707596,129_583_407_32,1983-06-26,2024-12-24,Andrade de Ribeiro,GO
327,Heloísa,da Mota,PF,helosa.damota@yahoo.com.br,(61) 95166-7076,18754290341,1994-11-30,2024-12-25,Freitas do Amparo,MT
1241,Emanuelly,Castro,PF,emanuellycastro@gmail.com,(21) 93333-4682,27043568900,1966-10-11,2024-12-25,Pereira da Serra,SC
1689,Matteo,Ramos,PF,matteo_ramos@outlook.com,11978625214,480.371.925-04,1967-12-18,2024-12-25,Fonseca de Teixeira,MA
1748,Maria Laura,Moura,PF,mmoura@bol.com.br,+5571942023885,532.718.460-90,2001-03-13,2024-12-25,Vieira,MT
2795,Ana Beatriz,Vasconcelos,PF,avasconcelos@terra.com.br,47985678390,726.304.159-61,,2024-12-25,Nascimento de Siqueira,RJ
293,Yago,Borges,PF,yago_borges@terra.com.br,47927138541,21940375860,1990-09-17,2024-12-26,Moura Paulista,PR
1727,Benjamim,Vasconcelos,PF,benjamimvasconcelos@gmail.com,+5531979285175,840_567_319_93,2000-11-22,2024-12-26,Rocha,RN
2016,Elisa,Garcia,PF,elisa_garcia@hotmail.com,(31) 93267-3899,570.428.963-00,,2024-12-26,Cardoso,DF
3033,Alícia,Correia,PF,acorreia@uol.com.br,(47) 97474-2964,609_254_318_42,2004-01-26,2024-12-26,Camargo,MG
3043,Luiza,Correia,PF,luiza.correia@terra.com.br,+5541977762435,49650123806,2002-07-02,2024-12-26,Nunes,AP
572,Gael,Macedo,PF,gaelmacedo@gmail.com,(41) 92303-5839,649.371.508-39,1958-05-15,2024-12-27,Cassiano,RJ
1083,Ryan,Pereira,PF,ryanpereira@gmail.com,(21) 92919-5316,153.076.982-59,,2024-12-27,Silva,RR
1844,Asafe,Casa Grande,PF,asafe_casagrande@hotmail.com,47971184074,763.058.924-74,1993-09-26,2024-12-27,Monteiro Alegre,RJ
2583,Bento,da Cunha,PF,bento54@yahoo.com.br,13981064440,16825043790,1994-12-07,2024-12-27,Correia,RJ
2858,Ravy,Jesus,PF,ravy_jesus@gmail.com,41917459596,15732680977,2002-10-07,2024-12-27,Lima de Fonseca,MA
3204,Lunna,Pimenta,PF,anabeatriznovaes@gmail.com,,731.469.258-00,1985-09-25,2024-12-27,Ribeiro,SC
1619,Alexandre,Freitas,PF,afreitas@gmail.com,31965098583,749_260_513_70,,2024-12-28,Oliveira,MG
2053,Agatha,Dias,PF,agatha64@bol.com.br,21987504786,827_059_416_49,1967-08-06,2024-12-28,Lima do Campo,PI
2461,João Lucas,Farias,PF,joolucas_farias@outlook.com,+5513981306346,570.463.921-61,1963-12-26,2024-12-28,Moreira de Martins,PE
3131,Fonseca Importadora e Distribuidora ME,,PJ,fonsecaimp@empresa.com.br,+5541928773190,38.204.156/0001-67,1987-07-07,2024-12-28,Sá,PE
135,Vitor,Caldeira,PF,vcaldeira@ig.com.br,(61) 97800-1478,197_652_084_30,1995-04-26,2024-12-29,Almeida,RR
192,Importadora Andrade ME,,PJ,importador23@comercio.net.br,11973995754,63549720000120,1962-01-28,2024-12-29,Pacheco do Galho,SP
683,Cardoso & Associados EI,,PJ,c@comercio.net.br,+5521973161624,06794215000108,1971-09-21,2024-12-29,Fonseca do Sul,AC
1651,Cardoso & Freitas EI,,PJ,c@empresa.com.br,41941842828,95172836000180,,2024-12-29,Aparecida de Sousa,RN
1661,Vitor,Campos,PF,vitor.campos@outlook.con,+5541976702480,520.763.891-21,1981-02-12,2024-12-29,da Cunha Grande,MA
2354,Joaquim,Guerra,PF,joaquimguerra@terra.com.br,(21) 97979-8839,265.341.907-61,,2024-12-29,Jesus da Serra,AM
2973,Marcelo,Andrade,PF,marcelo72@ig.com.br,+5541947847513,912.560.348-51,1994-05-09,2024-12-29,Fogaça,RO
3152,Clarice,Garcia,PF,claricegarcia@terra.com.br,(31) 95877-1922,386_210_579_21,1963-09-11,2024-12-29,Oliveira dos Dourados,MA
3235,Soares Importadora e Informática S.A.,,PJ,soaresimpo@empresa.com.br,+5531934657204,92.710.684/0001-33,1958-01-06,2024-12-29,Peixoto,BA
208,Rafaela,,PF,rafaela@hotmail.com,(71) 96323-8858,249.508.167-30,1995-06-07,2024-12-30,Abreu,BA
397,Maysa,da Mata,PF,mdamata@yahoo.com.br,11950343580,501.239.684-70,1975-10-07,2024-12-30,Moura do Sul,PE
837,Guilherme,Ribeiro,PF,guilherme.ribeiro@outlook.com,41986494959,956.782.140-20,1971-03-11,2024-12-30,Costa,RS
952,Liz,Macedo,PF,liz.macedo@gmail.com,+5511962315830,561.742.398-37,1968-11-11,2024-12-30,Rios,ES
1062,Cardoso & Lopes EPP,,PJ,cardosolop21@empresa.com.br,(13) 91874-4641,25_014_689_0001_34,1992-01-19,2024-12-30,da Rocha,MG
1075,Lucas,da Mota,PF,lucas.damota@yahoo.com.br,+5541938644023,298.051.647-30,1969-09-10,2024-12-30,Brito Grande,RO
1421,Julia,Fonseca,PF,jfonseca@uol.com.br,+5513994538940,92370685140,1970-12-24,2024-12-30,Campos,MG
2012,Mirella,Cirino,PF,mirella.cirino@outlook.com,(13) 96750-4438,80164397566,1961-10-14,2024-12-30,Camargo do Norte,RN
3296,Eloá,Alves,PF,eloalves@terra.com.br,+5561999409247,293_701_568_95,,2024-12-30,Farias do Campo,PB
806,Davi Lucas,da Paz,PF,davilucas.dapaz@terra.com.br,(71) 92268-1025,751.842.630-71,1960-10-24,2024-12-31,da Luz,AL
853,Heitor,Sá,PF,heitors@yahoo.con.br,+5551919746277,670.354.182-53,1971-07-14,2024-12-31,Martins Verde,SE
1510,Maya,Cirino,PF,mcirino@yahoo.com.br,+5571976391932,56421807380,1963-02-19,2024-12-31,Melo da Serra,AC
1897,Guerra & Associados S/A,,PJ,guerraasso_@comercio.net.br,(51) 97365-3070,35.074.896/0001-38,1969-05-17,2024-12-31,Caldeira Grande,PE
2054,Vasconcelos & Fonseca Ltda.,,PJ,vasconcelo@empresa.com.br,+5551991172531,06278135000108,1967-05-15,2024-12-31,das Neves do Oeste,BA
2671,Mariane,Rocha,PF,mariane_rocha@ig.com.br,+5561968048357,592.631.478-09,1997-02-24,2024-12-31,Dias,RJ
2766,André,Martins,PF,amartins@uol.com.br,+5531915919165,860_153_492_98,1997-12-31,2024-12-31,Castro,TO
567,Isaac,Pacheco,PF,ipacheco@bol.com.br,,52140763980,1984-07-31,2025-01-01,Leão,CE
1364,Heloísa,Pires,PF,helosa17@hotmail.com,+5571991853521,820.473.591-04,1992-01-11,2025-01-01,Montenegro do Norte,PB
2844,Stella,Silva,PF,stellasilva@uol.com.br,13955961746,173.624.805-71,1965-06-12,2025-01-01,Souza Paulista,PR
3206,Sara,Pacheco,PF,sara.pacheco@ig.com.br,,291_630_578_59,2006-02-10,2025-01-01,Costela do Sul,SC
134,Melina,Pinto,PF,melina_pinto@uol.com.br,21981756781,418.309.576-00,2005-05-28,2025-01-02,Barros de Goiás,RJ
1443,Maria Fernanda,Fernandes,PF,mfernandes@hotmail.com,+5513998034261,513_640_972_06,1993-06-27,2025-01-02,Abreu,MA
2912,Valentim,Moraes,PF,valentim.moraes@bol.com.br,11986398059,679.015.824-30,,2025-01-02,Garcia do Campo,BA
3039,Nicolas,Araújo,PF,nicolas39@gmail.com,+5551984097828,601.928.453-06,1962-11-21,2025-01-02,Correia,MG
164,Leandro,da Rocha,PF,emillyandrade@yahoo.com.br,21949085040,79805231488,1963-07-19,2025-01-03,Fogaça de Azevedo,SE
496,Luan,da Costa,PF,ldacosta@gmail.com,(51) 93497-8708,134.586.709-39,1996-10-22,2025-01-03,Rocha Paulista,AC
1406,Eduardo,Almeida,PF,eduardoalmeida@uol.com.br,+5571947198802,690.481.357-10,1987-08-11,2025-01-03,Pastor,MS
3178,Yan,Correia,PF,yan_correia@yahoo.com.br,(61) 99781-1150,582.160.397-86,1979-01-17,2025-01-03,Pinto do Norte,AC
342,Correia Comércio e Informática Ltda.,,PJ,correiacom_@empresa.con.br,+5561955838917,17546029000176,,2025-01-04,Ferreira,AC
762,Enzo,Siqueira,PF,enzosiqueira@yahoo.com.br,21942947971,089_457_216_49,1965-07-10,2025-01-04,Novais,PE
1346,Cauã,da Paz,PF,cau71@hotmail.com,+5571964613173,46571980339,1996-01-11,2025-01-04,Pinto Grande,MS
1565,Felipe,Camargo,PF,fcamargo@gmail.com,(71) 96002-7094,429_153_076_52,1974-03-14,2025-01-04,Guerra,PB
1938,Rael,da Cruz,PF,raeldacruz@bol.com.br,+5571962325495,315_962_870_12,1978-06-25,2025-01-04,Nascimento do Amparo,MG
2155,Arthur,Azevedo,PF,arthurazevedo@ig.com.br,,051.298.374-79,1985-04-26,2025-01-04,Aparecida do Campo,RN
3118,Pedro,da Cruz,PF,pedrodacruz@bol.com.br,31999337205,824_693_107_50,1960-03-08,2025-01-04,Machado de Pereira,DF
3157,Antony,Abreu,PF,antony.abreu@hotmail.com,61926563576,957.603.824-38,1964-01-29,2025-01-04,Porto de Moraes,GO
766,Maya,Rezende,PF,mrezende@yahoo.com.br,+5561964916585,496.108.273-22,1991-01-17,2025-01-05,Aragão do Oeste,CE
2371,Camila,Monteiro,PF,cmonteiro@terra.com.br,61980701545,207.649.518-58,1999-12-24,2025-01-05,Barbosa,PB
160,Sophia,Leão,PF,sleo@terra.com.br,71935296160,12967548391,1962-09-08,2025-01-06,Barbosa,PB
1590,Yago,Cirino,PF,ycirino@yahoo.com.br,+5561963538777,04291537670,,2025-01-06,Leão,RO
2538,Fernando,Farias,PF,ffarias@terra.com.br,(71) 91129-7429,32418750671,1986-12-22,2025-01-06,Sousa de Guerra,CE
1741,Mariah,Campos,PF,mariah.campos@uol.com.br,(31) 94632-6997,795_406_123_06,2007-12-28,2025-01-07,Lopes de Leão,RR
2574,Clara,Sousa,PF,estercavalcanti@gmail.com,,98736520195,1968-07-07,2025-01-07,Campos,CE
3460,Maria Alice,Nogueira,PF,mnogueira@outlook.com,47946188238,268.174.903-40,1984-06-21,2025-01-07,Alves,AP
779,José,Ferreira,PF,jferreira@outlook.com,+5541954192185,19623754043,1985-09-07,2025-01-08,Ribeiro da Mata,PI
1040,Moraes Consultoria e Serviços ME,,PJ,m@comercio.net.br,+5511941821745,15.248.607/0001-62,1964-03-08,2025-01-08,Vasconcelos das Flores,RS
1895,Gustavo Henrique,Albuquerque,PF,gustavohenriquealbuquerque@terra.com.br,(41) 97040-1192,395_140_287_32,1973-07-28,2025-01-08,da Conceição do Amparo,PR
2376,Maya,Porto,PF,maya7@gmail.com,13938331942,758.306.491-01,,2025-01-08,Moreira Verde,RN
2579,Pedro,Macedo,PF,pmacedo@hotmail.com,+5561967809275,539_140_678_10,1966-07-13,2025-01-08,Gomes,AP
537,Evelyn,Souza,PF,esouza@gmail.com,(11) 97662-8528,06382475190,1990-06-21,2025-01-09,Santos,AP
621,Sabrina,Duarte,PF,sabrina.duarte@ig.com.br,41993463653,874_653_120_35,1969-01-14,2025-01-09,Costela,GO
958,Ana Cecília,Cardoso,PF,anaceclia_cardoso@yahoo.com.br,+5551921659213,08435716910,1990-09-09,2025-01-09,Fonseca de Casa Grande,SC
1136,Natália,Lopes,PF,natlia.lopes@ig.com.br,+5551912002192,429.603.875-38,1985-03-14,2025-01-09,Montenegro do Campo,PB
1471,Marcela,Carvalho,PF,marcela_carvalho@uol.com.br,+5521973967193,472.096.835-00,1987-06-21,2025-01-09,Mendonça de Vieira,AP
1728,Bryan,Abreu,PF,babreu@gmail.com,+5541924217084,510.794.823-50,1980-12-17,2025-01-09,Guerra de Siqueira,BA
2207,Erick,Viana,PF,erick_viana@ig.con.br,(61) 98359-1026,953_248_167_28,1960-03-11,2025-01-09,da Mata,RS
2757,Augusto,da Mota,PF,augusto.damota@terra.com.br,+5547979239469,042_358_961_05,1976-03-16,2025-01-09,Viana,SE
3062,Emanuelly,das Neves,PF,emanuelly_dasneves@yahoo.com.br,21914984498,276_845_031_62,2004-01-24,2025-01-09,Campos,SE
3397,Pedro,Leão,PF,pedroleo@gmail.com,(11) 94525-6874,01378452607,1964-03-08,2025-01-09,Aparecida do Norte,RO
3400,Bárbara,da Cruz,PF,bdacruz@bol.com.br,,342_917_685_91,2005-03-17,2025-01-09,da Mota das Flores,PR
35,Luiz Fernando,Pires,PF,luizfernando.pires@hotmail.com,+5561912606929,70418295379,1994-08-04,2025-01-10,da Paz dos Dourados,AC
822,Sofia,Aragão,PF,sofiaarago@gmail.com,(31) 96617-1866,538_910_264_98,1977-04-21,2025-01-10,Lima,RR
833,Maria Eduarda,Machado,PF,mariaeduarda.machado@yahoo.com.br,51914938956,731.540.296-99,1984-08-01,2025-01-10,Lima da Prata,ES
908,Pedro Miguel,Albuquerque,PF,pedromiguel_albuquerque@terra.com.br,(31) 97535-3950,168_049_725_11,1961-11-21,2025-01-10,Martins,PA
3494,Cauã,Abreu,PF,alicebrito@hotmail.com,51917929505,38146725937,,2025-01-10,Novaes,SC
605,Helena,Machado,PF,helena83@uol.com.br,(47) 99749-9053,97834102613,,2025-01-11,Pacheco de Carvalho,RN
867,Davi Miguel,Vasconcelos,PF,davimiguelvasconcelos@terra.com.br,(21) 99474-3534,29548013606,1965-10-10,2025-01-11,Castro,PE
2870,Marcos Vinicius,Porto,PF,marcosviniciusporto@outlook.com,(21) 99498-7781,902_843_561_15,1995-05-06,2025-01-11,Vieira,RN
3355,Bruna,das Neves,PF,bruna85@bol.com.br,21987494399,34189570214,1967-01-06,2025-01-11,Nascimento da Prata,MT
681,Freitas Serviços e Distribuidora ME,,PJ,f@empresa.com.br,51929957719,36248019000107,1977-04-19,2025-01-12,Sales do Amparo,AL
1470,Evelyn,da Rosa,PF,evelyn7@outlook.com,+5513910477381,902.548.637-10,1986-05-16,2025-01-12,Novaes,TO
1825,Alice,Silva,PF,alicesilva@outlook.com,+5541946712795,46390815298,1977-12-09,2025-01-12,Pacheco das Flores,AL
2120,Calebe,Oliveira,PF,calebe.oliveira@gmail.com,+5561990719452,261_745_398_73,1962-12-04,2025-01-12,Melo,RN
1343,Otto,da Rocha,PF,ottodarocha@yahoo.com.br,+5541952146268,679.451.382-09,1974-02-08,2025-01-13,Fernandes,MG
2427,Thiago,Rodrigues,PF,thiago_rodrigues@ig.com.br,(41) 97137-7254,576.804.913-48,1961-01-26,2025-01-13,Freitas,AM
593,Correia & Associados ME,,PJ,correiaass@comercio.net.br,(41) 99878-5723,52.170.964/0001-81,1962-07-18,2025-01-14,Moraes do Oeste,AP
1088,Gael,Guerra,PF,felipe.carvalho@uol.com.br,+5547997392363,273_645_980_65,1960-12-12,2025-01-14,Albuquerque,TO
1161,Benjamim,Brito,PF,bbrito@bol.com.br,,647_120_539_25,1984-04-23,2025-01-14,Cassiano de Mendes,TO
1524,Levi,Novais,PF,levinovais@ig.com.br,61965585159,70562849149,2005-06-16,2025-01-14,Garcia do Galho,CE
1800,Moraes Atacado e Tecnologia S/S,,PJ,m@comercio.net.br,,20_657_183_0001_20,1987-09-26,2025-01-14,Moreira,MG
2138,Matteo,Rocha,PF,mrocha@yahoo.com.br,+5561964974905,04931568289,1973-12-12,2025-01-14,Porto do Amparo,AC
2451,Vitor Gabriel,Fogaça,PF,vitorgabrielfogaa@yahoo.com.br,(41) 93311-8750,50249731606,1994-04-02,2025-01-14,Pimenta Alegre,RR
521,Vasconcelos & Lima EIRELI,,PJ,vasconcelo10@comercio.net.br,11990815233,10_694_723_0001_91,1961-01-30,2025-01-15,Costa,MS
2087,Bryan,da Mota,PF,bryan.damota@gmail.com,+5513947153211,158.267.043-90,1959-05-02,2025-01-15,Abreu,MT
2272,Raquel,Ribeiro,PF,raquel.ribeiro@yahoo.com.br,+5551940587220,176.420.593-61,,2025-01-15,Lopes Grande,TO
3095,Alexia,Sá,PF,as@uol.com.br,+5511952191017,960_328_157_30,1982-02-08,2025-01-15,Vieira,SC
3439,Maria Alice,Souza,PF,mariaalicesouza@gmail.com,(31) 94788-6163,401_982_356_15,1983-10-30,2025-01-15,Gomes das Pedras,ES
1941,Valentina,Vargas,PF,valentina38@terra.com.br,(13) 92822-7268,028.934.716-50,1962-04-28,2025-01-16,Cardoso,MS
2242,Leonardo,Gomes,PF,lgomes@gmail.com,+5513937601051,349_215_608_89,,2025-01-16,Andrade do Sul,TO
2321,Vitor Hugo,Cassiano,PF,vitorhugo.cassiano@gmail.com,+5511922347815,209_538_716_30,1959-01-05,2025-01-16,Aparecida dos Dourados,RS
1993,Bella,Lopes,PF,bella32@ig.com.br,13915565284,14963280515,2005-12-21,2025-01-17,Brito,CE
1223,Francisco,Camargo,PF,franciscocamargo@outlook.com,+5561947919843,760.825.439-47,,2025-01-18,Andrade,RS
3376,Alícia,Vargas,PF,alcia.vargas@outlook.com,(13) 99344-7392,609_371_845_00,2008-01-11,2025-01-18,Cavalcanti,SP
3443,Arthur Miguel,da Conceição,PF,adaconceio@gmail.com,,179.324.685-82,1964-11-22,2025-01-18,Monteiro das Pedras,SP
622,Guerra & Pinheiro EIRELI,,PJ,guerrapinh_@empresa.com.br,31995666055,02643715000198,1999-12-24,2025-01-19,Casa Grande,MG
951,Vitor,Monteiro,PF,vitor_monteiro@gmail.com,+5541994882234,78430591214,,2025-01-19,Correia,MG
1117,Maya,Leão,PF,mayaleo@ig.com.br,+5511989247830,836_419_072_50,,2025-01-19,Cirino das Flores,ES
1621,Ana Júlia,Mendonça,PF,amendona@terra.com.br,+5511998008523,316_284_059_70,1965-11-02,2025-01-19,da Mota,GO
3339,Melissa,Aragão,PF,marago@bol.com.br,(31) 99005-9894,907_345_821_88,1986-12-01,2025-01-19,Correia,SP
360,Mariana,Campos,PF,mcampos@gmail.com,61961284110,91805726340,1984-03-13,2025-01-20,Mendonça,PE
1526,Benício,Rodrigues,PF,brodrigues@ig.com.br,47955745155,037.594.186-00,1985-09-04,2025-01-20,da Conceição da Praia,AP
2237,Consultoria Ribeiro S.A.,,PJ,c@empresa.com.br,61954313297,29_158_760_0001_03,1961-04-14,2025-01-20,da Paz da Praia,RJ
2707,Bruna,Andrade,PF,brunaandrade@uol.com.br,,507_941_238_05,1960-07-31,2025-01-20,Campos do Galho,RS
3012,Eduardo,Novais,PF,eduardo_novais@ig.com.br,,124.987.503-04,1965-11-25,2025-01-20,Duarte,MT
2061,João Vitor,Dias,PF,joovitor.dias@terra.com.br,31979902683,360_578_291_40,2008-04-10,2025-01-21,Sampaio da Mata,MG
2294,Diogo,Brito,PF,diogo_brito@hotmail.com,47914425312,63254097106,2000-08-27,2025-01-21,Rodrigues,PI
3452,José Miguel,da Mota,PF,jdamota@ig.com.br,,617_529_043_70,1997-09-08,2025-01-21,Montenegro Verde,RJ
1287,Sistemas Barbosa ME,,PJ,s@comercio.net.br,(51) 96803-5645,14_392_850_0001_97,1960-07-26,2025-01-22,Viana,MG
1764,Mendes Importadora e Atacado S/A,,PJ,mendesimpo.@comercio.net.br,11961453706,65.104.823/0001-02,1971-08-26,2025-01-22,Novais,DF
142,Aurora,Albuquerque,PF,aalbuquerque@yahoo.com.br,+5551961759220,062_817_395_40,1981-06-05,2025-01-23,da Luz de Porto,PB
575,Bento,,PF,bento.@yahoo.com.br,+5561920643920,43506219898,1969-09-21,2025-01-23,da Costa dos Dourados,PR
611,João Miguel,da Mata,PF,joomigueldamata@ig.com.br,,508.324.796-83,1980-09-25,2025-01-23,Oliveira,MS
1333,Cruz Consultoria e Atacado Ltda.,,PJ,cruzconsul_@empresa.com.br,(31) 99570-9540,52930618000154,1989-09-19,2025-01-23,Mendes de da Cunha,RO
2271,Antônio,Marques,PF,amarques@bol.com.br,(61) 99520-1689,081_567_923_86,2000-11-13,2025-01-23,Correia,RS
2695,Maria,Vargas,PF,maria.vargas@hotmail.com,(61) 99009-5939,045_936_827_38,1966-12-03,2025-01-23,Oliveira Grande,MS
392,Beatriz,Aragão,PF,barago@yahoo.com.br,47984034785,657_432_091_70,,2025-01-24,Campos de Nogueira,PE
770,Cunha & Fernandes ME,,PJ,cunhaferna_@comercio.net.br,31948635161,72916840000100,1970-10-23,2025-01-24,Sales de da Paz,RO
1292,Lunna,Vargas,PF,lunna.vargas@bol.com.br,+5571911593773,453_972_068_65,1970-09-10,2025-01-24,Siqueira Grande,SP
1465,Soares & Associados ME,,PJ,s@empresa.com.br,(61) 98497-4313,28.316.975/0001-42,1997-07-10,2025-01-24,Andrade de Campos,PR
2617,Maya,Vieira,PF,maya.vieira@bol.com.br,,46105978375,2006-08-09,2025-01-24,Andrade de Pereira,DF
3390,Serviços Saraiva ME,,PJ,s@comercio.net.br,+5561934488154,95_724_081_0001_89,1986-07-31,2025-01-24,Azevedo,SC
436,Rael,Farias,PF,raelfarias@gmail.com,13979787635,845.069.132-05,1979-07-25,2025-01-25,Lopes da Praia,PE
488,Gabriel,Nunes,PF,gabriel.nunes@ig.com.br,,54098362783,,2025-01-25,Moraes,MA
996,Antony,da Conceição,PF,ian_nogueira@yahoo.com.br,,072.958.164-02,1979-08-02,2025-01-25,Melo,PB
2517,Atacado Ferreira S.A.,,PJ,a@comercio.net.br,71992011977,64_290_175_0001_63,1983-02-21,2025-01-25,Cavalcanti,PE
2703,Asafe,Gomes,PF,agomes@ig.com.br,47973639943,680.391.527-12,1971-06-02,2025-01-25,da Luz Alegre,AL
3240,Isabel,Araújo,PF,gpires@hotmail.com,+5547958517245,413.257.690-61,1964-01-24,2025-01-25,Nunes de Sales,RJ
12,Nathan,Gomes,PF,henrique.farias@hotmail.com,(13) 96203-3615,742_586_391_09,1982-07-13,2025-01-26,Duarte de Gonçalves,MA
31,Bruna,da Mota,PF,brunadamota@yahoo.com.br,61981208868,237.895.041-14,1972-07-05,2025-01-26,Costela,RN
143,Isaac,Freitas,PF,ifreitas@bol.com.br,(71) 96874-1741,63185790448,1982-06-18,2025-01-26,Costa de Lima,MS
1754,Ian,Jesus,PF,ijesus@terra.com.br,,315_864_927_64,1967-10-29,2025-01-26,da Mata,ES
2822,Pedro Lucas,Jesus,PF,pedrolucas_jesus@outlook.com,(41) 95144-8397,73826015444,1977-04-14,2025-01-26,Moreira do Sul,SC
3022,Emanuel,da Cruz,PF,emanuel.dacruz@ig.com.br,41936505415,173.560.492-52,,2025-01-26,Fogaça,SP
3242,Ana Julia,Azevedo,PF,anajuliaazevedo@ig.com.br,+5531912767795,908_136_472_31,1986-02-01,2025-01-26,Borges,CE
887,Breno,Nogueira,PF,breno.nogueira@bol.com.br,(41) 98162-3804,819_420_536_06,1995-12-25,2025-01-27,Fogaça de Minas,PA
1338,Hellena,Lima,PF,hlima@bol.com.br,+5521946485303,193.670.452-80,2000-06-07,2025-01-27,Lima,PE
1782,Cecília,Silva,PF,csilva@uol.com.br,47926382130,321.059.687-59,1956-04-14,2025-01-28,Caldeira,MT
1865,Vicente,Barros,PF,vicente.barros@hotmail.com,(41) 94498-2694,329.651.078-86,1978-01-25,2025-01-28,Siqueira do Campo,RO
2038,Eduarda,Oliveira,PF,eduardaoliveira@gmail.com,+5561967063094,605_987_132_12,1973-06-14,2025-01-28,Silveira de Nunes,PB
2255,Mariane,Fogaça,PF,mfogaa@gmail.com,,152.790.648-58,1999-05-21,2025-01-28,Lopes,PI
370,Thiago,Borges,PF,thiago_borges@hotmail.com,21962608076,520_648_139_42,1985-02-11,2025-01-29,Ramos de Fonseca,GO
862,Letícia,da Costa,PF,letcia2@terra.com.br,+5511967696207,670.194.235-07,1960-11-08,2025-01-29,Camargo,SP
2591,Enrico,Aparecida,PF,enricoaparecida@outlook.com,(31) 97691-1012,613.804.729-03,2005-07-22,2025-01-29,Camargo Grande,PA
2883,Joana,Teixeira,PF,joana_teixeira@outlook.com,+5511950561109,24716598020,2005-07-08,2025-01-29,Almeida,AM
99,Sofia,Brito,PF,sofia48@yahoo.com.br,71995269693,50823796159,2004-08-01,2025-01-30,da Mota da Mata,GO
865,Cecilia,da Mata,PF,cecilia.damata@ig.com.br,,321.486.950-70,1964-10-22,2025-01-30,Siqueira,BA
1657,Ana Liz,Barros,PF,analizbarros@gmail.com,51914259110,958_103_724_14,1987-07-15,2025-01-30,Melo,TO
2558,Freitas & Pacheco S.A.,,PJ,freitaspac.@comercio.net.br,+5547978738625,41.563.027/0001-70,,2025-01-30,da Luz do Sul,ES
3159,Maria Eduarda,Novaes,PF,mariaeduarda.novaes@gmail.com,(47) 96214-7590,05423791634,1966-04-21,2025-01-30,Moraes,RN
334,Comércio Silva S.A.,,PJ,c@comercio.net.br,,21_034_957_0001_29,1969-01-14,2025-01-31,Siqueira do Norte,PE
337,Felipe,Duarte,PF,felipeduarte@terra.com.br,(47) 95884-6928,39417520652,1964-08-05,2025-01-31,Vasconcelos Verde,RN
896,Lorenzo,Marques,PF,lorenzo40@hotmail.com,71974357187,50341982660,1993-11-25,2025-01-31,Nascimento dos Dourados,PE
1093,Rafaela,Jesus,PF,rafaela_jesus@gmail.com,41951471908,150.963.742-70,,2025-01-31,Rios de Goiás,RN
2048,Aylla,Albuquerque,PF,aylla85@ig.com.br,+5551975854952,821_405_693_42,1981-02-05,2025-01-31,Novais Verde,DF
2351,Kamilly,da Cunha,PF,hpereira@hotmail.com,11954719367,915_276_304_80,1990-06-25,2025-01-31,Pires da Prata,RO
3154,Maria Alice,Cardoso,PF,mariaalice_cardoso@hotmail.com,(71) 91035-5522,08967324103,1977-10-27,2025-01-31,Aparecida de Jesus,DF
1269,Ana Lívia,Aragão,PF,analviaarago@gmail.com,+5521946246309,729_508_361_86,1979-02-04,2025-02-01,Almeida do Oeste,ES
2377,Lucas,,PF,lucas.@yahoo.com.br,+5561935329682,18950423723,1997-09-17,2025-02-01,Cunha de Gonçalves,AP
2623,Maria Eduarda,Vargas,PF,mariaeduardavargas@yahoo.com.br,+5541967681057,596.278.413-82,1986-09-04,2025-02-01,Jesus,AP
3342,Isabelly,Guerra,PF,isabelly.guerra@hotmail.com,(31) 97936-8700,508.123.469-98,1988-04-24,2025-02-01,Santos de Carvalho,PB
942,Melina,Marques,PF,melinamarques@hotmail.com,(71) 96736-9313,081_935_476_75,,2025-02-02,Vieira de Vargas,PI
1125,Sophia,Sousa,PF,sophiasousa@uol.com.br,+5521910757820,716.384.250-35,1970-07-16,2025-02-02,da Costa dos Dourados,AC
2256,Benicio,Camargo,PF,beniciocamargo@yahoo.com.br,(41) 94491-3700,24359701616,2005-07-24,2025-02-02,Sousa,BA
2520,Luiz Otávio,Melo,PF,lmelo@ig.com.br,(21) 97154-5436,50294678158,1968-01-30,2025-02-02,Macedo Alegre,DF
1632,Maria Alice,Rocha,PF,mariaalice96@yahoo.com.br,,458_623_710_44,,2025-02-03,Santos,RR
2032,Augusto,Marques,PF,jmarques@outlook.com,+5521923751878,761_438_950_66,,2025-02-03,da Conceição Verde,BA
3245,Clara,Pinto,PF,clarapinto@bol.com.br,(71) 92622-3393,204.659.378-29,2007-12-20,2025-02-03,Cassiano de Borges,SP
918,Luiz Otávio,Moreira,PF,luizotvio_moreira@yahoo.com.br,(71) 92859-6858,81407395297,1967-07-15,2025-02-04,das Neves,MA
1065,Gustavo Henrique,Barbosa,PF,gustavohenriquebarbosa@outlook.com,51910853140,981_035_472_04,1999-09-20,2025-02-04,Viana Paulista,MA
1305,Vitor Hugo,Montenegro,PF,vitorhugo.montenegro@hotmail.com,,359.842.071-41,1978-05-15,2025-02-04,Aparecida das Flores,RN
1317,Ian,Viana,PF,ian_viana@yahoo.com.br,41920985809,795.326.410-25,2003-07-07,2025-02-04,Souza,PI
1365,João Pedro,Martins,PF,joopedro_martins@uol.com.br,(13) 94388-3011,920.781.345-97,1985-12-05,2025-02-04,Santos,RN
48,Andrade & Associados S.A.,,PJ,andradeass48@comercio.net.br,47942804590,35.648.021/0001-00,1967-04-03,2025-02-05,Teixeira,SC
50,Gabrielly,Pereira,PF,gabrielly_pereira@terra.com.br,11964701966,592.731.604-25,1961-03-15,2025-02-05,Sampaio de Castro,DF
618,Vargas & Nascimento EI,,PJ,vargasnasc_@empresa.com.br,13991123155,56.017.298/0001-05,1958-09-18,2025-02-05,Porto,DF
674,Alexandre,Cirino,PF,alexandre_cirino@yahoo.com.br,13961896428,70632451980,,2025-02-05,Rezende da Serra,PA
744,Anthony,Correia,PF,acorreia@hotmail.com,(61) 97395-1006,317.529.804-41,1986-08-24,2025-02-05,da Cunha,AC
1255,Maria,das Neves,PF,mdasneves@gmail.com,+5571996379375,317_684_259_73,,2025-02-05,Lima Alegre,DF
2563,Ana Julia,Freitas,PF,anajuliafreitas@terra.com.br,,841_367_950_84,1961-12-19,2025-02-05,Duarte Verde,SC
802,Daniela,Lopes,PF,danielalopes@gmail.com,(11) 92483-5069,158.062.937-77,1956-11-26,2025-02-06,Moraes,RN
1784,Maria Clara,da Mota,PF,mariaclara11@gmail.com,13920848116,516.872.940-11,1964-06-07,2025-02-06,Ramos,MT
1952,Rafaela,Pires,PF,rafaelapires@bol.com.br,13918827059,49682075300,1963-11-11,2025-02-06,Pires,MT
3177,Tecnologia Vargas Ltda.,,PJ,tecnologia.@comercio.net.br,+5561947893273,76825340000113,1982-12-06,2025-02-06,Novaes de Goiás,RJ
150,Catarina,Souza,PF,catarina57@yahoo.com.br,+5513934423538,684_013_957_39,1977-03-20,2025-02-07,Ferreira de Nogueira,MS
424,Sophia,Sampaio,PF,ssampaio@terra.com.br,13941846893,342_170_598_41,1959-01-28,2025-02-07,Caldeira de Azevedo,AC
1180,Luara,Azevedo,PF,luara79@hotmail.com,61999587364,730.186.295-40,1964-07-09,2025-02-07,Borges,PE
2260,Kamilly,Ribeiro,PF,kamilly.ribeiro@yahoo.com.br,47938655081,927.456.081-85,,2025-02-07,Melo do Amparo,RJ
95,Maria Julia,Castro,PF,mcastro@terra.com.br,41972554218,531_890_274_04,2002-12-15,2025-02-08,Viana da Prata,DF
146,Cauã,Rezende,PF,cau.rezende@hotmail.com,31927559780,01859324797,2002-07-31,2025-02-08,Alves,PB
261,Natália,Borges,PF,natlia_borges@outlook.com,(31) 99086-2938,580_216_479_49,1968-08-26,2025-02-08,Pastor Grande,SE
2331,Ágatha,Cardoso,PF,gatha.cardoso@yahoo.con.br,+5521983667093,859.274.360-56,1998-08-27,2025-02-08,Silva de Minas,PE
589,Gustavo,Castro,PF,gpires@hotmail.com,(11) 94404-3099,524_897_160_85,1998-02-27,2025-02-09,Almeida,BA
755,Maria Isis,Novais,PF,mnovais@terra.com.br,(71) 96942-6176,52736409116,1973-08-29,2025-02-09,Nogueira do Campo,PI
892,Pedro Henrique,Sampaio,PF,pedrohenriquesampaio@bol.com.br,+5547954399562,403_816_952_98,,2025-02-09,Viana,MS
1695,Luísa,das Neves,PF,lusa.dasneves@bol.com.br,13966457776,987.652.341-46,1984-05-24,2025-02-10,Oliveira,BA
1848,Arthur Miguel,Sá,PF,as@terra.com.br,13938708816,843.910.576-20,1980-07-28,2025-02-10,Duarte,RJ
2577,Ana Beatriz,Cardoso,PF,anabeatriz96@hotmail.com,(71) 94440-4539,45139876264,1972-04-21,2025-02-10,da Mata de Pinto,RN
2796,Benjamim,Pereira,PF,bpereira@outlook.com,,70215438671,,2025-02-10,Silva,BA
3089,Carvalho Tecnologia e Sistemas ME,,PJ,carvalhote.@comercio.net.br,(51) 99039-6390,51.926.734/0001-37,1987-02-28,2025-02-10,da Cruz das Flores,PI
330,Asafe,da Conceição,PF,asafedaconceio@outlook.com,(61) 96274-4034,679.184.520-11,1963-02-07,2025-02-11,Cassiano das Pedras,MG
749,Maria Sophia,Casa Grande,PF,mariasophia.casagrande@yahoo.com.br,(31) 94600-2131,912_540_368_06,1969-03-16,2025-02-11,Lopes,DF
863,Luiz Otávio,Farias,PF,luizotviofarias@bol.com.br,61985222003,51203648707,1985-06-14,2025-02-11,Rocha,PA
884,Lucas,da Rosa,PF,ldarosa@ig.com.br,+5547980518670,135.496.870-01,1976-03-31,2025-02-11,Duarte da Praia,SP
1916,Ferreira & Pinto S.A.,,PJ,ferreirapi@comercio.net.br,71927405549,91086327000183,1970-08-30,2025-02-11,Ferreira,AL
241,Gabrielly,Peixoto,PF,gabrielly65@hotmail.com,61923724040,254_108_379_32,,2025-02-12,Borges de Goiás,SP
403,Mirella,Pastor,PF,mirella4@outlook.com,+5511923809732,30598241779,2002-07-13,2025-02-12,Costa do Oeste,DF
637,Cauã,Almeida,PF,cau.almeida@gmail.con,,260.947.351-61,,2025-02-12,Camargo,RO
1484,Cardoso Consultoria e Serviços S/S,,PJ,cardosocon70@empresa.com.br,(51) 95576-8533,62_431_078_0001_18,1966-01-10,2025-02-12,Brito de Nascimento,SC
1717,Benjamim,Cavalcante,PF,benjamim_cavalcante@hotmail.com,(61) 98176-5562,634.810.579-20,,2025-02-12,da Costa,ES
1949,Isabelly,Cunha,PF,isabelly_cunha@hotmail.com,47969042723,497.830.615-93,1965-03-07,2025-02-12,Borges de Farias,TO
3341,Sophie,Duarte,PF,sophieduarte@hotmail.com,,40975286374,1980-07-11,2025-02-12,Leão do Sul,AL
3381,Ravi Lucca,Cardoso,PF,ravilucca84@gmail.com,(61) 94588-8881,950_136_247_70,1994-11-14,2025-02-12,da Rocha da Serra,PE
214,Ísis,Rios,PF,sis1@outlook.com,+5561972581456,396_051_428_05,1982-08-22,2025-02-13,Mendes,ES
2992,Isaque,das Neves,PF,isaque8@yahoo.com.br,(31) 98225-7328,07483691557,1964-05-23,2025-02-13,Costa do Oeste,PI
396,Caleb,,PF,caleb@ig.com.br,61990744042,10265874335,1986-06-08,2025-02-14,Rodrigues,AP
1044,Gael,Moura,PF,gaelmoura@ig.com.br,,61805273930,1978-08-18,2025-02-14,Almeida da Mata,BA
1723,Gustavo Henrique,Caldeira,PF,gustavohenriquecaldeira@yahoo.com.br,(51) 94793-9196,10259487694,1998-07-16,2025-02-14,das Neves Paulista,MS
3182,Bruna,da Rocha,PF,bruna.darocha@ig.com.br,+5521996895133,735.012.496-16,2004-01-11,2025-02-14,Siqueira,AM
3464,Lucas Gabriel,,PF,lucasgabriel.@terra.com.br,61946206397,06742981369,2005-09-16,2025-02-14,Cavalcanti da Praia,MA
295,Gabriela,Monteiro,PF,gabriela_monteiro@hotmail.com,(61) 94189-5617,192.384.670-13,1967-07-15,2025-02-15,Lima,PE
417,Sabrina,Casa Grande,PF,sabrina.casagrande@uol.com.br,(47) 98627-5154,674_198_320_13,1991-05-14,2025-02-15,da Conceição Paulista,PA
765,Rodrigues & Vargas EIRELI,,PJ,rodriguesv_@empresa.com.br,+5551946439444,27_301_489_0001_98,,2025-02-15,Duarte,AM
1303,Luara,Sampaio,PF,luara.sampaio@uol.com.br,11942996250,95207841602,1991-05-23,2025-02-15,Oliveira,AC
1654,Correia Serviços e Sistemas EPP,,PJ,correiaser@comercio.net.br,47925504296,73_128_965_0001_38,1970-06-15,2025-02-15,Barbosa Paulista,SP
924,Arthur,Gomes,PF,mariah47@hotmail.com,61922401633,261.975.034-25,1974-05-19,2025-02-16,Costa Alegre,MG
2685,Maria Clara,Vieira,PF,mariaclara2@hotmail.com,(41) 95816-6339,746_912_083_13,1983-04-11,2025-02-16,Silveira da Praia,PR
277,Théo,da Paz,PF,thodapaz@uol.com.br,+5531963579342,79081364510,1985-08-18,2025-02-17,da Cruz do Oeste,RO
733,João Gabriel,Carvalho,PF,joogabriel.carvalho@ig.com.br,(21) 92705-6985,932.675.480-47,1973-04-27,2025-02-17,Cardoso,PB
796,Eloah,Martins,PF,emartins@outlook.com,+5561985263620,51697804276,,2025-02-17,Albuquerque de Andrade,PB
1194,Ana,Araújo,PF,ana_arajo@outlook.com,(71) 91511-4355,21063845726,1983-03-17,2025-02-17,Cunha do Galho,GO
1203,João Pedro,Teixeira,PF,joopedro3@terra.com.br,61951007840,375_682_491_82,1958-05-21,2025-02-17,Caldeira,PB
1491,Maysa,Lima,PF,maysa.lima@outlook.com,(11) 94344-5430,10475239652,1960-10-19,2025-02-17,Pereira,CE
2011,Otto,Novaes,PF,otto76@terra.com.br,+5513973902438,15372408979,1967-05-23,2025-02-17,Barros,RJ
3371,Vinicius,Pinto,PF,vinicius.pinto@outlook.com,(47) 94961-8814,25641397016,1984-11-20,2025-02-17,Marques do Galho,RR
1372,Natália,Gonçalves,PF,benicio_sousa@hotmail.com,(71) 93528-4835,59103762416,,2025-02-18,Viana,RS
1891,Theo,Alves,PF,theoalves@outlook.com,71948163333,427.615.809-58,,2025-02-18,Nascimento,PR
1909,Tecnologia Silveira Ltda.,,PJ,tecnologia@comercio.net.br,11999022318,53.162.708/0001-05,,2025-02-18,da Rosa,PR
2503,Lara,Almeida,PF,laraalmeida@ig.com.br,51930538328,60423581970,1976-11-05,2025-02-18,Camargo de Andrade,MT
2521,Thales,Rodrigues,PF,thales.rodrigues@ig.com.br,+5561977506818,187.640.253-90,2001-05-28,2025-02-18,Sampaio,AL
2805,Martins Importadora e Comércio S/A,,PJ,martinsimp_@comercio.net.br,+5547942628218,15_048_926_0001_24,,2025-02-18,Fernandes dos Dourados,CE
2892,Maria Liz,Gonçalves,PF,marializ.gonalves@uol.com.br,(31) 94971-9399,936_471_052_52,1976-11-22,2025-02-18,Ferreira,ES
411,Luísa,Caldeira,PF,lusa46@terra.com.br,,270_631_984_40,1958-10-15,2025-02-19,Souza,PE
821,Valentina,Pacheco,PF,valentina97@bol.com.br,47919584455,534_970_268_83,1972-10-01,2025-02-19,Vieira,GO
981,Informática Vasconcelos S/S,,PJ,informtica@empresa.com.br,(21) 95468-5955,02_695_384_0001_30,1991-09-26,2025-02-19,Cunha,PE
2457,Danilo,Gomes,PF,dgomes@hotmail.com,+5547996459198,206.847.539-10,1981-10-22,2025-02-19,Guerra,PR
3479,Ester,Machado,PF,ester.machado@terra.com.br,(51) 95213-6691,832_456_097_10,1965-02-15,2025-02-19,Freitas,PI
190,Apollo,da Paz,PF,adapaz@terra.com.br,31925024624,456_903_281_89,2005-02-17,2025-02-20,Barros,RR
415,Stephany,Carvalho,PF,stephany75@yahoo.com.br,+5541925774973,830.725.614-35,1990-01-11,2025-02-20,Cavalcanti do Sul,DF
1599,Lima & Associados S/A,,PJ,limaassoci@empresa.com.br,61921594880,37.468.512/0001-97,2007-09-17,2025-02-20,Novaes das Flores,SP
3036,Stephany,da Cruz,PF,sdacruz@hotmail.com,(11) 95382-2467,567.189.042-01,,2025-02-20,Teixeira da Serra,RR
198,Eloá,Moraes,PF,mariahelena_alves@yahoo.com.br,,629.135.748-82,1997-12-02,2025-02-21,Rodrigues do Sul,RJ
320,Elisa,da Luz,PF,elisa.daluz@yahoo.com.br,47953846131,158_309_724_41,2002-08-07,2025-02-21,Albuquerque,RS
536,Erick,Montenegro,PF,erick_montenegro@outlook.com,13960079828,751_938_206_03,1999-05-01,2025-02-21,Cardoso,RN
682,Natália,Macedo,PF,natlia.macedo@bol.com.br,11919557409,562.041.389-60,1979-03-05,2025-02-21,Farias de Peixoto,SE
2065,Ana Luiza,Pastor,PF,analuiza_pastor@yahoo.com.br,+5541967875659,19805364224,1974-03-16,2025-02-21,Nascimento,SP
2735,João Felipe,Fonseca,PF,joofelipe.fonseca@hotmail.com,(21) 96533-5516,475.391.860-20,1986-05-30,2025-02-21,Pinto do Campo,MT
115,Maria Luiza,Fernandes,PF,marialuiza27@outlook.com,(11) 99927-5228,96201487549,1972-05-08,2025-02-22,da Paz,SP
428,Arthur Gabriel,Jesus,PF,ajesus@terra.com.br,71947762590,63582910415,1989-11-26,2025-02-22,Fogaça da Serra,DF
738,Liz,Nascimento,PF,liznascimento@yahoo.com.br,+5561932002344,748.659.302-56,1996-12-23,2025-02-22,da Mata,RN
2417,Felipe,Cavalcante,PF,felipe66@outlook.com,+5521951029464,847_095_231_50,1983-03-09,2025-02-22,da Cruz de Moraes,AP
3350,Maria Isis,Pereira,PF,mariaisis53@ig.com.br,(47) 98782-9246,619_347_508_75,1969-01-26,2025-02-22,Fernandes,AP
1725,Garcia Sistemas e Comércio EIRELI,,PJ,garciasist_@empresa.com.br,+5531937157266,30_549_728_0001_38,1956-06-05,2025-02-23,Camargo,MG
1988,Aurora,Garcia,PF,auroragarcia@outlook.com,+5561962833574,96132574034,,2025-02-23,Cavalcanti de Minas,SP
2900,Maria Luísa,Novaes,PF,marialusa.novaes@bol.com.br,(47) 93982-6512,90756284120,1971-07-07,2025-02-23,Vieira,AL
3444,Barbosa Importadora e Informática S/S,,PJ,b@comercio.net.br,71927673541,95_806_314_0001_92,1965-02-07,2025-02-23,Costela dos Dourados,PI
83,Rhavi,Araújo,PF,rhaviarajo@outlook.con,51984841318,719_064_532_25,1972-02-22,2025-02-24,da Rocha de Pimenta,RJ
2874,Jesus & Associados Ltda.,,PJ,j@empresa.com.br,+5541991291404,29836504000128,,2025-02-24,Costela de Sousa,PB
3481,Leandro,Moraes,PF,leandro30@gmail.com,11969306975,081.632.954-06,2002-05-30,2025-02-24,Rocha,RS
894,Asafe,Silveira,PF,asilveira@hotmail.com,(13) 99722-5325,39016574875,,2025-02-25,Siqueira do Campo,MS
1080,Elisa,Aragão,PF,elisa72@ig.com.br,+5547989999125,98513647039,1960-01-28,2025-02-25,da Luz do Norte,SP
1497,Joaquim,Ramos,PF,jramos@ig.com.br,+5521959791640,358_074_269_83,1967-04-26,2025-02-25,Novais,TO
2663,Lunna,,PF,l@hotmail.com,41931107348,631_829_457_00,1985-04-01,2025-02-25,Castro,RO
2880,Oliver,Nogueira,PF,oliver.nogueira@uol.con.br,(31) 92461-9657,725.986.043-00,,2025-02-25,da Costa do Galho,PE
3011,Alícia,da Costa,PF,alcia49@bol.com.br,21945046304,86519270458,1960-07-18,2025-02-25,Peixoto,SP
15,Camila,Novaes,PF,cnovaes@outlook.com,21995676402,574_836_219_82,1976-03-02,2025-02-27,Silveira,DF
284,Ágatha,Vieira,PF,gathavieira@outlook.com,(61) 95586-1522,042_951_378_04,1969-02-13,2025-02-27,Leão dos Dourados,PE
315,Ana Cecília,Cavalcante,PF,anaceclia.cavalcante@bol.com.br,(13) 99155-5613,03719624803,1986-10-12,2025-02-27,Carvalho Alegre,SP
795,Danilo,Albuquerque,PF,danilo78@yahoo.com.br,,158.307.926-21,1959-04-26,2025-02-27,Santos,SC
1914,Gustavo Henrique,Alves,PF,gustavohenrique.alves@bol.com.br,+5551956497220,534_106_892_06,1991-12-19,2025-02-27,Sousa de Pacheco,RO
2475,Igor,Fernandes,PF,ifernandes@outlook.com,+5547910645857,102.835.976-40,1962-04-18,2025-02-27,Martins do Norte,RR
961,Milena,Cirino,PF,milenacirino@hotmail.com,+5513919562699,87901652330,1985-07-10,2025-02-28,da Paz do Sul,ES
2949,Júlia,da Paz,PF,jlia.dapaz@hotmail.com,11960893225,791_306_825_68,1983-08-08,2025-02-28,Borges,GO
3013,Camila,Vargas,PF,camila.vargas@hotmail.com,(51) 93915-5189,26057498356,,2025-02-28,Nascimento,ES
614,Agatha,Araújo,PF,agatha97@bol.com.br,(31) 99940-3401,34178096222,1982-08-12,2025-03-01,das Neves do Amparo,SP
657,Lívia,Nogueira,PF,lvia56@uol.com.br,,896.521.730-02,2008-04-05,2025-03-01,Sales do Amparo,PE
1412,Isaque,Nunes,PF,isaque.nunes@terra.com.br,+5511985515059,62453870947,1961-09-02,2025-03-01,Cunha de Santos,RN
634,Isabelly,Andrade,PF,isabelly_andrade@ig.com.br,+5531916306098,923_478_056_65,1965-01-18,2025-03-02,Camargo das Flores,RN
1701,Camila,Lima,PF,clima@hotmail.com,(31) 91062-8559,640_153_789_20,1999-01-25,2025-03-02,Cardoso,PB
1084,Ana Vitória,das Neves,PF,adasneves@uol.com.br,,18240653960,1994-01-28,2025-03-03,Silveira de Lopes,PE
2637,Joaquim,Moraes,PF,joaquim_moraes@yahoo.com.br,(11) 97163-6304,52486103970,1999-06-30,2025-03-03,Farias Alegre,MA
2688,Informática Soares S/S,,PJ,informtica@empresa.com.br,11994316032,53_184_067_0001_90,,2025-03-03,Rodrigues,PE
3389,Mariah,Albuquerque,PF,mariahalbuquerque@bol.com.br,+5571950795150,69735210886,1962-08-15,2025-03-03,Alves,MT
538,Rael,Andrade,PF,randrade@bol.com.br,+5571945868651,263_498_750_10,1981-10-22,2025-03-04,Montenegro,BA
1127,Maya,Lima,PF,maya_lima@yahoo.com.br,(11) 93394-6603,10764825380,1980-04-01,2025-03-04,Caldeira de Guerra,GO
1315,Esther,Peixoto,PF,esther.peixoto@bol.com.br,(13) 92001-3725,214.850.763-07,1997-08-28,2025-03-04,Correia,AM
1641,Lucas Gabriel,Mendonça,PF,lucasgabriel41@outlook.com,13963523669,74215963800,2005-04-17,2025-03-04,Silveira de Souza,AC
1921,Giovanna,Casa Grande,PF,giovanna.casagrande@hotmail.com,+5541940356785,149_760_582_20,1992-11-25,2025-03-04,Brito,RR
75,Joaquim,,PF,joaquim_@outlook.com,,81967243573,1987-07-13,2025-03-05,Silva dos Dourados,RS
225,Fernandes & Duarte S.A.,,PJ,fernandesd10@comercio.net.br,(31) 91797-9929,54603197000182,1995-07-05,2025-03-05,Duarte,RS
270,Leandro,Albuquerque,PF,leandroalbuquerque@terra.com.br,21985509645,948.320.617-04,2001-11-28,2025-03-05,Cavalcante,AP
903,Davi,Silveira,PF,davi.silveira@ig.com.br,+5551918886242,291_605_743_99,1990-10-27,2025-03-05,Fogaça de Siqueira,RS
2297,Amanda,da Rocha,PF,amanda_darocha@yahoo.com.br,(31) 95961-3997,624.573.189-55,1970-02-09,2025-03-05,da Luz,GO
2548,Machado & Teixeira S.A.,,PJ,machadotei8@empresa.com.br,+5521917081305,24.873.016/0001-77,1998-10-30,2025-03-05,Guerra,AC
2582,Ayla,Câmara,PF,ayla_cmara@outlook.com,+5561920763791,281.734.590-88,2006-07-08,2025-03-05,Aragão,AC
3092,Ana Júlia,Silveira,PF,anajlia11@ig.com.br,71918303683,649.271.358-37,,2025-03-05,Cunha da Praia,RS
86,Cardoso & Associados ME,,PJ,c@empresa.com.br,,89.402.763/0001-72,1970-10-12,2025-03-06,Silva Verde,SP
2224,Evelyn,Freitas,PF,evelyn.freitas@uol.com.br,+5551935348199,921_548_706_94,,2025-03-06,Montenegro,PI
2597,Leonardo,Jesus,PF,leonardo_jesus@uol.com.br,71929681818,459_027_863_47,1958-11-13,2025-03-06,da Luz,AC
2767,Noah,Brito,PF,noahbrito@uol.com.br,+5551974273884,04981536224,2006-06-17,2025-03-06,Jesus,DF
3023,Anna Liz,Araújo,PF,annaliz.arajo@hotmail.com,+5513916255197,48592170397,1974-01-26,2025-03-06,Sousa,AL
3288,Luiz Fernando,Abreu,PF,labreu@uol.com.br,61972021017,791.654.823-28,1996-05-06,2025-03-06,Borges das Flores,BA
3308,Lima Comércio e Distribuidora EPP,,PJ,limacomrci_@comercio.net.br,41980782064,29804756000175,1972-03-16,2025-03-06,da Paz da Mata,RO
343,Maria Luiza,Lima,PF,marialuiza_lima@terra.com.br,51958812091,64053789184,2006-07-31,2025-03-07,Aragão,AM
465,Emanuella,Souza,PF,emanuella_souza@hotmail.com,+5513977549056,698.203.541-70,1990-06-10,2025-03-07,da Mata do Sul,MT
1382,Manuela,Campos,PF,manuelacampos@outlook.com,(31) 97643-1549,50978132432,1956-11-25,2025-03-07,Nunes,PR
1627,Camila,Cavalcante,PF,camila36@yahoo.com.br,(51) 99412-2261,09835627177,2002-07-02,2025-03-07,Jesus,RN
1682,Maria Vitória,Sampaio,PF,mariavitriasampaio@uol.com.br,(51) 94692-8496,790_162_458_20,1959-02-20,2025-03-07,Duarte Alegre,SC
1987,Gustavo,Machado,PF,gustavo_machado@terra.com.br,(47) 99730-4059,178_526_934_82,2002-10-10,2025-03-07,Pinto de Sá,PR
2129,Letícia,Costela,PF,letcia_costela@outlook.com,47959164085,810.947.625-20,1969-04-25,2025-03-07,Cavalcanti do Oeste,GO
3471,Informática Ferreira S/A,,PJ,informtica_@comercio.net.br,,10_859_723_0001_02,1971-02-04,2025-03-07,Albuquerque,RS
1734,Sarah,da Mata,PF,sdamata@terra.com.br,,05839674184,1962-02-01,2025-03-08,Oliveira do Campo,AP
2445,Maria Liz,Rodrigues,PF,marializrodrigues@bol.com.br,(51) 93168-2946,239.475.601-25,2003-07-17,2025-03-08,Pinto,PI
2511,Davi Lucca,Pacheco,PF,davilucca.pacheco@yahoo.com.br,,249_701_683_69,2002-05-17,2025-03-08,Cavalcanti,ES
422,Laura,Cunha,PF,lauracunha@terra.com.br,,923_481_076_78,1999-04-22,2025-03-09,Castro Paulista,AC
751,Isabelly,Silveira,PF,isabelly_silveira@gmail.com,61995428557,142.896.570-01,,2025-03-09,Moreira Paulista,DF
1137,Isabela,Borges,PF,iborges@bol.com.br,21957763383,830_467_295_29,1960-04-01,2025-03-09,Costela do Amparo,PI
1204,Melissa,Brito,PF,melissabrito@hotmail.com,+5521958315837,27465801958,1958-01-01,2025-03-09,Viana,CE
1630,Arthur Gabriel,Silva,PF,arthurgabrielsilva@ig.com.br,71929582230,761.403.892-40,1974-02-03,2025-03-09,Duarte de Siqueira,AM
3320,Vasconcelos Importadora e Distribuidora EI,,PJ,v@empresa.com.br,61957126527,16203845000114,1973-10-17,2025-03-09,Souza da Prata,RJ
582,Miguel,Aragão,PF,miguel84@outlook.com,+5513930215818,194_653_802_70,1990-12-10,2025-03-10,Freitas,AP
1052,Guilherme,Novaes,PF,guilherme_novaes@hotmail.com,21964129707,628.309.417-13,2007-05-17,2025-03-10,Peixoto Grande,RS
1291,Laís,da Costa,PF,ldacosta@terra.com.br,61944729893,94536728074,1979-10-17,2025-03-10,Azevedo,DF
1314,Pietro,Moreira,PF,pietro.moreira@yahoo.com.br,+5513996031568,376.108.425-08,1979-01-25,2025-03-10,Farias Verde,PB
1646,Fernando,Machado,PF,fernandomachado@yahoo.com.br,+5571934712967,256_493_701_25,1974-08-03,2025-03-10,Brito do Galho,RR
2515,Maya,Freitas,PF,mayafreitas@bol.com.br,51972898131,513_729_064_52,1973-11-28,2025-03-10,da Rocha da Mata,MS
2640,Vitor Hugo,Marques,PF,vitorhugo.marques@bol.com.br,(41) 95352-5976,605.398.147-84,1967-08-29,2025-03-10,Nascimento,RR
2039,Mathias,Silveira,PF,mathiassilveira@outlook.com,(41) 97053-6417,417_832_560_44,1956-05-27,2025-03-11,Cavalcanti da Serra,BA
2146,Calebe,Monteiro,PF,calebe_monteiro@hotmail.com,+5551933491528,80392746565,,2025-03-11,Lima do Norte,TO
3030,Apollo,Moreira,PF,apollo_moreira@gmail.com,51986587011,684.137.209-31,1996-02-26,2025-03-11,Carvalho,MG
42,Silva & Associados ME,,PJ,silvaassoc@empresa.com.br,+5521927045813,62.317.058/0001-10,1986-10-27,2025-03-12,Fonseca de Silveira,RR
93,Pinheiro & Ribeiro ME,,PJ,pinheirori.@empresa.com.br,+5571964191183,30.892.146/0001-50,2007-01-22,2025-03-12,Porto de Minas,MA
183,Anthony,Siqueira,PF,anthony.siqueira@gmail.com,+5547913269126,762.830.145-26,1982-01-07,2025-03-12,Oliveira,PR
1288,Paulo,Cavalcante,PF,paulocavalcante@ig.com.br,51949241317,861_503_974_75,1977-09-22,2025-03-12,Cavalcante de Fogaça,BA
1828,Miguel,Martins,PF,miguel6@uol.com.br,+5551917154681,36759201868,1984-09-16,2025-03-12,Gonçalves,MT
2363,Lorenzo,Novais,PF,lnovais@bol.com.br,21918527394,786.213.540-71,1975-05-21,2025-03-12,Vieira,PI
144,Cecília,Guerra,PF,ceclia_guerra@uol.com.br,+5571979088142,723_619_058_68,2007-11-13,2025-03-13,Nogueira,PA
213,Dante,Rodrigues,PF,dante_rodrigues@hotmail.com,+5551967605513,65249783155,1993-07-07,2025-03-13,Abreu,PI
297,Pereira Serviços e Comércio S/A,,PJ,p@empresa.com.br,61933511012,40.758.613/0001-07,1983-10-11,2025-03-13,Ferreira de Minas,SE
901,Rafael,Aparecida,PF,rafael96@terra.com.br,+5511933694218,301_674_285_35,1961-07-21,2025-03-13,Santos,MG
1219,João Vitor,Moura,PF,joovitor.moura@outlook.com,71958664649,09571234850,1963-04-09,2025-03-13,Mendonça,SC
2119,Mirella,Cirino,PF,mirella.cirino@outlook.com,(21) 91065-4518,278_314_509_04,,2025-03-13,Machado do Sul,PB
2291,Garcia Informática e Atacado S/A,,PJ,garciainfo_@comercio.net.br,+5551973949598,08967123000108,1966-02-20,2025-03-13,Rezende de Ferreira,CE
3086,José,,PF,jos.@uol.com.br,(61) 95603-2830,831_476_209_13,1978-07-10,2025-03-13,Rezende,CE
1419,Isabelly,Macedo,PF,isabelly_macedo@bol.com.br,31955418337,43985107297,2001-08-09,2025-03-14,da Cruz,SC
3286,Enrico,Moraes,PF,emoraes@outlook.com,+5561911487827,287.351.046-35,2002-06-07,2025-03-14,Azevedo Alegre,AM
36,Importadora Rodrigues ME,,PJ,importador.@empresa.com.br,31992469571,36451792000168,2001-10-13,2025-03-15,Brito de Minas,MG
263,Hadassa,Freitas,PF,hadassa_freitas@uol.com.br,11981801784,835_904_621_24,1990-10-05,2025-03-15,da Mata,AC
3034,Larissa,Farias,PF,larissa25@bol.com.br,(41) 92836-8284,753_914_026_70,1995-12-11,2025-03-15,Machado Paulista,PI
817,Maria Júlia,Casa Grande,PF,mariajlia80@bol.com.br,+5561978425398,139_875_402_14,1969-02-26,2025-03-16,Monteiro,RJ
860,Calebe,Santos,PF,calebesantos@gmail.com,+5531975289992,462.389.150-05,1980-02-14,2025-03-16,Oliveira de Goiás,RJ
1803,Maria Eduarda,Vargas,PF,mariaeduarda_vargas@gmail.com,21992795755,703.451.298-14,1982-06-22,2025-03-16,Rodrigues,RJ
2357,José,Marques,PF,josmarques@outlook.com,+5571934581190,28745036144,1970-12-25,2025-03-16,Leão,DF
3026,Isis,da Costa,PF,isis.dacosta@bol.com.br,+5571997128717,693.458.217-91,1968-04-21,2025-03-16,Oliveira,RN
726,João Gabriel,Souza,PF,joogabrielsouza@gmail.com,13995404458,73064185217,1969-10-05,2025-03-17,Azevedo,GO
1513,Manuela,Rodrigues,PF,manuela.rodrigues@bol.com.br,,68752091368,2004-08-16,2025-03-17,da Paz,RR
2311,Aylla,Fonseca,PF,afonseca@gmail.com,+5541973285970,278.031.645-44,2000-11-13,2025-03-17,da Cruz dos Dourados,SC
278,Cauã,Correia,PF,cau_correia@ig.com.br,+5551978511897,241_590_637_99,1965-12-27,2025-03-18,Macedo,PA
581,Silveira & Associados Ltda.,,PJ,silveiraas_@comercio.net.br,(71) 91582-4278,93642708000127,1989-03-03,2025-03-18,Ramos,AM
1603,Kamilly,Rocha,PF,krocha@hotmail.com,+5547923834238,739.285.401-14,1979-10-22,2025-03-18,Câmara,SP
80,Júlia,Marques,PF,jlia.marques@yahoo.com.br,31980396122,285_641_730_26,,2025-03-19,Silveira,TO
92,Informática Nascimento EPP,,PJ,i@empresa.com.br,+5531929583258,08_564_319_0001_51,1957-01-04,2025-03-19,da Mota do Campo,AM
1057,Sara,Montenegro,PF,smontenegro@yahoo.com.br,+5547970172424,704_915_832_14,1967-06-18,2025-03-19,Melo da Serra,PE
1964,Evelyn,Marques,PF,evelyn61@ig.com.br,(31) 91832-3819,823.906.147-87,1984-11-22,2025-03-19,Casa Grande,PI
2210,Luara,Gonçalves,PF,amendona@uol.com.br,71976561554,70621985368,1979-08-25,2025-03-19,Sousa da Serra,DF
2684,Maysa,da Cruz,PF,maysa.dacruz@gmail.com,+5513937607596,05381426933,2004-07-08,2025-03-19,Gonçalves,ES
1558,Lorenzo,Vargas,PF,lorenzo57@ig.com.br,71929846245,451_829_703_23,,2025-03-20,Aparecida Alegre,GO
1709,Vicente,Melo,PF,vicente69@yahoo.com.br,+5541930818225,53790841684,,2025-03-20,Dias das Flores,SP
2064,Ana Beatriz,Ramos,PF,anabeatrizramos@gmail.com,(41) 92514-8786,79863425109,2004-01-29,2025-03-20,Aparecida da Mata,BA
2895,André,Barros,PF,andr.barros@uol.com.br,,82513769473,1962-02-15,2025-03-20,Viana de Nogueira,SP
3352,João,Alves,PF,joo12@bol.com.br,41993514848,43879615209,,2025-03-20,Pastor,GO
3402,Augusto,Marques,PF,amarques@uol.com.br,11971702996,013_946_872_22,1999-02-01,2025-03-20,Martins,RO
55,Anthony Gabriel,Aragão,PF,anthonygabrielarago@ig.com.br,+5531942204382,74028135923,1956-06-07,2025-03-21,Barros,PI
1997,Bianca,Rodrigues,PF,bianca_rodrigues@outlook.com,+5561992701229,357_628_941_00,2005-09-02,2025-03-21,Fogaça Verde,BA
3102,Leandro,Cirino,PF,leandrocirino@bol.com.br,,486.190.327-04,2003-10-11,2025-03-21,Moraes,AM
14,Yuri,Freitas,PF,yuri_freitas@terra.com.br,+5547917654478,15460289785,1987-01-07,2025-03-22,da Paz das Pedras,PA
274,Hadassa,,PF,hadassa_@outlook.com,+5551940902372,471_825_096_01,2007-07-21,2025-03-22,Montenegro do Norte,SE
576,Zoe,da Paz,PF,noahcasagrande@uol.com.br,,20947563199,1961-12-29,2025-03-22,Camargo da Praia,GO
1429,Eduardo,Martins,PF,eduardo_martins@uol.com.br,+5511995065140,726.058.349-56,1983-11-20,2025-03-22,Rodrigues da Mata,AL
1721,Larissa,Marques,PF,larissa37@yahoo.com.br,(61) 95219-2891,805.796.143-01,1986-06-12,2025-03-22,Dias do Oeste,PR
2219,Pereira Consultoria e Informática S/S,,PJ,pereiracon.@empresa.con.br,+5571915955467,32.578.069/0001-93,2000-05-30,2025-03-22,Cavalcante,BA
2799,Vitor Gabriel,Jesus,PF,vitorgabriel_jesus@uol.com.br,71997644383,763.194.520-99,1975-07-02,2025-03-22,da Paz,AM
819,Vinicius,Costa,PF,vinicius_costa@ig.com.br,+5571950179365,240_596_783_92,1958-07-23,2025-03-23,Cardoso,MS
1399,Fonseca Comércio e Comércio S/A,,PJ,fonsecacom18@empresa.com.br,(31) 91941-7970,78943215000133,1979-06-06,2025-03-23,Monteiro,GO
2706,Bento,da Conceição,PF,bento_daconceio@ig.com.br,+5521955211997,94623580792,1981-10-31,2025-03-23,Mendonça,BA
57,Bianca,Castro,PF,bianca21@bol.com.br,+5531991325300,20896137503,,2025-03-24,Cardoso Grande,PR
1309,Kevin,Moreira,PF,kmoreira@terra.com.br,51961585692,51970624361,1965-05-10,2025-03-24,Brito do Amparo,DF
2699,Breno,Farias,PF,jnogueira@outlook.com,,724.183.065-26,1978-07-26,2025-03-24,Guerra de Albuquerque,SC
2791,Luna,Jesus,PF,ljesus@hotmail.com,+5521952191678,209_473_651_25,1961-06-03,2025-03-24,Gonçalves da Serra,RJ
661,Pedro Henrique,Correia,PF,pedrohenrique_correia@gmail.com,+5531938591779,36471098278,2006-06-16,2025-03-25,Brito da Mata,MT
708,Nunes & Cruz S/S,,PJ,nunescruzs.@empresa.com.br,(47) 95964-5411,36_542_970_0001_66,,2025-03-25,Novais,BA
2984,Alexia,Fogaça,PF,alexia16@outlook.com,41981138008,190_254_873_60,1993-12-20,2025-03-25,Cavalcanti,PA
3348,Luiz Gustavo,Pires,PF,eribeiro@terra.com.br,61957047952,761_502_493_52,,2025-03-25,Nunes,TO
309,Vitor Hugo,Novais,PF,vnovais@ig.com.br,+5513971301879,53876402956,1974-12-21,2025-03-26,Aparecida da Mata,RO
716,Maria,Marques,PF,maria.marques@uol.com.br,(41) 92675-1911,312.846.097-31,1969-10-08,2025-03-26,Câmara,SP
771,João Felipe,Martins,PF,joofelipe47@bol.com.br,+5513916621866,82910536777,1995-01-16,2025-03-26,Silva do Oeste,SE
828,Emilly,Casa Grande,PF,emilly64@gmail.com,31913195872,104.892.356-89,1962-05-22,2025-03-26,Campos de Alves,SE
1086,Maria Luiza,Cavalcanti,PF,marialuiza53@uol.com.br,41914928421,251_468_309_24,,2025-03-26,Azevedo,MG
2089,Manuella,Rios,PF,manuellarios@yahoo.com.br,51943135155,76021348931,1986-03-31,2025-03-26,Pastor de Campos,CE
368,Calebe,Teixeira,PF,calebeteixeira@yahoo.com.br,51916865902,617.258.943-19,1961-10-04,2025-03-27,Jesus,MT
1300,Nascimento & Associados S/A,,PJ,nascimento_@empresa.com.br,21970223334,49635217000167,1989-02-18,2025-03-27,das Neves do Oeste,RO
2734,Gustavo,Sales,PF,gsales@bol.com.br,(11) 99723-9040,264_751_308_26,1990-08-23,2025-03-27,Garcia,CE
2986,Giovanna,Jesus,PF,gjesus@terra.com.br,(71) 92713-1083,35619208702,1959-06-01,2025-03-27,Machado,ES
2997,Melina,Costa,PF,melina.costa@terra.com.br,+5511957177943,631.845.972-37,1971-02-02,2025-03-27,Oliveira Paulista,PR
85,Luiz Miguel,Oliveira,PF,luizmiguel.oliveira@hotmail.com,47989224399,32571409832,1991-10-29,2025-03-28,da Paz do Campo,SP
231,Catarina,Pires,PF,catarina.pires@hotmail.com,51924497944,176.248.035-26,2001-05-08,2025-03-28,Barbosa Alegre,SE
662,Vitor Gabriel,da Costa,PF,vdacosta@ig.com.br,47956981677,496_318_702_78,,2025-03-28,Viana das Flores,PB
2974,Luiz Gustavo,Pastor,PF,luizgustavo.pastor@outlook.com,+5531925007189,309.584.671-10,1989-12-26,2025-03-28,da Rocha do Norte,TO
691,Arthur,Viana,PF,arthur.viana@gmail.com,(13) 96512-1091,36297480583,1986-10-23,2025-03-29,Pires,PA
1490,Nunes & Associados S.A.,,PJ,nunesassoc8@empresa.com.br,(47) 98250-6845,69530248000160,1974-07-30,2025-03-29,Câmara,PR
2741,Benício,Melo,PF,bencio62@terra.com.br,71981529896,982_150_374_88,1987-12-25,2025-03-29,Monteiro,DF
76,Maria Julia,Silva,PF,mariajuliasilva@hotmail.com,(13) 98709-6799,984_512_360_06,,2025-03-30,Nogueira de Montenegro,AL
519,Maria Vitória,Fernandes,PF,mfernandes@outlook.com,+5561926451872,86405231933,1965-04-23,2025-03-30,Cunha de Peixoto,RJ
1106,Pedro,Nogueira,PF,pedro_nogueira@gmail.com,(71) 96963-7711,89762053400,1985-01-08,2025-03-30,Silva,MT
1209,Luigi,Pereira,PF,luigi.pereira@outlook.com,61935461086,936.205.784-00,,2025-03-30,Freitas de Santos,MG
2263,Valentim,Viana,PF,valentim47@ig.com.br,+5511916081778,410_639_572_06,2005-10-04,2025-03-30,Guerra,SE
2942,Murilo,Rocha,PF,mrocha@gmail.com,+5551990104488,069_175_483_75,1969-07-26,2025-03-30,Garcia do Oeste,MS
919,Helena,Montenegro,PF,helena10@hotmail.com,71980081170,47910836287,1968-06-14,2025-03-31,Leão,TO
1719,Vargas & Moraes EPP,,PJ,vargasmora24@comercio.net.br,+5521957148762,24758639000107,2007-04-23,2025-03-31,Siqueira do Amparo,TO
2233,Renan,Pinto,PF,rpinto@terra.com.br,,02367981469,1999-09-18,2025-03-31,Correia,AL
3168,José Miguel,Moraes,PF,josmiguel_moraes@yahoo.com.br,+5571972835044,31974025616,1991-02-07,2025-03-31,Barbosa,RS
1768,Luana,Campos,PF,lcampos@terra.com.br,+5551991251758,953_674_802_92,1980-03-31,2025-04-01,Santos,MG
1901,Bento,Souza,PF,bento_souza@terra.com.br,41975726175,879_231_540_23,1972-06-17,2025-04-01,Viana,GO
2122,Distribuidora Ferreira Ltda.,,PJ,distribuid_@comercio.net.br,41925583109,52_940_671_0001_36,1966-05-22,2025-04-01,Pimenta de Goiás,SP
2526,Ravi Lucca,Monteiro,PF,ravilucca14@bol.com.br,,085.934.712-50,1990-04-20,2025-04-01,Rodrigues,CE
3184,Ana Liz,Duarte,PF,aduarte@outlook.com,61915641763,17490358205,1966-12-14,2025-04-01,Azevedo,PB
687,Isadora,Nogueira,PF,isadoranogueira@hotmail.com,(41) 94197-7212,079_123_684_69,,2025-04-02,Rocha do Galho,AM
3482,Farias & Guerra EPP,,PJ,fariasguer@empresa.com.br,(71) 99148-4402,79_240_816_0001_42,,2025-04-02,Correia,MT
830,Enrico,Almeida,PF,enrico.almeida@uol.com.br,51933759334,634_598_071_48,1970-10-19,2025-04-03,Correia da Serra,RJ
1152,Lopes & Ribeiro Ltda.,,PJ,lopesribei@comercio.net.br,+5561999738833,16.375.402/0001-00,1985-08-15,2025-04-03,Lopes do Galho,PB
1283,Ana Lívia,Nunes,PF,analvianunes@gmail.com,+5511965644684,89635410700,,2025-04-03,Vargas de Aragão,RR
2424,Otto,,PF,otto67@uol.com.br,(47) 97725-6519,71243605952,1988-09-15,2025-04-03,Pinto de Jesus,BA
24,Maria Vitória,,PF,mariavitria78@outlook.com,+5571965484998,107.683.459-01,1958-04-30,2025-04-04,Peixoto dos Dourados,MG
379,Marcela,da Cunha,PF,marcela.dacunha@outlook.com,(51) 94586-1819,834_607_925_74,1995-05-02,2025-04-04,Andrade da Praia,PI
664,Evelyn,das Neves,PF,edasneves@bol.com.br,51993849078,269.184.370-03,2003-04-02,2025-04-04,Oliveira,MG
1019,Eloah,Ribeiro,PF,eribeiro@bol.com.br,+5551961784474,34172658946,1965-05-13,2025-04-04,Moreira da Serra,MS
1240,Ana Cecília,Abreu,PF,anacecliaabreu@hotmail.com,+5521954007016,094.328.175-04,1984-10-01,2025-04-04,Camargo,MA
1663,Ryan,da Rocha,PF,rdarocha@hotmail.com,51966939163,356_718_904_20,2000-12-17,2025-04-04,Câmara,ES
2677,Gustavo Henrique,Fernandes,PF,gustavohenrique54@uol.com.br,(51) 91237-5751,186_052_394_33,1995-12-19,2025-04-04,Camargo do Campo,RJ
2898,Farias Serviços e Sistemas EPP,,PJ,fariasserv.@empresa.com.br,+5513978433451,51976238000198,1983-01-12,2025-04-04,da Cruz,RO
2952,Lívia,Santos,PF,lvia21@outlook.com,+5513926757288,213.869.570-03,1982-11-03,2025-04-04,Cirino,CE
3463,Milena,Novaes,PF,milena49@hotmail.com,,09421567811,1972-06-30,2025-04-05,Dias,ES
108,Gomes Distribuidora e Importadora EI,,PJ,g@comercio.net.br,+5551984749219,20351467000193,2003-11-27,2025-04-06,da Rosa de Cunha,RN
351,Rebeca,Moura,PF,rebecamoura@hotmail.com,11957307183,58742190304,1965-08-15,2025-04-06,Cirino,MA
1089,Emanuella,da Mota,PF,edamota@uol.com.br,(71) 91582-7245,26497350829,1981-03-08,2025-04-06,Cirino,RN
2537,Antônio,Fogaça,PF,antnio_fogaa@hotmail.com,41933574618,98567231086,1993-08-20,2025-04-06,Moreira,PI
16,Silveira Informática e Distribuidora Ltda.,,PJ,s@empresa.com.br,+5541951817688,61_347_250_0001_97,1996-02-29,2025-04-07,Abreu,AM
1248,Yan,Pastor,PF,yan64@outlook.com,71949829875,098_123_657_02,2002-05-18,2025-04-07,Azevedo do Sul,RN
1579,Camila,da Mota,PF,camila.damota@gmail.com,+5571981926335,972.846.510-67,1993-07-09,2025-04-07,Farias da Praia,PR
1697,Vitor Gabriel,Araújo,PF,vitorgabriel60@bol.com.br,+5561939158040,85916023405,1968-04-07,2025-04-07,Oliveira da Serra,AM
1924,Lorena,Sá,PF,ls@ig.com.br,(31) 96432-2030,327_085_194_41,,2025-04-07,Azevedo do Amparo,CE
2240,Ísis,Lopes,PF,sis85@gmail.com,47985407081,61540389251,,2025-04-07,Novaes da Serra,MT
2450,Davi Miguel,Garcia,PF,gpires@hotmail.com,+5561932631229,28091536470,1995-04-14,2025-04-07,Garcia das Flores,CE
2804,Isaque,Pires,PF,isaque.pires@ig.com.br,61913655874,87135290488,1970-02-22,2025-04-07,Rocha de Monteiro,AC
3396,Alexandre,da Rosa,PF,alexandredarosa@outlook.com,13959775381,438_769_102_69,1996-04-06,2025-04-07,Pires,DF
845,Aurora,Andrade,PF,auroraandrade@yahoo.com.br,11977119072,952.136.740-70,1967-02-14,2025-04-08,da Mata,RR
1160,Ana Luiza,Azevedo,PF,aazevedo@ig.com.br,+5561960645702,896.403.715-48,2000-10-16,2025-04-08,Ramos de Pinto,AM
1312,Luiz Fernando,Pires,PF,luizfernando.pires@bol.com.br,31998123561,538_214_607_17,1991-12-16,2025-04-08,Câmara de Mendonça,TO
1458,Gael,Pacheco,PF,gaelpacheco@hotmail.com,31996996913,358.421.096-89,1967-02-27,2025-04-08,Teixeira de Barbosa,MT
3084,Eduarda,Siqueira,PF,eduarda89@terra.com.br,(61) 93995-9536,532_807_694_00,1991-09-30,2025-04-08,Vasconcelos da Mata,RR
1683,Daniel,Ribeiro,PF,danielribeiro@yahoo.com.br,(71) 96738-5117,598.021.437-23,,2025-04-09,Rodrigues da Praia,PE
2978,Juliana,Freitas,PF,juliana26@outlook.com,41978905731,523.480.169-15,,2025-04-09,Leão do Galho,BA
3252,Ana Luiza,Cavalcante,PF,acavalcante@terra.com.br,+5531912166261,293_841_705_50,1987-03-18,2025-04-09,Nunes,PA
44,Ana Cecília,Cardoso,PF,anacecliacardoso@bol.com.br,+5541972543922,62937104525,1965-09-27,2025-04-10,Caldeira Verde,AL
524,Caio,Rodrigues,PF,caio.rodrigues@ig.com.br,+5541912701160,13578496057,1994-04-01,2025-04-10,da Rosa,MA
827,Nunes & Associados EI,,PJ,nunesassoc_@empresa.com.br,47927587195,96_425_730_0001_03,1965-12-10,2025-04-10,das Neves,MT
1243,Fernanda,Porto,PF,fernanda.porto@terra.com.br,(71) 95652-2210,108_269_573_40,,2025-04-10,Dias,RS
2505,Andrade Tecnologia e Informática S/S,,PJ,andradetec_@empresa.com.br,,49.850.326/0001-05,1970-10-26,2025-04-10,Rodrigues,PE
3398,Bryan,Aragão,PF,bryan.arago@terra.com.br,21917873237,46508732153,,2025-04-10,Albuquerque,ES
494,Liam,Barbosa,PF,lbarbosa@gmail.com,+5547962063584,54190673820,1962-03-14,2025-04-11,Guerra de Aragão,MG
1796,Maitê,Viana,PF,mait_viana@hotmail.com,(13) 95630-8356,89713520602,1970-09-30,2025-04-11,Sampaio,ES
2429,João Guilherme,Camargo,PF,jooguilherme92@uol.com.br,+5571985208664,603.128.974-13,,2025-04-11,Monteiro,AP
2482,Informática Borges S.A.,,PJ,informtica@empresa.com.br,(41) 96175-3560,90.375.862/0001-91,2004-02-14,2025-04-11,Martins do Norte,RS
3104,Raul,Sá,PF,raul.s@terra.com.br,+5513973622474,90685412342,1973-06-17,2025-04-11,da Paz de Goiás,PA
453,Ágatha,Vasconcelos,PF,gatha_vasconcelos@terra.com.br,51994127389,130_768_294_40,1959-09-15,2025-04-12,Leão,PI
2743,Laura,Sá,PF,laura31@yahoo.com.br,+5521948076331,162_450_873_17,1983-01-01,2025-04-12,Moreira de Barbosa,MG
3072,Francisco,das Neves,PF,francisco9@gmail.com,31912298115,876_403_519_01,1965-06-15,2025-04-12,Marques,PA
3225,Nina,Pimenta,PF,nina37@outlook.com,31994847979,916.753.482-19,1994-06-14,2025-04-12,Viana de Abreu,RO
615,Alexandre,Rios,PF,alexandrerios@hotmail.com,11925174942,148_237_905_88,,2025-04-13,Silva de Azevedo,PR
668,Mathias,Albuquerque,PF,mathias95@uol.com.br,+5531939941729,38094651784,2006-01-31,2025-04-13,Câmara,AC
1234,Soluções Silveira S.A.,,PJ,soluessilv_@empresa.com.br,51940612439,76.248.930/0001-20,,2025-04-13,da Cunha,AP
1879,Kamilly,da Mota,PF,kdamota@hotmail.com,(21) 94553-1398,197.354.608-66,1956-10-05,2025-04-13,Cavalcante de Goiás,RS
2071,Vitor Gabriel,Oliveira,PF,vitorgabriel7@bol.com.br,(31) 93123-8195,612.408.739-13,1998-10-09,2025-04-13,da Costa,BA
1760,Ribeiro & Associados EPP,,PJ,ribeiroass67@empresa.com.br,(71) 92104-2157,98_324_705_0001_69,1982-01-30,2025-04-14,Farias,RO
2829,Melina,Vieira,PF,mvieira@terra.com.br,+5521987239685,12437658955,,2025-04-14,Cunha,BA
2857,Ísis,Cavalcanti,PF,scavalcanti@terra.com.br,+5521971399433,890_547_621_01,1965-10-29,2025-04-14,Nogueira,TO
505,Mathias,Campos,PF,dom_carvalho@terra.com.br,(61) 98549-2828,18295764020,1969-02-19,2025-04-15,Nunes das Flores,AM
547,Hadassa,Campos,PF,hadassacampos@ig.com.br,,358.097.614-10,1966-10-10,2025-04-15,Brito,RN
1676,Thomas,Novaes,PF,thomasnovaes@bol.com.br,(71) 95074-5380,932_471_685_91,1997-10-29,2025-04-15,Fonseca do Galho,PE
2484,Cauê,Sampaio,PF,csampaio@uol.com.br,+5521928714940,438_612_597_37,1988-04-25,2025-04-15,Sousa,RS
3345,Moraes Consultoria e Importadora S/A,,PJ,m@comercio.net.br,41989298224,39480156000152,1978-08-03,2025-04-15,Araújo,RS
1777,Isabela,Sampaio,PF,isabelasampaio@ig.com.br,,17328096403,1959-02-22,2025-04-16,Monteiro,CE
2018,Mathias,Cirino,PF,mathias93@gmail.con,+5521969515588,68541720390,1961-07-26,2025-04-16,Novaes,AP
2419,Erick,Cardoso,PF,ecardoso@gmail.com,,012.549.386-05,1966-08-07,2025-04-16,Pires do Galho,PI
2901,Marcelo,Monteiro,PF,mmonteiro@gmail.com,61931176799,413_568_709_10,1983-11-06,2025-04-16,Mendes,GO
7,Liz,,PF,l@hotmail.com,61961366719,546.387.901-00,1961-04-09,2025-04-17,Fonseca,MG
412,Gael,Cardoso,PF,gaelcardoso@gmail.com,(47) 94356-6577,928.453.106-33,2001-08-16,2025-04-17,Leão de Freitas,PA
1016,João Guilherme,Rocha,PF,jooguilherme_rocha@terra.com.br,(47) 95054-8237,72945380692,1984-01-21,2025-04-17,Brito,PB
2006,Eduarda,da Cunha,PF,eduarda64@yahoo.com.br,21933938818,76984230187,1978-05-03,2025-04-17,Cunha do Galho,TO
2423,Emanuella,Vieira,PF,evieira@ig.com.br,+5571912181673,563_048_217_35,1957-08-26,2025-04-17,Correia,RS
1130,Rodrigues & Associados EI,,PJ,r@comercio.net.br,61941813352,98.527.634/0001-00,1977-04-01,2025-04-18,Oliveira,TO
1157,Vargas Informática e Soluções EI,,PJ,v@comercio.net.br,(21) 92580-4440,26135978000154,1968-06-28,2025-04-18,Guerra,GO
2136,Anthony Gabriel,Campos,PF,anthonygabriel.campos@terra.com.br,,259.437.186-64,1987-05-18,2025-04-18,Souza da Prata,MT
2245,Rhavi,Marques,PF,rhavimarques@hotmail.com,+5521993324209,874.219.365-64,,2025-04-18,Ferreira,RS
3167,Esther,Borges,PF,esther1@hotmail.com,(71) 93636-6808,95428061758,,2025-04-18,Vieira do Galho,PI
3375,Ísis,da Cruz,PF,sis89@yahoo.com.br,+5513996407733,97438251691,2007-03-07,2025-04-18,Fonseca Grande,SP
314,Stella,Nogueira,PF,stellanogueira@terra.com.br,47995162934,975_426_183_00,1967-02-03,2025-04-19,Albuquerque da Praia,TO
1870,Nina,Cirino,PF,ninacirino@hotmail.com,31944761252,65801749276,1986-07-09,2025-04-19,da Rosa do Sul,RS
2145,Clara,Vargas,PF,cvargas@bol.com.br,,182.430.796-96,1991-12-25,2025-04-19,da Costa,MS
3101,Bianca,Macedo,PF,biancamacedo@gmail.com,+5531913001817,483.296.051-24,1998-07-03,2025-04-19,da Cunha de Minas,ES
1013,Henry,da Rosa,PF,henrydarosa@ig.com.br,47973342144,479.581.063-00,2001-12-01,2025-04-20,Borges,RO
1438,Maria Fernanda,Novais,PF,mariafernandanovais@terra.com.br,31991901810,62341578900,2003-01-08,2025-04-20,da Rocha de Goiás,RJ
2007,Borges Tecnologia e Soluções S/A,,PJ,b@empresa.com.br,(41) 97956-4751,24.817.395/0001-88,1960-03-16,2025-04-20,Martins,RS
2116,Ana Sophia,Sampaio,PF,anasophia27@outlook.com,31960023309,67530214853,1962-11-22,2025-04-20,da Cruz de Sales,AP
2865,Borges Sistemas e Consultoria EIRELI,,PJ,borgessist_@comercio.net.br,,25_931_478_0001_66,,2025-04-20,Cassiano,RN
2869,Luigi,Silva,PF,lsilva@uol.com.br,+5531979292856,742_096_518_85,,2025-04-20,Fernandes,MA
3297,Isabelly,Pimenta,PF,isabellypimenta@hotmail.com,11923711469,107.684.592-49,1990-05-06,2025-04-20,Vasconcelos dos Dourados,AM
561,Rael,Leão,PF,rleo@yahoo.com.br,51912317653,692.541.837-09,1959-03-17,2025-04-21,Sousa de Costa,PE
2922,Carvalho & Associados ME,,PJ,c@comercio.net.br,+5521929924045,70_941_382_0001_33,1966-12-13,2025-04-21,Silva,AM
3129,Benicio,Marques,PF,benicio.marques@gmail.com,41983486881,719_234_065_07,1976-11-08,2025-04-21,Fernandes,RR
1370,Ravi Lucca,Rodrigues,PF,rrodrigues@bol.com.br,(61) 94826-2291,047.135.289-60,1981-09-15,2025-04-22,da Rocha,MG
316,Stella,Aparecida,PF,saparecida@gmail.con,(13) 98406-1224,34687021590,1990-06-18,2025-04-23,da Luz de Lopes,CE
1048,Guilherme,Cirino,PF,guilherme24@ig.com.br,(11) 96741-4440,803_452_691_60,2003-11-26,2025-04-23,Lima,SE
1239,Ferreira & Associados ME,,PJ,ferreiraas@comercio.net.br,47971423170,80_296_351_0001_20,2003-03-08,2025-04-23,Sá do Oeste,AC
1464,Santos Tecnologia e Comércio EPP,,PJ,santostecn_@comercio.net.br,+5547971467705,25.103.684/0001-88,1980-10-10,2025-04-23,das Neves,PR
1778,Ana Clara,Viana,PF,anaclara_viana@hotmail.com,71943354050,153.608.729-77,1985-08-03,2025-04-23,Pereira da Prata,PR
2029,Vinicius,da Luz,PF,vinicius88@uol.com.br,21913377322,09643217850,1984-05-11,2025-04-23,Barros de Farias,PE
2454,João Pedro,Campos,PF,joopedro_campos@ig.com.br,+5547949303274,973_450_821_05,1959-08-06,2025-04-23,Jesus dos Dourados,RS
2689,Arthur Miguel,Castro,PF,arthurmiguel.castro@hotmail.com,+5511941302403,16807953259,2003-05-07,2025-04-23,Moraes,MG
2878,Rocha Atacado e Sistemas S.A.,,PJ,rochaataca_@empresa.com.br,+5561971945390,31052786000114,1983-08-05,2025-04-23,Brito da Prata,SC
1230,Bernardo,das Neves,PF,bdasneves@uol.com.br,(61) 91873-7452,15394682089,,2025-04-24,Silva da Mata,AL
1410,Júlia,da Rosa,PF,jlia.darosa@ig.com.br,+5547935112187,846_035_127_08,1977-06-11,2025-04-24,Andrade,RS
1432,Bento,Pinto,PF,bento_pinto@terra.com.br,+5551927343429,078_351_462_07,1970-03-06,2025-04-24,Brito,MS
3160,Ágatha,Rios,PF,gatha.rios@yahoo.com.br,(51) 99879-9763,937_514_286_82,1979-09-17,2025-04-24,Souza,PA
3197,Sistemas Gomes Ltda.,,PJ,sistemasgo.@comercio.net.br,(61) 91867-2630,48_307_129_0001_73,1990-12-18,2025-04-24,Freitas,SC
1822,Davi Lucas,Novais,PF,dnovais@bol.com.br,31911766039,561.293.704-07,1974-10-29,2025-04-25,Cirino dos Dourados,TO
2378,Noah,Novais,PF,noah21@yahoo.com.br,+5561991379932,790_483_152_04,2002-05-17,2025-04-25,Cunha de Minas,RN
2639,Davi,Mendes,PF,davi_mendes@gmail.com,21926549773,563_809_274_92,1991-10-13,2025-04-25,Cunha de Nunes,PA
3248,Ravi,Monteiro,PF,rmonteiro@outlook.com,+5511935787064,519_628_340_42,1976-11-05,2025-04-25,Correia,GO
331,Gabriela,da Cunha,PF,gabrieladacunha@yahoo.com.br,(41) 98792-2146,745.320.891-23,2007-01-16,2025-04-26,Farias da Serra,RR
2529,Bruno,Jesus,PF,brunojesus@terra.com.br,(47) 93890-2009,34657210807,1989-10-08,2025-04-26,Pinto,GO
2715,Liz,Santos,PF,liz_santos@gmail.com,47979084669,61482357909,1983-03-02,2025-04-26,Cassiano do Oeste,AC
3005,João Miguel,Silva,PF,joomiguel38@yahoo.com.br,(21) 98016-7030,432_581_690_98,1985-04-01,2025-04-26,Nogueira da Praia,AM
413,João,Cirino,PF,jcirino@ig.com.br,41938125666,510.764.893-20,1999-11-16,2025-04-27,Brito da Prata,SE
943,Ana Lívia,Rodrigues,PF,analvia98@gmail.com,(13) 96349-6679,031.867.594-39,1977-11-20,2025-04-27,Machado de Cavalcanti,PI
1231,Diogo,Caldeira,PF,dcaldeira@bol.com.br,+5541950891225,647_281_309_40,1980-09-02,2025-04-27,Ribeiro das Flores,RO
1238,Gabriela,Rocha,PF,gabriela2@terra.com.br,+5531934764180,892_043_761_04,2006-08-30,2025-04-27,Fogaça,DF
1990,Sarah,Lima,PF,slima@yahoo.com.br,+5561955706246,974.605.183-01,1984-02-28,2025-04-27,Marques Grande,RO
2620,Maria Vitória,Cavalcante,PF,mcavalcante@terra.com.br,,260.589.714-11,2001-11-10,2025-04-27,Azevedo do Campo,RS
27,Guerra & Associados S/S,,PJ,guerraasso@empresa.com.br,+5541987546884,15938420000190,2002-08-30,2025-04-28,Novais de Silveira,PB
138,Ayla,Monteiro,PF,ayla23@terra.com.br,(61) 91296-9834,547.012.839-32,1957-12-07,2025-04-28,Garcia,SC
1475,Sarah,Guerra,PF,sarah.guerra@hotmail.com,+5541996851884,214_967_035_61,,2025-04-28,Andrade,RS
2744,Consultoria Fernandes ME,,PJ,consultori13@empresa.com.br,+5521945707884,87_625_139_0001_09,1967-07-23,2025-04-28,Vargas do Norte,AP
2940,Pinheiro & Associados S/S,,PJ,pinheiroas_@comercio.net.br,,26_478_195_0001_73,1988-02-26,2025-04-28,Moraes,RN
3083,Eduarda,Sales,PF,esales@ig.com.br,71951175417,095.371.486-10,1961-03-18,2025-04-28,Andrade Paulista,SP
3363,Almeida & Melo EIRELI,,PJ,a@comercio.net.br,31941234075,28346150000170,1979-05-17,2025-04-28,Ramos dos Dourados,BA
585,Dante,Vargas,PF,dante_vargas@bol.com.br,(71) 97099-5796,243.196.085-42,1980-11-03,2025-04-29,Vieira,AP
917,Yan,Martins,PF,ymartins@terra.com.br,(41) 98969-6868,310_965_428_89,1971-05-11,2025-04-29,Aragão do Amparo,CE
2664,Maria Luísa,Novaes,PF,marialusa73@terra.com.br,61932006021,849.320.715-23,1963-06-21,2025-04-29,Mendonça do Campo,AL
416,Maria Julia,Ferreira,PF,mariajulia49@gmail.com,+5551929105460,895_047_123_04,1964-11-08,2025-04-30,Albuquerque da Mata,MS
597,Gael Henrique,Siqueira,PF,gaelhenriquesiqueira@hotmail.com,(47) 94911-2410,038.167.249-22,1966-02-23,2025-04-30,Sousa,PE
1310,Davi Lucca,Pereira,PF,davilucca.pereira@bol.com.br,11929145660,028.397.451-60,1987-01-10,2025-04-30,Casa Grande da Serra,TO
287,Marcos Vinicius,Pires,PF,marcosviniciuspires@bol.com.br,47924039939,463_780_592_92,1985-05-21,2025-05-01,Duarte de Jesus,RN
318,Rodrigo,Castro,PF,rodrigo_castro@yahoo.com.br,47958346682,573.496.821-82,1959-07-19,2025-05-01,Silveira,AL
527,Daniel,Nogueira,PF,daniel95@bol.com.br,,815.062.973-40,,2025-05-01,Dias dos Dourados,RR
617,Theodoro,da Costa,PF,tdacosta@hotmail.com,(71) 92847-8632,291.876.034-03,1965-10-04,2025-05-01,Garcia do Campo,ES
1331,Marcos Vinicius,Pereira,PF,marcosvinicius9@yahoo.com.br,(51) 96915-9538,827_603_514_08,1988-06-27,2025-05-01,Macedo,PI
2391,Milena,Correia,PF,milena1@yahoo.com.br,,672.041.395-34,1978-04-11,2025-05-01,Lima,AC
2557,Soluções Pinheiro EIRELI,,PJ,s@empresa.con.br,+5561988929650,15.423.906/0001-96,1987-11-30,2025-05-01,Nascimento,RJ
3111,Fernanda,Rodrigues,PF,frodrigues@hotmail.com,(41) 93872-8454,97415860276,1981-04-17,2025-05-01,Câmara do Campo,ES
218,Ana Carolina,Duarte,PF,anacarolina92@outlook.com,71977449169,039.268.154-42,1974-07-06,2025-05-02,da Cruz,PB
607,Rodrigues & Associados S/S,,PJ,rodriguesa.@comercio.net.br,(47) 92816-6785,96780435000175,1993-07-03,2025-05-02,Dias,DF
783,João Guilherme,Câmara,PF,jcmara@ig.com.br,47925843949,216.348.759-82,1977-04-02,2025-05-02,Peixoto Verde,AP
1649,Clara,Cassiano,PF,clara_cassiano@bol.com.br,+5513924746051,537.461.890-39,1995-01-30,2025-05-02,Casa Grande das Flores,SC
1809,Olivia,Borges,PF,oliviaborges@outlook.com,+5571916596719,516_487_290_02,,2025-05-02,Cassiano de Minas,RJ
2655,Saraiva Serviços e Distribuidora EPP,,PJ,saraivaser_@comercio.net.br,(41) 92753-3413,71_204_658_0001_63,1970-09-13,2025-05-02,Carvalho,PI
520,João Vitor,da Cunha,PF,joovitordacunha@gmail.com,(71) 92315-3037,24815936005,1968-02-27,2025-05-03,Caldeira do Campo,SE
710,Vieira & Ramos S/S,,PJ,vieiraramo_@empresa.com.br,+5531968679587,48235069000120,1996-07-20,2025-05-03,Fogaça,DF
1707,Lívia,da Rosa,PF,lvia50@gmail.com,61981221577,830.174.965-20,1968-05-28,2025-05-03,Borges de Cavalcante,ES
2631,Larissa,Silva,PF,larissa.silva@hotmail.com,(41) 97206-6060,924.853.617-46,2003-06-07,2025-05-03,Viana,CE
2905,Cecilia,Sá,PF,cecilia_s@outlook.com,51934303292,60549173820,2005-01-17,2025-05-03,Porto de Pires,PE
3230,Manuela,Moreira,PF,manuela57@gmail.com,,729_836_540_10,1994-07-02,2025-05-03,da Luz,MT
243,Matteo,da Rosa,PF,mdarosa@bol.com.br,(31) 99026-8817,526.943.710-43,1969-05-16,2025-05-04,Machado,SP
875,Eloah,Duarte,PF,eloahduarte@gmail.com,21938635302,30247159832,1989-12-07,2025-05-04,Ferreira,MG
1244,Eduardo,Sales,PF,eduardosales@uol.com.br,(61) 95813-2159,94305271699,2007-03-17,2025-05-04,Casa Grande das Pedras,SE
3219,Thales,da Luz,PF,henrique.farias@hotmail.com,(31) 92504-2460,934.685.120-15,2007-06-24,2025-05-04,Machado Alegre,ES
1076,Ana Clara,Carvalho,PF,anaclaracarvalho@uol.com.br,+5571958008832,63485270938,1965-09-01,2025-05-05,Cassiano dos Dourados,RN
2518,Lorenzo,Gomes,PF,lorenzo_gomes@hotmail.com,+5513965889003,204.615.937-34,1960-06-22,2025-05-05,Casa Grande,AP
551,Asafe,Gonçalves,PF,asafegonalves@terra.com.br,+5531930199721,413_280_675_80,1980-07-24,2025-05-06,Siqueira Grande,BA
1073,Olivia,Sampaio,PF,osampaio@bol.com.br,71919125082,287_319_054_04,1990-09-02,2025-05-06,da Cruz de Campos,SC
1861,Ravi,Teixeira,PF,ravi.teixeira@terra.com.br,+5551983287999,348_971_652_37,1983-12-23,2025-05-06,Albuquerque,BA
1881,Yasmin,Cardoso,PF,yasmin39@terra.com.br,(13) 92828-7890,896_571_420_67,1963-04-20,2025-05-06,Porto das Pedras,PA
2755,Maria Laura,Gomes,PF,marialaura3@bol.com.br,(71) 94743-9350,673.529.041-07,1969-12-09,2025-05-06,Ferreira,MS
2902,Milena,Vieira,PF,milena_vieira@gmail.com,61957049194,92157863095,1959-08-25,2025-05-06,da Paz,RO
112,Luiz Otávio,Porto,PF,luizotvioporto@terra.com.br,47924699198,349_768_502_00,1966-01-24,2025-05-07,da Rocha de Guerra,GO
477,Informática Souza ME,,PJ,informtica.@empresa.com.br,(21) 96877-5993,18079256000100,1997-01-17,2025-05-07,Pastor Grande,RJ
897,Thomas,da Costa,PF,thomas_dacosta@terra.com.br,51940967438,095_314_672_34,,2025-05-07,da Mata Verde,PI
2792,Luiz Otávio,Aparecida,PF,laparecida@uol.com.br,(51) 95845-9343,53187209432,1990-09-19,2025-05-07,da Paz,MG
2897,Guilherme,Guerra,PF,guilherme14@terra.com.br,+5561926443772,47361098584,1997-08-13,2025-05-07,Guerra,SC
2970,Ester,Andrade,PF,esterandrade@outlook.com,61957571720,82495107630,,2025-05-07,Pacheco de Souza,RS
3200,Maria Cecília,Câmara,PF,mariaceclia.cmara@outlook.com,31963782409,74023581941,1991-10-14,2025-05-07,Cavalcante do Sul,PE
101,Giovanna,Souza,PF,giovanna90@ig.com.br,13930433330,450_378_129_41,1962-01-02,2025-05-08,Fernandes de Mendonça,GO
362,Cecilia,Câmara,PF,ceciliacmara@uol.com.br,13915343750,841.065.739-20,1998-12-20,2025-05-08,Brito da Prata,MS
649,Serviços Almeida EI,,PJ,s@empresa.com.br,(51) 92453-2340,57.239.041/0001-52,2003-11-27,2025-05-08,Pinto de Lopes,MT
2356,Mathias,Ramos,PF,mathias.ramos@uol.com.br,71938898298,253_941_076_61,2001-10-20,2025-05-08,Mendes,AC
2855,Ísis,Nogueira,PF,sis.nogueira@terra.com.br,(21) 94732-2259,29403165898,1999-02-26,2025-05-08,das Neves,PE
53,Liam,Alves,PF,liam.alves@hotmail.com,+5531986257031,48793652119,2003-01-03,2025-05-09,Araújo Paulista,RJ
1216,Juliana,da Cunha,PF,gpires@hotmail.com,(41) 95041-4121,354.297.068-92,2001-08-28,2025-05-09,Freitas,CE
1378,Luísa,Borges,PF,lborges@gmail.com,(51) 94426-3237,982.075.431-32,1987-02-03,2025-05-09,Barros,DF
376,Ana Julia,Correia,PF,anajulia.correia@gmail.com,(51) 92412-2627,895.326.410-33,1980-09-20,2025-05-10,Fogaça,AP
426,Ágatha,Rodrigues,PF,grodrigues@uol.com.br,+5521930431121,03891267568,,2025-05-10,Siqueira,PI
1478,Guilherme,Silveira,PF,guilherme.silveira@uol.com.br,+5561911687826,159.804.327-79,1968-05-19,2025-05-10,Mendes,AM
2811,Pietro,Ribeiro,PF,anajliacardoso@yahoo.com.br,(13) 92461-1200,956_230_871_59,1962-11-16,2025-05-10,Pimenta do Campo,AP
3082,Luiz Fernando,Cavalcanti,PF,lcavalcanti@ig.com.br,(21) 92295-7781,326_710_458_08,,2025-05-10,Machado,RR
269,Camargo & Jesus EPP,,PJ,camargojes77@comercio.net.br,47912819605,23.716.085/0001-04,1968-02-26,2025-05-11,Caldeira,SC
2169,Nina,Novaes,PF,nina_novaes@hotmail.com,71911441226,13680249713,1993-03-04,2025-05-11,Campos Grande,SC
2458,Alexia,Fonseca,PF,alexia24@yahoo.com.br,+5571926945958,345.926.708-92,1966-04-19,2025-05-11,Pacheco de Minas,SP
2514,Tecnologia Castro S/A,,PJ,tecnologia.@empresa.com.br,(61) 97117-3715,50.379.246/0001-94,1971-07-07,2025-05-11,Almeida da Praia,GO
283,Davi,Carvalho,PF,davi.carvalho@terra.com.br,+5521969191269,764_205_913_25,1967-12-13,2025-05-12,da Luz de Nunes,RO
560,Leonardo,Novais,PF,leonardo.novais@uol.com.br,21929566433,507_461_329_99,1958-04-10,2025-05-12,Barros,PI
1264,Joana,da Paz,PF,joana.dapaz@bol.com.br,+5541996205288,79653802186,1996-01-08,2025-05-12,Pastor do Campo,PR
1863,João Guilherme,Teixeira,PF,jooguilherme30@outlook.com,+5541940742546,806.492.571-11,,2025-05-12,Martins,SC
2545,Noah,Pimenta,PF,noahpimenta@hotmail.com,,15283679446,2006-08-22,2025-05-12,Borges das Pedras,MA
3473,Bernardo,Dias,PF,bdias@outlook.com,(71) 93223-4637,69350478110,1985-05-27,2025-05-12,Silva de Pereira,RO
121,Eduarda,Novais,PF,enovais@hotmail.com,(11) 97767-4422,61829543709,2001-11-04,2025-05-13,Pacheco,TO
933,Maya,da Paz,PF,mdapaz@yahoo.com.br,51926533606,659_387_412_46,1977-03-31,2025-05-13,Peixoto,SE
1009,Bianca,Alves,PF,bianca87@outlook.com,+5541974439517,83910752659,,2025-05-13,Camargo da Mata,SE
2216,Vargas & Associados S/A,,PJ,vargasasso_@comercio.net.br,+5521919557513,81320475000167,1963-05-09,2025-05-13,Siqueira de Novais,MS
2437,Diego,Pinto,PF,diegopinto@outlook.com,+5521964749006,679.038.152-02,1973-04-24,2025-05-13,da Conceição de Novaes,DF
52,Antonella,Caldeira,PF,antonella34@ig.com.br,41969089784,468_312_079_87,2001-03-24,2025-05-14,Peixoto,GO
730,Evelyn,Nogueira,PF,evelyn.nogueira@bol.com.br,+5541953187412,36245780144,1985-09-26,2025-05-14,Garcia de Vasconcelos,PE
929,Alice,Mendes,PF,alice51@uol.com.br,(51) 98197-3579,452.897.036-83,1986-08-05,2025-05-14,Rios da Mata,SC
1155,Dom,Silva,PF,dsilva@uol.com.br,,071_865_943_01,1960-05-10,2025-05-14,Fogaça,MT
1935,Benicio,Almeida,PF,benicioalmeida@bol.com.br,,137.859.420-79,1967-03-15,2025-05-14,Ferreira Paulista,PI
2258,Raul,Nascimento,PF,raul34@bol.com.br,+5571987618479,528_179_640_20,,2025-05-14,Sá Paulista,ES
2626,Fernando,Caldeira,PF,fernando_caldeira@uol.com.br,11936866717,318.579.462-19,,2025-05-14,da Rocha Paulista,PB
3436,Ferreira Serviços e Soluções EPP,,PJ,ferreirase63@comercio.net.br,+5531990538592,83521069000198,2002-01-25,2025-05-14,Fernandes de Goiás,DF
258,Martins & Associados S/S,,PJ,m@comercio.net.br,(31) 93472-9828,30_175_862_0001_16,1985-07-10,2025-05-15,Silva do Norte,BA
1696,Pietro,da Luz,PF,pietro_daluz@yahoo.com.br,71978028960,24056937800,1961-10-03,2025-05-15,Pimenta,AC
2478,Bruna,Rodrigues,PF,bruna.rodrigues@gmail.com,11961543705,92613508442,1960-03-06,2025-05-15,Vieira,AP
3064,João Felipe,Rios,PF,joofelipe_rios@hotmail.com,71937374631,042.985.731-41,1995-07-19,2025-05-15,Pacheco da Mata,GO
430,Oliveira & Castro EIRELI,,PJ,o@comercio.net.br,21992033529,18_279_463_0001_08,1989-01-13,2025-05-16,Andrade de Alves,DF
2037,Otto,Aragão,PF,ottoarago@terra.com.br,+5531918657702,23690458170,1995-06-06,2025-05-16,Sá,PB
2624,Diogo,Azevedo,PF,diogo.azevedo@outlook.com,(71) 97336-3117,291.437.085-79,1991-02-26,2025-05-16,Cardoso de Peixoto,PA
1480,João Felipe,Fogaça,PF,joofelipe_fogaa@uol.com.br,41955034681,628.740.195-85,1991-01-23,2025-05-17,Viana,PB
1829,Thomas,Pires,PF,thomas_pires@ig.com.br,+5571940266640,19235760895,1988-02-11,2025-05-17,da Luz de Peixoto,GO
2241,Benjamin,Silveira,PF,benjamin_silveira@ig.con.br,(41) 96239-9727,987.352.140-23,1985-04-11,2025-05-17,Pinto Grande,MT
244,Yuri,Moraes,PF,yurimoraes@terra.com.br,,726_359_408_00,1976-08-14,2025-05-18,Santos,RJ
329,Gomes Sistemas e Sistemas EI,,PJ,gomessiste18@empresa.com.br,+5551910265812,04.789.613/0001-00,2000-12-29,2025-05-18,Carvalho de Goiás,PI
1969,Isabelly,Nogueira,PF,isabelly.nogueira@yahoo.com.br,(21) 93494-1014,875.213.406-71,2005-03-13,2025-05-18,da Cruz,TO
1316,Gonçalves Informática e Importadora EI,,PJ,g@empresa.com.br,+5541939981684,27.356.840/0001-48,1976-05-25,2025-05-19,Sousa de da Mota,RO
2465,Caleb,Costa,PF,calebcosta@terra.com.br,+5521927838928,263_951_407_52,1967-04-20,2025-05-19,Nascimento,SC
2468,Maria Julia,Rodrigues,PF,mariajuliarodrigues@bol.com.br,+5571911579941,95713482014,1981-08-01,2025-05-19,Pimenta,AL
2887,Esther,Pinto,PF,estherpinto@uol.com.br,+5571992268859,59237014805,1982-03-19,2025-05-19,Cavalcante,MS
1,Maria Laura,Lima,PF,marialaura.lima@gmail.com,,83627154991,1964-03-17,2025-05-20,Sousa Alegre,MG
1010,Laura,Cirino,PF,laura_cirino@gmail.com,31928959865,315_208_749_79,1993-06-12,2025-05-20,Santos,AP
1260,Dias & Associados EIRELI,,PJ,diasassoci@comercio.net.br,71969743217,23.971.846/0001-74,1970-09-06,2025-05-20,Vargas de Minas,PE
2147,Alexia,Rezende,PF,alexiarezende@outlook.com,+5561962839094,892_176_453_46,1966-12-04,2025-05-20,Leão Alegre,AM
2250,Eloah,Pastor,PF,eloah.pastor@yahoo.com.br,51991309298,403_726_198_78,1970-03-04,2025-05-20,Moura do Amparo,MG
3421,Dante,Montenegro,PF,dantemontenegro@yahoo.com.br,71966964164,19370426850,1980-05-12,2025-05-20,Farias do Sul,PE
2062,Amanda,Moraes,PF,dcunha@gmail.com,31988241699,016_948_572_20,2007-03-12,2025-05-21,Sá Alegre,RS
2763,Lívia,Cunha,PF,lviacunha@terra.com.br,(51) 91326-9726,356_108_279_30,1991-07-16,2025-05-21,Nogueira de Aparecida,TO
2935,Matheus,da Costa,PF,matheus_dacosta@hotmail.com,21922839867,451_823_706_44,,2025-05-21,Guerra da Praia,RJ
2531,Sara,Silva,PF,sara64@ig.com.br,+5571995129326,542_639_871_28,1979-07-21,2025-05-22,Cavalcante Grande,MA
2654,Isabelly,Aragão,PF,isabelly.arago@outlook.com,21934607283,794.350.268-00,2006-01-27,2025-05-22,Teixeira do Sul,RS
1178,Ágatha,Nunes,PF,gatha_nunes@terra.com.br,(61) 93708-8825,053.186.794-39,1996-05-30,2025-05-23,Rios de Minas,PA
2388,Benício,Teixeira,PF,bencioteixeira@terra.com.br,+5513962775288,06917384593,1995-05-20,2025-05-23,da Rocha do Amparo,TO
3046,Vitor Hugo,Cassiano,PF,vitorhugo.cassiano@bol.com.br,71910692610,835.690.472-29,2002-11-28,2025-05-23,Lopes Paulista,SE
3195,Luan,Barbosa,PF,lbarbosa@gmail.com,+5521912859274,918.627.054-02,1967-06-27,2025-05-23,da Costa do Campo,TO
116,Marcela,Cavalcante,PF,marcela_cavalcante@bol.com.br,51914635579,745.019.238-14,1977-03-03,2025-05-24,Oliveira da Serra,DF
700,Maria Alice,Barros,PF,mariaalice_barros@bol.com.br,,871.094.653-57,1981-09-03,2025-05-24,Fogaça,PB
1340,Murilo,Fernandes,PF,murilofernandes@hotmail.com,(13) 96920-1320,967_584_132_09,1956-05-16,2025-05-24,Lopes de Pereira,SP
1806,Luiza,Monteiro,PF,lmonteiro@hotmail.com,(47) 98020-9046,572_198_460_02,1966-09-25,2025-05-24,Rios,MT
2422,Carolina,Cavalcante,PF,ccavalcante@gmail.com,,085.746.912-67,,2025-05-24,da Paz da Praia,PR
3434,Cauã,Casa Grande,PF,cau_casagrande@yahoo.com.br,(11) 92298-4390,398_657_240_65,1994-12-03,2025-05-24,da Cunha de Goiás,DF
1301,Davi Luiz,Pacheco,PF,ccaldeira@outlook.com,(51) 92368-5069,765.231.980-30,1995-07-23,2025-05-25,Rezende,ES
2024,Leandro,Caldeira,PF,leandro_caldeira@terra.com.br,(11) 91817-9767,289_064_735_83,1964-11-09,2025-05-25,Mendes da Mata,ES
2962,Ana Vitória,Viana,PF,anavitria56@yahoo.com.br,13919597956,160_423_578_08,2002-10-18,2025-05-25,Macedo,GO
3088,Consultoria Garcia Ltda.,,PJ,consultori.@comercio.net.br,,63410729000156,1963-09-22,2025-05-25,Rezende,RJ
1110,Brayan,,PF,brayan_@uol.com.br,31912687073,471_902_638_96,1982-09-24,2025-05-26,da Mota de Minas,ES
2787,Raquel,Monteiro,PF,raquel_monteiro@bol.com.br,(71) 97526-6419,137_264_859_37,2002-11-20,2025-05-26,Souza de Minas,PA
2925,Vasconcelos & Associados Ltda.,,PJ,vasconcelo_@empresa.com.br,(21) 94378-5746,70195624000197,1962-06-17,2025-05-26,Siqueira de Minas,CE
2958,Nicolas,Rocha,PF,nicolasrocha@gmail.com,,123.867.094-69,2002-02-20,2025-05-26,Vasconcelos,RJ
407,Júlia,Brito,PF,jlia_brito@outlook.com,(13) 96804-7141,470_368_921_96,1974-08-23,2025-05-27,Campos do Oeste,RJ
1284,Benicio,Câmara,PF,bcmara@uol.com.br,(31) 93879-8596,623_178_409_69,2001-09-12,2025-05-27,Rezende,MT
2359,Farias & Associados S.A.,,PJ,fariasasso_@empresa.com.br,13955925315,47_501_892_0001_78,1970-12-05,2025-05-27,Melo da Serra,AM
2578,Rocha & Jesus S/A,,PJ,r@empresa.com.br,,26_039_547_0001_94,1977-02-23,2025-05-27,Pereira de Gonçalves,PA
2729,Cauã,Rocha,PF,cau_rocha@terra.com.br,+5561980261118,63891452764,1987-03-23,2025-05-27,da Mata,SC
3006,Luan,Marques,PF,lmarques@ig.com.br,+5531967502242,31562948709,1966-01-22,2025-05-27,Barros Alegre,SC
1276,Enzo,Guerra,PF,enzo_guerra@outlook.com,+5513962142192,527_681_934_37,1969-03-25,2025-05-28,Mendes,RR
2277,João,Costela,PF,jcostela@uol.com.br,13947733354,47892653074,,2025-05-28,Viana,MS
2303,Davi Lucca,Caldeira,PF,davilucca68@bol.com.br,+5561998307641,72619804396,,2025-05-28,Oliveira,CE
2488,João Lucas,Mendes,PF,joolucas.mendes@ig.com.br,61994215308,42387590104,1962-05-11,2025-05-28,Siqueira,PR
2723,José Miguel,Araújo,PF,jarajo@yahoo.com.br,(13) 96379-7787,42670153844,1987-07-19,2025-05-28,da Paz do Galho,MS
869,Olivia,da Conceição,PF,oliviadaconceio@outlook.com,+5561951318627,521.684.730-80,2005-05-06,2025-05-29,Aragão de Pires,PE
989,Lívia,Moreira,PF,lviamoreira@bol.com.br,21961693637,275.480.913-97,1992-09-08,2025-05-29,Nunes,AP
1517,Maria Fernanda,Teixeira,PF,mariafernanda_teixeira@terra.com.br,,167.284.305-71,,2025-05-29,Fogaça das Pedras,SE
3016,Mirella,Sousa,PF,mirellasousa@uol.com.br,71977539210,39157608466,1983-07-26,2025-05-29,Gomes,RJ
3116,Ana Júlia,Oliveira,PF,anajlia.oliveira@hotmail.com,+5547941948356,73625481090,1968-11-30,2025-05-29,Ferreira,AL
909,Anthony,Mendes,PF,amendes@ig.com.br,+5551949656521,59043827150,1970-12-04,2025-05-30,Gonçalves,PR
2656,Léo,Andrade,PF,lo_andrade@bol.com.br,(31) 92762-1012,32509481797,2003-06-28,2025-05-30,Azevedo,RR
2670,Ribeiro & Cardoso S/A,,PJ,ribeirocar_@comercio.net.br,+5511995121173,85692470000116,1959-11-18,2025-05-30,Rios das Pedras,BA
2776,Paulo,Cavalcante,PF,paulocavalcante@outlook.com,+5551932806650,621_307_849_50,1974-10-02,2025-05-30,Rezende da Prata,RO
128,Soluções Machado Ltda.,,PJ,s@comercio.net.br,,96573102000175,1995-09-07,2025-05-31,Santos,AP
1150,Caroline,Porto,PF,cporto@outlook.com,+5531981551636,06781235435,1958-03-26,2025-05-31,da Rosa de Goiás,MG
2593,Nathan,Fonseca,PF,nathanfonseca@hotmail.com,+5551978822768,714_320_859_05,1989-09-28,2025-05-31,Araújo de Dias,PB
3312,Davi Lucca,Souza,PF,davilucca62@outlook.com,+5547944008776,789.415.026-67,1957-11-30,2025-05-31,da Costa da Praia,PB
239,Maya,Correia,PF,maya_correia@outlook.com,(13) 94216-9135,653_948_170_57,1976-04-20,2025-06-01,Gomes de Pires,ES
391,Cardoso Sistemas e Serviços S.A.,,PJ,cardososis_@comercio.net.br,(13) 91804-1479,36.071.489/0001-30,2006-05-21,2025-06-01,Ramos Paulista,RN
2067,Bruno,Barros,PF,brunobarros@outlook.com,47918568989,280_193_475_50,,2025-06-01,Peixoto,SC
211,Marina,Nascimento,PF,marina_nascimento@uol.com.br,(61) 91815-3538,875.924.016-49,1985-06-01,2025-06-02,Moraes da Serra,PE
750,Luiz Fernando,Aparecida,PF,laparecida@hotmail.com,+5541949221329,813.592.407-05,,2025-06-02,da Rocha,GO
3189,Mirella,Novais,PF,mirella_novais@bol.com.br,(31) 99130-3442,859.604.237-74,1981-08-28,2025-06-02,Nascimento do Sul,RR
353,Júlia,,PF,j@yahoo.com.br,+5531976847542,178_065_243_71,,2025-06-03,Vargas do Campo,RJ
1096,Monteiro Tecnologia e Consultoria EIRELI,,PJ,m@comercio.net.br,,29_163_587_0001_31,1966-07-14,2025-06-03,Teixeira,MA
2072,Maria Helena,Farias,PF,mariahelena13@hotmail.com,61924517801,127.839.504-05,,2025-06-03,Costa,TO
2408,Leandro,Nascimento,PF,leandro_nascimento@uol.com.br,+5521984623295,75834612008,1959-04-13,2025-06-03,Correia,PA
141,Lucas Gabriel,Pinto,PF,lpinto@gmail.com,(71) 97127-5602,39785461084,2006-12-08,2025-06-04,Moura,MS
159,Pedro Miguel,Nogueira,PF,felipe.carvalho@uol.com.br,+5561925273252,34905261805,1969-10-05,2025-06-04,da Conceição,SP
1967,Gael Henrique,Castro,PF,gaelhenrique_castro@uol.com.br,+5561993216544,24507691885,1984-07-03,2025-06-04,Teixeira,DF
2225,Andrade & Associados S/S,,PJ,andradeass.@empresa.com.br,(11) 97368-2115,30.687.541/0001-09,1981-03-09,2025-06-04,Sousa,DF
1483,Joaquim,Barros,PF,joaquim92@terra.com.br,,90425167801,1958-08-29,2025-06-05,Moura,DF
161,Kevin,Campos,PF,kcampos@gmail.com,+5541970058657,015.832.649-06,1996-06-21,2025-06-06,Brito,RS
914,Isadora,Moura,PF,isadora89@hotmail.com,(61) 96929-1843,950.281.346-42,1972-09-19,2025-06-06,Rocha,CE
1691,Breno,Silveira,PF,breno20@yahoo.com.br,+5541963211292,56819203721,1974-02-15,2025-06-06,Rezende de Fonseca,AC
2099,Caroline,Rocha,PF,crocha@gmail.com,61977091792,73986204547,1974-01-16,2025-06-06,Carvalho,RN
107,Sara,Vargas,PF,svargas@ig.com.br,+5551993423445,50312687940,,2025-06-07,Mendonça,DF
959,Laís,da Costa,PF,las.dacosta@gmail.com,41990986789,675.481.230-35,1968-11-30,2025-06-07,Cardoso de Gomes,PA
1880,José,Rodrigues,PF,jos_rodrigues@hotmail.com,71996881034,720.451.693-16,,2025-06-07,Monteiro,GO
2652,Miguel,Pastor,PF,mpastor@outlook.com,+5511938373971,067.849.135-66,1974-01-11,2025-06-07,Rezende,RR
2749,Enrico,Vieira,PF,enrico.vieira@bol.com.br,41982124979,715_096_832_59,1989-12-18,2025-06-07,Fogaça,PE
3055,Ryan,Vieira,PF,ryan_vieira@yahoo.com.br,(41) 91653-8026,069.723.481-96,1997-05-27,2025-06-07,Gonçalves,MS
3437,Thales,Fogaça,PF,tfogaa@terra.com.br,(21) 99224-1982,083.467.592-74,1994-07-30,2025-06-07,da Rosa,RR
73,Alice,Marques,PF,alice.marques@yahoo.com.br,(31) 96062-1041,712.894.506-76,2000-07-05,2025-06-08,Jesus,PB
820,Olivia,Dias,PF,olivia.dias@hotmail.com,,586_970_312_30,,2025-06-08,Vieira,ES
1169,Benicio,Freitas,PF,beniciofreitas@yahoo.com.br,+5513995608990,29457610334,,2025-06-08,Pastor Alegre,RO
1418,Stephany,Caldeira,PF,scaldeira@yahoo.com.br,11948136300,961.702.853-03,1975-10-04,2025-06-08,Teixeira dos Dourados,AP
2050,Pereira Soluções e Sistemas S/A,,PJ,pereirasol58@empresa.com.br,(31) 95698-2165,31.954.602/0001-01,2003-07-12,2025-06-08,Alves de Minas,RO
2790,Nina,Sales,PF,nina.sales@terra.com.br,+5551936331483,945.710.238-04,2000-07-19,2025-06-08,Siqueira dos Dourados,MS
3268,Melina,Mendonça,PF,melina10@ig.com.br,,519.728.034-41,,2025-06-08,Teixeira,AM
3024,Stella,Câmara,PF,stella5@bol.com.br,,80253694710,1967-05-04,2025-06-09,Vieira da Prata,MG
3199,Nicolas,Almeida,PF,nicolas.almeida@terra.com.br,51984363303,043.256.817-44,2000-05-24,2025-06-09,Freitas da Serra,AC
707,Maysa,Siqueira,PF,maysa84@terra.com.br,31937293022,145.369.287-82,1970-11-10,2025-06-10,Mendonça,MS
1715,Davi Miguel,Almeida,PF,davimiguel_almeida@outlook.com,+5551993691930,83261947519,1980-10-13,2025-06-10,Mendonça de Castro,BA
1787,Daniel,Fernandes,PF,daniel60@uol.com.br,13986741605,31742096840,,2025-06-10,Brito,SC
1815,Alana,Pastor,PF,alana.pastor@hotmail.com,11958512958,751_296_843_46,1967-08-15,2025-06-10,Pires da Serra,SP
1758,Cunha Sistemas e Distribuidora ME,,PJ,cunhasiste@empresa.com.br,(11) 91892-7309,82.697.531/0001-40,1958-11-21,2025-06-11,da Costa,PR
962,Maria Eduarda,Freitas,PF,mariaeduardafreitas@outlook.com,41919132927,168_453_902_15,1998-04-02,2025-06-12,Montenegro,RR
1321,Pedro Miguel,,PF,pedromiguel.@gmail.com,+5571953433300,36891742013,1980-02-16,2025-06-12,Camargo,RJ
2239,Kevin,Oliveira,PF,kevin_oliveira@hotmail.com,+5561948786122,308_749_216_78,,2025-06-12,Caldeira,RJ
2678,Breno,Jesus,PF,breno76@bol.com.br,(41) 91563-6662,196.520.374-43,,2025-06-12,Costela do Norte,RR
2737,Nicole,Sousa,PF,nicole.sousa@gmail.com,13984247166,584_176_320_26,1995-08-11,2025-06-12,Vargas,ES
2760,Henry,Guerra,PF,henryguerra@terra.com.br,11921122309,418.560.379-75,1964-12-17,2025-06-12,Barbosa,PA
3319,Bento,Dias,PF,bdias@ig.com.br,31933673474,198_567_304_57,1993-10-21,2025-06-12,Nogueira da Serra,TO
782,Maria Liz,Vargas,PF,estercavalcanti@gmail.com,(41) 95228-1643,680.312.497-50,1988-11-07,2025-06-13,Silveira,RO
1176,Maysa,Moraes,PF,maysa.moraes@yahoo.com.br,+5541991985143,764_295_310_07,1983-07-26,2025-06-13,Fogaça de Minas,PE
1640,Theo,Moura,PF,theo99@yahoo.com.br,41956068764,82435196024,1990-12-11,2025-06-13,Correia,GO
1948,Théo,Jesus,PF,tho_jesus@ig.com.br,(31) 91877-5575,172.548.930-97,1975-07-09,2025-06-13,Ferreira,RN
2565,Silva & Associados EIRELI,,PJ,silvaassoc_@empresa.com.br,(11) 91183-3455,53_096_748_0001_04,1990-08-02,2025-06-13,Sá da Serra,BA
2780,Maya,Sousa,PF,maya_sousa@outlook.com,(31) 96891-8384,760.458.231-17,1973-11-07,2025-06-13,Silva do Campo,PR
223,Benício,Pires,PF,bencio24@outlook.com,+5551949771874,402.975.618-20,1998-01-18,2025-06-14,Pimenta,RS
1251,Apollo,Porto,PF,apollo_porto@gmail.com,+5547930211229,783.149.650-57,,2025-06-14,Aragão,SE
1711,Henry Gabriel,Sampaio,PF,hsampaio@ig.com.br,,50473916207,1985-04-18,2025-06-14,Nunes,GO
1954,Diego,Abreu,PF,diego82@hotmail.com,47918457622,015.749.832-88,1977-08-24,2025-06-14,Pinto,MS
2570,Joana,Monteiro,PF,joana.monteiro@ig.com.br,+5547995208369,726.309.418-50,1985-05-14,2025-06-14,Freitas Verde,AC
2585,Sophie,da Mata,PF,sophie.damata@bol.com.br,(71) 97739-3057,397_261_408_03,1990-07-23,2025-06-14,Fogaça,PR
13,Hellena,Ferreira,PF,hellenaferreira@uol.com.br,+5511923059600,27310489560,1965-04-13,2025-06-15,Pires da Mata,AM
963,Stella,Borges,PF,sborges@ig.com.br,+5541964758755,38629147555,1998-07-01,2025-06-15,Machado do Amparo,PR
1978,Ian,da Mata,PF,iandamata@bol.com.br,+5571998924978,50273461826,1956-09-16,2025-06-15,Rios,PA
2236,Sofia,Abreu,PF,sofia.abreu@uol.com.br,51946749967,412_930_765_70,1961-07-29,2025-06-15,Pires,BA
61,Luiz Miguel,Machado,PF,luizmiguel_machado@uol.com.br,(51) 91820-8621,195_802_734_05,1976-05-18,2025-06-16,Nascimento,RN
729,Levi,Porto,PF,leviporto@ig.com.br,+5561914085163,03976215406,1967-03-07,2025-06-16,Porto,AP
1181,Bianca,Albuquerque,PF,bianca_albuquerque@gmail.com,+5561994012663,794.081.526-11,,2025-06-16,Aparecida Grande,ES
2282,Enzo Gabriel,,PF,enzogabriel60@yahoo.com.br,+5531960729909,923.851.674-09,2007-08-12,2025-06-16,Ferreira de Abreu,DF
2472,Bento,Camargo,PF,anthonygabriel21@uol.com.br,21920384800,48193670566,1968-04-28,2025-06-16,Moreira de Goiás,RR
2931,Mariah,Siqueira,PF,mariah.siqueira@uol.com.br,21914349150,279_134_560_43,1996-01-05,2025-06-16,Machado Paulista,AL
562,Aurora,Aragão,PF,auroraarago@gmail.com,+5571926591433,60417289340,1991-03-16,2025-06-17,da Paz das Pedras,RR
1163,Otto,Silveira,PF,otto.silveira@uol.com.br,,62345908106,2002-03-28,2025-06-17,Novaes de Alves,GO
1452,Maria Luísa,Pacheco,PF,marialusa.pacheco@ig.com.br,,01459623851,1956-08-29,2025-06-17,Gonçalves de Pastor,RN
1722,Fernando,da Cruz,PF,fernando.dacruz@uol.com.br,+5541963263874,965.372.401-07,1976-06-12,2025-06-17,da Costa,MA
1802,Silveira & Jesus ME,,PJ,silveiraje_@comercio.net.br,(13) 98742-8499,98702643000181,1970-04-26,2025-06-17,Novaes de Sales,PR
3231,Nicolas,Ramos,PF,nicolasramos@uol.com.br,71920172016,78645092158,1979-06-11,2025-06-17,Machado Paulista,CE
454,Marcos Vinicius,Melo,PF,marcosvinicius49@uol.com.br,(11) 93671-9974,872_916_403_69,1978-03-18,2025-06-18,Fogaça da Mata,MG
1970,Ana Laura,Sales,PF,analaura.sales@bol.com.br,(13) 99771-9001,571.849.630-75,2000-08-30,2025-06-18,Brito,SE
3044,Davi Luiz,da Cruz,PF,daviluizdacruz@terra.com.br,71998911791,63485092738,1969-11-24,2025-06-18,Souza,SE
3136,Ana Sophia,Pimenta,PF,anasophiapimenta@outlook.com,41970724167,348_706_512_62,1997-01-30,2025-06-18,Duarte,DF
1750,Maria Clara,Moreira,PF,mariaclara.moreira@uol.com.br,(11) 98873-6981,653.840.729-38,1984-06-27,2025-06-19,Teixeira do Sul,PR
2313,Luiz Felipe,da Rosa,PF,luizfelipe51@uol.com.br,+5547995939962,574_261_803_44,1965-07-17,2025-06-19,Novaes dos Dourados,PA
2542,Felipe,Cunha,PF,felipe91@bol.com.br,(21) 92794-8520,610.879.325-21,1989-07-28,2025-06-19,Albuquerque de Cavalcante,PR
735,Daniel,Fonseca,PF,daniel_fonseca@ig.com.br,61948814490,537.109.846-10,2006-10-06,2025-06-20,Câmara,TO
1142,João Miguel,da Cruz,PF,joomiguel49@uol.com.br,(11) 98656-1452,307_615_984_48,1992-03-15,2025-06-20,Peixoto do Sul,RR
1227,Luana,Peixoto,PF,luanapeixoto@gmail.com,+5571914929879,13098752602,1999-10-16,2025-06-20,Pinto do Galho,PB
2142,Pereira & Associados EPP,,PJ,pereiraass.@comercio.net.br,+5551945947260,93465870000117,1995-05-11,2025-06-20,Correia,PE
2644,Vargas Consultoria e Serviços ME,,PJ,vargascons54@empresa.com.br,51934202561,96_428_175_0001_73,1968-01-25,2025-06-20,Costa,AC
2851,Mendes & Associados S/A,,PJ,mendesasso@empresa.com.br,11967213144,30549182000115,1992-09-09,2025-06-20,Rocha,MG
2903,Maya,Marques,PF,maya.marques@yahoo.com.br,47976285114,765.803.219-03,,2025-06-20,Caldeira do Amparo,SE
3161,Léo,Montenegro,PF,lo22@uol.com.br,61980277979,17263958473,2001-11-12,2025-06-20,Garcia de Mendes,RR
1539,Vasconcelos Importadora e Atacado EPP,,PJ,vasconcelo19@empresa.con.br,+5551913578443,96.704.152/0001-44,2005-05-21,2025-06-21,Siqueira do Norte,RJ
3405,Emanuel,Ferreira,PF,emanuelferreira@ig.com.br,+5551935387158,840_312_795_23,2001-03-10,2025-06-21,Mendonça,GO
556,Emanuel,Mendonça,PF,emendona@yahoo.com.br,+5561965605833,342_018_567_71,1995-03-07,2025-06-22,Castro,PI
1146,Luiz Gustavo,Cavalcante,PF,luizgustavo.cavalcante@bol.com.br,(21) 99338-8816,03157648993,,2025-06-22,Ribeiro dos Dourados,RO
2928,Rafaela,Fernandes,PF,mariah47@hotmail.com,+5541914702020,25946718002,,2025-06-22,Vieira,SC
532,Luan,Machado,PF,luan_machado@ig.com.br,31968608959,458.920.163-15,1994-02-23,2025-06-23,Nascimento dos Dourados,ES
1520,José,Aparecida,PF,japarecida@yahoo.com.br,,28190675494,1965-06-18,2025-06-23,Martins,PR
1669,Bento,Pires,PF,bpires@yahoo.com.br,31937342467,167.294.085-02,2003-01-10,2025-06-23,Jesus de da Mota,PA
1805,Luana,Duarte,PF,luanaduarte@terra.com.br,+5561956867768,049.237.168-78,1975-03-02,2025-06-23,Moreira de Minas,MA
2455,Luiz Henrique,da Mata,PF,murilomachado@terra.com.br,13965168838,34210587923,2003-09-06,2025-06-23,Albuquerque,RO
2675,Importadora Pinheiro S.A.,,PJ,importador_@comercio.net.br,(21) 96301-9089,85.673.204/0001-46,2005-09-23,2025-06-23,Costa,SE
2864,Henry,Ferreira,PF,henry.ferreira@bol.com.br,71942089281,406.952.387-10,1976-01-03,2025-06-23,Novais Grande,BA
3388,Aylla,Brito,PF,aylla_brito@gmail.com,11964213842,64805137975,,2025-06-23,Farias,MA
51,Eloá,Fernandes,PF,elo.fernandes@bol.com.br,(11) 96809-8577,062_748_195_76,1985-02-16,2025-06-24,Fonseca,PE
507,Soluções Mendes S/S,,PJ,s@empresa.com.br,+5551954722614,84.560.123/0001-77,1985-06-22,2025-06-24,Abreu,CE
714,Ryan,Mendonça,PF,ryanmendona@ig.com.br,+5547976918788,517.634.098-48,1991-10-31,2025-06-24,Vargas de Câmara,MG
955,Diego,Viana,PF,diego.viana@terra.com.br,(71) 94186-8845,193.420.865-51,,2025-06-24,Carvalho,MS
1183,Allana,Barbosa,PF,allanabarbosa@gmail.com,+5513957423519,438.520.179-04,1982-03-15,2025-06-24,Sampaio de Melo,PI
1206,Luiz Otávio,Souza,PF,luizotvio.souza@hotmail.com,(51) 91299-1332,405.791.862-02,1980-11-25,2025-06-24,Cavalcante,MA
1449,Davi Miguel,Pastor,PF,dpastor@outlook.com,(31) 91549-2790,64893571001,2005-10-25,2025-06-24,Vieira Verde,MG
1512,Allana,Nascimento,PF,anascimento@gmail.com,11970121838,67325980400,1993-10-23,2025-06-24,Melo do Sul,PR
1589,Mirella,,PF,mirella_@uol.com.br,+5547914448952,360.517.984-39,1967-08-02,2025-06-24,da Conceição de da Cunha,DF
2085,Bryan,Montenegro,PF,bryan1@ig.com.br,,012.785.634-07,,2025-06-24,Silva,TO
2355,Benicio,Viana,PF,benicio.viana@hotmail.com,,410_863_259_15,1968-08-28,2025-06-24,Sampaio,RO
2647,Luiz Miguel,Pimenta,PF,lpimenta@hotmail.com,,91724608576,1975-11-28,2025-06-24,Pastor Alegre,PR
189,Valentim,Barbosa,PF,vbarbosa@terra.com.br,(47) 96922-7666,409.628.157-30,1985-01-15,2025-06-25,Casa Grande da Mata,AC
388,Isadora,Rocha,PF,isadora_rocha@ig.com.br,+5561981649511,752_461_390_34,1987-02-16,2025-06-25,Vasconcelos,MT
927,João Pedro,Cardoso,PF,joopedro_cardoso@terra.com.br,(61) 95544-2390,679.120.538-59,1968-12-10,2025-06-25,da Costa,RO
1103,Laura,Ribeiro,PF,lribeiro@bol.com.br,(11) 98680-4052,481_259_073_60,1999-11-25,2025-06-25,Melo da Prata,AL
1736,Bruna,Freitas,PF,bfreitas@outlook.com,71967752998,409.637.821-69,1981-01-26,2025-06-25,Almeida do Amparo,TO
2485,Rael,Silveira,PF,rael52@outlook.com,13920858394,48169035775,,2025-06-25,Rios,RS
2648,Gustavo,Ferreira,PF,gustavo88@outlook.com,61999946358,38510479666,1997-02-10,2025-06-25,da Rosa,PI
1926,Stephany,Brito,PF,stephanybrito@uol.com.br,(71) 99395-2360,061.457.293-25,1981-01-23,2025-06-26,Freitas do Oeste,MG
2435,Mathias,Leão,PF,mathiasleo@gmail.com,+5547964169104,479.325.016-52,1959-03-09,2025-06-26,Campos,AP
118,Sarah,Leão,PF,sarah97@terra.com.br,,219.485.037-60,,2025-06-27,Souza,GO
1008,Almeida & Associados S.A.,,PJ,almeidaass_@comercio.net.br,(31) 99227-3703,91_370_624_0001_56,1979-10-10,2025-06-27,Pastor da Prata,AP
2323,Yuri,Barbosa,PF,yuri_barbosa@terra.com.br,47921788237,864.502.319-98,1973-05-08,2025-06-27,Farias de Fernandes,AL
2885,Rodrigo,Casa Grande,PF,rodrigo68@hotmail.com,51990602338,468_702_519_67,1989-11-26,2025-06-27,Lopes,AC
3130,Diego,Cardoso,PF,dcardoso@outlook.com,(31) 96489-4333,09418652315,1974-10-23,2025-06-27,da Rosa Grande,SC
479,Oliveira & Andrade S.A.,,PJ,o@empresa.com.br,(61) 91378-6081,20.897.431/0001-00,1974-01-24,2025-06-28,Monteiro,AM
646,Maria Liz,Alves,PF,marializalves@terra.com.br,(51) 99936-3192,92638150703,2007-09-05,2025-06-28,Moreira,SP
1207,Rafaela,Vargas,PF,rafaela.vargas@uol.com.br,(31) 95903-1621,718.326.459-91,2005-05-19,2025-06-28,Azevedo do Campo,SC
1813,Araújo Informática e Serviços S/S,,PJ,arajoinfor_@comercio.net.br,61931212339,90754832000196,1999-01-10,2025-06-28,Nogueira,RN
3480,Maria Alice,Pinto,PF,mariaalice.pinto@bol.com.br,31943651895,856.472.190-20,2003-11-15,2025-06-28,Jesus Alegre,RS
953,Cardoso & Melo ME,,PJ,cardosomel@comercio.net.br,+5531945782243,94.371.285/0001-10,1995-02-08,2025-06-29,Campos,PI
1620,Anthony,Carvalho,PF,anthony.carvalho@yahoo.com.br,+5541986855942,420_831_765_53,1958-10-25,2025-06-29,Albuquerque,MT
2960,Léo,da Conceição,PF,lo.daconceio@outlook.com,21951476026,018.967.245-58,1989-06-29,2025-06-29,Almeida das Pedras,DF
469,Sophia,Pastor,PF,spastor@uol.com.br,41993817596,648_375_190_75,1996-05-29,2025-06-30,Sá,TO
789,Maria Luiza,Nunes,PF,marialuiza.nunes@gmail.com,71914397033,894_051_326_60,1974-03-11,2025-06-30,Machado de Minas,SE
1976,Matheus,Gomes,PF,mgomes@yahoo.com.br,21975255409,713.986.240-04,2003-12-01,2025-06-30,Cirino,MS
2615,Mateus,Teixeira,PF,mateus_teixeira@yahoo.com.br,(51) 98702-6868,52841903605,2001-09-01,2025-06-30,Vieira,PR
1413,Jade,Gomes,PF,jade.gomes@ig.com.br,+5541976863156,256_190_874_76,1960-12-27,2025-07-01,Novais,MS
1482,Heitor,Barbosa,PF,heitor_barbosa@ig.com.br,(47) 91569-3675,984.123.605-24,1996-08-08,2025-07-01,Abreu,SE
1609,Marina,Ribeiro,PF,marinaribeiro@terra.com.br,(61) 92201-1673,87941605201,2004-10-12,2025-07-01,Câmara,RO
3113,Maria Sophia,Abreu,PF,mariasophiaabreu@bol.com.br,(31) 98697-5291,24159870694,1958-06-15,2025-07-01,Barros,ES
590,Sophia,Gomes,PF,sophia91@hotmail.com,71915015377,780.491.352-41,,2025-07-02,Barros Verde,RJ
1280,Luiz Felipe,Ribeiro,PF,luizfeliperibeiro@ig.com.br,+5531987603100,46310798510,1977-11-16,2025-07-03,Cassiano,AL
193,Pedro,Nogueira,PF,pedro45@outlook.com,,980_217_534_04,1973-12-16,2025-07-04,Lopes,CE
577,Marcos Vinicius,Monteiro,PF,marcosviniciusmonteiro@yahoo.com.br,(31) 98255-9267,136.972.054-80,1972-05-21,2025-07-04,Pastor de Minas,RJ
977,Dias Tecnologia e Sistemas EPP,,PJ,diastecnol31@comercio.net.br,41938933236,74.580.623/0001-17,2006-03-03,2025-07-04,Casa Grande do Norte,AP
3127,Pacheco & Associados S/S,,PJ,pachecoass.@comercio.net.br,+5541963985367,29.386.451/0001-90,2002-04-11,2025-07-04,Guerra da Serra,AC
3356,Ester,Duarte,PF,esterduarte@ig.com.br,+5551944644965,863.719.245-91,1977-10-30,2025-07-04,Silva,SC
113,Gael Henrique,Cardoso,PF,gaelhenrique41@hotmail.con,+5513932306982,96821543755,1983-08-06,2025-07-05,da Rocha,AL
774,Maria Fernanda,Albuquerque,PF,mariafernanda_albuquerque@yahoo.com.br,(51) 97638-7425,386_571_209_68,1981-01-24,2025-07-05,Guerra,SC
2165,Marcos Vinicius,da Cruz,PF,marcosvinicius98@yahoo.com.br,(41) 99198-2740,075_184_962_67,,2025-07-05,Cirino,SC
2601,Sofia,Melo,PF,smelo@ig.com.br,41989719332,69031284505,1991-01-05,2025-07-05,Mendonça Verde,RR
3031,Heloísa,Sá,PF,helosa.s@ig.com.br,+5561975475349,754.968.130-93,1958-02-10,2025-07-05,das Neves,RN
3347,Alana,Pimenta,PF,alanapimenta@uol.com.br,(21) 92540-8674,937_245_680_29,1977-03-30,2025-07-05,Guerra de Minas,TO
1011,Brayan,Gomes,PF,brayan.gomes@uol.com.br,+5541982638192,173.059.824-23,1985-04-01,2025-07-06,Albuquerque Alegre,PR
2083,Pedro Miguel,Pacheco,PF,pedromiguel_pacheco@uol.com.br,47938432230,04263571916,,2025-07-06,Barbosa,PR
2480,Pedro Miguel,Peixoto,PF,ppeixoto@ig.com.br,(21) 99184-1832,45631829746,,2025-07-06,Sampaio,DF
2775,Lorena,Pires,PF,lorena.pires@uol.com.br,(61) 96594-7265,20319647803,2002-06-01,2025-07-06,Cavalcante,RS
3322,Gael Henrique,da Costa,PF,gaelhenriquedacosta@ig.com.br,(11) 98756-5737,54917360820,,2025-07-06,Garcia,RJ
3380,Ryan,Correia,PF,ryan_correia@uol.com.br,21954455800,354.826.907-92,1988-03-04,2025-07-06,Porto,MS
471,Oliveira Importadora e Comércio S.A.,,PJ,oliveiraim@comercio.net.br,11914855170,14_376_820_0001_97,2005-03-28,2025-07-07,da Cruz,RS
513,Sophie,Casa Grande,PF,scasagrande@hotmail.com,+5521961036089,243_178_650_17,1993-12-14,2025-07-07,da Luz,DF
1026,Nina,Rezende,PF,nina_rezende@bol.com.br,71966071324,834_970_652_00,1976-01-13,2025-07-07,Teixeira de Goiás,SC
1436,Isabella,Gomes,PF,isabella82@uol.com.br,41993698478,14398576282,1983-04-11,2025-07-07,Macedo Grande,RS
2027,João Gabriel,Peixoto,PF,jpeixoto@uol.com.br,13921322714,87024513608,,2025-07-07,Castro das Flores,PA
2396,Manuella,Pimenta,PF,manuellapimenta@outlook.com,+5531985109445,643_257_809_47,1981-06-21,2025-07-07,Cirino da Prata,PR
100,Emanuel,Jesus,PF,ejesus@terra.com.br,31930269390,043_678_512_90,1979-01-27,2025-07-08,Nogueira,SC
81,Leonardo,Pastor,PF,lpastor@yahoo.com.br,41959537619,784_362_019_22,1969-02-17,2025-07-09,Silva Paulista,BA
638,Cecilia,Casa Grande,PF,cecilia40@hotmail.com,41999354740,89046231542,1962-07-08,2025-07-09,Gonçalves,MA
3409,Costa & Silveira ME,,PJ,costasilve@empresa.com.br,+5531948039322,29815047000195,1987-08-08,2025-07-09,Freitas,SE
2144,Ísis,Sousa,PF,ssousa@yahoo.com.br,+5561987078312,896.325.714-28,1980-10-13,2025-07-10,Sá das Flores,TO
2257,Luana,da Luz,PF,luanadaluz@bol.com.br,+5551974071706,74106382571,1984-01-09,2025-07-10,Ferreira,PB
2276,Comércio Camargo EIRELI,,PJ,comrciocam@empresa.com.br,+5547921908482,93.104.682/0001-63,1978-01-11,2025-07-10,da Conceição de Minas,CE
2891,Jade,Camargo,PF,jade_camargo@outlook.com,31930027302,416_095_738_20,1988-07-06,2025-07-10,Mendonça de Pastor,AP
2964,Letícia,Albuquerque,PF,letciaalbuquerque@terra.com.br,51956484012,632.485.901-06,1990-03-03,2025-07-10,da Rocha,TO
3462,Arthur Gabriel,Aragão,PF,arthurgabrielarago@bol.com.br,(47) 99582-9351,15702869303,1967-07-18,2025-07-10,Garcia de Ribeiro,PE
723,Marina,Alves,PF,marina.alves@hotmail.con,+5547976206569,180.394.267-31,1964-05-02,2025-07-11,Ferreira de Ramos,MA
1325,José Pedro,Correia,PF,jospedro_correia@yahoo.com.br,11964163775,496.731.502-06,2001-11-02,2025-07-11,Albuquerque Grande,GO
2945,Larissa,Ramos,PF,larissaramos@gmail.com,61920535849,541_026_738_90,1992-09-12,2025-07-11,Moraes Paulista,SE
443,Gael Henrique,Alves,PF,gaelhenriquealves@yahoo.com.br,+5551976415206,184.725.930-88,2001-09-24,2025-07-12,Fernandes de Castro,RO
904,Valentina,Mendes,PF,valentina_mendes@gmail.com,+5513910016549,83562940700,1963-05-07,2025-07-12,Sampaio,MA
1056,Hellena,da Luz,PF,hellena_daluz@outlook.com,+5521956472650,285.937.146-09,1994-12-26,2025-07-12,Pires do Norte,AM
1353,João Miguel,Mendonça,PF,joomiguelmendona@gmail.com,+5551969401430,620_475_893_47,1969-11-28,2025-07-12,Pastor Verde,RO
1573,Oliver,Ferreira,PF,oliver_ferreira@uol.com.br,+5521959948195,457_869_120_94,1975-07-16,2025-07-12,Silveira Verde,MA
1681,João Lucas,Santos,PF,jsantos@uol.com.br,41936812702,921.735.064-80,1963-03-09,2025-07-12,Montenegro,AC
2060,Benício,Pires,PF,bpires@hotmail.con,(41) 91751-4332,739_215_804_04,2003-12-20,2025-07-12,da Mota Paulista,RN
2588,Esther,da Luz,PF,esther_daluz@gmail.com,11915396843,287_514_036_17,1983-01-12,2025-07-12,Pereira,AL
3017,Breno,Nascimento,PF,breno.nascimento@outlook.com,(47) 91195-6144,84017926576,,2025-07-12,Carvalho,SE
3133,André,Cardoso,PF,andr45@ig.com.br,13955061468,801.459.236-06,2000-12-31,2025-07-12,Rezende da Serra,AC
3304,Mariah,Albuquerque,PF,mariah.albuquerque@uol.com.br,(51) 97847-1020,54018963793,1987-01-09,2025-07-12,Monteiro de Minas,RJ
1431,Maya,Cirino,PF,maya.cirino@terra.com.br,21944911189,329_071_586_86,1991-02-24,2025-07-13,Leão,PB
1509,Vitor,Brito,PF,vbrito@hotmail.com,(71) 95856-8625,816.592.407-94,1959-04-10,2025-07-13,Almeida,AP
2304,Maria Fernanda,Guerra,PF,mariafernandaguerra@hotmail.com,+5571945475799,630_412_759_61,1958-01-25,2025-07-13,Guerra da Serra,MG
2317,Luna,Borges,PF,luna.borges@yahoo.com.br,+5561922484728,013_569_487_66,1968-09-27,2025-07-13,Correia dos Dourados,RN
2490,Ramos & Associados S/S,,PJ,r@comercio.net.br,,43.679.285/0001-41,1986-08-01,2025-07-13,Araújo Grande,RO
427,Atacado Costa S/S,,PJ,atacadocos.@empresa.com.br,(31) 93448-7967,61805279000175,1956-11-11,2025-07-14,Vieira das Pedras,AP
843,Diogo,Porto,PF,dporto@yahoo.com.br,(31) 91950-6037,605_921_834_24,1981-07-17,2025-07-14,Melo de Goiás,AC
1591,Ana,Cavalcanti,PF,ana30@terra.com.br,(31) 93841-1150,72396045199,2001-03-08,2025-07-14,Rezende de Costa,RO
3091,Isaac,da Luz,PF,isaac.daluz@ig.com.br,(31) 94750-9934,083_294_716_40,1956-09-27,2025-07-14,Costela de Minas,BA
119,Maria Cecília,Nogueira,PF,mnogueira@ig.com.br,(13) 96393-1321,732_189_504_14,,2025-07-15,Almeida Verde,CE
282,Rafaela,Martins,PF,rmartins@bol.com.br,+5571938185165,429.167.308-69,1974-12-03,2025-07-15,Carvalho,BA
348,João Miguel,Cavalcanti,PF,joomiguelcavalcanti@yahoo.com.br,71988247418,48235671964,1969-08-23,2025-07-15,Pires,PB
801,Anthony Gabriel,Aparecida,PF,anthonygabriel.aparecida@terra.com.br,,968.357.402-56,1957-07-28,2025-07-15,das Neves,MA
938,Amanda,Pacheco,PF,amanda_pacheco@ig.com.br,+5521934495395,506_348_197_39,1964-12-14,2025-07-15,Rios,PR
510,Helena,,PF,helena67@ig.com.br,31930038156,86237054162,,2025-07-16,Nogueira,RO
1279,Raquel,Porto,PF,raquelporto@bol.com.br,+5547915982206,39061784204,2002-03-04,2025-07-16,Sales de Costa,AM
694,Felipe,da Paz,PF,fdapaz@outlook.com,13935573448,425.916.073-70,2007-07-30,2025-07-17,Sales do Oeste,SP
814,Ian,Mendonça,PF,ian.mendona@bol.com.br,(61) 98506-9624,91843526719,2006-07-22,2025-07-17,Cassiano,RJ
866,Valentim,Cardoso,PF,valentim.cardoso@hotmail.com,(11) 98046-7965,270_914_568_58,1964-07-19,2025-07-17,Borges,SC
1911,Calebe,Fonseca,PF,calebe_fonseca@hotmail.com,+5571949246318,387_540_912_41,1993-10-24,2025-07-17,Dias da Prata,AP
2181,Josué,Correia,PF,josu70@bol.com.br,,497.861.502-01,1982-10-29,2025-07-17,Campos,RJ
2287,Isaque,Gonçalves,PF,isaque_gonalves@uol.com.br,+5541948614286,065.738.429-10,2002-05-02,2025-07-17,da Mota,AL
2841,Cecília,Brito,PF,ceclia.brito@terra.com.br,+5521987872535,964.752.083-29,1974-11-11,2025-07-17,Ferreira,BA
3198,Cauã,Rodrigues,PF,cau14@hotmail.com,+5521993111801,601_824_735_62,1981-05-15,2025-07-17,Ribeiro,CE
3331,Emanuelly,Nascimento,PF,enascimento@uol.com.br,41928782553,591.402.368-89,1964-06-04,2025-07-17,da Luz,RO
434,Guilherme,Albuquerque,PF,guilherme_albuquerque@bol.con.br,(61) 97621-2388,910.367.254-99,2003-04-30,2025-07-18,Guerra,SP
544,Manuella,Gonçalves,PF,manuella_gonalves@yahoo.com.br,(31) 96712-1297,98604231560,1974-02-09,2025-07-19,da Mota do Campo,PA
1515,Carolina,Andrade,PF,carolina59@hotmail.com,(13) 96882-5447,56934218728,1971-03-03,2025-07-19,da Luz,PB
1763,José,Sousa,PF,jsousa@outlook.com,31947029064,021_547_386_80,1980-08-28,2025-07-19,Campos,ES
1843,Eloah,da Mota,PF,eloahdamota@gmail.com,31911848385,56814972085,,2025-07-19,Moraes,AL
2483,Liz,Santos,PF,liz.santos@bol.com.br,,057.649.318-00,1959-04-08,2025-07-19,Sousa,MA
341,Soluções Lopes ME,,PJ,solueslope_@empresa.com.br,(13) 95841-6413,39_456_708_0001_97,1996-03-26,2025-07-20,Moura,MT
1367,João Gabriel,Siqueira,PF,joogabriel85@terra.com.br,+5571931821232,43980517675,1961-10-08,2025-07-20,Barbosa do Galho,RN
1549,Santos & Barbosa S/A,,PJ,santosbarb97@empresa.com.br,41923854732,62.189.573/0001-62,1982-08-10,2025-07-20,Borges,MT
2192,Noah,Almeida,PF,noah33@hotmail.com,41958986935,380.974.651-75,1990-09-30,2025-07-20,Duarte,RS
2875,Almeida & Associados EPP,,PJ,almeidaass.@empresa.com.br,21924897776,13.729.640/0001-89,2001-07-09,2025-07-20,Martins,PA
3384,Vitor,Pimenta,PF,vitor72@terra.com.br,(47) 99413-4078,230_746_918_40,1959-06-18,2025-07-20,Garcia,BA
3418,Matheus,Pacheco,PF,matheus58@gmail.com,13950585164,67943821564,1980-04-07,2025-07-20,Rezende do Amparo,RR
1278,Almeida & Castro EI,,PJ,almeidacas.@empresa.com.br,(51) 93191-9864,25796438000159,1970-01-29,2025-07-21,Castro das Pedras,PI
1856,José,Farias,PF,jos_farias@outlook.com,71949618287,137_286_490_31,1997-03-01,2025-07-21,da Costa,PI
2535,Beatriz,Farias,PF,beatriz.farias@bol.com.br,(21) 97389-9270,843_769_215_64,,2025-07-21,Gomes Alegre,MS
3188,Pietro,Brito,PF,pietro61@uol.com.br,61960104525,813_206_457_71,1969-03-23,2025-07-21,Pinto,RO
484,Eloah,da Costa,PF,eloahdacosta@yahoo.com.br,(41) 98225-6214,218_059_347_32,1994-03-30,2025-07-22,Campos,RS
948,Maria Alice,Casa Grande,PF,mariaalice48@outlook.com,11972286958,674.058.192-49,1968-12-13,2025-07-22,Ferreira da Serra,SP
1384,Brenda,Sampaio,PF,bsampaio@terra.com.br,(31) 93293-9204,165.209.438-51,1991-12-05,2025-07-22,Jesus de Minas,BA
1423,Laura,Viana,PF,laura_viana@bol.com.br,(41) 91335-8202,97168532030,1959-05-26,2025-07-22,Andrade da Serra,AP
1451,Ester,da Cunha,PF,ester57@outlook.com,(11) 97191-8932,54796210334,1960-06-09,2025-07-22,Brito,BA
2088,Maria Liz,Câmara,PF,marializ50@terra.com.br,,74536012907,2005-07-16,2025-07-22,Dias,AM
2212,Tecnologia Dias ME,,PJ,t@comercio.net.br,21924752729,23794581000186,1988-03-26,2025-07-22,Almeida de Melo,PA
2394,Laís,Guerra,PF,lguerra@terra.com.br,,741.620.598-02,1996-06-30,2025-07-22,Sales de Novais,PA
2470,Luiz Miguel,Aparecida,PF,luizmiguel6@outlook.com,11988804815,09718653457,,2025-07-22,Souza Paulista,RS
3194,Milena,Ferreira,PF,milena7@outlook.com,(51) 93403-6159,235_179_648_91,1989-12-04,2025-07-22,Macedo Verde,RN
3477,Maria Eduarda,Teixeira,PF,mariaeduarda.teixeira@terra.com.br,(51) 99410-2182,38769240140,1971-06-11,2025-07-23,Fogaça Verde,TO
3484,Maria Alice,Moreira,PF,mariaalice33@ig.com.br,,057.936.421-61,1981-07-24,2025-07-23,da Luz do Oeste,SP
210,Alícia,Casa Grande,PF,alcia.casagrande@yahoo.com.br,31926524058,923.165.708-95,,2025-07-24,Almeida,MG
374,Paulo,Vasconcelos,PF,pvasconcelos@hotmail.com,,023_198_675_03,1970-02-10,2025-07-24,Cavalcanti dos Dourados,PE
1899,Luísa,Pereira,PF,lusa.pereira@hotmail.com,31965423979,051_649_872_01,1981-07-25,2025-07-24,Moraes,GO
667,Soluções Pinto ME,,PJ,s@empresa.com.br,31913276118,31709824000169,1967-01-23,2025-07-25,Rodrigues,SP
1424,Davi,Sampaio,PF,gabriel_darosa@hotmail.com,,560.972.483-00,1964-05-05,2025-07-25,Camargo,RR
1601,Arthur Gabriel,Vieira,PF,arthurgabriel55@hotmail.com,(71) 91472-5600,613.589.042-51,1967-11-21,2025-07-25,Melo dos Dourados,BA
2137,Souza & Associados S/S,,PJ,souzaassoc@comercio.net.br,+5521992899668,52.430.819/0001-92,2002-11-29,2025-07-25,Garcia Verde,MT
2439,Hadassa,Ribeiro,PF,hadassa_ribeiro@bol.com.br,41938576713,610_824_795_94,2003-10-03,2025-07-25,Novais,MS
3210,Valentim,Borges,PF,vborges@hotmail.com,31938945884,105.624.379-16,1966-03-03,2025-07-25,Barbosa do Amparo,RR
3324,Ana Luiza,da Luz,PF,analuiza76@uol.com.br,(11) 98902-5358,38519420788,1969-10-06,2025-07-25,Nascimento de Nascimento,DF
289,Lívia,Nascimento,PF,lnascimento@hotmail.com,51985747241,147_059_836_10,1997-06-04,2025-07-26,Nogueira,ES
296,Renan,Fernandes,PF,rfernandes@gmail.com,11965879160,854_960_271_01,,2025-07-26,Vieira da Serra,DF
2358,Samuel,Novaes,PF,samuelnovaes@hotmail.com,(11) 92972-6556,945.081.726-01,1976-07-22,2025-07-26,Garcia,PR
2853,Informática Sales EIRELI,,PJ,i@empresa.com.br,+5561951161057,79_328_516_0001_10,1974-04-03,2025-07-26,Almeida da Mata,RR
761,Davi Lucas,Gonçalves,PF,dgonalves@yahoo.com.br,(11) 96054-4208,906_143_785_75,2002-08-27,2025-07-27,Pacheco do Campo,MG
1158,Elisa,Martins,PF,elisamartins@ig.com.br,+5547959999869,30781469287,1967-10-06,2025-07-27,Oliveira de Goiás,SC
2180,Marina,Vieira,PF,marina80@gmail.com,+5531955061319,419.830.562-51,1968-09-30,2025-07-27,Cavalcanti,AC
382,Andrade & Associados S/S,,PJ,a@empresa.com.br,+5547936272210,31.658.207/0001-81,,2025-07-28,Caldeira,SE
1272,Clarice,Siqueira,PF,claricesiqueira@outlook.com,+5561995577553,802.657.143-62,1975-12-10,2025-07-28,Alves,SP
1955,Santos & Associados Ltda.,,PJ,santosasso48@comercio.net.br,(31) 97084-2550,08491326000170,,2025-07-28,Peixoto,SE
503,Rafaela,Duarte,PF,rafaela25@uol.com.br,+5547979097878,932_145_760_70,1979-03-17,2025-07-29,Pastor,PE
1477,Cauã,Silveira,PF,cau.silveira@gmail.com,(47) 99261-8267,309_187_264_50,1970-12-27,2025-07-29,Ferreira das Pedras,PE
1788,Machado & Dias ME,,PJ,machadodia2@empresa.com.br,(47) 93027-1462,50_136_948_0001_47,1963-03-03,2025-07-29,Cavalcanti de Mendonça,AC
3098,Araújo & Fonseca EIRELI,,PJ,a@empresa.com.br,+5531959128752,89734215000140,,2025-07-29,Rodrigues,PI
543,Gael Henrique,da Cunha,PF,gaelhenrique37@uol.com.br,+5541988415527,453_190_876_75,2007-02-15,2025-07-30,Pastor,AM
808,Liz,Nogueira,PF,liznogueira@bol.com.br,71979881099,320.761.849-96,1963-02-05,2025-07-30,Pastor do Amparo,PI
1581,Maria Flor,Silva,PF,mariaflor.silva@outlook.com,61973198964,58230647992,1984-03-09,2025-07-30,da Luz,AP
541,Pietro,Rios,PF,mariahelena_alves@yahoo.com.br,+5513948184504,614.730.259-07,2006-09-21,2025-07-31,Rocha,AP
2004,Bruna,Vasconcelos,PF,brunavasconcelos@yahoo.com.br,+5511940537541,516.387.092-03,1969-05-18,2025-07-31,Monteiro do Campo,TO
3292,Maya,Andrade,PF,mayaandrade@terra.com.br,+5531971837047,51790843693,1968-04-02,2025-07-31,Sousa do Norte,RR
145,Maria Júlia,Ramos,PF,mariajlia26@gmail.com,(41) 98840-7300,265.784.309-38,1985-04-11,2025-08-01,Martins,CE
324,Igor,Albuquerque,PF,igor.albuquerque@ig.com.br,+5551978556962,764_315_028_17,1990-04-21,2025-08-01,Costela,AC
1039,Souza & Gonçalves S.A.,,PJ,souzagonal.@empresa.com.br,31941456526,04.369.871/0001-38,1969-02-23,2025-08-01,Novaes de Mendonça,RJ
1503,Henry,da Paz,PF,henry55@outlook.con,(41) 98918-1381,859_607_243_83,1957-07-12,2025-08-01,Pires de Fogaça,SC
1553,Emanuella,Camargo,PF,emanuella.camargo@outlook.com,(13) 92226-6547,451_207_986_67,,2025-08-01,Montenegro,RO
1595,Costa & Duarte Ltda.,,PJ,costaduart@empresa.com.br,61932525765,49.103.826/0001-75,2004-03-24,2025-08-01,Jesus de Cirino,PE
2906,Rafael,Siqueira,PF,rafael92@hotmail.com,+5511936614339,48632071580,1986-11-05,2025-08-01,Correia,AP
3110,Lopes Soluções e Consultoria Ltda.,,PJ,lopessolue.@empresa.com.br,61995085735,20.468.715/0001-80,1989-12-02,2025-08-01,Peixoto,GO
807,Pietra,Caldeira,PF,pietra.caldeira@terra.com.br,61969934876,045.796.318-20,1957-06-23,2025-08-02,Pereira,RO
1966,Souza & Associados ME,,PJ,souzaassoc_@comercio.net.br,(21) 98649-6455,62_745_083_0001_03,1975-09-05,2025-08-02,Camargo de Goiás,SP
2575,Asafe,Ramos,PF,aramos@terra.com.br,,036_471_958_39,1965-12-22,2025-08-02,Camargo,RJ
2710,Ana Liz,Cunha,PF,analiz17@yahoo.com.br,51921019592,80154769258,1971-07-13,2025-08-02,Monteiro,PB
127,Emanuelly,Caldeira,PF,emanuellycaldeira@ig.com.br,(61) 97405-6424,18052693721,,2025-08-03,Borges de Sá,RR
564,Vitor,da Costa,PF,vitor_dacosta@ig.com.br,+5561984997762,105.876.394-66,1999-08-05,2025-08-03,Marques,RO
1134,Maria Sophia,Cunha,PF,mcunha@ig.com.br,(41) 98176-6431,69831524764,,2025-08-03,Viana,GO
1306,Mathias,Barbosa,PF,mathiasbarbosa@terra.com.br,71987513086,908_325_467_47,1982-01-11,2025-08-03,Rios,ES
1500,Maria Isis,Cirino,PF,mariaisis92@outlook.com,,86943701584,1980-02-10,2025-08-03,da Costa da Mata,DF
3058,Mariana,Cunha,PF,mariana83@ig.com.br,13929356197,213_079_586_21,1988-11-14,2025-08-03,Novais de Goiás,RR
3144,Ana Beatriz,Pimenta,PF,apimenta@outlook.com,+5521959665275,627_854_109_20,2000-09-18,2025-08-03,Lima Verde,RR
3422,Pedro,Macedo,PF,pedromacedo@terra.com.br,+5531920445230,804_367_512_08,1978-10-27,2025-08-03,Silveira de Minas,MS
1328,Soares Importadora e Atacado EIRELI,,PJ,soaresimpo8@comercio.net.br,47924688121,17.294.805/0001-98,1996-05-05,2025-08-04,das Neves do Galho,CE
1545,Vitória,Pereira,PF,vitriapereira@uol.com.br,,475.962.108-30,1976-10-15,2025-08-04,Pereira,MA
1854,Nicole,Viana,PF,nicole63@outlook.com,(71) 91822-2352,02567183930,1991-02-14,2025-08-04,Rios Alegre,PR
2069,Camila,Garcia,PF,camila.garcia@bol.com.br,21966735308,25719608494,1968-01-05,2025-08-04,Ferreira,AL
2564,Brenda,Rezende,PF,brenda54@ig.com.br,51939041020,527_193_480_23,1984-06-29,2025-08-04,Gomes,SC
797,Tecnologia Oliveira S/S,,PJ,tecnologia_@empresa.com.br,(61) 94113-6272,25918703000124,,2025-08-05,Pastor dos Dourados,TO
940,Luiz Otávio,Peixoto,PF,luizotvio87@ig.com.br,+5513945433770,368.140.592-15,1962-04-26,2025-08-05,Porto da Mata,RJ
2349,Rafael,Andrade,PF,rafael_andrade@ig.com.br,+5511956239043,291_508_637_03,2004-02-19,2025-08-05,Pinto do Sul,AL
2651,Maria Isis,Abreu,PF,mariaisis.abreu@bol.com.br,13918159990,76891325021,1982-09-28,2025-08-05,Souza de Ribeiro,SE
2783,Theodoro,Rezende,PF,theodoro11@yahoo.com.br,31953496999,163.459.082-15,1982-11-28,2025-08-05,da Cunha,AL
3246,Fernanda,Nascimento,PF,fernanda.nascimento@yahoo.com.br,(11) 95135-8383,365.024.891-33,2002-07-22,2025-08-05,Silveira de Novais,AC
1023,Larissa,da Rocha,PF,larissadarocha@gmail.com,+5547963885774,25478361909,1988-06-09,2025-08-06,Rios de Almeida,PR
1853,Alícia,Barbosa,PF,alcia_barbosa@terra.com.br,21988077416,054_169_827_30,1962-06-01,2025-08-06,Cavalcanti,DF
2659,Alana,Rezende,PF,alanarezende@yahoo.com.br,(41) 96055-7116,243.791.806-03,1982-04-17,2025-08-06,Casa Grande,MT
3490,Marcela,da Mata,PF,marcela_damata@outlook.com,31951375675,938_752_416_73,1997-07-21,2025-08-06,Andrade do Campo,RR
372,Rodrigo,Novaes,PF,rnovaes@terra.com.br,(41) 92704-2089,95780234647,1976-04-14,2025-08-07,Vargas,PE
1597,Anna Liz,Pinto,PF,annalizpinto@ig.com.br,(47) 95906-5048,156.492.378-91,1988-04-05,2025-08-07,Mendes de Dias,CE
2486,Thales,Leão,PF,thales.leo@ig.com.br,+5513942246833,278.156.043-07,1997-03-16,2025-08-07,Câmara,TO
182,Ryan,Cavalcanti,PF,ryan_cavalcanti@terra.com.br,+5551983079371,25860419333,1989-02-26,2025-08-08,Dias de Goiás,PB
1650,Fernandes & Gomes EPP,,PJ,fernandesg4@comercio.net.br,+5531914002338,07234981000180,,2025-08-08,Sousa,AP
1672,Vargas Tecnologia e Serviços S/S,,PJ,vargastecn_@comercio.net.br,(61) 93911-6399,84.957.106/0001-78,1970-07-31,2025-08-08,da Cunha do Oeste,MG
2238,Pereira & Guerra EI,,PJ,pereirague@comercio.net.br,+5547972393591,76.920.534/0001-06,1987-11-17,2025-08-08,Monteiro do Norte,PB
3042,Ágatha,Andrade,PF,joaquim77@terra.com.br,(11) 91869-1168,072.438.159-79,,2025-08-08,Camargo,CE
3395,Nicolas,Siqueira,PF,nicolas.siqueira@gmail.com,47976481128,789_236_450_10,,2025-08-08,da Luz das Pedras,TO
706,Arthur,Martins,PF,amartins@terra.com.br,+5521979735238,825_916_304_70,1976-11-09,2025-08-09,Rodrigues,SE
1674,Brayan,Rocha,PF,brayanrocha@ig.com.br,51986563019,132.579.460-07,1961-11-20,2025-08-09,Montenegro do Campo,PI
2232,Davi Lucca,Brito,PF,davilucca.brito@gmail.com,+5511924933472,067.985.432-00,,2025-08-09,Cirino da Mata,TO
219,Luiz Henrique,Vieira,PF,gael75@outlook.com,21974286100,984.205.716-01,1993-04-30,2025-08-10,da Paz,MT
414,Ramos Serviços e Distribuidora S/S,,PJ,ramosservi_@empresa.com.br,+5561982272807,80_761_235_0001_35,1991-02-28,2025-08-10,Silva,RN
491,Lunna,Peixoto,PF,lunna.peixoto@uol.com.br,(13) 94163-5601,872.645.309-65,1977-10-22,2025-08-10,Sá Paulista,AM
1159,Luísa,Castro,PF,lcastro@gmail.com,47919204885,986_320_754_38,,2025-08-10,Sousa,SC
1202,Thiago,Andrade,PF,thiago.andrade@bol.com.br,+5511974024769,510_234_968_60,1960-01-22,2025-08-10,Novaes,PB
1361,Enzo Gabriel,da Rosa,PF,enzogabriel48@hotmail.com,71935322350,039.185.764-93,2000-08-18,2025-08-10,Aparecida da Praia,TO
1571,Davi Miguel,Rezende,PF,davimiguel41@yahoo.com.br,(41) 92474-2062,061_823_475_62,,2025-08-10,Albuquerque,GO
2081,Luiz Otávio,Cardoso,PF,luizotvio.cardoso@outlook.com,+5547957247302,236_705_491_61,2006-11-21,2025-08-10,Silva de Goiás,AL
2448,José Pedro,Cardoso,PF,jospedro12@terra.com.br,31942538519,548.932.710-32,1979-08-21,2025-08-10,Teixeira dos Dourados,MG
2746,Erick,Vieira,PF,evieira@gmail.com,21939869160,981.764.250-01,1980-06-21,2025-08-10,Barros de Silva,RO
2794,Araújo Distribuidora e Importadora Ltda.,,PJ,arajodistr.@comercio.net.br,+5551911533554,38290671000107,1967-03-02,2025-08-10,Sampaio,RJ
3407,Juliana,Sousa,PF,juliana.sousa@ig.com.br,(51) 99389-6255,213_907_645_16,2002-03-23,2025-08-10,Machado,DF
535,Pietra,Leão,PF,pietra_leo@outlook.com,+5513970131002,964_512_307_07,2004-10-29,2025-08-11,da Cunha,ES
1537,Mirella,Borges,PF,mborges@terra.com.br,(71) 97075-1056,74056129894,1994-09-25,2025-08-11,Pastor de Siqueira,AP
1816,Pedro Miguel,Fernandes,PF,pedromiguel_fernandes@outlook.com,+5571948624979,47180293504,1968-11-13,2025-08-11,Cavalcante de Minas,MT
2719,Luiz Fernando,da Cunha,PF,ldacunha@ig.com.br,47991008678,584_739_201_04,1969-12-26,2025-08-11,da Cruz,RO
3009,Sophie,Pacheco,PF,sophie_pacheco@outlook.com,47987609279,496.530.872-74,1978-04-27,2025-08-11,da Rocha do Amparo,MS
2622,Ribeiro & Almeida EI,,PJ,ribeiroalm@comercio.net.br,(21) 92337-7332,31764908000103,1957-08-15,2025-08-12,Sales de Ramos,RJ
2889,Emanuella,Dias,PF,emanuella_dias@uol.com.br,11935632012,42890567338,1991-09-18,2025-08-12,Pimenta da Praia,TO
502,Cunha Serviços e Atacado EI,,PJ,cunhaservi.@comercio.net.br,71970641511,62_153_897_0001_40,1983-10-01,2025-08-13,Cassiano,TO
610,Marina,Cardoso,PF,mcardoso@hotmail.com,(11) 95699-9633,13605287921,1991-01-10,2025-08-14,Câmara de Goiás,PE
1886,Martins Tecnologia e Serviços S.A.,,PJ,martinstec@empresa.com.br,,78_910_235_0001_08,1995-08-04,2025-08-14,Rocha Verde,BA
2549,Teixeira & Associados EI,,PJ,teixeiraas.@empresa.com.br,(47) 96463-2208,16.239.845/0001-74,1993-07-02,2025-08-14,da Rocha,AL
2694,Fernanda,Cassiano,PF,fernanda_cassiano@uol.com.br,+5547929371775,804_561_923_60,1993-12-19,2025-08-14,Montenegro,PE
2758,Lívia,Albuquerque,PF,lviaalbuquerque@outlook.com,(13) 93108-2043,043.791.658-84,1982-12-09,2025-08-14,Vargas da Serra,RO
3049,Maria Flor,Marques,PF,mariaflor31@gmail.com,41990044332,107_389_425_88,2006-04-21,2025-08-14,da Rosa da Mata,GO
3500,Miguel,Pimenta,PF,mpimenta@bol.com.br,(61) 92185-1430,64502718920,1966-11-02,2025-08-14,Novaes do Galho,CE
870,Nicolas,Cassiano,PF,nicolascassiano@bol.com.br,+5551968264323,705_269_341_07,1984-12-17,2025-08-15,da Rocha,AC
3468,Maria Isis,Guerra,PF,mariaisis.guerra@bol.com.br,61965546725,417_238_905_88,1968-09-20,2025-08-15,Cirino de Albuquerque,MS
3496,Juan,Cirino,PF,juan_cirino@terra.com.br,(61) 97621-3243,37845601993,2003-08-11,2025-08-15,Jesus de Goiás,TO
71,Maria Luísa,Sousa,PF,marialusasousa@terra.con.br,(21) 99346-9151,128.790.364-96,1958-04-21,2025-08-16,Aparecida das Flores,MG
345,Nathan,da Luz,PF,ndaluz@yahoo.com.br,(41) 94250-3808,794.605.382-74,,2025-08-16,Caldeira,PR
553,Isaque,Gonçalves,PF,isaquegonalves@ig.com.br,(51) 94145-2816,450_193_827_79,1999-12-13,2025-08-16,Ribeiro,MS
1265,Luara,Porto,PF,luaraporto@yahoo.com.br,(61) 92038-7174,82036194796,1985-03-26,2025-08-16,Mendes de Peixoto,MT
1455,Pedro Lucas,Fonseca,PF,pedrolucas_fonseca@hotmail.com,11921584526,956_178_230_86,2003-12-25,2025-08-16,Vargas,SP
2063,Alexia,Ferreira,PF,alexia.ferreira@terra.com.br,+5541971567130,436_908_512_89,,2025-08-16,Gomes Verde,MT
3071,Asafe,Marques,PF,asafe_marques@uol.com.br,71950936402,619_043_572_61,,2025-08-16,Guerra,RS
3202,Theo,Caldeira,PF,theo_caldeira@gmail.com,(41) 93087-8611,902.436.875-83,2003-12-30,2025-08-16,da Conceição,SP
1139,Marcos Vinicius,Guerra,PF,marcosvinicius.guerra@uol.com.br,+5521959904113,28143765008,1968-12-09,2025-08-17,Moura de Aparecida,SC
1177,Ana Clara,Rios,PF,anaclara94@ig.com.br,31955954365,129.874.503-97,2007-11-03,2025-08-17,das Neves,AL
1665,Vicente,Souza,PF,vsouza@uol.com.br,+5561979599137,970.485.163-48,1969-11-18,2025-08-17,Novais,RJ
1855,Cecília,Cirino,PF,ccirino@yahoo.com.br,(11) 99641-2647,89402371613,1980-05-25,2025-08-17,Rios da Mata,ES
2073,Isaac,Dias,PF,idias@outlook.com,(31) 97709-4478,83642059198,1996-09-05,2025-08-17,Farias Verde,MT
2873,Giovanna,Rezende,PF,grezende@bol.com.br,11931966438,104.285.793-88,1996-07-23,2025-08-17,Azevedo,RJ
767,Lívia,Ferreira,PF,lvia_ferreira@yahoo.com.br,(11) 95841-5710,46781053280,1983-05-24,2025-08-18,Cardoso,GO
847,Alexandre,Souza,PF,alexandre_souza@terra.com.br,(41) 96888-7554,602_134_789_78,,2025-08-18,das Neves da Prata,BA
1507,João Lucas,Cassiano,PF,joolucas.cassiano@yahoo.com.br,61961325719,97206548130,2006-11-06,2025-08-18,Brito,TO
2193,Caio,Ferreira,PF,caio_ferreira@yahoo.com.br,+5541930517843,38761429546,1963-08-29,2025-08-18,Câmara,RO
620,Enrico,Nunes,PF,enrico_nunes@bol.com.br,+5521930593970,204.836.159-51,1988-02-28,2025-08-19,Fogaça da Mata,ES
1355,Mariane,da Costa,PF,mariane_dacosta@terra.com.br,(11) 97721-3994,629.835.014-42,1975-04-12,2025-08-19,Lima,SC
2765,Vitor Gabriel,Ferreira,PF,vitorgabriel47@terra.con.br,+5521969323058,309.624.857-56,1984-07-03,2025-08-19,da Cunha Alegre,AP
3057,Camargo & Borges Ltda.,,PJ,c@comercio.net.br,,39.241.058/0001-62,1981-11-21,2025-08-20,Camargo,SE
722,Cauã,Vasconcelos,PF,cau.vasconcelos@bol.com.br,+5521983597746,051_762_943_70,1977-02-25,2025-08-21,Câmara de Pereira,MA
3000,Maria Alice,Abreu,PF,mariaalice_abreu@outlook.com,+5547933741638,639.574.082-29,1968-03-04,2025-08-21,Teixeira da Mata,DF
3047,Milena,da Paz,PF,mdapaz@bol.com.br,(51) 93027-4641,420.396.178-50,1973-11-02,2025-08-21,Fernandes,MA
3173,Allana,Aragão,PF,aarago@hotmail.com,11970276960,018.245.736-26,1994-04-04,2025-08-21,Cardoso,AM
242,Soares Sistemas e Soluções EIRELI,,PJ,s@empresa.com.br,+5521926637778,39.564.087/0001-65,1965-08-26,2025-08-22,Alves de Minas,SE
1273,Thiago,Andrade,PF,tandrade@uol.com.br,+5511951899565,39107254814,,2025-08-22,Castro do Campo,RO
1783,Oliveira & Associados S.A.,,PJ,oliveiraas.@comercio.net.br,(31) 92854-7984,19.487.026/0001-34,1991-06-15,2025-08-22,Andrade,MT
2273,Ian,da Cruz,PF,ian.dacruz@hotmail.com,(51) 92639-8557,697_245_103_52,1995-09-17,2025-08-22,Marques de Pereira,PB
2464,Sophie,Pimenta,PF,sophiepimenta@hotmail.com,11987026582,089.316.524-70,1995-03-05,2025-08-22,Moraes,BA
2762,Hadassa,Azevedo,PF,hadassa_azevedo@gmail.com,(13) 97567-7053,908.536.147-84,1987-01-17,2025-08-22,Santos,DF
2814,Rafaela,Rodrigues,PF,rafaela_rodrigues@outlook.com,47940883488,450.816.792-67,,2025-08-22,Nogueira,MS
3377,Lopes & Associados ME,,PJ,lopesassoc_@comercio.net.br,+5513973815946,59.730.824/0001-60,1976-10-18,2025-08-22,Rodrigues,RN
1686,Paulo,Teixeira,PF,paulo_teixeira@ig.com.br,+5513912528505,375_029_816_59,1999-06-20,2025-08-23,Gonçalves,AL
1817,Murilo,da Conceição,PF,murilo86@bol.con.br,+5571950694206,514_987_230_04,1973-12-02,2025-08-23,Alves das Pedras,RO
2307,Maria Luiza,Marques,PF,marialuiza.marques@outlook.com,13971218292,674.091.253-06,1990-01-30,2025-08-23,das Neves da Prata,SE
3226,Pinheiro & Associados S.A.,,PJ,pinheiroas_@empresa.com.br,(31) 93563-5587,80.573.469/0001-59,2003-09-03,2025-08-23,Pacheco,RN
149,Davi Miguel,da Costa,PF,ddacosta@hotmail.com,+5513944433030,943_857_201_50,1965-12-29,2025-08-24,Mendonça de Nogueira,DF
432,Clarice,da Rocha,PF,claricedarocha@yahoo.com.br,47933689163,87162053408,2004-02-21,2025-08-24,Camargo,AM
630,Ana Clara,da Paz,PF,anaclara_dapaz@gmail.com,21949391556,789_321_540_23,1990-07-19,2025-08-24,Novais,RS
842,Isabel,Rezende,PF,isabel_rezende@gmail.com,13980134732,98436502124,1964-07-07,2025-08-24,Macedo do Norte,AP
2003,Luara,Ferreira,PF,luaraferreira@bol.com.br,(51) 98632-2142,10475689348,,2025-08-24,Costela,MA
3166,Gael Henrique,da Mota,PF,gaelhenrique4@outlook.com,(71) 93816-8796,583_416_920_15,1960-04-10,2025-08-24,Pires de Minas,RO
229,Ester,Araújo,PF,earajo@ig.com.br,,296_751_408_01,1967-07-07,2025-08-25,Gomes,AM
697,João Vitor,Montenegro,PF,jmontenegro@yahoo.com.br,51965032410,68492530189,,2025-08-25,Dias do Sul,PA
2416,Juan,Cirino,PF,juan.cirino@gmail.com,(21) 92794-5620,81097256430,1996-05-01,2025-08-25,Farias de Alves,MG
2919,Farias & Pereira Ltda.,,PJ,fariaspere@comercio.net.br,(21) 93822-6369,90.362.715/0001-87,1988-10-22,2025-08-25,Pastor,BA
268,Valentina,Andrade,PF,valentina_andrade@ig.com.br,+5547958219627,23604951780,1969-09-03,2025-08-26,Fonseca de da Cruz,PI
1869,Cauã,Santos,PF,causantos@ig.com.br,41984246000,940_217_685_30,2003-09-23,2025-08-26,Casa Grande,SC
1973,Cardoso Informática e Tecnologia S/S,,PJ,cardosoinf21@comercio.net.br,21976698770,13057829000172,1976-06-29,2025-08-26,da Luz do Oeste,SE
2941,Henry,Machado,PF,henry_machado@outlook.com,71924816744,486.517.903-84,1978-05-21,2025-08-26,Fonseca de Cassiano,PA
2996,Jesus Sistemas e Serviços ME,,PJ,jesussiste18@comercio.net.br,(71) 98371-2067,69.531.078/0001-39,,2025-08-26,Melo de Goiás,MA
177,Hadassa,Campos,PF,hadassa.campos@outlook.com,47934547806,63027519859,2007-06-04,2025-08-27,Duarte de Montenegro,PB
1396,Arthur Gabriel,Viana,PF,aviana@outlook.com,(47) 98538-9201,746_358_209_47,1990-01-29,2025-08-27,Sousa Verde,GO
1662,Vitor Gabriel,Nogueira,PF,vitorgabriel44@ig.com.br,13948406339,78694532000,,2025-08-27,Vasconcelos,SC
2360,Brenda,Gomes,PF,brenda55@gmail.com,(61) 96585-4888,618_423_759_46,1985-03-15,2025-08-27,Castro Verde,PB
3124,Caio,,PF,c@uol.com.br,(47) 97797-5928,172_958_643_00,1971-10-15,2025-08-27,Pinto de Sá,AP
2019,Davi,Rios,PF,davi91@outlook.com,(13) 93086-1099,213.576.480-90,1979-07-04,2025-08-28,Azevedo,AP
2254,Ayla,Pires,PF,apires@outlook.com,,382.764.105-53,1968-11-23,2025-08-28,Castro,PI
1079,Luiz Otávio,da Rosa,PF,luizotvio.darosa@gmail.com,(21) 91344-2564,306_198_547_66,1989-10-21,2025-08-29,Marques do Norte,SP
2592,Lara,da Conceição,PF,ldaconceio@yahoo.com.br,+5571962344645,735.109.824-79,2008-03-26,2025-08-29,Rios,DF
2716,Stephany,Fonseca,PF,stephany21@gmail.com,(31) 97202-2076,26981753464,1997-03-06,2025-08-29,Campos,PE
3171,Emanuel,Peixoto,PF,epeixoto@outlook.com,21948753595,920.314.578-88,1990-03-09,2025-08-29,Ferreira Paulista,RS
648,Lucas Gabriel,Caldeira,PF,lcaldeira@hotmail.com,+5571919573652,860_439_215_70,2003-08-08,2025-08-30,Rodrigues,PI
1369,Lucca,Barros,PF,lucca18@uol.com.br,+5571995427246,37162589464,1989-06-26,2025-08-30,Barros,SP
1774,Gustavo Henrique,Albuquerque,PF,gustavohenrique32@ig.com.br,(41) 99282-6830,452_960_781_01,1983-11-08,2025-08-30,Viana,AC
2301,Lucas Gabriel,Aparecida,PF,lucasgabrielaparecida@ig.com.br,,67934512864,1991-08-05,2025-08-30,Duarte,PR
2512,Ana,Vieira,PF,ana98@yahoo.com.br,51917981818,143_260_895_98,1975-05-23,2025-08-30,Fogaça do Norte,AP
2527,Sophia,Sousa,PF,sophia.sousa@hotmail.com,41910444493,067_938_524_00,,2025-08-30,Fonseca,PB
988,Liam,Monteiro,PF,liammonteiro@gmail.com,+5513919034041,947_685_302_65,1961-04-10,2025-08-31,Nascimento Alegre,RR
2383,Luiz Miguel,Azevedo,PF,lazevedo@ig.com.br,61982976158,78410563207,1985-12-18,2025-08-31,Jesus da Prata,MT
3373,Paulo,Moreira,PF,paulo_moreira@hotmail.com,+5561974837970,267_593_041_52,1979-05-12,2025-08-31,Sampaio,SP
1021,Anna Liz,Borges,PF,aborges@hotmail.com,21930934418,46983751000,1990-05-03,2025-09-01,Macedo das Pedras,SC
1232,Joaquim,da Costa,PF,joaquimdacosta@outlook.com,+5521923225141,568.291.430-98,1993-02-23,2025-09-01,Nogueira de Pires,SE
1838,Pinto Soluções e Distribuidora EPP,,PJ,pintosolue_@comercio.net.br,(71) 91987-6794,41.075.326/0001-65,,2025-09-01,Pinto de da Conceição,TO
1873,Helena,Nunes,PF,hnunes@ig.com.br,31918365002,24306871940,2002-07-16,2025-09-01,Azevedo do Norte,AP
2393,Dom,Cunha,PF,dcunha@yahoo.com.br,+5551951963618,642.798.051-30,1973-03-19,2025-09-01,Teixeira de Campos,RO
2836,Luan,Camargo,PF,luan.camargo@terra.com.br,(41) 99545-8734,73281506453,1999-12-17,2025-09-01,Carvalho Paulista,SE
3065,Fonseca & Associados S/S,,PJ,fonsecaass@empresa.com.br,47949449160,81926354000163,1992-06-01,2025-09-01,da Luz,PI
304,Silveira & Associados S/A,,PJ,silveiraas_@comercio.net.br,+5531959963493,69.240.178/0001-06,1978-06-16,2025-09-02,da Rosa da Prata,SE
949,Catarina,,PF,catarina.@hotmail.com,+5531942315786,70652148344,2003-06-22,2025-09-02,Souza,ES
2078,João,Moura,PF,joomoura@outlook.com,,296_534_018_15,1960-03-28,2025-09-02,Camargo,PA
2881,Antonella,Brito,PF,antonella3@uol.com.br,(21) 97548-1686,80725431644,1996-12-31,2025-09-02,Ribeiro,MA
437,Maria Luísa,Jesus,PF,marialusa.jesus@hotmail.com,(31) 91249-1256,481_290_673_31,1978-05-05,2025-09-03,Rios,MS
813,Isaac,Oliveira,PF,isaac33@terra.com.br,,547.831.962-73,1991-01-09,2025-09-03,Casa Grande,MS
928,Luana,Martins,PF,luana.martins@uol.com.br,+5521931457286,032_496_158_89,1975-10-08,2025-09-03,Fogaça de Fonseca,RS
1347,Maria Luísa,Macedo,PF,marialusa46@terra.com.br,+5521984973590,478_921_563_64,2001-03-04,2025-09-03,da Rocha,GO
1747,Alexia,,PF,a@bol.com.br,41938315959,508.671.942-94,1993-03-07,2025-09-03,Casa Grande,TO
2954,Valentim,Aparecida,PF,vaparecida@terra.com.br,13911383625,046.829.371-03,,2025-09-03,Jesus,ES
3120,Raquel,Novais,PF,raquel43@yahoo.com.br,+5541946825048,15047238644,1971-01-20,2025-09-03,Rodrigues,SP
3449,Agatha,Camargo,PF,agatha10@gmail.com,(51) 94963-2271,293.768.405-00,1972-01-25,2025-09-03,Câmara de Pereira,RN
1835,Sabrina,das Neves,PF,sabrina_dasneves@uol.com.br,41921325591,730_498_512_79,1970-02-26,2025-09-04,Costa de Nunes,RR
2444,Importadora Cardoso Ltda.,,PJ,importador23@empresa.com.br,71982446537,09_263_417_0001_11,1957-06-24,2025-09-04,Alves das Pedras,GO
3139,Hellena,Moura,PF,hellena_moura@bol.com.br,47940125191,532.490.786-38,1981-02-18,2025-09-04,Cardoso da Prata,MS
3367,Pedro Henrique,Cavalcanti,PF,pedrohenrique.cavalcanti@uol.com.br,+5547929247145,14359627025,,2025-09-04,Peixoto,MG
616,João Lucas,Pinto,PF,emilly.martins@gmail.com,(13) 91368-4020,087_652_419_67,1966-08-27,2025-09-05,Gomes,ES
1220,Danilo,Gonçalves,PF,danilo_gonalves@terra.com.br,61941119200,624_183_750_80,1963-10-15,2025-09-05,Ramos,SC
1485,Ribeiro & Associados S.A.,,PJ,ribeiroass.@comercio.net.br,13925694823,95638142000195,1980-08-24,2025-09-05,da Conceição,RS
1797,Moraes Atacado e Serviços EPP,,PJ,moraesatac.@empresa.com.br,+5521941039678,93_857_046_0001_02,1975-04-25,2025-09-05,Souza de Cunha,SC
1063,Arthur Miguel,Mendes,PF,arthurmiguelmendes@uol.com.br,47959026741,98324756191,1966-02-11,2025-09-06,Costela,RO
1215,Anthony Gabriel,Mendonça,PF,amendona@yahoo.com.br,+5511966605062,28561479094,1978-02-04,2025-09-06,Lopes,TO
2500,Lunna,Pastor,PF,lpastor@yahoo.com.br,+5521918668095,201_379_468_13,2004-06-12,2025-09-06,da Mota,AL
1527,Yago,Teixeira,PF,yagoteixeira@bol.com.br,,160_579_432_52,1980-06-09,2025-09-07,Barbosa,DF
1667,Agatha,das Neves,PF,agatha83@bol.com.br,47996804796,05316729803,1965-07-21,2025-09-07,Santos,SC
1746,João Pedro,Barbosa,PF,joopedro59@terra.com.br,(71) 97043-9624,61397248050,1957-03-30,2025-09-07,Montenegro das Pedras,AC
294,Zoe,da Rocha,PF,zoe82@bol.com.br,+5551996616529,90364152842,1971-07-21,2025-09-08,Melo,RS
1060,Anna Liz,Abreu,PF,annaliz23@bol.com.br,(31) 96068-3520,24367819582,2003-12-19,2025-09-08,Dias da Praia,AC
1379,Luan,Freitas,PF,lfreitas@hotmail.com,+5547979079855,87064213931,,2025-09-08,Rios do Oeste,SC
1906,Mariane,Santos,PF,mariane_santos@gmail.com,(31) 98909-3381,756.904.213-16,1999-01-16,2025-09-08,da Cruz,RN
381,Clarice,Cavalcanti,PF,claricecavalcanti@uol.com.br,+5511954897065,805_197_263_59,1987-12-02,2025-09-09,Montenegro,MS
1043,Gustavo,Sampaio,PF,gustavosampaio@uol.com.br,+5521941453993,978.025.136-77,1975-02-27,2025-09-09,Lima,RR
1059,Daniel,Rodrigues,PF,daniel_rodrigues@uol.com.br,51920607246,548_932_670_00,1979-05-21,2025-09-09,da Mata da Prata,AM
2990,Diego,Mendes,PF,diego84@terra.com.br,+5561957975764,321_796_084_03,2002-11-14,2025-09-09,da Rosa das Pedras,RN
167,Noah,Pires,PF,npires@uol.com.br,31927117648,657_108_923_86,,2025-09-10,Gonçalves,AM
982,Lorena,Câmara,PF,lorenacmara@hotmail.com,61959972142,80927541602,1958-08-09,2025-09-10,Cavalcante do Norte,AP
2341,Bárbara,Nunes,PF,brbara_nunes@bol.com.br,+5541943916799,910_248_763_22,1963-07-26,2025-09-10,Marques do Oeste,TO
2731,João Pedro,Teixeira,PF,joopedro57@uol.com.br,21988793082,347_816_509_10,1987-05-16,2025-09-10,Campos,PA
639,Theo,Rios,PF,theo18@yahoo.com.br,,432.086.179-50,1966-06-16,2025-09-11,Nogueira da Prata,PB
2471,Breno,Pimenta,PF,bpimenta@hotmail.com,+5513960031982,241_875_906_76,1962-11-14,2025-09-11,Ferreira Paulista,RS
2781,Caroline,Moreira,PF,caroline.moreira@bol.com.br,31951351512,510_682_934_89,1975-10-24,2025-09-11,Aparecida,RJ
947,Heloísa,Abreu,PF,helosaabreu@bol.com.br,,19237468555,2006-06-05,2025-09-12,Caldeira Alegre,RS
1168,Pietro,Garcia,PF,pietro.garcia@outlook.com,+5513921032215,16052794399,2004-07-12,2025-09-12,Barbosa de da Rosa,MT
1375,Raquel,Melo,PF,emilly.martins@gmail.com,(21) 94846-4735,630_175_948_66,1987-03-12,2025-09-12,Duarte,BA
2750,Maria Luiza,Ribeiro,PF,mribeiro@bol.com.br,+5551998155442,73154608966,1968-12-24,2025-09-12,Rezende de Costela,MT
2769,Hellena,Duarte,PF,hduarte@terra.com.br,13978406681,214.086.795-58,1980-04-22,2025-09-12,Novais de Albuquerque,RR
859,Gomes & Associados EPP,,PJ,gomesassoc.@empresa.com.br,21915853172,96_475_281_0001_08,1980-09-17,2025-09-13,Azevedo,AC
1277,Maysa,da Rocha,PF,maysa.darocha@yahoo.com.br,+5571929142530,159.420.763-16,,2025-09-13,Gomes,PE
2733,Isaac,Cavalcante,PF,icavalcante@ig.com.br,(71) 92375-6378,654.790.132-70,,2025-09-13,Casa Grande,GO
1245,Renan,Silveira,PF,renansilveira@uol.com.br,(41) 97465-2116,39216507802,1958-10-26,2025-09-14,Guerra,PR
1519,Maria Fernanda,Caldeira,PF,mcaldeira@hotmail.com,11957699925,597.148.026-01,1986-08-24,2025-09-14,Sá,PR
2248,Leonardo,Brito,PF,noahcasagrande@uol.com.br,+5521927007385,621.875.034-53,1996-12-16,2025-09-14,Vasconcelos,DF
2430,Vitor,Lima,PF,vlima@yahoo.com.br,+5541919305023,389.605.241-15,2005-04-28,2025-09-14,Gomes de Marques,ES
1042,Serviços Monteiro EPP,,PJ,s@empresa.com.br,(47) 95564-3119,02.395.846/0001-01,2007-03-22,2025-09-15,Azevedo,PB
2825,Bernardo,Farias,PF,bernardo4@ig.com.br,21949237196,210.567.384-80,1989-02-12,2025-09-15,Peixoto,MA
265,Benício,da Mota,PF,bencio72@gmail.com,(41) 94835-5298,70864913222,1991-11-25,2025-09-16,da Mota do Galho,SE
1037,Maria Liz,Campos,PF,marializ_campos@ig.com.br,61969386333,724.108.963-40,1992-07-14,2025-09-16,Barros de Minas,AM
2261,Gomes & Santos S/A,,PJ,gomessanto_@empresa.com.br,,05.697.483/0001-49,,2025-09-16,Casa Grande,MT
2,Ana Julia,Vieira,PF,avieira@yahoo.com.br,31928499365,91204586306,1967-03-12,2025-09-17,Farias de Martins,ES
540,Maria Clara,Sales,PF,mariaclara90@gmail.com,,643.895.027-00,1978-03-21,2025-09-17,Vieira,MA
2141,Thales,Correia,PF,thalescorreia@bol.com.br,(51) 91214-3442,158.764.203-44,1999-07-12,2025-09-17,Pacheco de Minas,CE
3412,Thales,Rios,PF,thales_rios@hotmail.con,51963755584,815_374_260_44,1968-08-18,2025-09-17,da Mata,MS
63,Letícia,Cardoso,PF,letciacardoso@uol.com.br,41959108535,63809142778,1997-04-13,2025-09-18,Rios do Campo,MA
1182,Lucas,Porto,PF,lporto@uol.com.br,41935397688,21037685903,1980-11-20,2025-09-18,Rodrigues do Norte,RN
1633,Giovanna,Sá,PF,giovanna_s@gmail.com,61942167126,50671234862,2002-10-17,2025-09-18,Câmara,PR
2599,Maria Helena,Cassiano,PF,mariahelena_cassiano@terra.com.br,(41) 99691-6047,859_763_142_28,2006-06-27,2025-09-18,Aragão,RN
785,Rocha & Associados S/S,,PJ,rochaassoc_@comercio.net.br,(47) 96789-2604,14629035000107,1971-07-17,2025-09-19,Campos Grande,RJ
900,Brayan,Martins,PF,brayan32@hotmail.com,,39621845700,1963-02-09,2025-09-19,Azevedo do Oeste,RO
1085,Aurora,Albuquerque,PF,aurora.albuquerque@hotmail.com,+5541941346610,589_012_347_50,1984-03-02,2025-09-19,Costa,PR
1099,Luiza,Teixeira,PF,luiza.teixeira@hotmail.com,61927223254,257.340.869-83,2005-10-09,2025-09-19,Mendes de Souza,PB
3003,Eloá,Oliveira,PF,elooliveira@yahoo.com.br,13961473303,340.826.195-42,1963-04-27,2025-09-19,Melo do Oeste,MS
195,Vitor Gabriel,Lima,PF,vitorgabriel_lima@ig.com.br,13950097815,192_475_803_23,2005-02-14,2025-09-20,Silva,PE
1684,Almeida & Silveira S/S,,PJ,almeidasil61@empresa.com.br,41943183715,16_978_452_0001_82,1995-09-02,2025-09-20,Pinto,RR
1991,Henrique,Ferreira,PF,henriqueferreira@uol.com.br,+5547937352295,20481976396,1984-10-01,2025-09-20,Ramos,MS
2220,Francisco,Campos,PF,francisco_campos@hotmail.com,(51) 93674-9099,43152986033,1976-01-30,2025-09-20,Mendonça do Campo,GO
84,Consultoria Pereira ME,,PJ,consultori.@comercio.net.br,31991734049,71.548.396/0001-54,1962-06-13,2025-09-21,Vasconcelos,AP
307,Fernando,Barbosa,PF,fernando.barbosa@gmail.com,+5571994706396,159_678_240_49,1978-08-17,2025-09-21,da Luz,MS
613,Emanuel,Costa,PF,emanuelcosta@yahoo.com.br,61993597823,467_539_801_48,1956-05-31,2025-09-21,Casa Grande,SC
1345,Pedro,Vasconcelos,PF,pedro_vasconcelos@yahoo.com.br,+5511911012209,326.504.718-08,1993-11-17,2025-09-21,Freitas Paulista,RJ
1617,Ana Lívia,Guerra,PF,luigi92@gmail.con,(11) 97864-1518,643_780_591_93,1956-11-20,2025-09-21,Macedo,MS
1776,Breno,Silva,PF,bsilva@gmail.com,61942433997,792.450.831-79,,2025-09-21,Freitas,RJ
1862,Serviços Nascimento Ltda.,,PJ,serviosnas74@comercio.net.br,+5561926311503,64825017000160,1964-09-26,2025-09-21,Jesus,MA
1883,Luiz Felipe,Santos,PF,lsantos@hotmail.com,41946732849,19834267096,1994-05-30,2025-09-21,Pastor da Praia,CE
2152,Maria Eduarda,Ferreira,PF,mariaeduarda.ferreira@terra.com.br,+5511953408336,784.651.039-84,1983-04-27,2025-09-21,Pereira da Prata,DF
2431,Distribuidora Sales S/S,,PJ,distribuid@empresa.com.br,+5571965264954,89_235_160_0001_23,1998-11-30,2025-09-21,Rezende,RJ
3448,Marcos Vinicius,Novais,PF,mnovais@gmail.com,(11) 99527-8633,145.369.087-57,1964-05-16,2025-09-21,Teixeira Grande,RN
550,Zoe,Borges,PF,zoeborges@terra.com.br,(51) 91359-1631,473.296.105-34,2003-05-19,2025-09-22,da Conceição,RO
1185,Juan,Moura,PF,juan_moura@gmail.com,+5531921388436,867_953_410_20,2003-06-24,2025-09-22,Câmara,GO
1489,Kaique,Freitas,PF,kaique21@yahoo.com.br,13960765374,148_257_960_01,1966-08-28,2025-09-22,Martins,RR
1770,Distribuidora Garcia EIRELI,,PJ,distribuid@comercio.net.br,47983036069,83_295_617_0001_09,2003-01-22,2025-09-22,Pires,PB
1902,Erick,Barbosa,PF,erickbarbosa@terra.com.br,51914921053,284.630.179-40,1964-01-05,2025-09-22,Cunha do Amparo,TO
2052,Alana,da Luz,PF,alana.daluz@terra.com.br,+5511950565861,561.743.098-00,1975-11-04,2025-09-22,da Cunha das Flores,DF
3141,Otto,Mendes,PF,otto9@gmail.con,51926949415,047.961.538-10,,2025-09-22,Leão do Amparo,MS
3485,Emanuella,Garcia,PF,egarcia@gmail.com,(13) 92853-3055,342_516_078_80,,2025-09-22,Azevedo,SE
162,Maria Liz,Moreira,PF,marializmoreira@hotmail.com,+5571935137358,581_326_740_90,2008-01-29,2025-09-23,Câmara,AP
461,Isaac,Moreira,PF,isaac.moreira@bol.com.br,+5531949608020,496_185_072_11,1967-10-07,2025-09-23,Moura,PA
623,Isadora,Novaes,PF,isadora38@bol.com.br,+5541986819580,97384612519,2006-02-14,2025-09-23,Martins Verde,MA
2325,Camila,Almeida,PF,camila_almeida@gmail.com,41965124221,176_039_485_84,1965-08-15,2025-09-24,Almeida,SC
758,Dante,Pimenta,PF,dantepimenta@yahoo.com.br,(21) 93651-8321,670_195_382_40,1973-01-07,2025-09-25,Castro,SC
1132,Ribeiro & Associados Ltda.,,PJ,ribeiroass@empresa.com.br,11911813255,37_824_065_0001_61,1963-03-27,2025-09-25,Leão,DF
2834,Soluções Pinheiro S/A,,PJ,soluespinh.@empresa.com.br,+5561949616975,59_432_768_0001_87,2003-05-16,2025-09-25,Oliveira,RN
721,Luiz Felipe,Duarte,PF,luizfelipe_duarte@uol.com.br,(51) 99286-3443,458_260_139_15,1970-05-11,2025-09-26,Caldeira de Castro,SC
879,Zoe,Câmara,PF,zoe.cmara@uol.com.br,47926509011,329_578_041_23,1969-06-08,2025-09-26,da Mata do Amparo,PE
3025,Atacado Costa EIRELI,,PJ,atacadocos_@empresa.com.br,(47) 96124-5371,45_673_908_0001_02,1963-05-19,2025-09-26,Marques,SP
3362,Emilly,Ribeiro,PF,emilly_ribeiro@hotmail.com,(71) 98191-2227,13596204780,2003-04-07,2025-09-26,Castro,BA
921,Liz,Ribeiro,PF,liz18@yahoo.com.br,+5571918404877,63247980113,1993-11-14,2025-09-27,Sampaio do Galho,SE
1254,Catarina,Moura,PF,cmoura@yahoo.com.br,21977645920,320_978_615_12,1991-05-23,2025-09-27,Garcia,PA
1812,Emanuella,Lopes,PF,emanuella70@gmail.con,+5511977516905,41862935700,1980-07-28,2025-09-27,Pacheco,PA
2109,Isis,,PF,isis@hotmail.com,,305_194_768_75,1958-08-30,2025-09-27,Novais de Rezende,SE
2971,Elisa,Mendonça,PF,elisa.mendona@ig.com.br,+5561992694293,925.871.406-76,2006-06-01,2025-09-27,da Cunha,AP
3330,Jade,Ferreira,PF,jadeferreira@uol.com.br,(21) 97402-6184,659_804_237_29,1977-02-20,2025-09-27,Pastor,CE
679,Theodoro,Porto,PF,theodoro.porto@uol.com.br,31982272220,947_635_082_29,1980-02-29,2025-09-28,Castro,RJ
1262,Enzo Gabriel,Araújo,PF,enzogabriel96@hotmail.com,(51) 93862-5408,218_365_974_28,1985-03-05,2025-09-28,Aparecida,PI
1296,Benicio,Peixoto,PF,benicio.peixoto@hotmail.com,+5513996549896,479.821.053-60,2003-01-02,2025-09-28,Cunha,DF
1675,Luiza,Borges,PF,luiza67@uol.com.br,+5531954105729,729_653_048_00,1978-08-28,2025-09-28,Pastor de Moraes,AC
1703,Joaquim,Casa Grande,PF,joaquim59@terra.com.br,21914683370,017.563.298-77,1966-08-17,2025-09-28,Nunes,MT
2999,Stephany,Borges,PF,stephany.borges@hotmail.com,,582.041.937-50,2000-08-11,2025-09-28,Viana do Galho,GO
3094,Erick,da Cruz,PF,erickdacruz@terra.com.br,(71) 99830-3354,268.953.074-00,1956-09-06,2025-09-28,Moura da Praia,AC
3457,Comércio Moraes S/S,,PJ,c@comercio.net.br,(21) 98902-1260,21_740_563_0001_96,1963-12-29,2025-09-28,Vargas,RR
2211,Sophia,Rocha,PF,sophiarocha@outlook.com,11931997711,274_506_318_90,,2025-09-29,Nogueira,RR
3445,Henrique,Alves,PF,halves@hotmail.com,+5511912635678,936_514_208_33,2005-09-30,2025-09-29,Costa das Pedras,TO
690,Sofia,Castro,PF,sofia41@uol.com.br,,764.532.980-74,1975-06-15,2025-09-30,Albuquerque,RR
1247,Moreira & Vieira S/S,,PJ,moreiravie@empresa.com.br,13947419144,45.172.390/0001-15,,2025-09-30,Fonseca,PR
1656,Gabriel,Dias,PF,gabriel_dias@outlook.com,61979229247,41895730600,1976-01-08,2025-09-30,da Rocha,SE
969,Importadora Fernandes S/S,,PJ,importador.@comercio.net.br,21910034269,24387061000111,1975-12-14,2025-10-01,Almeida das Pedras,RJ
1126,Enzo Gabriel,Alves,PF,enzogabrielalves@outlook.com,47955447598,49275810397,1981-04-09,2025-10-01,das Neves,DF
2270,Kaique,Lima,PF,kaique_lima@bol.com.br,11971808423,036.128.754-26,1975-12-16,2025-10-01,Almeida,CE
2361,Guilherme,Novais,PF,guilhermenovais@ig.com.br,21953286672,710.934.685-48,1998-06-22,2025-10-01,Azevedo,RN
2732,Sistemas Duarte S/S,,PJ,s@comercio.net.br,+5541950948860,34598026000103,1982-08-15,2025-10-01,da Mata,DF
3346,Anthony,Albuquerque,PF,anthonyalbuquerque@yahoo.com.br,,379.148.652-73,1962-09-29,2025-10-01,Pinto da Serra,MG
964,Cardoso & Jesus S/S,,PJ,cardosojes.@comercio.net.br,+5521954061656,70.258.316/0001-63,,2025-10-02,Marques de Cardoso,MT
1596,Miguel,Moraes,PF,miguelmoraes@hotmail.com,+5547953825020,253.089.674-74,1967-07-26,2025-10-02,Cavalcanti da Serra,AM
1700,Fernanda,Gonçalves,PF,estercavalcanti@gmail.com,71992892338,832_547_960_47,1964-02-12,2025-10-02,Guerra de Oliveira,PA
2139,Brenda,da Mota,PF,brenda36@outlook.com,+5511948069584,740_836_921_03,1979-11-02,2025-10-02,Farias do Oeste,DF
172,Vasconcelos Importadora e Tecnologia S/A,,PJ,vasconcelo.@comercio.net.br,+5547947462161,81.340.297/0001-36,1982-08-19,2025-10-03,Gomes da Praia,DF
1487,Beatriz,Monteiro,PF,bmonteiro@hotmail.com,41977794956,589_074_126_85,1993-05-08,2025-10-03,Aragão,PB
3138,José Pedro,da Luz,PF,jospedrodaluz@yahoo.com.br,31995061770,02497538123,1995-10-06,2025-10-03,Vargas de Abreu,PR
3425,Maria,Silveira,PF,maria_silveira@hotmail.com,+5551956306073,983.214.706-96,2005-09-26,2025-10-03,Pires de Souza,DF
45,Melissa,Silva,PF,msilva@ig.com.br,(21) 96821-3808,25740986338,,2025-10-04,Sousa do Amparo,TO
840,Serviços Ramos EI,,PJ,serviosram@empresa.com.br,(21) 93269-5769,38260159000118,1986-12-28,2025-10-04,Sá de Goiás,PB
1488,Ísis,Moraes,PF,sis.moraes@outlook.com,11927165189,64930271878,1992-08-01,2025-10-04,Moreira do Galho,TO
1626,Pietra,Duarte,PF,pduarte@hotmail.com,(31) 95627-5015,81743095600,1988-07-09,2025-10-04,Casa Grande,BA
2568,Pedro,Silva,PF,pedro_silva@uol.com.br,21920415656,953_247_608_38,1959-12-31,2025-10-04,da Cruz,ES
3123,Ana Luiza,Nascimento,PF,analuizanascimento@uol.com.br,(21) 98455-8743,40891236589,1958-01-20,2025-10-04,Macedo,BA
3393,Vitor,Mendes,PF,vitor.mendes@gmail.com,+5511954337547,541.860.723-53,,2025-10-04,Siqueira Paulista,MA
554,Ravi Lucca,Casa Grande,PF,raviluccacasagrande@bol.com.br,(11) 97985-1960,879_350_246_00,2007-10-10,2025-10-05,Almeida,CE
655,Rafael,Aragão,PF,rarago@gmail.com,+5531943696312,637_084_159_57,1988-12-02,2025-10-05,Barbosa de Goiás,AM
1293,Luísa,Dias,PF,ldias@ig.com.br,+5561912715712,489.506.317-84,1987-10-04,2025-10-05,Camargo,AP
2379,Bárbara,Caldeira,PF,bcaldeira@hotmail.com,47948908751,23046957874,,2025-10-05,Pastor,GO
2635,Ana Beatriz,Mendonça,PF,anabeatrizmendona@yahoo.com.br,+5547994532938,94217685319,1977-06-16,2025-10-05,Abreu,AC
2803,Ana Vitória,Cassiano,PF,anavitriacassiano@ig.com.br,+5521928897667,576_123_849_73,1997-09-26,2025-10-05,Novaes,MA
41,Lucca,Guerra,PF,luccaguerra@ig.com.br,(41) 97637-3589,820.764.153-35,1957-02-03,2025-10-06,Cirino Verde,AP
203,José Miguel,Siqueira,PF,jsiqueira@terra.com.br,(61) 94883-7260,18739506401,1983-02-23,2025-10-06,Viana de Albuquerque,AL
441,Gabriel,Camargo,PF,gabriel.camargo@bol.com.br,(11) 92604-7150,258_197_463_09,1963-03-18,2025-10-06,Correia das Pedras,PR
650,Sophia,Silva,PF,sophiasilva@bol.com.br,+5511971021396,27596430856,1985-12-10,2025-10-06,das Neves,AP
3059,Bianca,Rios,PF,brios@hotmail.com,47979221842,28061435942,,2025-10-06,Ribeiro de Peixoto,RN
891,Comércio Borges S.A.,,PJ,comrciobor.@comercio.net.br,21978432840,32_598_617_0001_47,1963-11-23,2025-10-07,Cavalcanti de Fogaça,MG
1836,Nascimento & Duarte ME,,PJ,nascimento.@empresa.com.br,(47) 94642-9338,93208617000188,1958-11-13,2025-10-07,Brito,GO
2337,Benício,Carvalho,PF,bcarvalho@terra.com.br,(61) 92351-3193,035.469.178-39,1998-12-28,2025-10-07,Campos da Serra,PI
2499,José Miguel,Vasconcelos,PF,josmiguelvasconcelos@yahoo.com.br,61964956632,658.710.349-93,1960-04-22,2025-10-07,Abreu do Sul,SP
3259,Maria Eduarda,Teixeira,PF,mteixeira@terra.com.br,+5571970335192,102_798_536_02,1971-05-05,2025-10-07,Cavalcanti,MA
3336,Davi Lucca,Monteiro,PF,davilucca.monteiro@terra.com.br,,79168405375,1999-03-20,2025-10-07,da Mota,AM
1028,Enrico,Guerra,PF,enricoguerra@outlook.com,,597.612.480-11,1988-06-05,2025-10-08,Rocha do Amparo,RN
2428,Machado Comércio e Sistemas Ltda.,,PJ,machadocom@comercio.net.br,51910132855,30754192000192,1999-03-22,2025-10-08,Mendonça do Oeste,PB
2523,Henrique,Rezende,PF,henrique95@bol.com.br,+5541974531028,862.957.410-02,,2025-10-08,Moraes,SP
805,Vitória,Fogaça,PF,vitriafogaa@yahoo.com.br,+5551993244374,041_859_726_01,,2025-10-09,Silva do Oeste,CE
934,Juliana,Albuquerque,PF,juliana.albuquerque@yahoo.com.br,41936607016,346.570.819-93,1973-11-28,2025-10-09,Azevedo dos Dourados,AL
1998,Igor,Lopes,PF,igorlopes@hotmail.com,(31) 98809-8117,574_682_931_55,1963-01-01,2025-10-09,Aragão,RN
2202,Cauê,Farias,PF,cfarias@bol.com.br,+5521934975285,710.685.423-90,1996-01-18,2025-10-09,Abreu,RS
2614,Ana Vitória,Rocha,PF,anavitria86@outlook.com,61992402154,20358467144,1973-12-24,2025-10-09,da Conceição,PB
2809,Henry Gabriel,Aragão,PF,henrygabrielarago@hotmail.com,+5551981457890,50761438262,,2025-10-09,Abreu da Mata,SE
2916,Antonella,Azevedo,PF,antonellaazevedo@bol.com.br,51955616137,890_173_645_48,1974-09-07,2025-10-09,Vasconcelos,RR
2963,Raquel,Sá,PF,raquel.s@ig.com.br,,392.416.758-37,1960-10-28,2025-10-09,Cassiano do Amparo,RJ
3156,Letícia,Almeida,PF,letcia.almeida@outlook.com,(41) 98589-3297,583.671.204-26,1968-10-15,2025-10-09,Guerra,ES
29,Ravy,Ribeiro,PF,ravy_ribeiro@gmail.com,+5541988422528,61302874969,2000-06-26,2025-10-10,Rezende do Amparo,TO
799,Letícia,Martins,PF,letciamartins@terra.com.br,61930942982,071.285.943-88,2000-09-20,2025-10-10,Gonçalves de da Rosa,GO
984,Vinicius,Ferreira,PF,vinicius_ferreira@gmail.com,+5511955455979,714_086_253_26,1998-09-30,2025-10-10,Nogueira,ES
1173,Luiza,Barbosa,PF,luiza2@gmail.com,+5531957866575,35126497855,1993-06-07,2025-10-10,Costela de Moreira,RJ
1199,Kevin,Casa Grande,PF,kevin53@hotmail.com,+5541942859026,214.073.958-23,1967-12-24,2025-10-10,Duarte da Prata,AL
2203,Guerra Comércio e Comércio EI,,PJ,guerracomr@comercio.net.br,11987391659,69.253.780/0001-88,1993-11-09,2025-10-10,das Neves,AL
3115,José,Montenegro,PF,jmontenegro@uol.com.br,71961983044,594_281_706_58,1960-02-02,2025-10-10,Brito dos Dourados,SC
533,Hadassa,da Cruz,PF,hadassa81@hotmail.com,+5513940953980,51460297849,1988-02-09,2025-10-11,Pastor,RO
1058,Rodrigo,Melo,PF,rodrigomelo@hotmail.com,+5541977004739,63417908213,1996-09-15,2025-10-11,Lima de Ribeiro,MT
1811,Maria Eduarda,Ferreira,PF,mariaeduarda.ferreira@gmail.com,+5561938133445,04738625900,1959-09-07,2025-10-11,Silveira de Minas,MG
2863,Calebe,Souza,PF,calebe_souza@uol.com.br,21947452493,839_674_150_66,1972-03-15,2025-10-11,Silveira do Norte,CE
776,Ágatha,Freitas,PF,gatha_freitas@bol.com.br,47918853705,60724935134,2005-12-27,2025-10-12,Borges da Serra,SE
2190,Benjamim,Cavalcanti,PF,bcavalcanti@terra.com.br,13945484397,178.469.302-22,1995-04-11,2025-10-12,Castro,RJ
2405,Informática Martins S.A.,,PJ,informtica@comercio.net.br,+5513914381991,91305786000100,,2025-10-12,Rios,MT
1827,Importadora Araújo EPP,,PJ,importador.@comercio.net.br,61936117002,39.280.567/0001-02,,2025-10-13,Garcia,PB
1845,Ana Lívia,da Mota,PF,analvia_damota@yahoo.com.br,,867_943_510_48,2003-07-24,2025-10-13,da Cunha do Amparo,AM
2057,Henry Gabriel,Leão,PF,henrygabriel_leo@yahoo.com.br,,308_472_519_50,1959-02-05,2025-10-13,Costa de Vasconcelos,AC
79,Vitória,Andrade,PF,vitria94@hotmail.com,,962_478_053_65,1982-09-11,2025-10-14,Leão Verde,SE
158,Fernando,Macedo,PF,fernando_macedo@gmail.com,21982734116,87430129579,1965-02-25,2025-10-14,Monteiro,PE
850,Cunha & Sales S/S,,PJ,cunhasales.@comercio.net.br,+5521914433730,27_489_356_0001_97,2000-08-22,2025-10-14,Garcia,PA
1034,Maria Liz,Gomes,PF,marializ24@uol.com.br,+5547967633750,890_162_345_51,1986-10-24,2025-10-14,Macedo,GO
1576,Paulo,,PF,p@terra.com.br,+5571918158124,310_952_684_06,2001-02-10,2025-10-14,Pires Grande,RJ
1894,Isaac,Lopes,PF,isaaclopes@bol.com.br,61947829405,175_946_382_55,1999-05-27,2025-10-14,Nunes do Campo,AM
3374,Antonella,Fernandes,PF,antonellafernandes@uol.com.br,+5571969813000,413_890_726_22,1976-06-20,2025-10-14,Sousa,RS
573,Apollo,Monteiro,PF,apollo_monteiro@ig.com.br,,571_982_604_11,2000-08-06,2025-10-15,Sá das Pedras,RJ
890,Matteo,Ribeiro,PF,mribeiro@gmail.com,51945959565,087.136.492-13,1979-06-12,2025-10-15,Sampaio,SP
1071,Borges & Fernandes S/A,,PJ,borgesfern_@comercio.net.br,51942754632,39_205_146_0001_09,1978-04-28,2025-10-15,Monteiro Verde,PA
3410,Ana Liz,Siqueira,PF,analiz_siqueira@ig.com.br,+5531941874085,283.947.051-97,,2025-10-15,Machado da Serra,PR
791,Ana Clara,Nunes,PF,anunes@terra.com.br,+5547917865156,276.510.394-16,1984-05-17,2025-10-16,Rios Alegre,DF
975,Sara,da Rosa,PF,saradarosa@bol.com.br,31912734373,914_057_632_99,1975-09-14,2025-10-16,Machado,RJ
1611,Vitor Hugo,Gomes,PF,vitorhugo.gomes@terra.com.br,+5511956174220,86034719593,2006-02-21,2025-10-16,Nunes do Oeste,ES
2364,Augusto,Souza,PF,augustosouza@hotmail.com,(47) 96282-1791,06189375286,1989-10-29,2025-10-16,Abreu dos Dourados,SE
3293,Vieira Importadora e Importadora EPP,,PJ,vieiraimpo.@empresa.com.br,+5571979644339,30.495.782/0001-48,1993-12-12,2025-10-16,Silva de Rodrigues,AL
902,Mariah,Moraes,PF,mariahmoraes@gmail.com,+5541913914748,70892514388,1983-03-21,2025-10-17,Cavalcante do Galho,PE
1144,Silveira & Associados ME,,PJ,silveiraas@empresa.com.br,+5513929492337,98506132000194,1992-07-22,2025-10-17,Rodrigues de Casa Grande,AM
1350,Guerra Serviços e Consultoria S.A.,,PJ,guerraserv_@comercio.net.br,,37_024_581_0001_01,1991-10-09,2025-10-17,da Rosa,AL
2058,Eduardo,Nascimento,PF,enascimento@bol.com.br,+5551916525378,569.472.083-00,,2025-10-17,Camargo,PE
829,Vinicius,Correia,PF,vinicius.correia@ig.com.br,(31) 96314-8108,153.096.847-00,1995-10-18,2025-10-18,Ramos de Rezende,SP
1824,Pedro Lucas,Pimenta,PF,pedrolucas54@yahoo.com.br,71942411162,418.569.037-10,2004-12-23,2025-10-18,Alves,CE
1951,Júlia,da Cunha,PF,jliadacunha@yahoo.com.br,+5511966705824,954.183.672-00,,2025-10-18,Moreira,SE
3232,Mathias,Cassiano,PF,mathias_cassiano@gmail.com,(41) 97852-7003,912_347_865_91,1959-09-16,2025-10-18,Freitas,SC
1457,Ana Clara,Macedo,PF,anaclara.macedo@outlook.com,41959935500,031_752_468_26,1995-10-12,2025-10-19,Caldeira da Mata,MA
1572,Maria Helena,Andrade,PF,mandrade@ig.com.br,+5571961234659,984.132.756-28,1970-03-25,2025-10-19,Dias,RS
1937,Maria Clara,Lima,PF,mariaclara.lima@uol.com.br,71961639474,24037561999,1971-07-27,2025-10-19,Ramos das Flores,TO
2309,Rebeca,Cunha,PF,rebeca_cunha@yahoo.com.br,+5571994716195,814.265.709-02,,2025-10-19,Martins,CE
2386,Stella,Machado,PF,stellamachado@uol.com.br,51931678654,894.723.106-13,1988-11-12,2025-10-19,Rodrigues,AL
2621,Rael,Melo,PF,rael.melo@bol.com.br,+5561974367481,71293065480,1973-11-11,2025-10-19,Silveira do Oeste,RO
2713,Liam,Vargas,PF,lvargas@yahoo.com.br,+5561944214970,970_481_365_10,1973-10-31,2025-10-19,Farias do Galho,AC
3414,Maria Luísa,Souza,PF,marialusa86@yahoo.com.br,,032_598_674_65,2004-11-02,2025-10-19,Pinto,RS
271,Marcelo,Cardoso,PF,marcelo_cardoso@yahoo.com.br,(61) 91861-9966,85246370135,1991-09-26,2025-10-20,Câmara,PA
439,Serviços Dias EPP,,PJ,serviosdia.@comercio.net.br,+5561920583009,04.872.915/0001-48,1997-06-01,2025-10-20,Lopes Paulista,SE
825,Henrique,Santos,PF,henrique63@hotmail.com,(13) 93369-3303,24358017690,1987-01-30,2025-10-20,Borges Paulista,PB
1474,Ana Cecília,Novais,PF,anaceclia_novais@uol.com.br,+5511994969651,68419532746,1993-11-20,2025-10-20,Duarte do Campo,DF
1818,Ana Beatriz,Montenegro,PF,amontenegro@terra.com.br,+5513959971015,790.864.152-02,1995-10-10,2025-10-20,Dias,DF
1820,Eduarda,Nogueira,PF,eduarda_nogueira@terra.com.br,,14807325914,,2025-10-20,Pires Alegre,BA
832,Juan,Câmara,PF,juancmara@ig.com.br,31964772062,764_103_258_35,1984-07-09,2025-10-21,Cardoso do Oeste,RO
1131,Rafaela,Cirino,PF,rafaela_cirino@hotmail.com,41914316346,43109256770,1986-10-19,2025-10-21,Macedo de Brito,DF
1387,Ian,Mendes,PF,ian90@terra.com.br,+5511931721952,349.820.516-15,,2025-10-21,Barbosa das Pedras,GO
1414,Maria Flor,Câmara,PF,mariaflor.cmara@bol.com.br,+5561985133197,738_420_695_29,2002-08-13,2025-10-21,Jesus,AM
2168,Brayan,Moreira,PF,gpires@hotmail.com,47990315795,967_054_812_85,1975-12-27,2025-10-21,Nascimento,BA
2412,Cauã,Cavalcanti,PF,cau_cavalcanti@yahoo.com.br,(21) 95135-5110,736_085_294_38,,2025-10-21,da Paz Verde,BA
2447,Bella,Vargas,PF,bella.vargas@bol.com.br,11959406789,126.853.740-35,2001-05-05,2025-10-21,Costela,SP
3264,Maria Fernanda,da Mota,PF,mariafernandadamota@hotmail.com,(11) 95273-4839,409_536_871_39,2001-05-28,2025-10-21,Nogueira,AM
19,Consultoria Almeida EIRELI,,PJ,consultori79@comercio.net.br,(21) 94044-8804,04735961000103,1970-12-23,2025-10-22,Jesus Verde,AC
1629,Lunna,Aragão,PF,larago@hotmail.com,,182_490_376_69,1993-04-03,2025-10-22,Câmara da Prata,PB
2285,Joaquim,Pimenta,PF,joaquim.pimenta@outlook.com,(21) 96888-8822,023_746_189_78,2001-06-05,2025-10-22,Fonseca Paulista,BA
2773,Valentina,Porto,PF,vporto@yahoo.com.br,+5513957784824,47693051252,,2025-10-22,Costa,DF
2816,Leonardo,Rodrigues,PF,lrodrigues@ig.com.br,61935049116,140_768_932_04,1989-10-26,2025-10-22,Peixoto,MS
281,Pedro Lucas,Barros,PF,pedrolucas_barros@outlook.com,(61) 91292-7042,509.428.761-30,1960-05-14,2025-10-23,Borges Grande,PR
1366,Yan,Vargas,PF,yan_vargas@terra.com.br,41941471053,08342971678,1970-01-21,2025-10-23,Barbosa,SP
1724,Silva & Farias S/A,,PJ,silvafaria_@comercio.net.br,+5511919922754,87_356_942_0001_95,1956-07-30,2025-10-23,Siqueira,MS
2993,Valentina,Melo,PF,vmelo@outlook.com,11967121969,172.048.369-87,1963-11-15,2025-10-23,Vasconcelos da Praia,PE
3174,Gabriel,Sampaio,PF,gsampaio@ig.com.br,+5511930391010,84612570308,1962-05-28,2025-10-23,Brito,SP
3265,Isaac,Silva,PF,isaac_silva@bol.com.br,(61) 93219-6029,512.490.863-70,1987-01-17,2025-10-23,Barbosa de Goiás,GO
1151,Noah,Rios,PF,noahrios@ig.com.br,21956549610,829.304.576-00,1959-11-09,2025-10-24,Mendonça de Cavalcante,PE
2550,Theo,Santos,PF,theo_santos@bol.com.br,+5561979825140,560.128.347-80,1967-05-25,2025-10-24,Freitas,RS
2957,Clara,Aparecida,PF,claraaparecida@uol.com.br,,15673249837,,2025-10-24,Moraes da Prata,SP
3399,Francisco,Aparecida,PF,francisco_aparecida@ig.com.br,(71) 98985-8932,831.296.504-15,,2025-10-24,Viana,GO
3467,Mirella,Oliveira,PF,mirellaoliveira@hotmail.com,,632.794.180-03,1981-08-15,2025-10-24,Brito,MS
276,Emanuel,Vargas,PF,emanuel30@outlook.com,+5541992874584,947_831_605_20,,2025-10-25,Jesus,DF
816,Giovanna,Costela,PF,giovanna.costela@outlook.com,(13) 91676-2485,35218906786,,2025-10-25,Andrade de Minas,GO
1496,Sofia,Ferreira,PF,sofia_ferreira@gmail.com,47934431442,49075863292,2003-01-08,2025-10-25,Garcia do Galho,PB
1749,Sophia,Sá,PF,jmarques@outlook.com,51961656689,130_592_746_06,,2025-10-25,Rocha,MS
3158,Juan,Teixeira,PF,juan.teixeira@outlook.com,,691_532_780_03,,2025-10-25,Azevedo,PA
3241,Francisco,Vieira,PF,franciscovieira@hotmail.com,41977694621,94285630133,1959-02-14,2025-10-25,Monteiro das Flores,ES
449,Brayan,Siqueira,PF,brayan_siqueira@yahoo.com.br,,189.740.632-04,1982-01-31,2025-10-26,Barbosa de Ribeiro,RR
874,Vinícius,da Mata,PF,vincius67@hotmail.com,11911445903,342_857_019_79,1982-05-19,2025-10-26,da Rosa Alegre,TO
1602,Costa & Associados S/S,,PJ,costaassoc@empresa.com.br,+5541963644802,14589273000128,2001-07-16,2025-10-26,Ramos,AC
1671,Anthony,Sá,PF,anthony57@outlook.com,+5511942601004,73608421580,1991-09-28,2025-10-26,Alves,TO
2594,Soluções Ferreira S/S,,PJ,soluesferr_@empresa.com.br,13940664321,45.629.180/0001-03,1959-11-18,2025-10-26,Ramos,AL
2738,Ravi,Brito,PF,ravi.brito@gmail.com,(61) 99722-7826,856_739_240_38,1997-01-21,2025-10-27,Aragão de Rodrigues,DF
3326,Moreira Soluções e Sistemas ME,,PJ,moreirasol81@empresa.com.br,+5561993749455,52_379_846_0001_88,2005-09-03,2025-10-27,Pires do Sul,AP
335,Lívia,Costa,PF,lvia_costa@yahoo.con.br,51978892179,375.601.249-25,1956-04-27,2025-10-28,Machado Verde,SP
752,Mendes & Associados EI,,PJ,mendesasso_@empresa.com.br,,43_126_809_0001_77,2001-08-06,2025-10-28,Rodrigues,BA
941,Nathan,Fogaça,PF,nathan.fogaa@ig.com.br,(41) 95484-7890,02643589700,1978-03-17,2025-10-28,Rodrigues,MA
1334,Lucas Gabriel,Leão,PF,lucasgabrielleo@terra.com.br,+5531969515139,697_310_842_31,,2025-10-28,Fonseca,AP
1795,Leonardo,Ramos,PF,leonardoramos@ig.com.br,(41) 99385-6517,89051734620,1972-11-21,2025-10-28,Pastor,TO
2339,Lucas Gabriel,Albuquerque,PF,lucasgabrielalbuquerque@terra.com.br,47989064252,50867941375,1956-07-06,2025-10-28,Dias das Pedras,MG
612,Rafaela,Jesus,PF,rafaela.jesus@yahoo.com.br,71947847014,61720983577,2003-05-19,2025-10-29,Cardoso,PR
2440,Luna,Borges,PF,lunaborges@uol.com.br,+5571982659314,263_091_784_31,1976-02-29,2025-10-29,Pimenta,SP
2979,Esther,Araújo,PF,esther_arajo@bol.com.br,47925133535,602.941.375-99,1981-05-28,2025-10-29,Barbosa da Prata,MG
3056,João,Gomes,PF,joogomes@yahoo.com.br,13926291627,281_507_693_40,1981-06-14,2025-10-29,Marques Grande,SP
3237,Cruz & Associados EIRELI,,PJ,cruzassoci@empresa.com.br,,30157698000114,1993-01-23,2025-10-29,Machado,MG
3261,Danilo,Pereira,PF,danilo.pereira@outlook.con,31996886809,48173029687,1975-02-16,2025-10-29,Carvalho das Pedras,TO
402,Ian,Albuquerque,PF,ian_albuquerque@bol.com.br,+5531959489310,64295087300,1991-11-05,2025-10-30,da Luz,RN
1022,Comércio Souza ME,,PJ,comrciosou4@empresa.com.br,+5511924084822,20691578000149,1984-03-11,2025-10-30,Ribeiro,PB
1092,Brayan,Rios,PF,brayan.rios@ig.com.br,47957847499,597.280.316-02,1964-04-09,2025-10-30,Borges,AC
1388,Sarah,Porto,PF,sporto@outlook.com,+5513960654303,071.693.524-43,1968-12-31,2025-10-30,Rocha Grande,MS
1479,Alana,Macedo,PF,amacedo@terra.com.br,+5511939051147,24079165307,1993-08-12,2025-10-30,Ferreira Alegre,RO
166,Vicente,Nogueira,PF,vicente.nogueira@gmail.com,(21) 98587-4582,37061985410,1978-02-04,2025-10-31,Pimenta da Serra,RO
877,Felipe,Montenegro,PF,felipe51@bol.com.br,+5513970622786,591.207.834-50,1970-11-26,2025-10-31,Albuquerque de Albuquerque,RR
1002,Matteo,Jesus,PF,matteojesus@hotmail.com,(71) 94642-8006,698_142_730_31,1989-04-17,2025-10-31,Araújo de Minas,SP
2326,Nunes & Associados ME,,PJ,nunesassoc1@comercio.net.br,+5571960854746,37.860.954/0001-84,2006-10-27,2025-10-31,Dias,MS
2837,Gabriel,Mendonça,PF,gabriel67@hotmail.com,,265_037_491_80,1984-06-08,2025-10-31,Machado Alegre,MG
2938,Marina,Souza,PF,marinasouza@gmail.com,+5513943406063,651_938_740_10,1979-12-30,2025-10-31,Silveira,SE
3290,Ana Laura,Mendonça,PF,amendona@outlook.com,(47) 94069-3251,069_518_732_59,1971-05-15,2025-10-31,Mendonça de Minas,MG
286,Kevin,Cavalcante,PF,kevincavalcante@uol.com.br,+5541932741076,54873102979,1964-08-17,2025-11-01,Ramos do Amparo,PR
935,Rhavi,Garcia,PF,rhavi75@ig.com.br,71971079900,351.479.086-84,1973-08-24,2025-11-01,Costela de Abreu,GO
1090,Martins & Associados S/S,,PJ,martinsass30@comercio.net.br,+5541990553441,06389452000193,1962-01-24,2025-11-01,Pinto,GO
1505,Kaique,Farias,PF,kaique_farias@uol.com.br,(51) 92391-4874,38465970157,2004-01-10,2025-11-01,da Luz das Flores,AP
2807,Informática Nunes EI,,PJ,informtica.@empresa.com.br,13940638874,85.609.417/0001-09,2002-11-18,2025-11-01,Santos do Oeste,MA
3037,Vinicius,Dias,PF,jnogueira@outlook.com,+5521947966097,302.698.451-51,1991-07-29,2025-11-01,Sousa do Galho,MG
1851,Dias & Associados Ltda.,,PJ,diasassoci.@comercio.net.br,(61) 95770-4737,56_473_180_0001_83,1956-09-04,2025-11-02,Vieira,BA
2128,Isaac,Guerra,PF,iguerra@ig.com.br,,834.679.205-00,1981-10-17,2025-11-02,Alves,PE
3073,Gustavo Henrique,Correia,PF,gcorreia@hotmail.com,(47) 99716-1272,519_738_426_37,1992-01-05,2025-11-02,Montenegro,PA
598,Carolina,Oliveira,PF,carolinaoliveira@bol.com.br,,491.653.270-80,1986-08-16,2025-11-03,Câmara de Sales,PB
1417,Ana Laura,Sales,PF,analaura24@hotmail.com,(13) 93462-2739,65142809351,1978-09-02,2025-11-03,Nascimento,PI
1592,Clara,Azevedo,PF,clara29@hotmail.com,+5561992001767,849.260.375-56,1985-02-27,2025-11-03,Borges do Campo,SC
2646,Theodoro,Leão,PF,theodoro.leo@bol.com.br,(41) 98922-3790,763_428_951_55,1990-05-11,2025-11-03,Porto da Serra,RJ
2649,Isadora,Souza,PF,isadora_souza@gmail.com,+5551937331688,89372106577,,2025-11-03,Nogueira,RN
252,Maya,Barros,PF,maya.barros@outlook.com,(21) 93271-2228,23140657862,1985-06-26,2025-11-04,Macedo,DF
768,Anna Liz,Ramos,PF,aramos@gmail.com,13995339112,782_459_106_94,,2025-11-04,da Mota Verde,BA
2668,Manuela,Santos,PF,manuela_santos@terra.com.br,51930789148,27104639543,2000-12-11,2025-11-04,Machado de Goiás,SP
2708,Bianca,Costa,PF,biancacosta@bol.com.br,+5521944092874,974_068_352_56,1972-04-06,2025-11-04,Moraes Grande,DF
3063,Nathan,Souza,PF,nathansouza@yahoo.com.br,+5547956256156,532.708.914-23,2002-08-25,2025-11-04,Correia das Pedras,MS
3183,Isis,Sousa,PF,isis66@ig.com.br,(11) 97551-1551,834.620.719-04,,2025-11-04,Ramos do Norte,PE
1119,Alexandre,Ribeiro,PF,alexandre23@uol.com.br,,168_403_795_66,1970-02-27,2025-11-05,Novaes,MS
1233,Catarina,Martins,PF,cmartins@bol.com.br,+5571937457648,731.420.896-40,1964-09-21,2025-11-05,Cardoso,BA
1588,Mateus,da Conceição,PF,mdaconceio@terra.com.br,31913438869,458_723_619_55,1995-08-31,2025-11-05,Moura,RS
2042,Brenda,Caldeira,PF,bcaldeira@gmail.com,11954525274,483_127_569_73,,2025-11-05,Silva,PB
2845,Luiza,Cavalcanti,PF,luiza43@outlook.com,+5511921738458,907.182.654-67,1987-05-21,2025-11-05,Pinto,ES
3117,Joana,da Luz,PF,joana_daluz@hotmail.com,+5571935607660,381.296.075-30,,2025-11-05,Carvalho,SP
163,Rebeca,Leão,PF,rebeca21@terra.com.br,(51) 95695-9437,374_598_026_38,1966-02-22,2025-11-06,Brito,MA
1386,João Gabriel,Albuquerque,PF,jalbuquerque@ig.com.br,+5511976235161,24975168049,2002-01-07,2025-11-06,Pinto do Galho,RR
2852,Zoe,da Mota,PF,zoe.damota@terra.com.br,(13) 95868-8827,459.817.623-73,1960-05-18,2025-11-06,Câmara de Cardoso,ES
2921,Matheus,Caldeira,PF,matheus76@bol.com.br,(31) 96566-3260,981.723.645-55,1991-12-06,2025-11-06,da Mota da Prata,PA
405,Pietra,Martins,PF,pietra4@uol.com.br,71919808531,420_853_169_05,1959-10-09,2025-11-07,das Neves do Oeste,AC
803,Farias Informática e Distribuidora EPP,,PJ,fariasinfo87@comercio.net.br,71940378210,90.124.863/0001-63,2000-12-18,2025-11-07,Castro de Ferreira,RO
2162,Alícia,Cirino,PF,alcia.cirino@outlook.com,51996454579,450_631_729_70,1977-02-03,2025-11-07,da Cunha,RO
2380,Bento,Marques,PF,bmarques@outlook.com,+5541990602838,387_216_095_86,1976-11-08,2025-11-07,Cassiano,SP
2917,Maria Luísa,Rocha,PF,dantecunha@ig.com.br,+5511984256858,83517094684,1994-04-10,2025-11-07,Peixoto da Mata,PE
291,Rodrigo,Pereira,PF,rodrigo37@hotmail.com,+5571940853600,738.029.415-60,1991-06-04,2025-11-08,Sales,MS
2227,Evelyn,Camargo,PF,jnogueira@outlook.com,+5547979768910,63297508159,1994-08-07,2025-11-08,da Rocha,PA
2856,Diogo,Carvalho,PF,diogo14@bol.com.br,(51) 91609-7520,298_643_057_00,1996-01-10,2025-11-08,Peixoto da Mata,GO
957,Ana Lívia,Machado,PF,analvia19@ig.com.br,+5513985965276,597_804_632_83,1986-02-05,2025-11-09,Ramos do Oeste,AL
1989,Eduardo,Rodrigues,PF,eduardo74@ig.com.br,47930261049,156_920_734_80,1961-08-20,2025-11-09,Pinto de Goiás,RJ
187,Ana,Pacheco,PF,ana82@terra.com.br,11965956025,598_207_136_68,1982-10-22,2025-11-10,Cassiano de Minas,CE
260,Renan,da Cunha,PF,renan.dacunha@uol.com.br,71951474610,402_831_679_04,1997-03-19,2025-11-10,Rocha Grande,BA
369,Bruno,Cunha,PF,bruno.cunha@yahoo.com.br,(13) 99479-6589,25360471808,1962-06-21,2025-11-10,Azevedo,ES
457,Raul,Almeida,PF,gabriel_darosa@hotmail.com,61913255327,923_576_418_19,,2025-11-10,Pires do Campo,SC
868,João Pedro,Machado,PF,jmachado@gmail.com,+5551940951647,046_172_598_30,1986-04-18,2025-11-10,Cirino,PR
2178,Cardoso & Miranda Ltda.,,PJ,cardosomir88@comercio.net.br,(47) 96634-3178,01465329000190,,2025-11-10,Andrade,PI
2414,Camila,Costa,PF,ccosta@yahoo.con.br,(71) 97168-5201,473.195.826-19,1975-12-20,2025-11-10,Mendes,SE
3132,Vitória,da Cruz,PF,vitria.dacruz@yahoo.com.br,61997705243,258_016_374_35,1983-03-09,2025-11-10,Garcia,AM
200,Paulo,Novaes,PF,paulonovaes@terra.com.br,(21) 92856-1784,549.138.672-37,1985-12-15,2025-11-11,Cunha de Pires,AL
531,Gustavo,Melo,PF,gmelo@outlook.com,(47) 97029-1137,954_082_613_60,1986-10-11,2025-11-11,Gonçalves de Abreu,AL
2265,Alice,Albuquerque,PF,alice.albuquerque@gmail.com,(13) 97050-2457,08634579247,1981-10-18,2025-11-11,Cassiano,ES
2778,Lara,,PF,lara.@gmail.com,21966385812,612.794.803-78,2002-12-06,2025-11-11,Pires,RO
3472,Ana Julia,Guerra,PF,anajuliaguerra@gmail.com,(47) 92224-2036,352_016_879_03,1979-11-08,2025-11-11,Viana,RN
1020,Antony,da Luz,PF,antony_daluz@terra.com.br,+5551989602407,53192067802,2006-10-28,2025-11-12,Rezende,ES
1128,Leandro,Pires,PF,leandropires@bol.com.br,+5521984386755,29513870677,1970-10-27,2025-11-12,Novaes,MA
1374,Benjamin,da Conceição,PF,benjamin49@gmail.com,(31) 94023-9463,91802635424,1997-09-14,2025-11-12,Campos,SE
2308,Bernardo,Cassiano,PF,bernardo_cassiano@terra.com.br,(31) 93778-8497,74625013844,1998-06-19,2025-11-12,Albuquerque de Aparecida,PB
1198,Soares & Moreira ME,,PJ,soaresmore.@comercio.net.br,,46_059_217_0001_78,2002-05-18,2025-11-13,Machado dos Dourados,RN
1473,Isabelly,Aragão,PF,isabelly_arago@bol.com.br,(21) 94373-2788,056.743.821-07,1957-05-04,2025-11-13,Borges,SP
2867,Ravi,Cavalcante,PF,ravi47@hotmail.com,+5547939275710,349_182_760_40,1981-09-03,2025-11-13,Camargo,TO
3010,Eloá,Campos,PF,ecampos@hotmail.con,11994326438,926_587_103_21,1990-07-13,2025-11-13,Cassiano de Fernandes,PI
965,Igor,Novaes,PF,inovaes@outlook.com,71984495559,689_701_453_20,1974-01-18,2025-11-14,Guerra,PA
1434,Bento,Araújo,PF,barajo@gmail.com,(47) 91863-5373,465_723_019_07,1960-08-11,2025-11-14,Casa Grande,RS
1887,Gael Henrique,Novais,PF,gaelhenrique.novais@outlook.com,(31) 98838-5408,971_845_302_41,1986-11-11,2025-11-14,Abreu da Praia,AC
1939,Paulo,Albuquerque,PF,paulo.albuquerque@bol.com.br,(11) 98664-2841,43820957600,1997-06-07,2025-11-14,Rezende,RN
2043,Souza & Correia EI,,PJ,souzacorre@empresa.com.br,13977187478,45.731.069/0001-23,,2025-11-14,Montenegro da Mata,RN
2173,Kaique,Gonçalves,PF,kaiquegonalves@hotmail.com,21932209102,329.687.405-47,1994-02-26,2025-11-14,Andrade do Campo,SC
2581,Anna Liz,Vieira,PF,annaliz.vieira@outlook.com,+5551982742523,495_162_873_28,1993-02-13,2025-11-14,Rodrigues,MT
2608,Luigi,Gonçalves,PF,lgonalves@terra.com.br,(71) 96038-5772,382.704.691-22,1970-06-16,2025-11-14,Vargas das Flores,MS
3415,Helena,Gomes,PF,hgomes@terra.com.br,51925076050,189_743_625_46,1957-11-28,2025-11-14,Rios,TO
1286,Marcela,Cavalcante,PF,marcela_cavalcante@uol.com.br,11944915424,139_642_875_55,2006-04-11,2025-11-15,Pacheco Alegre,GO
1570,Fernanda,Garcia,PF,fgarcia@bol.com.br,41938624081,385_721_609_30,1998-10-12,2025-11-15,da Cunha,RO
300,Informática Fonseca S.A.,,PJ,informtica_@comercio.net.br,+5511929964332,58064317000171,1982-07-10,2025-11-16,Moura,AM
677,Natália,Monteiro,PF,natliamonteiro@yahoo.com.br,+5513913862596,518.790.243-14,1996-11-19,2025-11-16,Aragão de Minas,RO
991,Vinicius,Pacheco,PF,vinicius.pacheco@terra.com.br,+5513988481608,90362714525,2000-10-02,2025-11-16,Pinto de Costa,SC
1094,Fernandes & Associados S.A.,,PJ,fernandesa74@empresa.com.br,(61) 98214-2894,24_589_710_0001_67,1975-12-14,2025-11-16,Lopes,GO
1769,Rebeca,Azevedo,PF,rebecaazevedo@ig.com.br,,543_867_219_91,1984-07-26,2025-11-16,Garcia,RN
486,Igor,Alves,PF,igoralves@bol.com.br,(41) 92974-3422,206.873.951-86,1965-10-03,2025-11-17,Fogaça,PR
1638,Clarice,Rodrigues,PF,clarice_rodrigues@terra.com.br,(51) 98710-1366,712_406_395_70,,2025-11-17,Pastor das Pedras,AM
2264,Laura,Machado,PF,laura.machado@ig.com.br,+5513950144910,468_321_590_05,2008-03-18,2025-11-17,da Costa do Oeste,MS
878,Aylla,Costela,PF,aylla.costela@terra.com.br,(11) 96573-2610,721_340_569_16,1983-10-01,2025-11-18,da Luz das Pedras,RS
1440,Luiz Miguel,Barros,PF,luizmiguelbarros@yahoo.com.br,21994165540,475.963.812-19,1993-12-10,2025-11-18,Guerra,PE
3315,Guerra & Associados EPP,,PJ,guerraasso@empresa.com.br,,75_421_930_0001_18,1992-01-21,2025-11-18,Fernandes de Minas,SE
500,Anna Liz,Aragão,PF,annaliz.arago@hotmail.com,11991068082,326.749.501-61,1962-09-05,2025-11-19,Pastor de Gomes,MT
732,Importadora Souza EI,,PJ,importador53@empresa.com.br,41947059194,47_820_396_0001_87,2007-06-11,2025-11-19,Siqueira da Serra,MA
1070,Yan,Machado,PF,yan_machado@uol.com.br,(71) 94173-9019,960.541.827-49,2003-11-01,2025-11-19,Melo da Praia,CE
1259,Pietra,Garcia,PF,pietragarcia@terra.com.br,(71) 99672-2143,130_289_476_50,1992-07-11,2025-11-19,da Rocha,MA
1393,Cauê,Cavalcanti,PF,ccavalcanti@terra.com.br,(11) 97932-1330,817.359.064-84,1961-05-09,2025-11-19,Sá Paulista,AM
2777,Brayan,Jesus,PF,brayan_jesus@terra.com.br,+5547988603571,920_381_564_33,1959-08-21,2025-11-19,da Mota,RN
3391,Gabriela,Novais,PF,gnovais@bol.com.br,+5513966685539,84021693769,1990-10-02,2025-11-19,Viana,SE
323,Isabel,Cardoso,PF,isabelcardoso@hotmail.com,+5521953521002,650.139.274-80,1961-01-18,2025-11-20,Oliveira dos Dourados,MG
2068,Comércio Costa EIRELI,,PJ,comrciocos.@comercio.net.br,,23.481.967/0001-38,1992-05-21,2025-11-20,da Mota,BA
2618,Maria Luiza,,PF,marialuiza@hotmail.com,31962891403,752_046_319_25,1958-02-10,2025-11-20,Cassiano das Flores,RO
2666,Caroline,Duarte,PF,caroline.duarte@terra.com.br,51964607957,731_982_056_03,2002-02-17,2025-11-20,Abreu,MG
3254,Yan,Rocha,PF,yan.rocha@hotmail.com,(21) 98373-9342,652.307.194-43,1993-03-06,2025-11-20,Novais do Norte,MA
393,Clara,Monteiro,PF,clara.monteiro@hotmail.com,(21) 91193-7699,641_925_380_24,1980-12-05,2025-11-21,Ferreira,AM
742,Bianca,Castro,PF,bianca_castro@terra.com.br,+5531929289596,675.042.193-80,1961-06-04,2025-11-21,Caldeira,PA
1598,Bella,Ribeiro,PF,bella.ribeiro@bol.com.br,+5551928308477,235.789.016-95,2002-08-05,2025-11-21,Ribeiro da Prata,SE
2627,Léo,Macedo,PF,lmacedo@yahoo.com.br,11937675934,892_047_563_65,1979-08-11,2025-11-21,Duarte,RN
2991,Liam,Viana,PF,lviana@terra.com.br,(47) 96934-3534,16745308207,1988-06-16,2025-11-21,Cirino de Martins,MS
3038,Olivia,Ribeiro,PF,olivia_ribeiro@terra.com.br,(51) 93950-5762,629.103.785-86,1983-12-05,2025-11-21,Pereira das Pedras,RN
338,Arthur Gabriel,Moreira,PF,arthurgabriel55@hotmail.com,+5511961715682,137.690.542-61,1971-12-19,2025-11-22,Pires,SC
2010,Erick,da Rocha,PF,erick.darocha@gmail.com,+5571919007599,09648351260,1963-03-07,2025-11-22,da Mota das Flores,DF
2215,Kaique,da Rocha,PF,kaique.darocha@ig.com.br,(61) 95157-8533,746.923.850-65,2005-12-17,2025-11-22,da Cunha de Montenegro,MG
3392,Alice,Camargo,PF,alice54@gmail.com,(41) 97031-9334,762.305.194-61,1996-05-16,2025-11-22,Pimenta,MG
670,Cecilia,Silveira,PF,csilveira@terra.com.br,13925933562,470.652.831-35,,2025-11-23,Pimenta de Dias,RR
1121,Benicio,Pacheco,PF,benicio.pacheco@uol.com.br,+5531943156488,079.653.421-70,1974-08-21,2025-11-23,Andrade das Pedras,PI
1422,Davi Lucca,da Conceição,PF,ddaconceio@outlook.com,+5513918947884,809_152_436_60,1969-11-16,2025-11-23,Novaes,PA
1933,Marcelo,Borges,PF,marcelo_borges@terra.com.br,(71) 96703-5424,982.563.401-42,1991-04-06,2025-11-23,Ferreira,SP
2279,Stephany,Gomes,PF,stephany82@terra.com.br,61990615494,63582071480,1961-02-11,2025-11-23,Camargo da Serra,AP
3475,Castro & Associados EPP,,PJ,castroasso_@empresa.com.br,(61) 96739-2077,13_706_958_0001_44,1958-12-06,2025-11-23,Mendes do Amparo,SP
923,Melissa,Moreira,PF,melissa_moreira@gmail.com,+5521988026752,29143687040,1988-09-09,2025-11-24,Azevedo das Flores,AC
3256,Aylla,Sampaio,PF,aylla44@terra.com.br,47954645331,580_167_932_40,1971-06-05,2025-11-24,Borges,AP
60,Matteo,Macedo,PF,mmacedo@ig.com.br,,873_549_601_01,,2025-11-25,Caldeira,RN
584,Vargas & Associados S/A,,PJ,vargasasso@empresa.com.br,,28_351_479_0001_20,1956-04-13,2025-11-25,Porto,MA
780,Heloísa,Viana,PF,helosa52@yahoo.com.br,(61) 92751-3042,652_701_983_12,1979-09-30,2025-11-25,Marques das Pedras,PA
1104,Castro & Associados EI,,PJ,castroasso32@empresa.com.br,41978381990,30_187_562_0001_57,1991-08-25,2025-11-25,Rezende da Praia,PB
1532,Gael Henrique,Viana,PF,gaelhenrique_viana@outlook.com,+5513964986102,429_387_015_60,2001-08-16,2025-11-25,Cavalcanti Alegre,PI
3311,Sarah,Novaes,PF,sarah_novaes@bol.com.br,(31) 95458-4081,265.903.781-77,1995-04-21,2025-11-25,Andrade,SP
1036,Alice,Andrade,PF,aliceandrade@yahoo.com.br,(61) 97991-2022,34207615890,1963-03-03,2025-11-26,Santos Verde,RR
65,Maria Sophia,Cardoso,PF,mariasophia.cardoso@hotmail.com,71946565427,70235946125,1978-02-20,2025-11-27,Caldeira do Oeste,BA
1005,Nunes & Rodrigues S.A.,,PJ,nunesrodri_@comercio.net.br,+5561920156622,85216394000172,2006-02-13,2025-11-27,Teixeira do Sul,RR
1186,Dom,Abreu,PF,dom.abreu@hotmail.com,51913735823,84179520397,1982-11-08,2025-11-27,Borges de Minas,SE
1213,Francisco,Novaes,PF,francisco_novaes@yahoo.con.br,13939556470,907.583.126-95,1976-11-20,2025-11-27,Melo,GO
2097,Enzo,Rocha,PF,enzorocha@gmail.com,,036.295.741-06,2002-12-30,2025-11-27,Garcia,BA
2158,Isis,Barbosa,PF,isis.barbosa@gmail.com,71914315098,071_698_425_30,1975-07-05,2025-11-27,Rezende Grande,RR
2290,Gomes & Associados Ltda.,,PJ,g@empresa.com.br,(51) 95432-7110,97.562.480/0001-16,1964-09-08,2025-11-27,Andrade das Flores,DF
147,Francisco,Guerra,PF,fguerra@yahoo.com.br,41995245938,719_280_543_23,,2025-11-28,Martins dos Dourados,RR
232,Olivia,Moura,PF,omoura@terra.com.br,+5521942132963,874_651_903_39,,2025-11-28,da Mata de Lopes,PE
250,Danilo,Sá,PF,danilos@terra.com.br,11942292309,072_385_694_00,1964-09-01,2025-11-28,Albuquerque,PI
945,Clara,das Neves,PF,clara.dasneves@gmail.com,51965499478,907_245_168_67,2003-05-09,2025-11-28,Aparecida,SE
1187,João,Silva,PF,joo.silva@yahoo.com.br,41927288425,241.053.867-35,1988-10-10,2025-11-28,Cirino,AC
2196,Mathias,Pinto,PF,mathias42@ig.com.br,71995191891,073.824.619-04,1982-11-10,2025-11-28,Pereira,RN
2587,Antonella,da Conceição,PF,adaconceio@hotmail.com,21978439223,750.924.168-58,1957-04-18,2025-11-28,Freitas da Praia,RO
2754,Andrade Serviços e Comércio ME,,PJ,andradeser_@empresa.com.br,+5561934644914,48097513000199,,2025-11-28,Nunes,AL
2802,Maria Clara,Sales,PF,mariaclarasales@outlook.com,(41) 95964-7436,630.728.159-68,1996-05-19,2025-11-28,Andrade,RJ
18,Maria Cecília,Melo,PF,mariacecliamelo@yahoo.com.br,(71) 98609-2420,54203781914,1993-04-25,2025-11-29,Vieira Grande,AC
340,Ana Cecília,Fonseca,PF,anaceclia60@outlook.com,+5511921474239,046.518.932-60,1997-11-24,2025-11-29,Pires de Farias,SE
468,Ana Júlia,Pereira,PF,anajlia_pereira@outlook.com,51951162545,54173680244,1976-07-08,2025-11-29,Novaes de Montenegro,RN
558,Matheus,Cunha,PF,matheus64@terra.com.br,(47) 91970-8336,954.302.876-10,1999-10-04,2025-11-29,Leão,MT
570,João Felipe,Pastor,PF,joofelipe84@terra.com.br,+5541915452074,653_289_407_92,1986-04-30,2025-11-29,Pacheco,RO
603,Igor,Rezende,PF,igor.rezende@bol.com.br,,241_068_395_98,1994-03-15,2025-11-29,Aragão do Sul,PI
1637,Ana Luiza,da Paz,PF,analuiza46@ig.com.br,(61) 97974-2644,72184503932,1988-02-15,2025-11-29,Guerra do Norte,MT
1961,Consultoria Moraes S/S,,PJ,consultori93@empresa.com.br,41968004624,76.135.089/0001-65,,2025-11-29,Cavalcante,GO
2170,Amanda,Ferreira,PF,amanda.ferreira@gmail.com,(11) 91345-9870,143_057_289_23,,2025-11-29,Rocha de Minas,AP
2221,Lívia,Moraes,PF,lvia34@gmail.com,+5531990952536,567.841.309-01,1998-06-25,2025-11-29,Ramos,RJ
206,Lívia,Marques,PF,lvia.marques@ig.com.br,(51) 94424-2020,872_350_461_71,1973-09-27,2025-11-30,Pimenta,CE
462,Vitória,Jesus,PF,vitria.jesus@ig.com.br,(11) 99455-7167,650_849_127_01,1967-01-03,2025-11-30,Ferreira Paulista,MT
1400,Davi,Silveira,PF,davi.silveira@ig.com.br,+5531994028059,89543716048,2003-06-26,2025-11-30,Freitas,AC
3205,Théo,Gomes,PF,tgomes@terra.com.br,(61) 99606-3182,138_502_674_07,1968-10-19,2025-11-30,Oliveira de Santos,RJ
43,Guilherme,Casa Grande,PF,guilhermecasagrande@gmail.com,+5521936751184,234_869_015_24,,2025-12-01,Sampaio,MS
978,Felipe,Barros,PF,felipe67@uol.com.br,71934679684,593.876.401-75,1982-07-01,2025-12-01,Abreu,MT
2151,Antonella,Sousa,PF,asousa@ig.com.br,(41) 91937-6912,513.207.694-70,1984-11-22,2025-12-01,Vargas de Cavalcanti,RJ
2395,Maria Luísa,Garcia,PF,marialusagarcia@gmail.com,21961801188,302_684_579_56,1990-04-14,2025-12-01,Cirino,RN
2418,Anthony Gabriel,Caldeira,PF,anthonygabriel_caldeira@bol.com.br,71928214238,980_532_741_88,2000-10-08,2025-12-01,Fernandes de Goiás,ES
1051,Marina,Montenegro,PF,marinamontenegro@gmail.com,,849.631.502-98,1962-03-16,2025-12-02,Casa Grande da Mata,PA
2929,Beatriz,Cavalcanti,PF,bcavalcanti@ig.com.br,+5551995795553,826_197_534_73,,2025-12-02,Cardoso de Pereira,PA
3211,Caleb,Cirino,PF,calebcirino@yahoo.com.br,(47) 97340-9336,16238790512,1997-08-08,2025-12-02,Pinto,PI
191,Alexia,Moreira,PF,alexia_moreira@outlook.com,47944806129,830_752_964_65,1980-09-02,2025-12-03,Santos,DF
253,Joaquim,Marques,PF,joaquim_marques@bol.com.br,+5551984935834,870.436.291-87,,2025-12-03,Câmara,ES
1690,Ana,Câmara,PF,anacmara@yahoo.com.br,61933958724,130.294.786-96,,2025-12-03,Cunha da Mata,AL
1698,Helena,Barros,PF,helenabarros@outlook.com,+5513963653982,413.207.685-71,1972-07-03,2025-12-03,Macedo de Goiás,PR
1762,Isaque,Freitas,PF,ifreitas@ig.com.br,+5511981877777,627_801_539_03,1996-10-19,2025-12-03,da Rosa,PE
2023,Calebe,Nascimento,PF,calebenascimento@uol.com.br,61936317108,75391840279,1988-09-24,2025-12-03,Gonçalves,AL
2711,Daniel,Pinto,PF,daniel.pinto@hotmail.com,51981134475,108_234_975_50,1984-01-15,2025-12-03,Gomes Verde,TO
3145,Castro & Associados ME,,PJ,c@comercio.net.br,11988048433,57_026_134_0001_07,1980-09-20,2025-12-03,Cassiano de Minas,RR
38,Olivia,Pastor,PF,olivia_pastor@terra.com.br,+5547929101265,356_740_912_34,1985-05-15,2025-12-04,Pimenta das Pedras,MA
1959,Leonardo,Gonçalves,PF,lgonalves@hotmail.com,(71) 95720-9675,47683029556,1996-07-25,2025-12-04,da Rocha,CE
2479,Oliveira & Associados S.A.,,PJ,oliveiraas@empresa.com.br,(51) 95852-4824,54_936_720_0001_92,1961-12-02,2025-12-04,Vasconcelos da Prata,CE
2552,Marcos Vinicius,Cardoso,PF,marcosvinicius_cardoso@bol.com.br,31987652650,58427093179,2001-11-01,2025-12-04,Alves da Mata,AM
132,Vitor,Azevedo,PF,vitor_azevedo@yahoo.com.br,(71) 99238-7073,167_249_385_46,1976-05-05,2025-12-05,Rios,RN
1147,Correia & Costa S/A,,PJ,correiacos@empresa.com.br,+5513936268977,14_360_289_0001_64,2001-07-17,2025-12-05,Caldeira de Ribeiro,PA
2661,Maria,Fernandes,PF,mfernandes@gmail.com,41960665296,46509218720,1997-08-03,2025-12-05,Mendes Alegre,ES
2692,Maria Fernanda,Gomes,PF,mariafernanda.gomes@terra.com.br,31918476031,184.635.972-46,1994-12-23,2025-12-05,Macedo do Oeste,PB
3287,Catarina,Cavalcanti,PF,catarina.cavalcanti@gmail.com,31920165931,593.678.012-03,1991-10-10,2025-12-05,Costa,TO
3424,Bruno,Almeida,PF,balmeida@gmail.com,,380_426_971_04,1993-10-05,2025-12-05,Dias,CE
97,Juan,da Cunha,PF,juan47@ig.com.br,,627_839_150_30,1988-11-07,2025-12-06,da Mata,AC
1868,Heloisa,,PF,heloisa34@ig.com.br,(11) 99054-4199,760.421.385-53,2004-01-16,2025-12-06,Garcia de Farias,AC
3137,Tecnologia Miranda S/A,,PJ,tecnologia_@comercio.net.br,(41) 92438-4011,43_259_068_0001_00,1957-02-24,2025-12-06,Porto do Campo,PA
3433,Caleb,Pires,PF,caleb31@terra.com.br,31915365905,864_731_025_07,1979-04-20,2025-12-06,Pimenta de da Mata,MT
1087,Ramos Atacado e Importadora EIRELI,,PJ,ramosataca@comercio.net.br,+5521961439242,94_657_820_0001_02,2006-11-08,2025-12-07,Porto,RJ
2172,Fernanda,Guerra,PF,fguerra@ig.com.br,41983857765,206.743.159-52,2003-03-19,2025-12-07,Cavalcanti,AP
2580,Laura,Cavalcante,PF,laura_cavalcante@yahoo.com.br,+5541954419493,01465923870,1978-03-25,2025-12-07,Rios,AM
47,Daniel,da Mata,PF,daniel_damata@yahoo.com.br,71910129937,750.381.694-57,1958-02-02,2025-12-08,Aparecida Paulista,AC
355,Lívia,Souza,PF,lvia65@yahoo.com.br,13967192271,071.924.635-07,1987-01-01,2025-12-08,Cavalcante de Fogaça,PB
2532,Vitor Hugo,da Paz,PF,vitorhugo95@uol.com.br,+5547943093548,307_546_982_38,1958-07-19,2025-12-08,Sales do Galho,SP
59,Théo,Nascimento,PF,tho.nascimento@hotmail.com,+5547957565441,569.012.438-98,1984-09-01,2025-12-09,Brito de Nunes,SP
431,Guerra & Associados Ltda.,,PJ,guerraasso.@comercio.net.br,(51) 94471-2073,36.098.125/0001-43,,2025-12-09,Abreu,AL
1785,Elisa,,PF,e@outlook.com,13946079909,754_396_012_52,1959-08-13,2025-12-09,Rezende das Flores,ES
3383,Laura,Novais,PF,lnovais@terra.com.br,(41) 91964-6674,75083964210,,2025-12-09,Araújo de Goiás,SC
357,Caleb,Ferreira,PF,caleb_ferreira@gmail.com,+5547939224169,354.097.128-97,1965-09-02,2025-12-10,Silveira,ES
448,Liz,Almeida,PF,liz.almeida@terra.com.br,(71) 98236-9506,871.539.046-20,1970-02-05,2025-12-10,Moreira,SE
1053,Matteo,Peixoto,PF,matteo.peixoto@hotmail.com,+5551985221984,75018324635,1963-10-26,2025-12-10,Vieira,MG
2756,Thales,da Luz,PF,thalesdaluz@gmail.com,+5513918727301,506.714.932-99,1959-01-15,2025-12-10,Cassiano dos Dourados,DF
2782,Luan,da Cruz,PF,luandacruz@uol.com.br,(21) 94698-8902,143.902.758-79,,2025-12-10,Azevedo do Amparo,MG
3146,Bruna,Ramos,PF,bramos@outlook.com,+5511924263952,81523679409,2007-06-11,2025-12-10,Almeida do Oeste,RN
3220,Vasconcelos & Rocha EI,,PJ,vasconcelo57@comercio.net.br,(51) 92210-2610,05.378.492/0001-77,1982-08-22,2025-12-10,Camargo de da Rosa,AP
302,Hadassa,Brito,PF,hadassa.brito@uol.com.br,51954264210,840.615.729-11,1984-03-31,2025-12-11,Andrade,BA
1029,Letícia,Farias,PF,letciafarias@ig.com.br,71925349634,956.301.428-60,1983-02-27,2025-12-11,Abreu da Serra,AP
1738,Alexandre,Ferreira,PF,aferreira@gmail.com,+5521965415687,76085194285,1998-12-17,2025-12-11,Silveira de Minas,MA
2140,Gabrielly,Rodrigues,PF,gabriellyrodrigues@yahoo.com.br,41976066153,483.097.615-20,1964-08-23,2025-12-11,da Rosa,MG
2179,Samuel,da Costa,PF,sdacosta@gmail.com,61968135521,123_589_067_86,1997-05-13,2025-12-11,Andrade dos Dourados,AP
91,Otto,da Cunha,PF,otto.dacunha@uol.com.br,31969238442,97685031493,1991-11-13,2025-12-12,Campos de Cunha,TO
227,Maria,Oliveira,PF,maria.oliveira@gmail.com,71913745626,894_532_170_50,1992-09-29,2025-12-12,Lima,SC
851,Clara,Pereira,PF,clara14@uol.com.br,61919684291,173.082.645-80,2000-01-13,2025-12-12,Cavalcante de Camargo,SC
1212,Lima & Ramos EPP,,PJ,limaramose_@empresa.com.br,61990964606,95862074000143,2002-02-04,2025-12-12,Rocha da Mata,RO
220,Clarice,Viana,PF,clarice.viana@bol.com.br,+5541961644781,12853746909,1996-03-12,2025-12-13,Cirino Alegre,PR
474,Emanuelly,Souza,PF,esouza@terra.com.br,(13) 92338-5931,029.643.158-33,,2025-12-13,Gomes de da Rocha,AL
1263,Rocha Serviços e Serviços S/S,,PJ,rochaservi.@empresa.com.br,71919776574,08_169_372_0001_58,2005-07-26,2025-12-13,Andrade,GO
1913,Consultoria Camargo EI,,PJ,c@comercio.net.br,+5551960422537,62_937_481_0001_13,1958-05-23,2025-12-13,Fonseca,SP
2586,Maria Luísa,da Luz,PF,fernandogarcia@outlook.com,(13) 92347-1656,50827941676,2001-04-16,2025-12-13,Vasconcelos,AP
3483,Martins & Castro S/S,,PJ,martinscas@comercio.net.br,41941789247,93284570000131,1962-11-22,2025-12-13,Vieira,RJ
856,Marcos Vinicius,Almeida,PF,marcosvinicius.almeida@gmail.com,+5561957234414,357.184.692-37,1968-05-16,2025-12-14,da Paz,TO
298,Olivia,Correia,PF,olivia.correia@uol.com.br,47922441776,821.305.476-80,1974-03-27,2025-12-15,da Mota de Alves,RS
1456,Asafe,Araújo,PF,asafearajo@yahoo.com.br,71952668869,687_104_539_20,2000-08-29,2025-12-15,Guerra,AP
96,Maria Alice,Siqueira,PF,msiqueira@yahoo.com.br,(13) 94055-9754,793.501.684-48,1973-06-29,2025-12-16,Garcia de Farias,AC
609,Calebe,Fonseca,PF,calebefonseca@gmail.com,(13) 91774-3680,610_842_375_71,1985-05-27,2025-12-16,Almeida das Flores,CE
1297,Vargas & Associados S/A,,PJ,vargasasso.@comercio.net.br,+5561942751287,78_129_653_0001_62,1967-02-26,2025-12-16,da Cruz,MS
2610,Pedro Lucas,Mendes,PF,pedrolucas.mendes@gmail.con,,584.162.739-28,1964-04-13,2025-12-16,Moura,RR
2943,Catarina,Melo,PF,nathan_monteiro@outlook.com,(51) 97822-5352,208_195_436_24,1969-04-01,2025-12-16,Andrade,CE
3148,Kamilly,Ramos,PF,kamilly.ramos@hotmail.com,13915485101,62749085365,,2025-12-16,Pastor,RO
215,Maria Helena,,PF,mariahelena_@bol.com.br,11964696586,16479358228,1996-07-15,2025-12-17,Lopes da Mata,SE
1555,Caroline,,PF,caroline_@hotmail.com,,168.529.034-51,1991-02-05,2025-12-17,Nascimento da Serra,AM
2086,Noah,Montenegro,PF,noah_montenegro@hotmail.com,11997464328,13729845691,1992-10-13,2025-12-17,Novaes,SC
2682,Luísa,Siqueira,PF,lusa80@uol.com.br,(61) 95378-3971,96401783222,1956-12-27,2025-12-17,Ferreira do Sul,RJ
3165,Lívia,Fonseca,PF,lvia.fonseca@terra.com.br,+5511954629743,176.450.283-35,1975-12-19,2025-12-17,Porto do Galho,RJ
2566,Maitê,da Mota,PF,mait_damota@ig.com.br,(31) 97476-8092,642.708.519-02,1985-06-02,2025-12-18,Azevedo dos Dourados,SP
602,João Lucas,Guerra,PF,jguerra@terra.com.br,,021.489.635-89,1979-03-08,2025-12-19,da Conceição,RO
757,Davi Lucca,da Mota,PF,daviluccadamota@ig.com.br,+5513965538874,495.127.680-11,2003-01-11,2025-12-19,Almeida do Galho,RS
956,Pedro Miguel,Moreira,PF,pedromiguel.moreira@hotmail.com,+5513981121427,807_439_615_01,1972-11-12,2025-12-19,Araújo do Galho,PE
1786,Tecnologia Teixeira EPP,,PJ,tecnologia.@comercio.net.br,+5531917591897,30.487.962/0001-88,2000-06-26,2025-12-19,Siqueira de Goiás,ES
1833,Maria,Sousa,PF,msousa@uol.com.br,,578.092.643-38,,2025-12-19,Camargo dos Dourados,RO
3028,Fonseca & Associados S/A,,PJ,fonsecaass44@empresa.com.br,+5571919877720,04_182_973_0001_40,1961-07-22,2025-12-19,Pereira,MA
823,Joana,Aparecida,PF,joana.aparecida@gmail.com,+5521919658362,175.296.804-20,1979-08-20,2025-12-20,Silva do Amparo,AL
906,Sophie,Cavalcante,PF,sophie17@bol.com.br,(71) 96220-8502,135_679_820_95,1995-05-06,2025-12-20,Pimenta de Goiás,RJ
1192,Fernando,Garcia,PF,fernando.garcia@bol.com.br,+5511913065611,19257486001,1985-08-04,2025-12-20,Dias Paulista,MG
2009,Bella,Vargas,PF,bella.vargas@bol.com.br,,495.873.106-75,1999-02-06,2025-12-20,Borges,PA
3257,Brayan,Santos,PF,bsantos@hotmail.com,(11) 97240-3326,180_574_362_71,1991-04-07,2025-12-20,Borges,MA
1145,Allana,Pires,PF,allanapires@yahoo.com.br,+5541949593594,48520391605,,2025-12-21,Aragão,MS
472,Clarice,Fogaça,PF,clarice.fogaa@hotmail.com,,09253614889,2001-08-17,2025-12-22,Brito,SP
571,Gabrielly,da Rosa,PF,gabrielly.darosa@hotmail.com,61992808894,703.612.485-71,1995-02-22,2025-12-22,Cassiano,ES
645,Calebe,Fernandes,PF,calebe49@ig.com.br,+5547989308940,71950386457,1979-12-09,2025-12-22,Casa Grande,GO
1849,Ana Beatriz,Casa Grande,PF,anabeatriz88@bol.com.br,31935847201,508_376_914_00,1957-01-31,2025-12-22,Novaes,AM
5,Josué,Cardoso,PF,josucardoso@outlook.com,21992291571,67304982500,1957-09-02,2025-12-23,da Mata,ES
763,Comércio Soares EI,,PJ,c@empresa.com.br,+5561925642048,08347291000109,,2025-12-23,Garcia do Oeste,MG
1165,Marina,Duarte,PF,fernandogarcia@outlook.com,(47) 93459-2182,27034659125,1969-12-31,2025-12-23,Martins,PI
1446,Farias & Pereira EIRELI,,PJ,fariaspere@empresa.com.br,,98420135000100,1981-12-03,2025-12-23,Sousa da Praia,AC
1525,Dias Consultoria e Comércio EIRELI,,PJ,diasconsul@comercio.net.br,51999624194,54_213_697_0001_08,1959-01-17,2025-12-23,Nascimento,MG
2246,Sophie,Ramos,PF,sramos@gmail.com,,501.794.263-70,1977-10-19,2025-12-23,Camargo,AP
3458,Barbosa Comércio e Sistemas S/S,,PJ,b@empresa.com.br,31986104542,15.638.249/0001-02,1989-08-29,2025-12-23,Camargo da Mata,SE
836,Mateus,Porto,PF,mateus.porto@terra.com.br,+5531935513129,726_391_854_46,1980-09-29,2025-12-24,Rocha,AC
2896,Caleb,Moura,PF,caleb71@outlook.com,(51) 98114-6348,483.025.169-70,2000-07-04,2025-12-24,Vieira,RR
3066,Luiz Fernando,Araújo,PF,luizfernando_arajo@ig.com.br,+5513965409380,70942861396,1997-10-22,2025-12-24,Nascimento do Galho,PB
812,Benicio,Viana,PF,benicio84@outlook.com,+5541933296597,261.540.893-33,1956-09-12,2025-12-25,Abreu,RO
968,Silva Informática e Serviços Ltda.,,PJ,silvainfor71@empresa.com.br,(41) 94817-4250,69580137000169,1969-06-15,2025-12-25,Sousa,MG
1476,José Pedro,Cassiano,PF,jospedrocassiano@bol.com.br,71923587176,651_832_940_89,1957-12-08,2025-12-25,Brito,RO
1693,Davi,Cirino,PF,davicirino@ig.com.br,(61) 99728-3156,370_528_941_14,2003-12-14,2025-12-25,das Neves de Garcia,MT
2753,Isaque,da Conceição,PF,idaconceio@ig.com.br,(61) 94844-4698,715_946_382_09,1957-08-23,2025-12-25,Macedo,ES
3499,Maria Laura,Sampaio,PF,emilly.martins@gmail.com,31944786060,86923740169,1976-01-18,2025-12-25,Campos de Minas,CE
151,José,Cardoso,PF,jcardoso@yahoo.com.br,(13) 95347-1492,291.437.580-88,,2025-12-26,Macedo da Mata,ES
378,João,Oliveira,PF,joo3@gmail.com,(47) 95811-8386,430_862_591_24,1957-06-23,2025-12-26,Nunes dos Dourados,MT
1189,Alice,da Paz,PF,alicedapaz@hotmail.com,21957645941,082.194.735-41,1957-04-15,2025-12-26,Santos do Galho,AL
455,Giovanna,Aparecida,PF,giovanna51@ig.com.br,(31) 97589-9870,97351806268,1986-03-15,2025-12-27,da Rosa Grande,MS
1004,Mariana,Moura,PF,joaquim77@terra.com.br,+5547933175357,923.670.451-43,1997-07-11,2025-12-27,da Conceição,DF
2436,Pietro,,PF,pietro60@ig.com.br,(61) 93896-2401,042_793_185_14,1973-06-08,2025-12-27,Barbosa,RR
2596,Henrique,Carvalho,PF,henrique.carvalho@terra.com.br,+5521941308209,146_750_928_02,2007-02-14,2025-12-27,da Costa,AP
2985,Maria Júlia,Rios,PF,mariajlia61@terra.com.br,,309.764.812-78,1995-05-04,2025-12-27,Fernandes da Prata,RO
126,Raul,Peixoto,PF,raul_peixoto@uol.com.br,13975684691,920.453.781-79,1982-08-22,2025-12-28,Pastor do Amparo,AC
669,Luiz Fernando,Peixoto,PF,luizfernandopeixoto@outlook.com,,96458072120,1985-03-05,2025-12-28,Aragão de Minas,AC
2253,Thomas,da Luz,PF,thomasdaluz@ig.com.br,+5511915372540,512_904_738_97,1986-04-17,2025-12-28,da Rocha do Galho,MG
2319,Benjamim,Sales,PF,benjamim71@bol.com.br,+5511965207903,586_217_093_68,,2025-12-28,da Rosa de Monteiro,PE
2632,Maria Laura,Castro,PF,marialauracastro@ig.com.br,(71) 94131-8102,38052961777,1991-04-18,2025-12-28,Andrade de Goiás,TO
2951,Sophia,Oliveira,PF,sophiaoliveira@yahoo.com.br,51965385076,760_835_941_20,,2025-12-28,Ramos,RJ
3234,Ana Luiza,Cassiano,PF,analuiza.cassiano@outlook.com,21956181054,97482351655,1981-10-28,2025-12-28,Vasconcelos do Campo,MA
1133,Vieira & Associados EI,,PJ,v@comercio.net.br,31962103072,38940756000193,1965-07-06,2025-12-29,Fernandes de das Neves,ES
1731,Soares & Ribeiro S/S,,PJ,soaresribe58@empresa.com.br,+5513939345881,76_091_385_0001_01,1959-09-25,2025-12-29,Pinto do Sul,TO
2075,Arthur Miguel,Costa,PF,arthurmiguel85@hotmail.com,,57609241849,1969-07-11,2025-12-29,das Neves Paulista,AM
2559,Isabel,Pinto,PF,ipinto@outlook.com,13963625027,71623985455,1971-01-02,2025-12-29,Macedo da Prata,GO
2761,Esther,da Luz,PF,estherdaluz@ig.com.br,(71) 96429-2943,67053219461,1965-04-13,2025-12-29,Souza de Costa,PR
3301,Theodoro,Carvalho,PF,theodoro64@yahoo.com.br,,719.046.253-80,2000-02-13,2025-12-29,Fogaça de Sales,RN
425,Gael Henrique,da Rosa,PF,gdarosa@uol.con.br,47985522064,507.348.269-74,,2025-12-30,Fogaça Paulista,MA
456,Vicente,Gomes,PF,vicentegomes@outlook.com,,513_674_809_57,1973-12-19,2025-12-30,Barbosa,SP
2143,Ana Cecília,Correia,PF,anacecliacorreia@ig.com.br,,257.648.019-58,1971-06-28,2025-12-30,Viana,MT
3299,Alice,Jesus,PF,alice.jesus@gmail.com,+5511967855583,374.681.502-90,,2025-12-30,Fernandes,RR
251,Ágatha,Souza,PF,gatha.souza@hotmail.com,+5521920179079,987.310.254-04,1988-01-15,2025-12-31,Siqueira,RS
1107,Davi,Montenegro,PF,davimontenegro@yahoo.com.br,71967833464,89026143796,2002-06-29,2025-12-31,Costa,GO
1282,Pedro Miguel,Brito,PF,pedromiguel95@yahoo.com.br,+5521926857286,604_853_729_83,1990-02-26,2025-12-31,Campos,AL
2288,Luiz Gustavo,Pires,PF,luizgustavo51@outlook.com,+5547933576359,384_719_256_64,1981-03-24,2025-12-31,Castro,PE
3018,Bianca,Rodrigues,PF,biancarodrigues@yahoo.com.br,41934572071,702.931.546-43,1993-12-22,2025-12-31,Rocha,RJ
110,Nicolas,Aragão,PF,nicolasarago@yahoo.com.br,(31) 97730-1044,491.073.562-34,,2026-01-01,Freitas,RS
1918,Luan,Gonçalves,PF,luangonalves@yahoo.com.br,(71) 93837-9479,397_081_645_93,1986-11-27,2026-01-01,Nascimento Grande,MS
3099,Ágatha,da Mata,PF,gatha.damata@gmail.com,(11) 92139-4987,79065128395,2003-09-17,2026-01-01,da Cruz de Goiás,PI
912,Cecília,Ferreira,PF,cferreira@uol.com.br,+5521992355243,537_402_186_90,1989-09-02,2026-01-03,Moraes do Norte,TO
1120,Esther,Gomes,PF,esther.gomes@yahoo.com.br,(47) 92078-8136,983_604_572_47,1990-07-30,2026-01-03,Albuquerque dos Dourados,RJ
1368,Nicole,Cavalcanti,PF,nicolecavalcanti@terra.com.br,51915355706,03758621968,,2026-01-03,Costa,AP
2524,Isabel,Machado,PF,isabelmachado@yahoo.com.br,(21) 91468-7607,359_874_160_00,1981-05-28,2026-01-03,Rodrigues de Abreu,AL
2779,Sabrina,Nunes,PF,sabrina.nunes@bol.com.br,41942577499,741.058.962-02,1999-11-25,2026-01-03,Santos,SP
352,Ana Julia,,PF,anajulia_@hotmail.com,47918908478,674.325.109-70,1989-06-23,2026-01-04,Carvalho do Campo,AM
364,Cecília,Campos,PF,ceclia.campos@bol.com.br,(61) 95542-3354,739.650.184-93,1973-07-12,2026-01-04,Cardoso,MG
1067,Laís,Barros,PF,lbarros@hotmail.com,(71) 93564-3417,740_129_586_58,1976-02-29,2026-01-04,Correia das Flores,SP
1068,Cauã,da Mata,PF,cau_damata@outlook.com,+5547994576925,195_634_287_73,,2026-01-04,Sousa,PR
1582,Ferreira & Pinto S/S,,PJ,ferreirapi18@comercio.net.br,+5561942361148,26538194000177,1989-02-11,2026-01-04,Borges,RS
2092,Kevin,Macedo,PF,kevin.macedo@hotmail.com,(31) 92479-2831,648.071.259-58,1975-08-12,2026-01-04,Correia do Amparo,MA
2094,Alexandre,Costela,PF,alexandre.costela@uol.com.br,21944324304,069_175_342_34,1993-10-24,2026-01-04,Aparecida,CE
3300,Sofia,Gomes,PF,sofia.gomes@yahoo.com.br,11949696922,784.635.129-09,1965-09-09,2026-01-04,Jesus do Oeste,PB
3337,Ian,Vasconcelos,PF,ivasconcelos@yahoo.com.br,,824.651.793-73,2007-01-27,2026-01-04,Montenegro dos Dourados,PR
350,Melo Comércio e Soluções S/S,,PJ,melocomrci95@comercio.net.br,13984206492,94_502_317_0001_70,1978-06-29,2026-01-05,da Costa,AC
1322,Bruno,Moura,PF,bruno_moura@uol.com.br,61948463145,640.137.582-53,1974-07-15,2026-01-05,Teixeira de Viana,DF
1710,Maria Luísa,Leão,PF,marialusaleo@terra.com.br,21952532717,290_864_173_96,2001-02-04,2026-01-05,Correia do Campo,SC
3163,Maria,Vieira,PF,maria91@uol.com.br,41973413995,123.480.675-44,1999-08-22,2026-01-05,Martins de Casa Grande,RO
209,Ana Lívia,Marques,PF,analvia_marques@uol.com.br,61967103076,320_867_145_80,,2026-01-06,Novais,GO
1523,Ágatha,da Cunha,PF,gatha_dacunha@gmail.com,11926833032,075.241.869-67,,2026-01-06,Casa Grande,MT
1575,Maria Isis,Pinto,PF,mariaisispinto@uol.com.br,21925744716,75810943675,1973-07-02,2026-01-06,Viana da Serra,AC
1644,Kaique,da Cunha,PF,kaique_dacunha@uol.com.br,41923195986,471.385.609-66,1967-03-11,2026-01-06,da Cruz,MT
2278,Luiz Gustavo,Montenegro,PF,luizgustavo84@uol.com.br,(71) 98277-2080,568_427_913_91,1968-06-16,2026-01-06,Lima da Prata,AL
2860,Ana,Abreu,PF,ana_abreu@uol.com.br,(31) 93523-9887,506.397.184-93,1957-11-04,2026-01-06,Gomes,BA
299,Carlos Eduardo,Almeida,PF,carloseduardo_almeida@uol.con.br,(21) 95199-6447,12649850370,1998-12-31,2026-01-07,Sampaio,ES
485,Agatha,Porto,PF,agatha52@gmail.com,(11) 93379-4368,791.650.324-70,1989-01-01,2026-01-07,Cavalcante da Praia,RR
1156,Sarah,Pastor,PF,sarah.pastor@ig.com.br,+5551958071085,952_836_170_68,2003-10-29,2026-01-07,Garcia,DF
2907,Fernandes Comércio e Atacado EI,,PJ,fernandesc_@comercio.net.br,51997976563,84.926.350/0001-73,1987-06-09,2026-01-07,Pereira,RJ
1982,Arthur,Oliveira,PF,arthur78@hotmail.com,(21) 95173-9166,268.471.590-49,1987-10-26,2026-01-08,da Rosa,RN
2022,Maria Alice,Aragão,PF,mariaalice.arago@ig.com.br,(71) 99473-3910,561.279.084-85,1974-06-08,2026-01-08,da Mota de Câmara,MT
2348,Liam,Araújo,PF,liamarajo@outlook.com,47910642788,473_952_860_65,1999-09-05,2026-01-08,Leão do Norte,RN
2541,Maya,da Paz,PF,maya_dapaz@yahoo.com.br,(31) 95965-5961,524.703.861-44,1988-08-29,2026-01-08,Vargas da Mata,RO
678,Eloah,Farias,PF,eloah37@uol.com.br,13954089759,946_270_315_99,1988-05-21,2026-01-09,Melo de Leão,RR
809,Emanuel,Silva,PF,emanuel_silva@ig.com.br,(41) 99320-1746,365.920.174-06,1978-09-15,2026-01-09,da Cruz do Sul,SP
882,Alexia,Alves,PF,alexia_alves@yahoo.com.br,(13) 98535-1843,74863509120,1970-01-10,2026-01-09,Martins,RO
888,Apollo,Pereira,PF,apollo.pereira@yahoo.com.br,(31) 92477-9592,537_092_418_04,1962-08-08,2026-01-09,Farias do Campo,AC
1516,Liam,Fernandes,PF,liamfernandes@yahoo.com.br,13979404886,670_982_431_40,2003-02-08,2026-01-09,Souza Paulista,SE
1985,Arthur Miguel,Barbosa,PF,arthurmiguel_barbosa@hotmail.com,61961004726,57348619010,2005-12-01,2026-01-09,Freitas do Campo,AM
2701,Castro Consultoria e Tecnologia EI,,PJ,castrocons20@empresa.com.br,(71) 97824-1349,10764825000136,1967-03-17,2026-01-09,Brito dos Dourados,MT
3338,Asafe,Nascimento,PF,anascimento@bol.com.br,71968103269,82617935400,2002-11-27,2026-01-09,das Neves da Serra,RS
356,Sophie,Rocha,PF,sophierocha@uol.com.br,+5571962471582,230_687_419_04,1977-05-21,2026-01-10,Duarte,TO
946,Eduardo,Araújo,PF,eduardo55@yahoo.com.br,+5521942769182,083.641.297-40,2005-06-23,2026-01-10,Teixeira da Serra,AL
689,Stella,Alves,PF,stella8@hotmail.com,51976035772,397.208.156-12,1958-02-04,2026-01-11,Pimenta Grande,SC
1311,Caroline,Cassiano,PF,carolinecassiano@yahoo.com.br,(47) 95367-5750,657_280_413_53,1985-12-02,2026-01-11,Duarte,PA
1860,Vitor,Nogueira,PF,vitor_nogueira@terra.con.br,+5571991511859,471_036_928_31,1987-07-11,2026-01-11,Moura,CE
2409,João Miguel,Sales,PF,anajliacardoso@yahoo.com.br,,364_871_025_71,1996-12-12,2026-01-11,Martins das Flores,MT
3112,Antônio,Moura,PF,antnio_moura@gmail.com,+5521935635321,825_917_043_41,2001-03-03,2026-01-11,Nascimento Verde,DF
1357,Garcia & Carvalho S.A.,,PJ,g@empresa.com.br,21967586410,65_872_391_0001_80,1964-06-24,2026-01-12,Sá,RN
2312,Manuela,Leão,PF,manuela.leo@bol.com.br,13962924445,14823695089,1990-01-24,2026-01-12,da Mata de Minas,DF
3238,Benicio,Albuquerque,PF,benicio_albuquerque@yahoo.com.br,(21) 96961-7075,45702813979,1972-01-28,2026-01-12,Cirino da Serra,SE
221,Rhavi,Duarte,PF,rhavi.duarte@terra.com.br,61914623067,80615792359,1972-11-23,2026-01-13,Porto,PB
704,Luísa,Garcia,PF,lusa.garcia@uol.com.br,+5521996519558,892_631_547_91,1979-01-12,2026-01-13,Rodrigues Grande,CE
734,Rocha & Associados EIRELI,,PJ,rochaassoc.@empresa.com.br,(13) 96568-8817,96.523.480/0001-44,2006-01-23,2026-01-13,Martins de Novaes,AP
1356,Laís,Abreu,PF,las59@gmail.com,,039.687.512-21,1958-06-23,2026-01-13,Silveira da Praia,MS
1557,Fernando,Borges,PF,fernando_borges@uol.com.br,(47) 95476-5335,698_501_432_15,1979-01-13,2026-01-13,Mendes Paulista,SE
2937,Lucas,Santos,PF,lsantos@hotmail.com,(41) 95973-6169,30694587265,1992-09-06,2026-01-13,Almeida Grande,PA
446,Lorena,Sampaio,PF,lorenasampaio@ig.com.br,+5513974997962,927.865.431-00,1978-02-27,2026-01-14,da Rosa de Minas,PI
1339,Oliveira & Fernandes S/S,,PJ,oliveirafe.@comercio.net.br,(11) 94912-9855,06.271.598/0001-30,2006-11-07,2026-01-14,Campos Alegre,RJ
2104,Vitor Gabriel,Caldeira,PF,vitorgabrielcaldeira@gmail.com,,74689312591,,2026-01-14,da Rocha,PA
2186,Thomas,Ferreira,PF,thomas_ferreira@bol.com.br,21958525713,857_240_196_20,1961-02-27,2026-01-14,da Conceição de Goiás,SE
2449,Milena,Albuquerque,PF,malbuquerque@bol.com.br,+5571990208368,406_258_173_62,,2026-01-14,Azevedo,PA
451,Clarice,Pires,PF,claricepires@yahoo.com.br,(31) 91858-3967,807.124.965-30,1972-11-27,2026-01-15,Cunha,MA
1930,Cecília,Sales,PF,ceclia_sales@bol.com.br,,175.682.903-95,1962-01-05,2026-01-15,Albuquerque,RS
2314,Miguel,Cavalcante,PF,miguel6@yahoo.com.br,+5547949905362,795.246.310-16,1957-07-16,2026-01-15,Aragão,RO
2815,Maria Flor,Nascimento,PF,mariaflor.nascimento@ig.com.br,47923616626,765_042_193_70,1976-11-29,2026-01-15,Albuquerque,AL
3103,Moraes Consultoria e Atacado ME,,PJ,moraescons_@empresa.com.br,(11) 98749-7190,49_370_156_0001_53,1975-02-03,2026-01-15,da Mota de Farias,MS
1015,Laís,Teixeira,PF,las.teixeira@bol.com.br,+5541945736569,76125039480,1975-06-20,2026-01-16,Abreu dos Dourados,BA
1074,Marcela,Santos,PF,marcela_santos@bol.com.br,+5521930468102,682_915_034_51,1961-11-23,2026-01-16,Barros,AL
2496,Isabelly,Rezende,PF,isabelly.rezende@bol.com.br,+5551996283421,409_678_125_85,1970-08-06,2026-01-16,Pastor,BA
2516,Maria Liz,Aparecida,PF,marializ.aparecida@uol.com.br,,768.903.152-86,1963-07-04,2026-01-17,Nogueira da Serra,AC
2923,Luiz Henrique,Rocha,PF,luizhenrique1@ig.com.br,47944279168,09562417352,1969-12-16,2026-01-17,Costela,RO
950,Maria Flor,Rezende,PF,mariaflor98@yahoo.con.br,31983483479,28154097630,1996-02-12,2026-01-18,Ramos,RO
1389,Maria Vitória,Monteiro,PF,mmonteiro@terra.com.br,71929553870,31490762507,1982-05-05,2026-01-18,Pimenta de Minas,AM
1893,José Pedro,Fogaça,PF,jfogaa@outlook.com,,657_184_392_73,1974-09-19,2026-01-18,Mendonça Paulista,RR
2161,Gabrielly,Rezende,PF,gabrielly95@bol.com.br,(13) 92169-3323,29607834178,,2026-01-18,Cavalcanti de Novaes,MT
2330,João Guilherme,Machado,PF,jooguilherme.machado@hotmail.com,,45689072176,1969-01-16,2026-01-18,Santos,SE
3451,Ravi,Caldeira,PF,ravi.caldeira@bol.com.br,47967987875,128.350.674-26,1974-06-06,2026-01-18,Casa Grande,MG
886,Bryan,Borges,PF,bryan.borges@yahoo.com.br,(21) 96049-4762,56873419273,1996-11-26,2026-01-19,da Conceição do Amparo,PR
1859,Hadassa,Aparecida,PF,hadassa_aparecida@hotmail.com,(13) 94032-5210,96751328419,1961-02-21,2026-01-19,Viana da Praia,BA
9,Anthony Gabriel,Rezende,PF,arezende@hotmail.com,47918564015,43921087678,1961-04-09,2026-01-20,Nascimento,PA
395,Benjamim,Leão,PF,benjamim99@hotmail.com,71926903377,193_608_275_68,,2026-01-20,Souza de Azevedo,CE
1373,Pietro,Viana,PF,pietro_viana@outlook.com,(11) 98236-1890,057_298_463_47,2003-02-26,2026-01-20,Silva da Serra,RJ
2249,Lucas Gabriel,Aragão,PF,lucasgabriel.arago@hotmail.com,(41) 98598-3500,785_609_314_57,1983-07-18,2026-01-20,Montenegro,RR
2768,Daniel,Sá,PF,daniel.s@ig.com.br,,519.428.763-19,1961-09-06,2026-01-20,Sousa do Galho,SE
205,Laís,Pimenta,PF,las_pimenta@terra.com.br,,97345628000,1983-10-02,2026-01-21,da Mota do Campo,MG
344,Sofia,Azevedo,PF,sofia65@gmail.com,61988622444,208_761_549_76,,2026-01-21,Cavalcanti da Serra,CE
745,Comércio Nunes S.A.,,PJ,comrcionun6@comercio.net.br,(41) 92454-3104,74302985000146,1969-10-10,2026-01-21,Pastor,MS
937,Luiz Felipe,Albuquerque,PF,luizfelipe_albuquerque@bol.com.br,47914658267,409.258.376-10,1961-11-18,2026-01-21,Moreira,GO
1668,Cauê,Nunes,PF,caununes@ig.com.br,51972214500,043_516_728_62,2005-08-25,2026-01-21,Freitas,AM
1945,Allana,Pimenta,PF,allana.pimenta@outlook.com,(13) 99964-3254,98126037512,1975-11-29,2026-01-21,Vasconcelos de Goiás,SE
2033,Vargas & Associados S/S,,PJ,vargasasso_@empresa.con.br,41982874596,12098576000112,1974-08-27,2026-01-21,Ferreira de Goiás,TO
2546,João,da Mata,PF,jdamata@yahoo.com.br,+5561916178949,730.491.862-40,1990-08-28,2026-01-21,Melo do Sul,MT
2605,Olivia,Nunes,PF,olivianunes@gmail.com,13989147705,542.781.039-05,,2026-01-21,Fernandes de da Cruz,CE
3379,Bella,Gonçalves,PF,bella_gonalves@uol.com.br,,074_219_568_67,1973-03-04,2026-01-21,Azevedo do Campo,RO
463,Guilherme,Fogaça,PF,guilherme45@terra.com.br,(11) 92264-8576,274.861.593-09,1969-08-31,2026-01-22,Costela do Campo,GO
522,João Gabriel,Cardoso,PF,jcardoso@yahoo.com.br,(71) 97473-6083,418.026.397-13,1958-11-30,2026-01-22,Souza,PI
1007,Vicente,Pimenta,PF,vicente.pimenta@ig.com.br,,790_431_862_87,1960-08-09,2026-01-22,Aparecida,PI
1569,Melissa,Cavalcanti,PF,mcavalcanti@bol.com.br,+5547931532991,02439816515,2007-02-17,2026-01-22,Fogaça do Sul,AL
773,Alana,Nunes,PF,alana68@gmail.com,(51) 92721-2635,513_870_962_30,1971-01-08,2026-01-23,Fernandes,ES
1605,Calebe,Almeida,PF,calebe85@uol.com.br,+5547928787414,783.612.945-46,1995-03-19,2026-01-23,Farias,TO
2153,Benício,,PF,bencio@yahoo.com.br,+5513912374558,60123758912,1991-12-18,2026-01-23,Teixeira dos Dourados,PR
2222,Augusto,Barbosa,PF,augustobarbosa@terra.com.br,+5547943519286,396_512_048_42,1998-07-31,2026-01-23,Vasconcelos dos Dourados,GO
1995,Samuel,Jesus,PF,samueljesus@ig.com.br,+5513971801462,251.049.783-97,2006-12-17,2026-01-24,Azevedo,CE
3019,Alana,Câmara,PF,alana88@terra.com.br,(13) 92674-5174,039.621.475-43,1958-03-20,2026-01-24,Ramos de Marques,CE
3054,Gabrielly,Pastor,PF,gabrielly.pastor@ig.com.br,21961464009,283_914_760_22,1984-05-19,2026-01-24,Alves do Oeste,AC
3074,Bernardo,Camargo,PF,bernardo79@uol.com.br,(41) 93432-5556,80723694150,2003-06-25,2026-01-24,Oliveira do Oeste,SE
727,Vinícius,Teixeira,PF,vinciusteixeira@gmail.com,31988434886,513_729_084_04,1966-05-24,2026-01-25,Vasconcelos,RS
1444,Eloah,Porto,PF,eloahporto@gmail.com,(21) 92365-3475,39504726143,1960-02-23,2026-01-25,Siqueira de Goiás,BA
1607,Carlos Eduardo,Castro,PF,ccastro@uol.com.br,(13) 97244-5711,15942307814,,2026-01-25,Santos,PI
1753,Anna Liz,Cavalcante,PF,annaliz_cavalcante@ig.com.br,(31) 98778-9709,610_524_987_01,1997-04-13,2026-01-25,Andrade,RS
2930,Caleb,Jesus,PF,cjesus@bol.com.br,+5561940721394,19087543204,1987-04-09,2026-01-25,Borges de Minas,RR
3048,Ana Julia,Montenegro,PF,anajuliamontenegro@uol.com.br,+5513915146060,549_638_120_70,1983-01-25,2026-01-25,Gonçalves das Pedras,MA
3446,Fonseca & Fonseca S/A,,PJ,fonsecafon@comercio.net.br,31990355669,78245963000142,2008-03-29,2026-01-25,Azevedo de Marques,AP
11,Isaac,Aparecida,PF,isaac_aparecida@gmail.com,21949268208,247.963.805-74,1973-02-20,2026-01-26,Andrade,AL
175,Pereira Comércio e Tecnologia S.A.,,PJ,pereiracom.@comercio.net.br,,96258743000135,1986-05-27,2026-01-26,Pacheco,RS
224,Importadora Lima S/A,,PJ,i@comercio.net.br,+5561916062157,38.402.971/0001-30,1979-04-08,2026-01-26,Marques Paulista,PB
530,Ferreira Serviços e Atacado Ltda.,,PJ,f@empresa.com.br,(47) 93424-4595,34.698.701/0001-68,1973-11-06,2026-01-26,Albuquerque do Oeste,PA
555,Maria Flor,Cavalcante,PF,mariaflor13@bol.com.br,+5547922099860,21306547970,1956-07-22,2026-01-26,Martins,MG
736,Catarina,da Costa,PF,cdacosta@yahoo.com.br,+5531980936030,248_935_106_06,2005-12-16,2026-01-26,Montenegro,GO
1174,Júlia,Fogaça,PF,jlia78@bol.com.br,(13) 98503-1104,394.056.728-00,1966-05-04,2026-01-26,Pinto Alegre,BA
1501,Davi Miguel,Guerra,PF,davimiguel63@yahoo.com.br,+5521962224812,36250491805,1969-05-02,2026-01-26,Costa de da Conceição,PE
2562,Davi Lucas,Martins,PF,davilucas_martins@terra.com.br,(21) 91652-1835,13985706484,1965-04-18,2026-01-26,Vargas,PR
26,Danilo,Lima,PF,danilo.lima@hotmail.com,+5561979324398,839_745_061_01,1988-06-18,2026-01-27,Cunha,RO
46,Lorenzo,Fogaça,PF,lorenzo_fogaa@yahoo.com.br,+5561936641428,01689475366,2001-07-16,2026-01-27,Camargo de Rodrigues,AC
574,Letícia,Freitas,PF,letcia.freitas@uol.com.br,+5511926437638,208_471_539_32,1997-06-12,2026-01-27,Machado,ES
1655,Gabriela,Camargo,PF,gabriela33@yahoo.com.br,31985628544,291.760.853-68,1986-05-24,2026-01-27,Pinto de Marques,MS
3258,Luara,da Rocha,PF,luara.darocha@yahoo.com.br,+5531972654890,180_243_576_07,1963-05-19,2026-01-27,Porto,AM
1290,Leonardo,Silveira,PF,leonardo37@yahoo.com.br,+5571964191444,461.029.837-69,1979-10-03,2026-01-28,Jesus dos Dourados,PR
2298,Yan,Sousa,PF,yansousa@bol.com.br,(47) 98088-8658,05314827905,1959-01-16,2026-01-28,Cardoso,GO
2602,Yasmin,Camargo,PF,yasmincamargo@outlook.com,+5511961175985,65742938047,1987-11-02,2026-01-28,Cardoso,RR
2823,Ísis,Nascimento,PF,sis_nascimento@bol.com.br,61961397496,508_367_294_47,1971-02-13,2026-01-28,Rezende,GO
2441,Ian,Sousa,PF,alicebrito@hotmail.com,+5531916399537,192.385.670-77,1996-03-10,2026-01-29,Pastor,SP
3060,Bella,das Neves,PF,bella_dasneves@ig.com.br,47914161990,54896072111,1969-11-12,2026-01-29,Camargo,AM
1082,Isis,Mendonça,PF,isis36@outlook.com,(13) 91881-3328,17408596267,1984-11-22,2026-01-30,Rocha de Sá,DF
1229,Alícia,da Rocha,PF,alcia.darocha@gmail.com,(41) 96828-3133,298.103.475-88,1961-06-14,2026-01-30,Rocha,RN
1744,Noah,Pereira,PF,noah3@ig.com.br,+5561984969785,079_613_825_77,1958-07-28,2026-01-30,Sá,MS
2886,Heloisa,,PF,heloisa.@bol.com.br,+5547922586616,976.023.485-83,1958-05-17,2026-01-30,Gonçalves,RJ
810,Vasconcelos & Saraiva EPP,,PJ,vasconcelo.@comercio.net.br,(11) 96429-7324,68.932.754/0001-13,1992-06-16,2026-01-31,Câmara,SC
2432,Luiz Otávio,Alves,PF,luizotvio_alves@yahoo.com.br,+5511980265538,260_513_487_35,1999-02-24,2026-01-31,Aragão,MA
2504,Leandro,Pires,PF,leandro14@terra.com.br,(47) 92389-9140,810_397_462_50,1992-05-16,2026-01-31,Almeida,PA
273,Calebe,Guerra,PF,calebeguerra@ig.com.br,+5531968649994,763_850_924_29,1961-09-13,2026-02-01,Andrade,RN
2198,Davi Luiz,Andrade,PF,dandrade@gmail.com,,704.269.318-31,1970-08-20,2026-02-01,Dias do Oeste,RS
2536,Castro Comércio e Comércio S/A,,PJ,castrocomr19@empresa.com.br,47967026917,63.472.851/0001-57,1960-02-26,2026-02-01,Vargas de Guerra,PA
2877,Pedro Henrique,Costela,PF,pedrohenrique_costela@outlook.com,(51) 92767-5468,68523049738,,2026-02-01,Marques de Minas,RJ
3253,Maria Helena,Nascimento,PF,mnascimento@uol.com.br,61979073271,69752438164,1970-04-30,2026-02-01,Martins,MT
3289,Letícia,Cassiano,PF,letcia.cassiano@uol.com.br,+5513969096886,306_845_927_38,2007-02-12,2026-02-01,Nogueira Alegre,AM
125,Hellena,Cirino,PF,hellenacirino@ig.com.br,(51) 91530-5950,91648537219,,2026-02-02,Casa Grande,PA
176,Distribuidora Santos S/S,,PJ,distribuid_@empresa.com.br,+5551951593090,86.907.453/0001-11,1989-10-27,2026-02-02,Alves,AL
301,Léo,Cavalcanti,PF,lo_cavalcanti@uol.com.br,(51) 91772-3055,904.263.578-92,,2026-02-03,Cunha dos Dourados,PA
404,Cecília,Casa Grande,PF,cecliacasagrande@hotmail.com,47921236120,651_204_973_06,1989-12-15,2026-02-03,Nunes,PE
2034,Lorena,Caldeira,PF,lorena_caldeira@terra.com.br,71923208453,985.602.137-59,1988-10-26,2026-02-03,Fogaça,SP
2251,Maria Júlia,Souza,PF,mariajlia_souza@ig.com.br,,82513907612,1986-09-25,2026-02-03,Cardoso de Santos,PI
199,Gael Henrique,Pacheco,PF,gpacheco@terra.com.br,(61) 96118-8508,586.720.913-02,1991-01-04,2026-02-04,Cavalcanti do Sul,RN
606,Ravi,Moreira,PF,rmoreira@hotmail.com,(31) 98435-2920,35617829068,1988-05-12,2026-02-04,Porto das Flores,SE
971,José Pedro,Pereira,PF,jospedropereira@ig.com.br,(31) 98745-7013,890.431.275-23,1982-08-25,2026-02-04,Carvalho,SE
1201,Allana,Cirino,PF,allana.cirino@terra.com.br,+5511935282664,078_162_954_30,2007-07-22,2026-02-04,Fonseca,PR
1467,Francisco,Pacheco,PF,francisco5@uol.com.br,,875.236.104-71,1957-10-28,2026-02-04,Sá,RO
2079,Eloah,Rocha,PF,eloahrocha@yahoo.com.br,41959798507,850_243_197_88,1989-09-06,2026-02-04,Barros das Pedras,SC
2213,Lara,da Rocha,PF,lara45@ig.com.br,47911031167,642_389_157_55,2001-07-07,2026-02-04,Moura,RJ
2476,Luiz Fernando,Ferreira,PF,lferreira@gmail.com,(11) 99695-1071,38197426031,1992-08-24,2026-02-04,Marques,PE
2918,Lunna,Cavalcanti,PF,lunna.cavalcanti@gmail.com,(31) 92319-8476,865.942.713-00,1957-06-15,2026-02-04,Alves,PB
3107,Isadora,Sousa,PF,isadora_sousa@gmail.com,11961332665,963.207.581-12,,2026-02-04,das Neves de Monteiro,AL
2217,Ryan,Vieira,PF,ryanvieira@bol.com.br,(11) 92722-3219,958_140_672_76,1958-01-03,2026-02-05,Moraes de Oliveira,RR
2327,Levi,Melo,PF,levimelo@bol.con.br,+5551989097655,924.173.056-07,1980-07-17,2026-02-05,Pacheco dos Dourados,AL
2798,Théo,Ribeiro,PF,tho_ribeiro@gmail.com,+5547969334457,35076189230,1960-01-09,2026-02-05,Monteiro do Sul,AP
103,Letícia,Novais,PF,letcia.novais@hotmail.com,61979905903,12548690776,1957-07-11,2026-02-06,Costa da Serra,ES
361,Helena,Almeida,PF,helena.almeida@yahoo.com.br,(47) 93842-6148,83246591709,1973-05-01,2026-02-06,Nascimento,RS
1841,Mathias,Souza,PF,mathiassouza@bol.com.br,+5531937807629,945_310_276_80,1978-10-07,2026-02-06,Andrade de Goiás,MT
3078,Maitê,Araújo,PF,maitarajo@outlook.com,(41) 98971-9838,75962813030,2004-08-25,2026-02-06,Castro Paulista,CE
3119,Matheus,,PF,matheus@hotmail.com,(41) 95904-5506,03526941815,1961-03-08,2026-02-06,Pires de Vasconcelos,MG
188,Zoe,da Rosa,PF,zoedarosa@bol.com.br,13934737397,651_370_428_62,1961-10-29,2026-02-07,Casa Grande,SE
226,Maria Isis,Montenegro,PF,mariaisismontenegro@terra.com.br,71942412054,27431895682,,2026-02-07,Carvalho,RJ
844,Importadora Pacheco EPP,,PJ,importador6@comercio.net.br,+5511928475117,01_876_234_0001_60,1992-01-05,2026-02-07,Câmara de Ribeiro,RN
855,Valentina,Vargas,PF,valentinavargas@gmail.com,47939057223,951_374_862_64,1969-09-26,2026-02-07,Novaes,RR
1912,Marcela,Camargo,PF,marcela.camargo@ig.con.br,+5571945757508,847.691.503-93,1976-02-01,2026-02-07,Souza,RJ
1981,Raul,Rios,PF,rrios@hotmail.com,(31) 97089-6188,43870562900,1977-10-04,2026-02-07,Pires,AP
20,Ágatha,Sousa,PF,gatha8@yahoo.com.br,+5551910128762,689_713_254_37,1977-10-02,2026-02-08,Pastor de Sampaio,RS
1521,Ana Cecília,Ramos,PF,anacecliaramos@gmail.com,61981408325,507_249_836_00,1998-02-26,2026-02-08,Freitas,PR
3269,Guilherme,Castro,PF,guilherme_castro@yahoo.com.br,(21) 92128-5994,290_781_546_67,,2026-02-08,Barros,AL
3284,Gabrielly,Rocha,PF,gabriellyrocha@hotmail.com,+5571965218846,24873501997,1962-01-09,2026-02-08,Gomes,PI
152,Anna Liz,Mendes,PF,annaliz_mendes@hotmail.com,(31) 95674-9278,673_810_245_35,1960-02-09,2026-02-09,Costela,MS
1453,Davi Miguel,Lopes,PF,davimiguel_lopes@uol.com.br,41938416518,324.795.608-56,1976-09-14,2026-02-09,Cavalcanti,PI
1885,Emanuella,Porto,PF,emanuella_porto@yahoo.com.br,(11) 99122-5865,81509642749,1993-07-07,2026-02-09,Pereira da Serra,MG
2167,Lucas Gabriel,Moreira,PF,lucasgabriel.moreira@bol.com.br,(13) 92106-6427,087.295.416-11,1962-04-27,2026-02-09,Dias,MA
2328,Emanuella,Garcia,PF,emanuella49@gmail.com,61931798046,182_904_637_31,,2026-02-09,Pimenta da Prata,BA
2362,Luiza,Gomes,PF,luiza_gomes@outlook.com,13918829057,530.724.986-10,2000-07-28,2026-02-09,Freitas,AC
3020,Paulo,Costela,PF,dantecunha@ig.com.br,,49651023805,1968-10-04,2026-02-09,Viana,MT
3249,Ana Carolina,Pimenta,PF,anacarolina_pimenta@ig.com.br,(47) 98544-5063,351_940_687_00,1963-02-10,2026-02-09,Sampaio,CE
328,Enrico,Mendonça,PF,enrico.mendona@bol.com.br,+5541942565100,26013975868,2001-10-11,2026-02-10,Macedo,TO
377,Oliver,Gomes,PF,oliver97@gmail.com,+5551952045823,192.068.573-12,1972-02-16,2026-02-10,Moraes do Norte,MS
2223,Agatha,Cassiano,PF,agatha86@gmail.com,51910454107,123.658.740-53,1986-06-19,2026-02-10,Mendonça do Galho,RJ
3155,Enrico,Pereira,PF,epereira@outlook.com,+5511982377893,904_381_267_69,1979-10-10,2026-02-10,Cunha da Mata,SE
1551,Igor,Costela,PF,clarice_brito@outlook.com,(13) 94604-9310,08236149722,2002-02-19,2026-02-11,Cirino de Melo,PR
1658,Bárbara,Azevedo,PF,bazevedo@ig.com.br,(47) 99164-2522,468.712.309-04,,2026-02-11,Casa Grande,RR
2772,Freitas & Associados EI,,PJ,freitasass60@comercio.net.br,(61) 93440-9823,83204976000103,2006-01-02,2026-02-11,Pinto de Sampaio,AC
651,Isabela,Silveira,PF,isabela37@uol.com.br,41945522053,976_820_351_02,,2026-02-12,Vasconcelos,RN
995,Maysa,Rezende,PF,mrezende@gmail.com,+5561985484798,46297385173,1985-09-22,2026-02-12,da Cunha,RR
2235,Ana Sophia,Siqueira,PF,anasophiasiqueira@hotmail.com,(31) 99697-5110,749_610_583_00,,2026-02-12,Sampaio,ES
202,Camargo Serviços e Serviços EI,,PJ,camargoser.@empresa.com.br,21976957670,80625143000128,1984-08-24,2026-02-13,da Luz de Martins,SC
1562,Sabrina,Costela,PF,sabrina_costela@ig.com.br,(13) 99995-9714,094.628.173-40,1991-01-19,2026-02-13,Silveira de Pinto,AL
1660,Alana,Machado,PF,alanamachado@hotmail.com,71912271479,412_539_087_88,1993-12-12,2026-02-13,Duarte de Ramos,MG
907,Rafaela,Silva,PF,rafaelasilva@terra.com.br,(41) 93687-2286,231.058.674-90,1985-02-04,2026-02-14,da Mata de Souza,RN
1268,Julia,Correia,PF,julia.correia@yahoo.com.br,31931768831,463_021_958_70,1996-05-06,2026-02-14,Garcia do Norte,SC
2528,Vitória,Pinto,PF,anajliacardoso@yahoo.com.br,31925607339,794.125.068-30,1987-08-09,2026-02-14,Cassiano,PI
248,Hellena,Jesus,PF,hellena35@gmail.com,41947349935,610.294.358-98,2006-08-04,2026-02-15,Moura das Pedras,PI
339,Rafaela,Caldeira,PF,rafaela_caldeira@hotmail.com,51956713266,093.251.687-40,2004-06-05,2026-02-15,Moura,AP
419,Davi Lucca,Peixoto,PF,davilucca_peixoto@gmail.com,(51) 96994-4351,132.746.058-08,1987-12-31,2026-02-15,Alves do Oeste,ES
1678,Ravi,,PF,ravi61@hotmail.com,+5521940545726,42106738544,1974-11-16,2026-02-15,Almeida,AM
2182,Silveira & Associados EI,,PJ,silveiraas.@comercio.net.br,31948692644,17.658.239/0001-56,1987-01-02,2026-02-15,Garcia,MT
2481,Bento,Pimenta,PF,bentopimenta@hotmail.com,47937845190,96428035774,,2026-02-15,da Rosa de Vieira,RO
3382,Clara,da Rosa,PF,marcosviniciuscostela@hotmail.com,11937074374,029.684.375-00,1980-05-21,2026-02-15,Lima,RO
1164,Anthony Gabriel,Rodrigues,PF,anthonygabriel28@bol.com.br,,136_792_508_86,,2026-02-16,Farias,MS
1253,Ana Carolina,,PF,a@hotmail.com,+5547979752623,308.294.615-15,2007-02-16,2026-02-16,Machado,SP
1568,Ana Clara,Cunha,PF,acunha@ig.com.br,41957818925,463.850.271-71,1964-12-10,2026-02-16,Mendonça Verde,RJ
1383,Atacado Lopes EPP,,PJ,a@comercio.net.br,+5521958354969,03.842.659/0001-83,2002-08-20,2026-02-17,Ferreira,RS
1677,Leonardo,Fonseca,PF,leonardo.fonseca@gmail.com,71935005826,827_459_136_46,1997-07-08,2026-02-17,Fogaça Verde,MA
2924,Isis,Nunes,PF,isis80@uol.com.br,+5531964889846,095.834.761-10,1970-10-23,2026-02-17,Rezende da Prata,CE
222,Maria Luísa,Castro,PF,marialusa_castro@outlook.com,(41) 96582-5590,35618290405,1983-03-14,2026-02-18,Câmara,PR
332,Isabelly,da Cunha,PF,isabellydacunha@ig.com.br,+5513967586770,750.129.684-76,1962-02-22,2026-02-18,Fonseca,PB
568,Moreira & Nascimento S/A,,PJ,m@empresa.com.br,21997902520,20357169000100,1970-02-24,2026-02-18,da Mata,MS
1102,Anthony Gabriel,Peixoto,PF,anthonygabrielpeixoto@uol.com.br,+5511927663399,526.031.897-86,1981-10-17,2026-02-18,Cirino,AM
1486,Benjamin,Almeida,PF,anaceclia26@terra.com.br,+5551940545067,39078651202,1979-05-07,2026-02-18,Freitas da Prata,MA
2411,Farias & Associados S.A.,,PJ,f@empresa.com.br,(51) 96961-8001,15.789.042/0001-20,1988-02-19,2026-02-18,Leão do Galho,AP
470,Caio,Vieira,PF,caiovieira@uol.com.br,61961326164,59271068467,,2026-02-19,Montenegro,GO
495,Teixeira Serviços e Comércio Ltda.,,PJ,teixeirase.@comercio.net.br,(31) 99331-2035,83.174.526/0001-15,,2026-02-19,Rodrigues da Praia,ES
753,Tecnologia Pacheco S/S,,PJ,tecnologia_@comercio.net.br,+5551958743569,75_126_308_0001_87,1994-04-01,2026-02-19,Cunha do Oeste,PB
1006,Melina,Caldeira,PF,mcaldeira@yahoo.com.br,(51) 99938-7654,68305197212,1962-03-03,2026-02-19,Martins,RS
1149,Moraes & Vieira S.A.,,PJ,m@comercio.net.br,+5521923064301,03926547000100,1986-05-23,2026-02-19,Fernandes do Sul,MA
1730,Informática Souza EI,,PJ,informtica@empresa.com.br,21954747626,68.274.591/0001-29,1977-12-27,2026-02-19,Brito do Norte,BA
2090,Rodrigues & Cunha S.A.,,PJ,rodriguesc.@empresa.com.br,(51) 91200-6665,90538417000103,1973-05-24,2026-02-19,da Paz,AC
1033,Ana Carolina,Castro,PF,anacarolina_castro@yahoo.con.br,+5571942505402,654.782.103-07,,2026-02-20,Ramos de Gomes,RR
2130,Sophie,Casa Grande,PF,scasagrande@yahoo.com.br,(61) 96581-5111,732.149.650-34,1990-12-05,2026-02-20,Castro,PE
3394,Maria Isis,Carvalho,PF,mariaisiscarvalho@hotmail.com,+5571987372462,95481762382,2001-06-12,2026-02-20,Ribeiro Verde,AL
421,Ana Beatriz,Caldeira,PF,anabeatriz.caldeira@bol.com.br,,184.079.635-93,1974-03-15,2026-02-21,Machado dos Dourados,DF
987,Miranda & Carvalho S/A,,PJ,mirandacar@comercio.net.br,(31) 98649-4239,71_564_092_0001_80,1965-05-30,2026-02-21,Aparecida Verde,CE
1270,Vitor,Lopes,PF,vitor_lopes@hotmail.com,47911273351,436.925.081-15,1989-02-14,2026-02-21,da Cruz,RR
2295,Esther,Guerra,PF,esther_guerra@terra.com.br,,024_165_937_06,2002-07-01,2026-02-21,das Neves,AC
3079,Caio,da Cruz,PF,caiodacruz@bol.com.br,+5531947351083,174.329.605-34,2005-05-05,2026-02-22,Ferreira Grande,CE
3378,Maria Helena,Ribeiro,PF,mariahelena.ribeiro@ig.com.br,(41) 98822-7361,27319650452,1995-05-12,2026-02-22,Pinto,SP
165,Lorena,da Paz,PF,lorena.dapaz@ig.com.br,(21) 95833-2628,937_415_682_28,1998-09-03,2026-02-23,Costa,CE
1610,Luan,Gomes,PF,luan67@gmail.com,,951_378_046_57,1983-12-03,2026-02-23,Jesus da Mata,GO
2569,Maria Helena,Moraes,PF,mariahelena_moraes@hotmail.com,+5561944392596,13749825637,1964-10-06,2026-02-23,Nogueira da Prata,SP
3349,Noah,Santos,PF,noahsantos@bol.com.br,,203_896_147_69,1969-03-01,2026-02-23,Guerra,SP
444,Distribuidora Gonçalves ME,,PJ,d@comercio.net.br,+5521929478343,81.652.790/0001-91,2002-12-04,2026-02-24,Marques,PR
1049,Lavínia,Cunha,PF,lavnia12@ig.com.br,+5513917457874,136.258.947-00,,2026-02-24,Costa,ES
2021,Valentim,Ribeiro,PF,valentim.ribeiro@uol.com.br,,309.264.781-50,1969-01-15,2026-02-24,Albuquerque do Galho,RO
2609,Yuri,Moreira,PF,yurimoreira@hotmail.com,+5531990871050,758_263_901_40,1989-02-17,2026-02-24,Monteiro do Sul,RO
3366,Anna Liz,Aparecida,PF,annaliz_aparecida@yahoo.com.br,47991062086,569.182.437-64,1971-04-25,2026-02-24,Novais da Serra,DF
267,Yuri,,PF,yuri_@uol.com.br,+5513989128866,084_361_759_48,1985-09-30,2026-02-25,Gonçalves,SP
970,Yuri,Cavalcante,PF,yuri.cavalcante@yahoo.com.br,,624.930.857-10,1966-02-10,2026-02-25,Sales,PR
1046,Gonçalves Atacado e Importadora EI,,PJ,gonalvesat94@comercio.net.br,(47) 99323-5286,98576240000133,2001-08-30,2026-02-25,Nogueira,AL
1274,Fernando,Rezende,PF,frezende@ig.com.br,+5531912153872,658.074.129-58,1980-02-03,2026-02-25,Nogueira Verde,RJ
3216,Pacheco Importadora e Tecnologia EI,,PJ,pachecoimp.@comercio.net.br,,06918324000190,1962-07-20,2026-02-25,Cunha,SP
696,Ravy,Sá,PF,ravy84@uol.com.br,+5511915367030,743.890.162-96,1969-12-04,2026-02-26,Mendonça,RO
1050,Luísa,da Luz,PF,lusadaluz@outlook.com,+5551959281702,57348210988,1970-03-27,2026-02-26,Campos,MT
2840,Kevin,da Luz,PF,kevin_daluz@uol.com.br,(11) 98795-5442,386.927.415-82,1990-01-30,2026-02-26,Siqueira,AM
1511,Clara,Gomes,PF,clara_gomes@hotmail.com,(51) 97704-1673,35241908633,1983-07-18,2026-02-27,da Mata das Flores,AM
724,Melo & Associados EI,,PJ,meloassoci_@empresa.com.br,(41) 94634-9849,03_964_871_0001_13,,2026-02-28,Freitas do Sul,RN
1498,Maitê,da Conceição,PF,maitdaconceio@yahoo.com.br,+5547992958098,821_730_654_08,1969-12-27,2026-02-28,Pinto,AP
2082,Bárbara,Cavalcanti,PF,bcavalcanti@bol.com.br,13939792479,613_597_802_03,1977-09-03,2026-02-28,Dias do Campo,GO
37,Vargas & Santos EIRELI,,PJ,v@empresa.com.br,47978585507,34519082000105,1974-02-23,2026-03-01,Nogueira,SC
925,Alícia,Campos,PF,alcia91@outlook.con,(51) 97102-8161,743_618_025_80,1980-08-12,2026-03-01,Pereira,AM
1113,Maria Cecília,Rodrigues,PF,mrodrigues@hotmail.com,(47) 92861-6883,67103849501,2001-05-31,2026-03-01,Moura,RS
1450,Kamilly,Dias,PF,kamillydias@terra.com.br,41928565408,69758041339,1956-05-05,2026-03-01,Albuquerque,GO
1673,Ana Julia,Caldeira,PF,anajulia.caldeira@bol.com.br,47948825281,853.416.792-37,1965-06-22,2026-03-01,Alves do Campo,AM
3164,Maria,Castro,PF,mariacastro@uol.com.br,+5551988835775,134.672.985-91,1970-09-15,2026-03-01,Pacheco,SC
3438,Benício,Viana,PF,bviana@gmail.com,+5541993164731,02641598370,1977-06-29,2026-03-01,Nunes de Nogueira,SP
438,Thomas,Novais,PF,thomas83@yahoo.com.br,+5551966873799,190_638_745_10,1956-06-26,2026-03-02,Aparecida,PB
725,Caleb,Leão,PF,caleb_leo@bol.com.br,(41) 97150-2041,783_912_506_95,1985-07-09,2026-03-02,Câmara de Rezende,PE
1420,Mirella,Rios,PF,mirellarios@outlook.com,+5531923659334,462.173.598-55,1996-06-06,2026-03-02,Pimenta do Galho,AM
1427,Nicolas,das Neves,PF,ndasneves@uol.com.br,+5513931528841,326.975.840-56,,2026-03-02,Aparecida,SE
3181,Olívia,,PF,olvia_@outlook.com,61968419186,53784210635,1977-06-11,2026-03-02,Camargo de Cardoso,MT
508,Maria Sophia,Santos,PF,mariasophia82@bol.com.br,+5561926185416,29615347043,1957-11-27,2026-03-03,Rocha Paulista,PA
760,Ana Sophia,Moraes,PF,anasophiamoraes@gmail.com,+5547922547913,391.207.846-78,2007-07-09,2026-03-03,da Cunha,AM
1124,Silveira Importadora e Distribuidora S/S,,PJ,silveiraim_@empresa.com.br,(47) 97604-2086,97.634.521/0001-32,1957-09-10,2026-03-03,Dias,RJ
2650,Saraiva & Associados S/S,,PJ,s@empresa.con.br,+5513991313780,23_087_691_0001_08,1956-12-31,2026-03-03,Nunes,MS
2899,Yago,Moraes,PF,yagomoraes@uol.com.br,(13) 94304-2673,06318472940,1985-12-31,2026-03-03,Ramos,AL
3097,Enrico,Cunha,PF,ecunha@terra.com.br,(11) 94822-1419,893.461.572-91,1974-11-10,2026-03-03,Vasconcelos,RS
4,Beatriz,Guerra,PF,beatriz.guerra@yahoo.com.br,(51) 94336-9346,230.784.159-88,1962-01-12,2026-03-04,Pimenta do Amparo,PA
676,Anna Liz,Machado,PF,amachado@yahoo.com.br,13939409874,614.802.397-04,1974-11-01,2026-03-04,Macedo,TO
1141,Soluções Moreira S/S,,PJ,soluesmore14@empresa.com.br,+5547996333014,06182573000160,1968-01-14,2026-03-04,Garcia de Vargas,RN
1447,Brayan,Câmara,PF,brayancmara@outlook.com,(13) 93613-3360,273.468.091-22,1962-12-19,2026-03-04,da Luz,PA
2135,Serviços Lopes ME,,PJ,servioslop@comercio.net.br,+5521997881530,71_240_386_0001_57,1960-02-15,2026-03-04,da Luz de Pastor,AP
2653,Daniela,Freitas,PF,daniela_freitas@ig.com.br,+5531955336712,673_241_059_80,,2026-03-04,Ramos da Serra,SE
3413,Mendes Informática e Atacado EI,,PJ,mendesinfo34@comercio.net.br,(31) 97171-2892,53.691.420/0001-28,1973-10-30,2026-03-04,Barros,SP
3488,Lavínia,da Conceição,PF,lavnia.daconceio@hotmail.com,(13) 97023-3517,976_235_801_59,,2026-03-04,Aparecida de Lopes,TO
98,Henry Gabriel,Rios,PF,henrygabriel_rios@gmail.com,(13) 96407-8213,152_436_809_15,1965-05-02,2026-03-05,Andrade das Flores,PE
1032,Informática Martins S.A.,,PJ,informtica39@empresa.com.br,(21) 94566-2721,17.360.452/0001-87,1985-03-13,2026-03-05,Fogaça,PA
1699,Olivia,Sousa,PF,oliviasousa@ig.con.br,21920919735,405_329_781_88,,2026-03-05,Melo de Vasconcelos,RO
2208,Aurora,Novais,PF,aurora.novais@terra.com.br,,821.470.539-88,2000-01-31,2026-03-05,das Neves do Sul,RS
3427,Pietra,Martins,PF,pietra_martins@ig.com.br,+5521960332053,438.051.629-60,2000-03-04,2026-03-05,Pires,PR
528,Sofia,Cirino,PF,sofia34@hotmail.com,71965319396,18093452788,1995-12-15,2026-03-06,Santos do Amparo,DF
1205,Yan,Pereira,PF,yan40@terra.com.br,47971226825,481.659.023-42,1985-08-04,2026-03-06,Marques do Sul,AC
3401,Gomes & Associados S/S,,PJ,gomesassoc@comercio.net.br,41981516610,05.218.974/0001-60,1957-05-08,2026-03-06,Cardoso,AC
30,Cauã,Correia,PF,rhavi.farias@gmail.com,(71) 99211-5580,036.247.859-74,1966-03-15,2026-03-07,Marques de Fernandes,SE
459,Letícia,Mendes,PF,letcia.mendes@bol.com.br,+5571924977744,172_695_304_16,1961-09-16,2026-03-07,Vargas,RR
493,Anthony Gabriel,Mendes,PF,raquel_cavalcante@gmail.com,71939406163,362_714_058_35,1965-03-17,2026-03-07,Souza,PE
1191,Fernandes & Associados S/A,,PJ,f@empresa.com.br,,67241893000138,1987-06-01,2026-03-07,Azevedo,RS
1402,Ayla,das Neves,PF,adasneves@hotmail.com,+5541980369162,029_846_173_04,1972-10-30,2026-03-07,Câmara de Goiás,RR
1962,Amanda,Lopes,PF,alopes@bol.com.br,31927529231,35961240851,1976-03-18,2026-03-07,Moreira de Minas,MS
3041,Yago,Gonçalves,PF,yago36@terra.com.br,(13) 94447-6555,90765481375,1984-04-07,2026-03-07,Peixoto,PB
308,Otávio,Rios,PF,otvio81@yahoo.com.br,61927457911,07138295405,1973-03-30,2026-03-08,Gonçalves,DF
2177,Mariah,Costa,PF,mariah.costa@uol.com.br,(41) 95190-4844,028.459.673-65,1990-11-22,2026-03-08,Correia,RR
2452,Lopes & Jesus S.A.,,PJ,lopesjesus.@empresa.con.br,(31) 99805-7506,24783950000106,2000-05-30,2026-03-08,Nascimento,RO
2838,Lima Serviços e Soluções S.A.,,PJ,limaservio.@empresa.com.br,47940441372,61_325_948_0001_01,,2026-03-08,Borges,RJ
104,Marcela,Azevedo,PF,marcela_azevedo@uol.com.br,+5551911311639,407_913_286_78,1960-01-18,2026-03-09,Cavalcante,PE
373,Ana Laura,Rezende,PF,analaura.rezende@gmail.com,,902.146.387-31,,2026-03-09,Barbosa,MA
990,Diogo,Cassiano,PF,diogo_cassiano@ig.com.br,+5571925564023,201.673.598-86,1966-03-06,2026-03-09,Porto da Praia,AM
1097,Isabela,Castro,PF,isabela_castro@ig.com.br,+5511985969699,269_138_745_37,1956-05-24,2026-03-09,Leão,MS
1548,Araújo & Associados ME,,PJ,arajoassoc.@comercio.net.br,+5561917816576,15_730_982_0001_44,2002-01-18,2026-03-09,Nogueira,SC
1606,Moreira Tecnologia e Comércio S.A.,,PJ,moreiratec56@comercio.net.br,47999666499,65321408000100,,2026-03-09,Montenegro,PR
1635,Juan,Ferreira,PF,juan.ferreira@yahoo.com.br,(31) 92704-2921,64291385773,1982-06-30,2026-03-09,Rodrigues da Prata,MS
2111,Almeida & Silva Ltda.,,PJ,almeidasil_@comercio.net.br,(31) 94690-2023,47_503_192_0001_12,1971-09-02,2026-03-09,Sousa,RJ
2625,João Pedro,,PF,joopedro.@ig.com.br,+5571913842209,874_015_369_00,1992-03-15,2026-03-09,Garcia,RO
259,Saraiva Comércio e Atacado EI,,PJ,saraivacom@comercio.net.br,+5547989144135,24538601000110,1974-03-12,2026-03-10,Guerra,AP
1320,Matheus,da Cruz,PF,mdacruz@yahoo.com.br,+5551916536455,39865072483,1990-01-04,2026-03-10,Fonseca,ES
626,Elisa,Moraes,PF,elisa78@bol.com.br,+5521939575911,293_876_045_00,,2026-03-11,Oliveira,PE
1341,Isaque,Gonçalves,PF,isaque.gonalves@bol.com.br,11934185190,207_459_861_02,1981-10-14,2026-03-11,Correia do Oeste,GO
2770,Davi Luiz,Dias,PF,daviluiz.dias@bol.com.br,71999143679,41693582791,1975-06-07,2026-03-11,Souza da Serra,RJ
3353,Yan,Lopes,PF,yan93@gmail.com,(41) 95875-8837,139_278_654_19,1962-06-14,2026-03-11,Pereira de Vargas,PB
920,Luigi,,PF,luigi6@ig.com.br,11952446137,86719350277,1980-09-08,2026-03-12,da Cruz,PE
1409,Julia,Marques,PF,julia13@terra.com.br,+5513915899857,63725810435,1980-07-19,2026-03-12,Gomes,MT
1612,Joana,Rios,PF,joana63@outlook.com,61923783108,975.123.086-12,1999-05-26,2026-03-12,Barbosa do Oeste,MG
2030,Marcela,Duarte,PF,marcela20@ig.com.br,41940808481,709.651.834-75,1984-06-18,2026-03-12,da Conceição dos Dourados,PA
2051,Dias & Camargo S.A.,,PJ,diascamarg90@empresa.com.br,(41) 92241-3622,71.294.036/0001-73,1963-10-26,2026-03-12,Mendonça do Galho,SE
2056,Stephany,Mendonça,PF,smendona@outlook.com,+5571912086042,435.798.126-37,1989-06-06,2026-03-12,Macedo Alegre,MG
2397,Araújo Consultoria e Serviços ME,,PJ,arajoconsu33@empresa.com.br,,81.362.409/0001-50,1996-12-20,2026-03-12,Duarte de Vasconcelos,ES
3090,Beatriz,Costela,PF,murilomachado@terra.com.br,13972142386,81405627930,1993-04-11,2026-03-12,Ribeiro,TO
371,Ana Laura,da Luz,PF,analaura_daluz@ig.com.br,+5551920795699,201.758.936-59,,2026-03-13,Dias de Pereira,PR
1258,Kamilly,Câmara,PF,kamilly_cmara@yahoo.com.br,47973488767,80673954200,2007-10-04,2026-03-13,Carvalho da Praia,AL
1390,Josué,das Neves,PF,henrique.farias@hotmail.com,31991941455,293_870_461_50,1969-06-15,2026-03-13,Gomes de Andrade,MS
1794,Maitê,da Rosa,PF,maitdarosa@outlook.com,13916816179,836.152.049-05,2003-03-06,2026-03-13,Nunes da Prata,PB
2107,Pereira & Associados EPP,,PJ,p@comercio.net.br,(47) 92717-6234,61.230.489/0001-82,1972-05-02,2026-03-13,Monteiro de Vargas,MS
2634,Pedro Henrique,Cardoso,PF,pedrohenrique11@ig.com.br,11935012019,027.158.946-94,1984-01-09,2026-03-13,Sousa,PI
306,Brayan,Mendes,PF,brayan_mendes@uol.com.br,71972916102,106.384.257-35,1986-03-28,2026-03-14,Lima,PB
406,Isabella,Rios,PF,isabella.rios@outlook.com,+5571979536542,436.812.579-73,1980-10-13,2026-03-14,da Mota,MT
492,Luana,Lopes,PF,llopes@outlook.com,+5551998136397,193.057.468-10,1966-04-20,2026-03-14,Lima,CE
517,Saraiva Sistemas e Informática ME,,PJ,saraivasis20@comercio.net.br,47946008234,91.684.052/0001-80,1985-09-26,2026-03-14,Barros de Moreira,PR
627,Elisa,Ferreira,PF,elisa45@hotmail.com,(31) 97482-3349,793.820.145-60,2006-02-14,2026-03-14,Rezende de Minas,ES
1986,Miranda & Associados ME,,PJ,mirandaass@comercio.net.br,+5571979612085,57034921000192,1986-03-08,2026-03-14,Carvalho de Peixoto,MS
2680,Camargo & Associados Ltda.,,PJ,camargoass1@empresa.com.br,(13) 97370-9364,62_473_580_0001_91,1994-03-24,2026-03-14,Camargo,RJ
3053,Ana Clara,Cirino,PF,anaclaracirino@yahoo.com.br,,687_215_493_46,1996-08-30,2026-03-14,Araújo,MS
3359,Letícia,Dias,PF,letcia74@ig.com.br,(47) 94927-6959,463_825_017_35,2000-03-07,2026-03-14,Sousa de Novais,PA
254,Ravi Lucca,Marques,PF,rmarques@outlook.com,+5571949588103,60249138778,1976-07-09,2026-03-15,Leão,RO
458,Camila,Souza,PF,camila.souza@ig.com.br,+5551954471966,16539820712,1977-11-21,2026-03-15,Fogaça,MG
1917,Borges Distribuidora e Importadora EI,,PJ,borgesdist@empresa.com.br,51947605568,34_079_268_0001_82,1956-04-22,2026-03-15,Caldeira da Praia,AL
2373,Vargas & Castro S/S,,PJ,v@comercio.net.br,+5551936774315,15276043000171,1973-05-21,2026-03-15,Leão de Fonseca,MT
322,Bruna,Mendonça,PF,bmendona@ig.com.br,+5547931081440,795.648.013-20,1995-10-23,2026-03-16,Santos do Oeste,AP
365,Mateus,Sampaio,PF,msampaio@terra.com.br,31911975172,67984031231,1959-11-05,2026-03-16,Guerra da Prata,MS
2629,Maria Júlia,Pereira,PF,mpereira@gmail.com,+5521995239547,948.213.765-55,1993-05-26,2026-03-16,Guerra,PA
2679,Soluções Ferreira EPP,,PJ,s@empresa.com.br,+5571916148731,15_082_976_0001_28,1985-10-03,2026-03-16,Barbosa de Goiás,AM
2740,Costa & Vargas S/S,,PJ,costavarga@comercio.net.br,,27_380_461_0001_93,1974-01-21,2026-03-16,Garcia,CE
1837,João,da Mota,PF,jdamota@outlook.com,21935758739,95486731264,,2026-03-17,da Rocha do Oeste,AL
228,Augusto,Aragão,PF,aarago@gmail.com,41939954555,58637412955,1959-03-06,2026-03-18,Porto Grande,AM
1018,Mendes Soluções e Comércio EPP,,PJ,mendessolu.@empresa.com.br,(31) 92465-7687,53_126_498_0001_08,1980-04-23,2026-03-18,Guerra de Costa,PB
1538,Liam,Lima,PF,liam.lima@outlook.com,61921952828,190.783.452-41,1964-11-14,2026-03-18,Carvalho,AL
1808,Pedro Lucas,Gomes,PF,pedrolucasgomes@outlook.com,71916874462,603_829_451_15,1973-02-02,2026-03-18,Campos Alegre,GO
2105,Vitor Gabriel,da Cruz,PF,vitorgabrieldacruz@terra.com.br,(61) 92359-7395,746.291.350-06,1966-10-09,2026-03-18,Araújo do Sul,RJ
2284,Lorena,Andrade,PF,agonalves@gmail.com,+5541950872964,508_164_293_24,1959-05-08,2026-03-18,da Mota,RJ
2806,Catarina,Garcia,PF,cgarcia@ig.com.br,(21) 95066-1483,76802541335,1956-04-28,2026-03-18,Monteiro das Pedras,ES
2819,José,Porto,PF,jporto@uol.com.br,+5547990799171,275_806_493_65,,2026-03-18,Rodrigues,RJ
3,Maria Cecília,da Rosa,PF,mariaceclia.darosa@terra.com.br,61946072165,472.356.819-00,2008-02-20,2026-03-20,Gomes Verde,PB
349,Henrique,Borges,PF,henrique.borges@outlook.com,41988216373,819.706.452-02,1975-09-02,2026-03-20,Castro,RS
898,Sophie,Souza,PF,sophie38@terra.com.br,+5551976895861,679_053_841_01,1987-05-12,2026-03-20,Pimenta de da Mata,RN
1499,Helena,Fernandes,PF,helena_fernandes@gmail.com,(21) 92734-4812,305_271_964_52,1975-01-03,2026-03-20,Cunha da Mata,RN
1819,Lima & Associados S/A,,PJ,limaassoci.@comercio.net.br,47974306831,34_719_826_0001_27,,2026-03-20,Fogaça dos Dourados,DF
2786,Carlos Eduardo,Mendes,PF,carloseduardomendes@ig.com.br,47936348292,732_658_104_53,2005-03-01,2026-03-20,Cavalcante Grande,PR
3294,Nascimento Tecnologia e Soluções EI,,PJ,nascimento57@comercio.net.br,47971097174,59_831_427_0001_84,1956-06-09,2026-03-20,Garcia da Serra,PI
321,Arthur,Nogueira,PF,arthur_nogueira@hotmail.com,(21) 91737-9947,261_847_035_44,1973-01-17,2026-03-21,Rios de Silveira,RR
712,Rael,Cardoso,PF,rael36@uol.con.br,(31) 98687-9718,59871264364,1973-01-16,2026-03-21,da Cunha,MG
1716,Marina,Nogueira,PF,marina60@terra.com.br,,947_236_805_00,1968-02-28,2026-03-21,Aragão Paulista,AL
1772,Stella,Ferreira,PF,stella43@hotmail.com,,641.852.930-89,,2026-03-21,Ribeiro,GO
1903,Gabrielly,Rios,PF,gabrielly_rios@yahoo.com.br,(21) 95130-7779,93185640233,1975-08-08,2026-03-21,Abreu,PI
2350,Olívia,Vargas,PF,olvia56@bol.com.br,31977982674,96137542025,1974-04-20,2026-03-21,Marques de Guerra,MA
2953,Bernardo,Cunha,PF,bernardo.cunha@terra.com.br,+5511931211245,564.809.213-05,2003-07-15,2026-03-21,Ramos da Serra,AC
2994,Enrico,Novaes,PF,jmarques@outlook.com,61964959851,023.149.867-50,1996-03-30,2026-03-21,Campos,AP
994,Cardoso Distribuidora e Atacado S/S,,PJ,cardosodis_@empresa.com.br,(11) 93537-8652,40238917000143,1999-09-15,2026-03-22,da Rocha,AP
1235,Murilo,Silveira,PF,ian_nogueira@yahoo.com.br,+5531912051277,260.748.519-30,1986-09-16,2026-03-22,Almeida do Campo,SC
1586,Antonella,Nogueira,PF,antonella.nogueira@outlook.com,+5541984598208,89342670547,1984-04-19,2026-03-22,Carvalho do Sul,AL
1647,Vicente,Gomes,PF,vicente_gomes@terra.com.br,51939788571,326_058_791_86,1997-06-17,2026-03-22,Pacheco Paulista,MA
1910,Davi Luiz,Farias,PF,daviluiz_farias@terra.com.br,+5511951355968,945_802_167_76,1986-07-25,2026-03-22,Montenegro Paulista,PA
2696,Maria Julia,da Mota,PF,mariajulia.damota@yahoo.com.br,+5571994428629,49602138769,1996-03-23,2026-03-22,Leão do Sul,PA
3486,Olívia,Albuquerque,PF,olvia94@hotmail.com,21987375436,371.604.295-16,2004-06-05,2026-03-22,Machado,AP
1175,Ester,Martins,PF,ester85@ig.com.br,(31) 92154-6231,026_137_845_71,1964-10-22,2026-03-23,Vieira,BA
1528,Cauê,Garcia,PF,cau1@outlook.com,,76415328026,1971-08-25,2026-03-23,Castro de Pimenta,RS
1745,Bruno,Gonçalves,PF,bgonalves@gmail.com,+5513927552069,128.470.536-62,1962-02-23,2026-03-23,Pinto do Campo,PA
1798,Raul,Vargas,PF,raulvargas@terra.con.br,(21) 94359-3251,597_813_062_03,2000-09-30,2026-03-23,Azevedo da Praia,AM
1996,Noah,Nascimento,PF,noah.nascimento@outlook.com,+5531923423612,56437129034,1990-09-13,2026-03-23,Silva Verde,MT
2522,Alícia,Câmara,PF,alcia.cmara@hotmail.com,51964372086,70153948639,1961-06-06,2026-03-23,Silva,CE
498,Rael,Pinto,PF,rael35@hotmail.com,13974883734,497.081.532-14,1971-03-27,2026-03-24,Farias,GO
881,José Pedro,Sá,PF,jospedro58@gmail.com,13946018430,581_074_362_53,1970-02-06,2026-03-24,Aparecida Grande,MT
1069,Dias & Lima ME,,PJ,diaslimame.@empresa.com.br,+5561984269540,29.768.504/0001-38,1982-11-24,2026-03-24,Duarte,AP
1552,Monteiro & Monteiro ME,,PJ,monteiromo_@empresa.com.br,(71) 94020-9751,97.420.615/0001-09,1986-02-05,2026-03-24,da Rosa de Martins,PI
1972,Andrade & Associados EIRELI,,PJ,andradeass.@comercio.net.br,,61_825_074_0001_51,1966-08-09,2026-03-24,da Cruz de Machado,BA
2438,Heloísa,da Costa,PF,helosa_dacosta@uol.com.br,13967462817,195.430.627-06,2008-03-14,2026-03-24,Campos,PB
234,Marcelo,Nascimento,PF,marcelo.nascimento@hotmail.com,(61) 98084-6506,214_735_896_73,2003-04-16,2026-03-25,Casa Grande de Goiás,SC
848,Léo,Lima,PF,llima@hotmail.com,(41) 97754-9724,048_915_673_84,1986-11-24,2026-03-25,Porto,PA
1061,Luiza,Pimenta,PF,luizapimenta@terra.com.br,+5551955567619,014.379.825-14,1995-10-14,2026-03-25,Santos,GO
1081,Igor,Martins,PF,igor7@yahoo.com.br,13913598957,253_961_784_00,1995-05-25,2026-03-25,da Mata de Sales,SE
1459,Noah,Cardoso,PF,noah79@ig.com.br,,907.416.385-84,2004-05-19,2026-03-25,da Rosa de da Costa,RR
1636,Thiago,Camargo,PF,thiago52@outlook.com,(11) 91776-5079,731.840.926-31,,2026-03-25,Montenegro,MG
3476,Sabrina,Mendonça,PF,sabrina67@outlook.com,+5521952936232,78935264164,1962-01-25,2026-03-25,Sampaio de Costela,PA
102,Luana,Carvalho,PF,lcarvalho@hotmail.com,+5521934451630,725_640_938_92,1981-12-19,2026-03-26,Santos,PR
624,Igor,Gomes,PF,igor.gomes@ig.com.br,47953795006,063_487_912_03,1999-07-09,2026-03-26,Pereira da Mata,MG
864,Vinícius,Silveira,PF,vincius_silveira@terra.com.br,(13) 96404-2454,124_806_759_20,1979-06-26,2026-03-26,Sousa,RS
1095,Daniela,Martins,PF,bernardo78@ig.com.br,+5513968276008,297_560_183_21,1992-05-10,2026-03-26,Garcia Grande,PI
1138,Maria Fernanda,Abreu,PF,mabreu@outlook.com,,017_465_238_08,1983-12-09,2026-03-26,Brito,SC
2700,Maria Sophia,Moreira,PF,mariasophia.moreira@yahoo.com.br,+5541930225287,093_721_654_25,1966-11-05,2026-03-26,Aparecida de Silva,SP
3175,Ana Sophia,Pastor,PF,anasophia.pastor@terra.com.br,(31) 93560-5124,806.159.372-68,2001-12-16,2026-03-26,Machado,MT
1554,Ana Júlia,da Mota,PF,anajliadamota@hotmail.com,47971441725,274_683_590_83,2003-07-06,2026-03-27,Sousa,TO
1852,Rhavi,Borges,PF,rhavi.borges@uol.com.br,51979954285,781_235_946_82,2001-02-10,2026-03-27,Leão de Borges,RO
2302,Ana Lívia,Carvalho,PF,analvia87@hotmail.com,(71) 98381-9824,245.718.603-07,1960-06-17,2026-03-27,Pires da Serra,MG
2329,Nascimento & Associados EI,,PJ,nascimento94@comercio.net.br,(51) 94124-7823,45.098.617/0001-20,,2026-03-27,Peixoto das Pedras,CE
633,Camargo Tecnologia e Importadora Ltda.,,PJ,camargotec74@empresa.com.br,71959231406,30_846_192_0001_12,1970-12-06,2026-03-28,Peixoto,SE
2367,Eduardo,Guerra,PF,eduardo21@terra.com.br,+5571926118846,307_946_128_22,1984-08-16,2026-03-28,Costa da Prata,MT
557,Rael,da Mota,PF,raeldamota@bol.com.br,61970523723,509_872_416_30,1986-03-15,2026-03-29,Guerra de Nogueira,PE
1983,Soares & Sales S/S,,PJ,soaressale.@empresa.com.br,+5531980764332,29_837_610_0001_26,1983-04-30,2026-03-29,Campos de Moura,SC
2228,Bárbara,Cassiano,PF,brbara9@outlook.com,61963592669,258.397.641-91,1998-07-03,2026-03-29,Camargo,SP
2827,Rael,Câmara,PF,rcmara@hotmail.com,31940823741,96357104299,1975-01-29,2026-03-29,Ramos das Flores,BA
2948,Amanda,Pires,PF,apires@hotmail.com,11956496554,604_573_182_44,1975-06-14,2026-03-29,Andrade de Rios,BA
1756,Vitória,Nascimento,PF,vitria.nascimento@uol.com.br,51915069326,926.845.073-92,1998-06-03,2026-03-30,Siqueira,PE
1876,Apollo,Costa,PF,apollo.costa@bol.com.br,(21) 92843-8743,435_709_182_97,1982-09-17,2026-03-30,Freitas das Pedras,RJ
1877,Informática Ferreira S/A,,PJ,i@comercio.net.br,31946843251,42.731.609/0001-80,2005-09-04,2026-03-30,Fogaça da Praia,AP
3224,Rael,da Paz,PF,rael_dapaz@bol.com.br,47918071113,82370645180,1993-09-14,2026-03-30,Correia,AP
542,Gael Henrique,da Paz,PF,gaelhenrique31@ig.com.br,(47) 93184-9608,24571308914,1996-10-22,2026-03-31,Peixoto,RN
1001,Maria Isis,Novaes,PF,mariaisis_novaes@uol.com.br,+5547995359803,726.358.941-91,1984-04-06,2026-03-31,Cavalcanti,SC
2736,Consultoria Cardoso EI,,PJ,c@comercio.net.br,,89_712_345_0001_81,1996-12-16,2026-03-31,Rodrigues,DF
3001,Sofia,Rios,PF,sofia24@uol.com.br,41991529646,726_453_809_56,1973-03-08,2026-03-31,Cardoso,RS
3323,Matteo,Abreu,PF,mabreu@yahoo.com.br,(47) 93582-5184,287_569_430_83,1980-07-04,2026-03-31,Duarte,TO
235,Amanda,Campos,PF,rhavi.farias@gmail.com,71997991088,102_639_754_52,2005-05-04,2026-04-01,Guerra,GO
2318,Matteo,Nunes,PF,mnunes@hotmail.com,(61) 97353-3792,28309475179,,2026-04-01,Peixoto,SP
2730,Vitor,da Rosa,PF,vitor.darosa@gmail.com,21955902757,17359420814,1972-12-16,2026-04-01,Barbosa Verde,MG
3077,João Miguel,Aparecida,PF,joomiguel_aparecida@bol.com.br,13960821681,432.059.768-00,1972-11-25,2026-04-01,da Mata de Minas,CE
688,Marcela,Silveira,PF,marcela60@outlook.com,(47) 95472-1155,24360917813,1994-02-10,2026-04-02,Sá do Sul,MA
769,Ana Vitória,Araújo,PF,anavitria72@hotmail.com,+5551965916050,824_795_316_19,,2026-04-02,Moura,RO
2413,Ágatha,Novaes,PF,gatha.novaes@uol.com.br,+5561973292489,437.968.250-10,1990-02-14,2026-04-02,Freitas Grande,ES
3450,Ana Sophia,Cunha,PF,anasophiacunha@yahoo.com.br,+5571959925112,58719364075,2003-06-14,2026-04-02,Novaes do Amparo,MT
310,Mariane,da Paz,PF,marianedapaz@terra.com.br,(41) 98163-4591,23867491003,2003-05-12,2026-04-03,da Conceição das Flores,SC
926,Teixeira & Silva ME,,PJ,teixeirasi_@comercio.net.br,(21) 98593-7026,72_965_183_0001_90,2000-07-17,2026-04-03,Rios do Galho,AL
2206,Eduardo,Andrade,PF,eduardo92@gmail.com,+5513940364577,08563192442,1973-03-17,2026-04-03,Ribeiro,AP
2401,Vicente,da Rocha,PF,vicente50@ig.com.br,(31) 93041-9023,64107835235,1964-07-19,2026-04-03,Teixeira,TO
2691,Davi,das Neves,PF,davidasneves@gmail.com,21994458288,905_238_461_42,2001-03-16,2026-04-03,Cardoso,RO
186,Francisco,Vasconcelos,PF,francisco50@terra.com.br,(13) 98753-1537,173_628_594_73,1996-07-24,2026-04-04,Duarte,AP
709,João,Sales,PF,joo_sales@hotmail.com,(41) 96611-2121,74038219631,1958-10-18,2026-04-04,da Cruz,DF
2184,Natália,Nascimento,PF,natlia_nascimento@ig.com.br,31964468824,875.103.249-04,1977-09-16,2026-04-04,da Cunha do Oeste,RO
3045,Jade,da Mota,PF,jade73@gmail.com,47951166861,24079631561,,2026-04-04,Ribeiro,RR
2040,Maria Flor,das Neves,PF,mariaflor_dasneves@hotmail.com,(51) 94492-6566,861_275_493_37,1982-01-20,2026-04-05,Rios Grande,MS
2194,Garcia & Teixeira ME,,PJ,g@comercio.net.br,47981116936,50_819_374_0001_01,2003-05-07,2026-04-05,Nogueira,RN
257,Vinícius,Novaes,PF,vnovaes@ig.com.br,+5531981504958,134_697_502_70,,2026-04-06,Silveira,RN
705,Ágatha,Rezende,PF,gatharezende@uol.com.br,(51) 96819-1628,83267409187,2003-08-23,2026-04-06,Pacheco,RR
804,Juliana,Brito,PF,julianabrito@gmail.com,61974665707,023_186_754_90,1987-05-17,2026-04-06,da Luz da Praia,PA
1116,Gabriel,Aragão,PF,garago@hotmail.com,+5541966067506,831_426_709_04,1997-07-04,2026-04-06,Rios de Cunha,RO
1931,Thales,Melo,PF,thales.melo@ig.com.br,(61) 92332-8411,086.197.352-68,1968-08-01,2026-04-06,Monteiro da Prata,SP
2619,Maria Sophia,Pinto,PF,mariasophiapinto@yahoo.com.br,61916571946,95410723643,1960-02-04,2026-04-06,Martins,PR
2862,Léo,Pimenta,PF,lo.pimenta@bol.com.br,71944458565,43278659155,,2026-04-06,Barbosa do Sul,SE
3454,Juan,Monteiro,PF,raquel_cavalcante@gmail.com,(61) 96568-2690,284_037_156_17,1979-12-15,2026-04-06,da Costa de Goiás,CE
1789,Maria Alice,Melo,PF,mmelo@ig.com.br,31973937713,720.539.814-23,2007-08-11,2026-04-07,Farias Verde,SC
1905,Maria Luiza,Fernandes,PF,marialuiza.fernandes@uol.com.br,+5571928217518,567_938_140_01,1992-07-22,2026-04-07,Pires,PR
2801,Santos Tecnologia e Comércio ME,,PJ,santostecn@empresa.com.br,+5571934635488,56184239000113,1982-05-21,2026-04-07,Santos,BA
3222,Luiz Henrique,Cunha,PF,lucca.gonalves@ig.com.br,61965251029,264_051_879_85,1981-05-09,2026-04-07,Cavalcante de Minas,RS
3328,Emanuella,Câmara,PF,emanuellacmara@outlook.com,+5571982183738,82954701323,1977-04-23,2026-04-07,da Paz de Garcia,RO
2433,Daniel,da Rosa,PF,daniel_darosa@bol.com.br,,43821795646,1979-12-27,2026-04-08,Vasconcelos,MA
2584,Lucca,da Mota,PF,lucca_damota@uol.com.br,+5551948478712,271.509.384-50,1980-01-03,2026-04-08,Correia de da Luz,SE
2669,Calebe,Silva,PF,csilva@outlook.com,51964216981,341.589.702-88,1997-09-24,2026-04-08,Abreu Verde,RO
2724,Heloisa,da Rocha,PF,heloisa7@outlook.com,13950806825,139.482.706-78,1995-12-26,2026-04-08,Pimenta,PE
2904,Ferreira & Barbosa EPP,,PJ,ferreiraba61@empresa.com.br,+5513924434752,21_835_960_0001_41,1995-09-06,2026-04-08,Duarte Alegre,PI
973,Vinícius,da Rosa,PF,vincius84@ig.com.br,13963013280,208.564.791-01,1993-05-17,2026-04-09,Fonseca,SP
1680,Luiza,Pereira,PF,luiza_pereira@ig.com.br,+5541942577758,97612058359,1965-12-05,2026-04-09,Nascimento da Prata,TO
2045,Henry,Viana,PF,henry_viana@gmail.com,+5547960914330,589.034.216-98,1968-10-26,2026-04-09,Leão do Norte,MS
2961,Ana Clara,Marques,PF,anaclara70@ig.com.br,+5551960646139,53467980210,1960-11-01,2026-04-09,Santos,AM
33,Vitor Gabriel,Moraes,PF,vmoraes@gmail.com,+5571963021618,682.173.409-78,1979-09-28,2026-04-10,da Rocha de Camargo,PA
123,Eloá,da Rocha,PF,elo.darocha@ig.com.br,(71) 99389-3882,03271659877,1968-12-14,2026-04-10,Martins,CE
772,Fernanda,da Cunha,PF,fernanda.dacunha@ig.com.br,13988257129,958.473.621-37,1986-11-22,2026-04-10,Nascimento do Amparo,AC
1381,Bianca,,PF,cteixeira@ig.com.br,31977821099,43180597666,1987-02-04,2026-04-10,das Neves do Norte,MS
1975,Luara,Almeida,PF,luara76@bol.com.br,(31) 96096-1115,093_748_561_66,1994-10-15,2026-04-10,Souza Paulista,RS
2103,Luan,Marques,PF,luanmarques@yahoo.com.br,13980502644,570_923_618_77,1966-02-03,2026-04-10,Machado,AM
631,Nicolas,Novaes,PF,nnovaes@outlook.com,+5571930114382,57460893110,1993-11-06,2026-04-11,Vieira,RR
659,Nathan,Leão,PF,nathan4@bol.com.br,+5551920914514,501.264.389-51,1976-09-07,2026-04-11,Melo,PR
2234,Igor,da Mata,PF,igor.damata@terra.com.br,(31) 96460-7175,936.710.584-39,1969-05-01,2026-04-11,Pinto,BA
2502,Santos & Associados EI,,PJ,santosasso_@empresa.com.br,(41) 93199-7184,95.478.012/0001-32,,2026-04-11,Oliveira Grande,MG
2998,Emilly,Freitas,PF,emilly_freitas@outlook.com,11938665594,718_632_094_50,1959-10-26,2026-04-11,Abreu do Amparo,MT
1847,Carolina,Rios,PF,crios@ig.com.br,+5531928422975,43819652728,,2026-04-12,Oliveira,MA
2933,Ana Beatriz,Barros,PF,abarros@bol.com.br,+5541916929189,687_240_319_50,1988-01-08,2026-04-12,Albuquerque,AM
3441,Miranda & Associados S.A.,,PJ,mirandaass.@comercio.net.br,51962651699,45_971_362_0001_68,1961-11-22,2026-04-12,Cavalcante,AL
